"filename","task_id","label","supervised","symbol"
"0/0000.png",0,1,1,"{'quadrant_lr': [{'shape': 'triangle', 'color': 'blue', 'size': 'large'}]}"
"0/0001.png",0,0,1,"{'quadrant_lr': [{'shape': 'circle', 'color': 'cyan', 'size': 'small'}]}"
"0/0002.png",0,0,1,"{'quadrant_ur': [{'shape': 'circle', 'color': 'blue', 'size': 'small'}]}"
"0/0003.png",0,1,1,"{'quadrant_ll': [{'shape': 'triangle', 'color': 'magenta', 'size': 'small'}]}"
"0/0004.png",0,0,1,"{'quadrant_ul': [{'shape': 'circle', 'color': 'blue', 'size': 'large'}]}"
"0/0005.png",0,0,1,"{'in': [{'shape': 'circle', 'color': 'yellow', 'size': 'large'}]}"
"0/0006.png",0,0,1,"{'quadrant_ll': [{'shape': 'circle', 'color': 'magenta', 'size': 'large'}]}"
"0/0007.png",0,1,1,"{'quadrant_ll': [{'shape': 'triangle', 'color': 'yellow', 'size': 'large'}]}"
"0/0008.png",0,0,1,"{'in': [{'shape': 'square', 'color': 'green', 'size': 'large'}]}"
"0/0009.png",0,0,1,"{'quadrant_ul': [{'shape': 'square', 'color': 'cyan', 'size': 'large'}]}"
"0/0010.png",0,1,1,"{'quadrant_lr': [{'shape': 'triangle', 'color': 'cyan', 'size': 'small'}]}"
"0/0011.png",0,1,1,"{'quadrant_ll': [{'shape': 'triangle', 'color': 'magenta', 'size': 'large'}]}"
"0/0012.png",0,0,1,"{'quadrant_lr': [{'shape': 'circle', 'color': 'cyan', 'size': 'large'}]}"
"0/0013.png",0,0,1,"{'quadrant_ur': [{'shape': 'square', 'color': 'yellow', 'size': 'large'}]}"
"0/0014.png",0,1,1,"{'quadrant_ll': [{'shape': 'triangle', 'color': 'blue', 'size': 'large'}]}"
"0/0015.png",0,0,1,"{'quadrant_ul': [{'shape': 'square', 'color': 'cyan', 'size': 'small'}]}"
"0/0016.png",0,1,1,"{'quadrant_ul': [{'shape': 'triangle', 'color': 'magenta', 'size': 'large'}]}"
"0/0017.png",0,0,1,"{'quadrant_ul': [{'shape': 'circle', 'color': 'magenta', 'size': 'large'}]}"
"0/0018.png",0,0,1,"{'quadrant_ur': [{'shape': 'square', 'color': 'magenta', 'size': 'small'}]}"
"0/0019.png",0,1,1,"{'quadrant_lr': [{'shape': 'triangle', 'color': 'blue', 'size': 'small'}]}"
"0/0020.png",0,0,1,"{'quadrant_ur': [{'shape': 'circle', 'color': 'green', 'size': 'large'}]}"
"0/0021.png",0,0,1,"{'quadrant_lr': [{'shape': 'square', 'color': 'green', 'size': 'small'}]}"
"0/0022.png",0,1,1,"{'quadrant_lr': [{'shape': 'triangle', 'color': 'red', 'size': 'small'}]}"
"0/0023.png",0,1,1,"{'quadrant_ur': [{'shape': 'triangle', 'color': 'blue', 'size': 'small'}]}"
"0/0024.png",0,1,1,"{'quadrant_ll': [{'shape': 'triangle', 'color': 'cyan', 'size': 'large'}]}"
"0/0025.png",0,0,1,"{'quadrant_ur': [{'shape': 'circle', 'color': 'blue', 'size': 'large'}]}"
"0/0026.png",0,0,1,"{'quadrant_ur': [{'shape': 'circle', 'color': 'green', 'size': 'small'}]}"
"0/0027.png",0,1,1,"{'quadrant_ur': [{'shape': 'triangle', 'color': 'cyan', 'size': 'small'}]}"
"0/0028.png",0,0,1,"{'in': [{'shape': 'circle', 'color': 'red', 'size': 'small'}]}"
"0/0029.png",0,1,1,"{'quadrant_lr': [{'shape': 'triangle', 'color': 'cyan', 'size': 'large'}]}"
"0/0030.png",0,0,1,"{'quadrant_ul': [{'shape': 'circle', 'color': 'magenta', 'size': 'small'}]}"
"0/0031.png",0,1,1,"{'in': [{'shape': 'triangle', 'color': 'yellow', 'size': 'large'}]}"
"0/0032.png",0,1,1,"{'quadrant_ul': [{'shape': 'triangle', 'color': 'cyan', 'size': 'large'}]}"
"0/0033.png",0,1,1,"{'in': [{'shape': 'triangle', 'color': 'cyan', 'size': 'small'}]}"
"0/0034.png",0,1,1,"{'quadrant_ur': [{'shape': 'triangle', 'color': 'cyan', 'size': 'large'}]}"
"0/0035.png",0,1,1,"{'quadrant_ur': [{'shape': 'triangle', 'color': 'yellow', 'size': 'small'}]}"
"0/0036.png",0,0,1,"{'in': [{'shape': 'square', 'color': 'yellow', 'size': 'large'}]}"
"0/0037.png",0,0,1,"{'quadrant_ul': [{'shape': 'square', 'color': 'magenta', 'size': 'large'}]}"
"0/0038.png",0,0,1,"{'quadrant_lr': [{'shape': 'square', 'color': 'yellow', 'size': 'large'}]}"
"0/0039.png",0,1,1,"{'in': [{'shape': 'triangle', 'color': 'red', 'size': 'large'}]}"
"0/0040.png",0,0,1,"{'quadrant_ll': [{'shape': 'circle', 'color': 'green', 'size': 'large'}]}"
"0/0041.png",0,0,1,"{'quadrant_ur': [{'shape': 'square', 'color': 'cyan', 'size': 'small'}]}"
"0/0042.png",0,0,1,"{'quadrant_lr': [{'shape': 'circle', 'color': 'green', 'size': 'large'}]}"
"0/0043.png",0,0,1,"{'quadrant_lr': [{'shape': 'circle', 'color': 'red', 'size': 'large'}]}"
"0/0044.png",0,1,1,"{'in': [{'shape': 'triangle', 'color': 'green', 'size': 'large'}]}"
"0/0045.png",0,0,1,"{'quadrant_ur': [{'shape': 'square', 'color': 'green', 'size': 'large'}]}"
"0/0046.png",0,0,1,"{'quadrant_ul': [{'shape': 'circle', 'color': 'yellow', 'size': 'small'}]}"
"0/0047.png",0,0,1,"{'quadrant_ul': [{'shape': 'circle', 'color': 'green', 'size': 'small'}]}"
"0/0048.png",0,0,1,"{'in': [{'shape': 'square', 'color': 'red', 'size': 'large'}]}"
"0/0049.png",0,0,1,"{'in': [{'shape': 'square', 'color': 'cyan', 'size': 'large'}]}"
"1/0000.png",1,0,1,"{'quadrant_ll': [{'shape': 'circle', 'color': 'blue', 'size': 'large'}]}"
"1/0001.png",1,0,1,"{'in': [{'shape': 'triangle', 'color': 'cyan', 'size': 'large'}]}"
"1/0002.png",1,0,1,"{'quadrant_ll': [{'shape': 'circle', 'color': 'green', 'size': 'small'}]}"
"1/0003.png",1,1,1,"{'quadrant_lr': [{'shape': 'square', 'color': 'blue', 'size': 'large'}]}"
"1/0004.png",1,0,1,"{'quadrant_lr': [{'shape': 'circle', 'color': 'yellow', 'size': 'large'}]}"
"1/0005.png",1,0,1,"{'quadrant_ur': [{'shape': 'circle', 'color': 'cyan', 'size': 'large'}]}"
"1/0006.png",1,1,1,"{'quadrant_ur': [{'shape': 'square', 'color': 'cyan', 'size': 'small'}]}"
"1/0007.png",1,1,1,"{'in': [{'shape': 'square', 'color': 'green', 'size': 'small'}]}"
"1/0008.png",1,0,1,"{'quadrant_ul': [{'shape': 'circle', 'color': 'green', 'size': 'small'}]}"
"1/0009.png",1,0,1,"{'quadrant_ul': [{'shape': 'circle', 'color': 'cyan', 'size': 'large'}]}"
"1/0010.png",1,0,1,"{'quadrant_ul': [{'shape': 'triangle', 'color': 'red', 'size': 'small'}]}"
"1/0011.png",1,0,1,"{'quadrant_ll': [{'shape': 'circle', 'color': 'yellow', 'size': 'small'}]}"
"1/0012.png",1,1,1,"{'quadrant_ll': [{'shape': 'square', 'color': 'red', 'size': 'small'}]}"
"1/0013.png",1,0,1,"{'quadrant_ur': [{'shape': 'circle', 'color': 'green', 'size': 'small'}]}"
"1/0014.png",1,1,1,"{'quadrant_ur': [{'shape': 'square', 'color': 'yellow', 'size': 'small'}]}"
"1/0015.png",1,0,1,"{'quadrant_ll': [{'shape': 'triangle', 'color': 'magenta', 'size': 'small'}]}"
"1/0016.png",1,1,1,"{'quadrant_lr': [{'shape': 'square', 'color': 'blue', 'size': 'small'}]}"
"1/0017.png",1,0,1,"{'quadrant_ur': [{'shape': 'triangle', 'color': 'magenta', 'size': 'large'}]}"
"1/0018.png",1,0,1,"{'in': [{'shape': 'circle', 'color': 'yellow', 'size': 'small'}]}"
"1/0019.png",1,0,1,"{'quadrant_ur': [{'shape': 'triangle', 'color': 'red', 'size': 'large'}]}"
"1/0020.png",1,0,1,"{'quadrant_lr': [{'shape': 'circle', 'color': 'red', 'size': 'small'}]}"
"1/0021.png",1,1,1,"{'quadrant_ll': [{'shape': 'square', 'color': 'cyan', 'size': 'small'}]}"
"1/0022.png",1,1,1,"{'in': [{'shape': 'square', 'color': 'red', 'size': 'small'}]}"
"1/0023.png",1,0,1,"{'quadrant_lr': [{'shape': 'triangle', 'color': 'red', 'size': 'large'}]}"
"1/0024.png",1,0,1,"{'quadrant_lr': [{'shape': 'triangle', 'color': 'blue', 'size': 'large'}]}"
"1/0025.png",1,1,1,"{'quadrant_ul': [{'shape': 'square', 'color': 'cyan', 'size': 'small'}]}"
"1/0026.png",1,0,1,"{'quadrant_ul': [{'shape': 'circle', 'color': 'magenta', 'size': 'large'}]}"
"1/0027.png",1,0,1,"{'in': [{'shape': 'circle', 'color': 'red', 'size': 'large'}]}"
"1/0028.png",1,1,1,"{'quadrant_lr': [{'shape': 'square', 'color': 'green', 'size': 'small'}]}"
"1/0029.png",1,0,1,"{'quadrant_ul': [{'shape': 'triangle', 'color': 'cyan', 'size': 'large'}]}"
"1/0030.png",1,0,1,"{'quadrant_ll': [{'shape': 'circle', 'color': 'magenta', 'size': 'large'}]}"
"1/0031.png",1,1,1,"{'quadrant_ll': [{'shape': 'square', 'color': 'green', 'size': 'large'}]}"
"1/0032.png",1,0,1,"{'quadrant_ur': [{'shape': 'triangle', 'color': 'green', 'size': 'small'}]}"
"1/0033.png",1,0,1,"{'in': [{'shape': 'triangle', 'color': 'red', 'size': 'large'}]}"
"1/0034.png",1,1,1,"{'quadrant_ll': [{'shape': 'square', 'color': 'yellow', 'size': 'small'}]}"
"1/0035.png",1,0,1,"{'quadrant_ll': [{'shape': 'triangle', 'color': 'yellow', 'size': 'large'}]}"
"1/0036.png",1,0,1,"{'quadrant_ur': [{'shape': 'triangle', 'color': 'red', 'size': 'small'}]}"
"1/0037.png",1,1,1,"{'quadrant_ul': [{'shape': 'square', 'color': 'cyan', 'size': 'large'}]}"
"1/0038.png",1,1,1,"{'quadrant_lr': [{'shape': 'square', 'color': 'red', 'size': 'large'}]}"
"1/0039.png",1,0,1,"{'in': [{'shape': 'circle', 'color': 'cyan', 'size': 'small'}]}"
"1/0040.png",1,0,1,"{'quadrant_ll': [{'shape': 'triangle', 'color': 'cyan', 'size': 'small'}]}"
"1/0041.png",1,0,1,"{'quadrant_ul': [{'shape': 'circle', 'color': 'blue', 'size': 'small'}]}"
"1/0042.png",1,1,1,"{'quadrant_ul': [{'shape': 'square', 'color': 'red', 'size': 'small'}]}"
"1/0043.png",1,1,1,"{'quadrant_lr': [{'shape': 'square', 'color': 'red', 'size': 'small'}]}"
"1/0044.png",1,1,1,"{'in': [{'shape': 'square', 'color': 'yellow', 'size': 'small'}]}"
"1/0045.png",1,1,1,"{'quadrant_lr': [{'shape': 'square', 'color': 'yellow', 'size': 'small'}]}"
"1/0046.png",1,0,1,"{'quadrant_ur': [{'shape': 'circle', 'color': 'magenta', 'size': 'large'}]}"
"1/0047.png",1,1,1,"{'quadrant_ur': [{'shape': 'square', 'color': 'red', 'size': 'large'}]}"
"1/0048.png",1,0,1,"{'quadrant_ur': [{'shape': 'circle', 'color': 'green', 'size': 'large'}]}"
"1/0049.png",1,1,1,"{'quadrant_lr': [{'shape': 'square', 'color': 'green', 'size': 'large'}]}"
"2/0000.png",2,1,1,"{'quadrant_lr': [{'shape': 'circle', 'color': 'yellow', 'size': 'small'}]}"
"2/0001.png",2,0,1,"{'quadrant_ul': [{'shape': 'triangle', 'color': 'blue', 'size': 'small'}]}"
"2/0002.png",2,0,1,"{'quadrant_lr': [{'shape': 'triangle', 'color': 'blue', 'size': 'large'}]}"
"2/0003.png",2,0,1,"{'quadrant_ul': [{'shape': 'square', 'color': 'red', 'size': 'small'}]}"
"2/0004.png",2,0,1,"{'quadrant_ll': [{'shape': 'triangle', 'color': 'red', 'size': 'large'}]}"
"2/0005.png",2,1,1,"{'quadrant_ur': [{'shape': 'circle', 'color': 'blue', 'size': 'small'}]}"
"2/0006.png",2,0,1,"{'in': [{'shape': 'triangle', 'color': 'blue', 'size': 'small'}]}"
"2/0007.png",2,0,1,"{'quadrant_ul': [{'shape': 'triangle', 'color': 'red', 'size': 'large'}]}"
"2/0008.png",2,0,1,"{'in': [{'shape': 'triangle', 'color': 'cyan', 'size': 'small'}]}"
"2/0009.png",2,1,1,"{'quadrant_ul': [{'shape': 'circle', 'color': 'yellow', 'size': 'small'}]}"
"2/0010.png",2,1,1,"{'quadrant_ur': [{'shape': 'circle', 'color': 'blue', 'size': 'large'}]}"
"2/0011.png",2,0,1,"{'quadrant_ur': [{'shape': 'triangle', 'color': 'yellow', 'size': 'large'}]}"
"2/0012.png",2,1,1,"{'in': [{'shape': 'circle', 'color': 'yellow', 'size': 'large'}]}"
"2/0013.png",2,1,1,"{'quadrant_ll': [{'shape': 'circle', 'color': 'magenta', 'size': 'small'}]}"
"2/0014.png",2,1,1,"{'quadrant_ul': [{'shape': 'circle', 'color': 'cyan', 'size': 'small'}]}"
"2/0015.png",2,1,1,"{'quadrant_ll': [{'shape': 'circle', 'color': 'red', 'size': 'large'}]}"
"2/0016.png",2,1,1,"{'quadrant_ur': [{'shape': 'circle', 'color': 'yellow', 'size': 'large'}]}"
"2/0017.png",2,1,1,"{'quadrant_ur': [{'shape': 'circle', 'color': 'green', 'size': 'small'}]}"
"2/0018.png",2,0,1,"{'quadrant_ll': [{'shape': 'square', 'color': 'yellow', 'size': 'small'}]}"
"2/0019.png",2,1,1,"{'quadrant_ll': [{'shape': 'circle', 'color': 'cyan', 'size': 'small'}]}"
"2/0020.png",2,1,1,"{'quadrant_ul': [{'shape': 'circle', 'color': 'magenta', 'size': 'large'}]}"
"2/0021.png",2,0,1,"{'quadrant_ul': [{'shape': 'square', 'color': 'magenta', 'size': 'large'}]}"
"2/0022.png",2,0,1,"{'quadrant_lr': [{'shape': 'square', 'color': 'green', 'size': 'small'}]}"
"2/0023.png",2,1,1,"{'in': [{'shape': 'circle', 'color': 'cyan', 'size': 'large'}]}"
"2/0024.png",2,1,1,"{'quadrant_ll': [{'shape': 'circle', 'color': 'cyan', 'size': 'large'}]}"
"2/0025.png",2,1,1,"{'in': [{'shape': 'circle', 'color': 'green', 'size': 'small'}]}"
"2/0026.png",2,1,1,"{'in': [{'shape': 'circle', 'color': 'blue', 'size': 'large'}]}"
"2/0027.png",2,1,1,"{'quadrant_ul': [{'shape': 'circle', 'color': 'blue', 'size': 'small'}]}"
"2/0028.png",2,0,1,"{'quadrant_ur': [{'shape': 'triangle', 'color': 'blue', 'size': 'small'}]}"
"2/0029.png",2,0,1,"{'quadrant_ur': [{'shape': 'triangle', 'color': 'green', 'size': 'small'}]}"
"2/0030.png",2,1,1,"{'in': [{'shape': 'circle', 'color': 'yellow', 'size': 'small'}]}"
"2/0031.png",2,0,1,"{'quadrant_lr': [{'shape': 'square', 'color': 'green', 'size': 'large'}]}"
"2/0032.png",2,0,1,"{'quadrant_lr': [{'shape': 'triangle', 'color': 'blue', 'size': 'small'}]}"
"2/0033.png",2,0,1,"{'quadrant_ll': [{'shape': 'triangle', 'color': 'green', 'size': 'large'}]}"
"2/0034.png",2,0,1,"{'in': [{'shape': 'square', 'color': 'blue', 'size': 'large'}]}"
"2/0035.png",2,0,1,"{'quadrant_lr': [{'shape': 'square', 'color': 'yellow', 'size': 'small'}]}"
"2/0036.png",2,0,1,"{'quadrant_lr': [{'shape': 'triangle', 'color': 'green', 'size': 'large'}]}"
"2/0037.png",2,1,1,"{'quadrant_lr': [{'shape': 'circle', 'color': 'magenta', 'size': 'large'}]}"
"2/0038.png",2,1,1,"{'quadrant_ur': [{'shape': 'circle', 'color': 'red', 'size': 'large'}]}"
"2/0039.png",2,1,1,"{'quadrant_lr': [{'shape': 'circle', 'color': 'cyan', 'size': 'small'}]}"
"2/0040.png",2,1,1,"{'in': [{'shape': 'circle', 'color': 'red', 'size': 'small'}]}"
"2/0041.png",2,1,1,"{'quadrant_ul': [{'shape': 'circle', 'color': 'magenta', 'size': 'small'}]}"
"2/0042.png",2,1,1,"{'in': [{'shape': 'circle', 'color': 'magenta', 'size': 'large'}]}"
"2/0043.png",2,0,1,"{'quadrant_ll': [{'shape': 'triangle', 'color': 'blue', 'size': 'large'}]}"
"2/0044.png",2,1,1,"{'quadrant_ur': [{'shape': 'circle', 'color': 'green', 'size': 'large'}]}"
"2/0045.png",2,0,1,"{'in': [{'shape': 'square', 'color': 'magenta', 'size': 'large'}]}"
"2/0046.png",2,0,1,"{'quadrant_ll': [{'shape': 'triangle', 'color': 'yellow', 'size': 'large'}]}"
"2/0047.png",2,1,1,"{'quadrant_ll': [{'shape': 'circle', 'color': 'green', 'size': 'small'}]}"
"2/0048.png",2,1,1,"{'quadrant_ul': [{'shape': 'circle', 'color': 'green', 'size': 'small'}]}"
"2/0049.png",2,1,1,"{'quadrant_ul': [{'shape': 'circle', 'color': 'red', 'size': 'small'}]}"
"3/0000.png",3,1,1,"{'in': [{'shape': 'triangle', 'color': 'red', 'size': 'small'}]}"
"3/0001.png",3,0,1,"{'quadrant_ul': [{'shape': 'triangle', 'color': 'green', 'size': 'small'}]}"
"3/0002.png",3,0,1,"{'quadrant_ur': [{'shape': 'triangle', 'color': 'blue', 'size': 'small'}]}"
"3/0003.png",3,0,1,"{'in': [{'shape': 'square', 'color': 'magenta', 'size': 'large'}]}"
"3/0004.png",3,0,1,"{'quadrant_ul': [{'shape': 'triangle', 'color': 'yellow', 'size': 'large'}]}"
"3/0005.png",3,1,1,"{'quadrant_ur': [{'shape': 'circle', 'color': 'red', 'size': 'small'}]}"
"3/0006.png",3,0,1,"{'in': [{'shape': 'triangle', 'color': 'blue', 'size': 'large'}]}"
"3/0007.png",3,0,1,"{'quadrant_ll': [{'shape': 'square', 'color': 'yellow', 'size': 'small'}]}"
"3/0008.png",3,0,1,"{'quadrant_ul': [{'shape': 'circle', 'color': 'yellow', 'size': 'small'}]}"
"3/0009.png",3,0,1,"{'quadrant_ur': [{'shape': 'circle', 'color': 'cyan', 'size': 'small'}]}"
"3/0010.png",3,0,1,"{'quadrant_ur': [{'shape': 'square', 'color': 'magenta', 'size': 'large'}]}"
"3/0011.png",3,0,1,"{'quadrant_ur': [{'shape': 'triangle', 'color': 'yellow', 'size': 'large'}]}"
"3/0012.png",3,0,1,"{'in': [{'shape': 'square', 'color': 'yellow', 'size': 'small'}]}"
"3/0013.png",3,1,1,"{'quadrant_ul': [{'shape': 'square', 'color': 'red', 'size': 'small'}]}"
"3/0014.png",3,0,1,"{'quadrant_ur': [{'shape': 'circle', 'color': 'cyan', 'size': 'large'}]}"
"3/0015.png",3,0,1,"{'in': [{'shape': 'circle', 'color': 'cyan', 'size': 'large'}]}"
"3/0016.png",3,0,1,"{'quadrant_ur': [{'shape': 'circle', 'color': 'yellow', 'size': 'small'}]}"
"3/0017.png",3,0,1,"{'quadrant_lr': [{'shape': 'square', 'color': 'blue', 'size': 'small'}]}"
"3/0018.png",3,0,1,"{'quadrant_ul': [{'shape': 'square', 'color': 'cyan', 'size': 'large'}]}"
"3/0019.png",3,0,1,"{'quadrant_ur': [{'shape': 'circle', 'color': 'green', 'size': 'small'}]}"
"3/0020.png",3,1,1,"{'quadrant_lr': [{'shape': 'triangle', 'color': 'red', 'size': 'small'}]}"
"3/0021.png",3,0,1,"{'in': [{'shape': 'circle', 'color': 'green', 'size': 'large'}]}"
"3/0022.png",3,0,1,"{'quadrant_lr': [{'shape': 'circle', 'color': 'blue', 'size': 'large'}]}"
"3/0023.png",3,0,1,"{'quadrant_ll': [{'shape': 'circle', 'color': 'yellow', 'size': 'small'}]}"
"3/0024.png",3,1,1,"{'quadrant_ul': [{'shape': 'circle', 'color': 'red', 'size': 'small'}]}"
"3/0025.png",3,1,1,"{'quadrant_ul': [{'shape': 'square', 'color': 'red', 'size': 'large'}]}"
"3/0026.png",3,1,1,"{'in': [{'shape': 'square', 'color': 'red', 'size': 'small'}]}"
"3/0027.png",3,0,1,"{'quadrant_ll': [{'shape': 'triangle', 'color': 'green', 'size': 'large'}]}"
"3/0028.png",3,0,1,"{'quadrant_ur': [{'shape': 'square', 'color': 'cyan', 'size': 'large'}]}"
"3/0029.png",3,1,1,"{'quadrant_ur': [{'shape': 'square', 'color': 'red', 'size': 'large'}]}"
"3/0030.png",3,0,1,"{'quadrant_ul': [{'shape': 'square', 'color': 'cyan', 'size': 'small'}]}"
"3/0031.png",3,1,1,"{'in': [{'shape': 'square', 'color': 'red', 'size': 'large'}]}"
"3/0032.png",3,1,1,"{'quadrant_ll': [{'shape': 'circle', 'color': 'red', 'size': 'small'}]}"
"3/0033.png",3,0,1,"{'quadrant_ur': [{'shape': 'triangle', 'color': 'cyan', 'size': 'large'}]}"
"3/0034.png",3,0,1,"{'quadrant_ll': [{'shape': 'square', 'color': 'green', 'size': 'small'}]}"
"3/0035.png",3,0,1,"{'quadrant_lr': [{'shape': 'triangle', 'color': 'cyan', 'size': 'large'}]}"
"3/0036.png",3,0,1,"{'in': [{'shape': 'triangle', 'color': 'cyan', 'size': 'large'}]}"
"3/0037.png",3,0,1,"{'quadrant_lr': [{'shape': 'triangle', 'color': 'blue', 'size': 'large'}]}"
"3/0038.png",3,0,1,"{'quadrant_ll': [{'shape': 'square', 'color': 'magenta', 'size': 'large'}]}"
"3/0039.png",3,1,1,"{'quadrant_ll': [{'shape': 'triangle', 'color': 'red', 'size': 'large'}]}"
"3/0040.png",3,0,1,"{'in': [{'shape': 'square', 'color': 'green', 'size': 'small'}]}"
"3/0041.png",3,0,1,"{'quadrant_lr': [{'shape': 'square', 'color': 'magenta', 'size': 'large'}]}"
"3/0042.png",3,1,1,"{'quadrant_ul': [{'shape': 'triangle', 'color': 'red', 'size': 'small'}]}"
"3/0043.png",3,0,1,"{'quadrant_ll': [{'shape': 'triangle', 'color': 'blue', 'size': 'small'}]}"
"3/0044.png",3,0,1,"{'quadrant_lr': [{'shape': 'triangle', 'color': 'magenta', 'size': 'small'}]}"
"3/0045.png",3,1,1,"{'quadrant_lr': [{'shape': 'square', 'color': 'red', 'size': 'large'}]}"
"3/0046.png",3,0,1,"{'quadrant_ul': [{'shape': 'circle', 'color': 'blue', 'size': 'large'}]}"
"3/0047.png",3,0,1,"{'quadrant_ul': [{'shape': 'square', 'color': 'yellow', 'size': 'small'}]}"
"3/0048.png",3,0,1,"{'quadrant_lr': [{'shape': 'square', 'color': 'magenta', 'size': 'small'}]}"
"3/0049.png",3,0,1,"{'in': [{'shape': 'triangle', 'color': 'magenta', 'size': 'large'}]}"
"4/0000.png",4,0,1,"{'in': [{'shape': 'triangle', 'color': 'blue', 'size': 'large'}]}"
"4/0001.png",4,0,1,"{'in': [{'shape': 'square', 'color': 'red', 'size': 'small'}]}"
"4/0002.png",4,0,1,"{'in': [{'shape': 'circle', 'color': 'red', 'size': 'small'}]}"
"4/0003.png",4,0,1,"{'quadrant_ul': [{'shape': 'triangle', 'color': 'cyan', 'size': 'small'}]}"
"4/0004.png",4,1,1,"{'quadrant_ul': [{'shape': 'triangle', 'color': 'green', 'size': 'large'}]}"
"4/0005.png",4,0,1,"{'quadrant_ul': [{'shape': 'circle', 'color': 'magenta', 'size': 'small'}]}"
"4/0006.png",4,0,1,"{'quadrant_ur': [{'shape': 'triangle', 'color': 'blue', 'size': 'small'}]}"
"4/0007.png",4,1,1,"{'quadrant_lr': [{'shape': 'square', 'color': 'green', 'size': 'large'}]}"
"4/0008.png",4,0,1,"{'quadrant_ll': [{'shape': 'circle', 'color': 'blue', 'size': 'small'}]}"
"4/0009.png",4,0,1,"{'in': [{'shape': 'triangle', 'color': 'cyan', 'size': 'large'}]}"
"4/0010.png",4,0,1,"{'quadrant_ll': [{'shape': 'square', 'color': 'red', 'size': 'small'}]}"
"4/0011.png",4,1,1,"{'in': [{'shape': 'square', 'color': 'green', 'size': 'small'}]}"
"4/0012.png",4,0,1,"{'quadrant_ur': [{'shape': 'circle', 'color': 'yellow', 'size': 'small'}]}"
"4/0013.png",4,0,1,"{'quadrant_lr': [{'shape': 'square', 'color': 'red', 'size': 'large'}]}"
"4/0014.png",4,1,1,"{'quadrant_lr': [{'shape': 'triangle', 'color': 'green', 'size': 'large'}]}"
"4/0015.png",4,1,1,"{'quadrant_ul': [{'shape': 'circle', 'color': 'green', 'size': 'small'}]}"
"4/0016.png",4,1,1,"{'quadrant_ur': [{'shape': 'circle', 'color': 'green', 'size': 'large'}]}"
"4/0017.png",4,0,1,"{'quadrant_ul': [{'shape': 'circle', 'color': 'red', 'size': 'small'}]}"
"4/0018.png",4,0,1,"{'in': [{'shape': 'square', 'color': 'yellow', 'size': 'large'}]}"
"4/0019.png",4,0,1,"{'quadrant_lr': [{'shape': 'circle', 'color': 'magenta', 'size': 'small'}]}"
"4/0020.png",4,0,1,"{'quadrant_ur': [{'shape': 'triangle', 'color': 'red', 'size': 'small'}]}"
"4/0021.png",4,1,1,"{'quadrant_ll': [{'shape': 'circle', 'color': 'green', 'size': 'small'}]}"
"4/0022.png",4,0,1,"{'in': [{'shape': 'circle', 'color': 'blue', 'size': 'large'}]}"
"4/0023.png",4,0,1,"{'quadrant_ll': [{'shape': 'triangle', 'color': 'magenta', 'size': 'large'}]}"
"4/0024.png",4,0,1,"{'quadrant_ul': [{'shape': 'square', 'color': 'yellow', 'size': 'large'}]}"
"4/0025.png",4,0,1,"{'quadrant_ll': [{'shape': 'triangle', 'color': 'magenta', 'size': 'small'}]}"
"4/0026.png",4,1,1,"{'quadrant_ur': [{'shape': 'triangle', 'color': 'green', 'size': 'large'}]}"
"4/0027.png",4,0,1,"{'quadrant_ur': [{'shape': 'triangle', 'color': 'yellow', 'size': 'small'}]}"
"4/0028.png",4,0,1,"{'quadrant_lr': [{'shape': 'square', 'color': 'blue', 'size': 'large'}]}"
"4/0029.png",4,0,1,"{'quadrant_lr': [{'shape': 'circle', 'color': 'yellow', 'size': 'small'}]}"
"4/0030.png",4,0,1,"{'in': [{'shape': 'triangle', 'color': 'blue', 'size': 'small'}]}"
"4/0031.png",4,1,1,"{'in': [{'shape': 'circle', 'color': 'green', 'size': 'large'}]}"
"4/0032.png",4,0,1,"{'quadrant_ur': [{'shape': 'triangle', 'color': 'cyan', 'size': 'small'}]}"
"4/0033.png",4,1,1,"{'quadrant_ll': [{'shape': 'square', 'color': 'green', 'size': 'large'}]}"
"4/0034.png",4,0,1,"{'quadrant_ll': [{'shape': 'square', 'color': 'blue', 'size': 'small'}]}"
"4/0035.png",4,0,1,"{'in': [{'shape': 'circle', 'color': 'red', 'size': 'large'}]}"
"4/0036.png",4,1,1,"{'quadrant_ul': [{'shape': 'square', 'color': 'green', 'size': 'small'}]}"
"4/0037.png",4,0,1,"{'quadrant_ll': [{'shape': 'circle', 'color': 'yellow', 'size': 'small'}]}"
"4/0038.png",4,0,1,"{'quadrant_lr': [{'shape': 'triangle', 'color': 'blue', 'size': 'large'}]}"
"4/0039.png",4,0,1,"{'quadrant_ul': [{'shape': 'triangle', 'color': 'magenta', 'size': 'large'}]}"
"4/0040.png",4,0,1,"{'quadrant_ur': [{'shape': 'triangle', 'color': 'magenta', 'size': 'small'}]}"
"4/0041.png",4,0,1,"{'in': [{'shape': 'triangle', 'color': 'yellow', 'size': 'small'}]}"
"4/0042.png",4,1,1,"{'quadrant_ll': [{'shape': 'circle', 'color': 'green', 'size': 'large'}]}"
"4/0043.png",4,0,1,"{'in': [{'shape': 'triangle', 'color': 'magenta', 'size': 'small'}]}"
"4/0044.png",4,0,1,"{'quadrant_ur': [{'shape': 'square', 'color': 'red', 'size': 'large'}]}"
"4/0045.png",4,1,1,"{'quadrant_ll': [{'shape': 'triangle', 'color': 'green', 'size': 'small'}]}"
"4/0046.png",4,0,1,"{'quadrant_lr': [{'shape': 'triangle', 'color': 'yellow', 'size': 'small'}]}"
"4/0047.png",4,0,1,"{'in': [{'shape': 'square', 'color': 'magenta', 'size': 'large'}]}"
"4/0048.png",4,0,1,"{'quadrant_ll': [{'shape': 'square', 'color': 'blue', 'size': 'large'}]}"
"4/0049.png",4,0,1,"{'quadrant_ur': [{'shape': 'triangle', 'color': 'blue', 'size': 'large'}]}"
"5/0000.png",5,0,1,"{'quadrant_ll': [{'shape': 'square', 'color': 'red', 'size': 'small'}]}"
"5/0001.png",5,1,1,"{'quadrant_lr': [{'shape': 'square', 'color': 'blue', 'size': 'small'}]}"
"5/0002.png",5,0,1,"{'quadrant_ll': [{'shape': 'square', 'color': 'yellow', 'size': 'small'}]}"
"5/0003.png",5,0,1,"{'quadrant_lr': [{'shape': 'square', 'color': 'green', 'size': 'large'}]}"
"5/0004.png",5,0,1,"{'quadrant_lr': [{'shape': 'square', 'color': 'yellow', 'size': 'small'}]}"
"5/0005.png",5,0,1,"{'quadrant_ul': [{'shape': 'circle', 'color': 'red', 'size': 'small'}]}"
"5/0006.png",5,0,1,"{'in': [{'shape': 'square', 'color': 'red', 'size': 'small'}]}"
"5/0007.png",5,0,1,"{'quadrant_ul': [{'shape': 'triangle', 'color': 'green', 'size': 'large'}]}"
"5/0008.png",5,0,1,"{'quadrant_ll': [{'shape': 'square', 'color': 'magenta', 'size': 'large'}]}"
"5/0009.png",5,0,1,"{'quadrant_lr': [{'shape': 'triangle', 'color': 'yellow', 'size': 'small'}]}"
"5/0010.png",5,0,1,"{'quadrant_ul': [{'shape': 'circle', 'color': 'green', 'size': 'large'}]}"
"5/0011.png",5,0,1,"{'quadrant_ur': [{'shape': 'circle', 'color': 'yellow', 'size': 'large'}]}"
"5/0012.png",5,1,1,"{'in': [{'shape': 'square', 'color': 'blue', 'size': 'small'}]}"
"5/0013.png",5,1,1,"{'in': [{'shape': 'circle', 'color': 'blue', 'size': 'large'}]}"
"5/0014.png",5,0,1,"{'quadrant_ul': [{'shape': 'triangle', 'color': 'cyan', 'size': 'large'}]}"
"5/0015.png",5,0,1,"{'quadrant_ur': [{'shape': 'square', 'color': 'magenta', 'size': 'large'}]}"
"5/0016.png",5,1,1,"{'quadrant_ur': [{'shape': 'square', 'color': 'blue', 'size': 'large'}]}"
"5/0017.png",5,1,1,"{'quadrant_ul': [{'shape': 'square', 'color': 'blue', 'size': 'large'}]}"
"5/0018.png",5,0,1,"{'quadrant_ul': [{'shape': 'square', 'color': 'cyan', 'size': 'large'}]}"
"5/0019.png",5,0,1,"{'quadrant_ul': [{'shape': 'triangle', 'color': 'yellow', 'size': 'large'}]}"
"5/0020.png",5,0,1,"{'quadrant_ur': [{'shape': 'square', 'color': 'yellow', 'size': 'small'}]}"
"5/0021.png",5,0,1,"{'quadrant_lr': [{'shape': 'square', 'color': 'yellow', 'size': 'large'}]}"
"5/0022.png",5,1,1,"{'quadrant_ul': [{'shape': 'triangle', 'color': 'blue', 'size': 'large'}]}"
"5/0023.png",5,0,1,"{'quadrant_ur': [{'shape': 'circle', 'color': 'magenta', 'size': 'large'}]}"
"5/0024.png",5,0,1,"{'quadrant_ll': [{'shape': 'square', 'color': 'green', 'size': 'large'}]}"
"5/0025.png",5,1,1,"{'quadrant_ul': [{'shape': 'triangle', 'color': 'blue', 'size': 'small'}]}"
"5/0026.png",5,0,1,"{'quadrant_ll': [{'shape': 'square', 'color': 'cyan', 'size': 'small'}]}"
"5/0027.png",5,0,1,"{'in': [{'shape': 'triangle', 'color': 'cyan', 'size': 'small'}]}"
"5/0028.png",5,0,1,"{'quadrant_ul': [{'shape': 'square', 'color': 'yellow', 'size': 'large'}]}"
"5/0029.png",5,0,1,"{'quadrant_ur': [{'shape': 'square', 'color': 'red', 'size': 'small'}]}"
"5/0030.png",5,0,1,"{'in': [{'shape': 'square', 'color': 'green', 'size': 'large'}]}"
"5/0031.png",5,1,1,"{'quadrant_lr': [{'shape': 'square', 'color': 'blue', 'size': 'large'}]}"
"5/0032.png",5,1,1,"{'quadrant_ul': [{'shape': 'circle', 'color': 'blue', 'size': 'large'}]}"
"5/0033.png",5,0,1,"{'quadrant_ur': [{'shape': 'square', 'color': 'green', 'size': 'small'}]}"
"5/0034.png",5,0,1,"{'quadrant_ll': [{'shape': 'circle', 'color': 'yellow', 'size': 'small'}]}"
"5/0035.png",5,0,1,"{'quadrant_ur': [{'shape': 'triangle', 'color': 'red', 'size': 'small'}]}"
"5/0036.png",5,0,1,"{'quadrant_lr': [{'shape': 'circle', 'color': 'cyan', 'size': 'large'}]}"
"5/0037.png",5,0,1,"{'quadrant_ur': [{'shape': 'square', 'color': 'magenta', 'size': 'small'}]}"
"5/0038.png",5,0,1,"{'quadrant_ll': [{'shape': 'circle', 'color': 'red', 'size': 'small'}]}"
"5/0039.png",5,1,1,"{'quadrant_ll': [{'shape': 'square', 'color': 'blue', 'size': 'large'}]}"
"5/0040.png",5,0,1,"{'in': [{'shape': 'square', 'color': 'cyan', 'size': 'small'}]}"
"5/0041.png",5,1,1,"{'quadrant_ll': [{'shape': 'square', 'color': 'blue', 'size': 'small'}]}"
"5/0042.png",5,0,1,"{'quadrant_ur': [{'shape': 'circle', 'color': 'cyan', 'size': 'large'}]}"
"5/0043.png",5,0,1,"{'quadrant_ll': [{'shape': 'square', 'color': 'cyan', 'size': 'large'}]}"
"5/0044.png",5,0,1,"{'quadrant_lr': [{'shape': 'square', 'color': 'red', 'size': 'large'}]}"
"5/0045.png",5,0,1,"{'quadrant_ll': [{'shape': 'circle', 'color': 'green', 'size': 'small'}]}"
"5/0046.png",5,0,1,"{'quadrant_ll': [{'shape': 'triangle', 'color': 'green', 'size': 'large'}]}"
"5/0047.png",5,0,1,"{'in': [{'shape': 'square', 'color': 'magenta', 'size': 'large'}]}"
"5/0048.png",5,0,1,"{'quadrant_ul': [{'shape': 'circle', 'color': 'cyan', 'size': 'large'}]}"
"5/0049.png",5,0,1,"{'quadrant_lr': [{'shape': 'triangle', 'color': 'cyan', 'size': 'small'}]}"
"6/0000.png",6,0,1,"{'quadrant_ul': [{'shape': 'triangle', 'color': 'red', 'size': 'small'}]}"
"6/0001.png",6,0,1,"{'in': [{'shape': 'square', 'color': 'magenta', 'size': 'small'}]}"
"6/0002.png",6,0,1,"{'in': [{'shape': 'square', 'color': 'blue', 'size': 'small'}]}"
"6/0003.png",6,0,1,"{'quadrant_ur': [{'shape': 'triangle', 'color': 'blue', 'size': 'small'}]}"
"6/0004.png",6,1,1,"{'quadrant_ll': [{'shape': 'circle', 'color': 'cyan', 'size': 'large'}]}"
"6/0005.png",6,1,1,"{'quadrant_ll': [{'shape': 'circle', 'color': 'cyan', 'size': 'small'}]}"
"6/0006.png",6,0,1,"{'quadrant_ur': [{'shape': 'triangle', 'color': 'yellow', 'size': 'small'}]}"
"6/0007.png",6,0,1,"{'quadrant_lr': [{'shape': 'triangle', 'color': 'yellow', 'size': 'large'}]}"
"6/0008.png",6,0,1,"{'quadrant_ll': [{'shape': 'triangle', 'color': 'yellow', 'size': 'small'}]}"
"6/0009.png",6,0,1,"{'quadrant_ll': [{'shape': 'circle', 'color': 'red', 'size': 'small'}]}"
"6/0010.png",6,0,1,"{'quadrant_lr': [{'shape': 'square', 'color': 'magenta', 'size': 'large'}]}"
"6/0011.png",6,0,1,"{'quadrant_ul': [{'shape': 'square', 'color': 'magenta', 'size': 'large'}]}"
"6/0012.png",6,0,1,"{'quadrant_ur': [{'shape': 'triangle', 'color': 'yellow', 'size': 'large'}]}"
"6/0013.png",6,1,1,"{'in': [{'shape': 'triangle', 'color': 'cyan', 'size': 'large'}]}"
"6/0014.png",6,0,1,"{'quadrant_ll': [{'shape': 'square', 'color': 'red', 'size': 'small'}]}"
"6/0015.png",6,1,1,"{'quadrant_ul': [{'shape': 'square', 'color': 'cyan', 'size': 'small'}]}"
"6/0016.png",6,1,1,"{'quadrant_lr': [{'shape': 'circle', 'color': 'cyan', 'size': 'large'}]}"
"6/0017.png",6,0,1,"{'in': [{'shape': 'triangle', 'color': 'yellow', 'size': 'small'}]}"
"6/0018.png",6,1,1,"{'quadrant_ur': [{'shape': 'triangle', 'color': 'cyan', 'size': 'small'}]}"
"6/0019.png",6,0,1,"{'quadrant_ll': [{'shape': 'square', 'color': 'red', 'size': 'large'}]}"
"6/0020.png",6,0,1,"{'in': [{'shape': 'square', 'color': 'red', 'size': 'small'}]}"
"6/0021.png",6,0,1,"{'quadrant_ur': [{'shape': 'square', 'color': 'yellow', 'size': 'small'}]}"
"6/0022.png",6,1,1,"{'quadrant_ul': [{'shape': 'triangle', 'color': 'cyan', 'size': 'large'}]}"
"6/0023.png",6,0,1,"{'quadrant_ur': [{'shape': 'square', 'color': 'magenta', 'size': 'small'}]}"
"6/0024.png",6,0,1,"{'quadrant_ur': [{'shape': 'circle', 'color': 'red', 'size': 'large'}]}"
"6/0025.png",6,0,1,"{'quadrant_ur': [{'shape': 'square', 'color': 'green', 'size': 'large'}]}"
"6/0026.png",6,0,1,"{'quadrant_ul': [{'shape': 'circle', 'color': 'green', 'size': 'small'}]}"
"6/0027.png",6,0,1,"{'quadrant_ul': [{'shape': 'triangle', 'color': 'yellow', 'size': 'small'}]}"
"6/0028.png",6,0,1,"{'in': [{'shape': 'triangle', 'color': 'green', 'size': 'small'}]}"
"6/0029.png",6,0,1,"{'quadrant_ll': [{'shape': 'circle', 'color': 'yellow', 'size': 'small'}]}"
"6/0030.png",6,0,1,"{'quadrant_ul': [{'shape': 'circle', 'color': 'red', 'size': 'large'}]}"
"6/0031.png",6,0,1,"{'quadrant_ur': [{'shape': 'triangle', 'color': 'magenta', 'size': 'small'}]}"
"6/0032.png",6,0,1,"{'quadrant_ul': [{'shape': 'triangle', 'color': 'magenta', 'size': 'large'}]}"
"6/0033.png",6,0,1,"{'quadrant_lr': [{'shape': 'circle', 'color': 'red', 'size': 'large'}]}"
"6/0034.png",6,0,1,"{'quadrant_ul': [{'shape': 'square', 'color': 'blue', 'size': 'large'}]}"
"6/0035.png",6,0,1,"{'quadrant_ur': [{'shape': 'square', 'color': 'red', 'size': 'large'}]}"
"6/0036.png",6,0,1,"{'quadrant_ll': [{'shape': 'square', 'color': 'green', 'size': 'large'}]}"
"6/0037.png",6,0,1,"{'quadrant_ll': [{'shape': 'triangle', 'color': 'yellow', 'size': 'large'}]}"
"6/0038.png",6,0,1,"{'quadrant_ll': [{'shape': 'triangle', 'color': 'red', 'size': 'small'}]}"
"6/0039.png",6,1,1,"{'quadrant_ur': [{'shape': 'circle', 'color': 'cyan', 'size': 'large'}]}"
"6/0040.png",6,0,1,"{'quadrant_lr': [{'shape': 'triangle', 'color': 'blue', 'size': 'small'}]}"
"6/0041.png",6,0,1,"{'quadrant_ul': [{'shape': 'square', 'color': 'magenta', 'size': 'small'}]}"
"6/0042.png",6,1,1,"{'quadrant_ul': [{'shape': 'circle', 'color': 'cyan', 'size': 'small'}]}"
"6/0043.png",6,0,1,"{'quadrant_ul': [{'shape': 'square', 'color': 'red', 'size': 'small'}]}"
"6/0044.png",6,1,1,"{'quadrant_ur': [{'shape': 'triangle', 'color': 'cyan', 'size': 'large'}]}"
"6/0045.png",6,0,1,"{'quadrant_ll': [{'shape': 'square', 'color': 'yellow', 'size': 'small'}]}"
"6/0046.png",6,1,1,"{'quadrant_ur': [{'shape': 'square', 'color': 'cyan', 'size': 'small'}]}"
"6/0047.png",6,0,1,"{'quadrant_ll': [{'shape': 'circle', 'color': 'blue', 'size': 'small'}]}"
"6/0048.png",6,0,1,"{'in': [{'shape': 'circle', 'color': 'blue', 'size': 'small'}]}"
"6/0049.png",6,0,1,"{'quadrant_ul': [{'shape': 'triangle', 'color': 'red', 'size': 'large'}]}"
"7/0000.png",7,1,1,"{'quadrant_ul': [{'shape': 'triangle', 'color': 'magenta', 'size': 'small'}]}"
"7/0001.png",7,1,1,"{'quadrant_lr': [{'shape': 'square', 'color': 'magenta', 'size': 'large'}]}"
"7/0002.png",7,0,1,"{'quadrant_ur': [{'shape': 'circle', 'color': 'red', 'size': 'small'}]}"
"7/0003.png",7,1,1,"{'in': [{'shape': 'circle', 'color': 'magenta', 'size': 'large'}]}"
"7/0004.png",7,0,1,"{'quadrant_ll': [{'shape': 'circle', 'color': 'blue', 'size': 'large'}]}"
"7/0005.png",7,1,1,"{'quadrant_ur': [{'shape': 'circle', 'color': 'magenta', 'size': 'small'}]}"
"7/0006.png",7,0,1,"{'in': [{'shape': 'triangle', 'color': 'blue', 'size': 'small'}]}"
"7/0007.png",7,1,1,"{'quadrant_lr': [{'shape': 'square', 'color': 'magenta', 'size': 'small'}]}"
"7/0008.png",7,0,1,"{'quadrant_ur': [{'shape': 'circle', 'color': 'green', 'size': 'small'}]}"
"7/0009.png",7,0,1,"{'quadrant_ll': [{'shape': 'square', 'color': 'blue', 'size': 'small'}]}"
"7/0010.png",7,1,1,"{'quadrant_lr': [{'shape': 'circle', 'color': 'magenta', 'size': 'small'}]}"
"7/0011.png",7,0,1,"{'quadrant_ul': [{'shape': 'circle', 'color': 'red', 'size': 'large'}]}"
"7/0012.png",7,0,1,"{'quadrant_ll': [{'shape': 'square', 'color': 'blue', 'size': 'large'}]}"
"7/0013.png",7,1,1,"{'quadrant_ul': [{'shape': 'circle', 'color': 'magenta', 'size': 'large'}]}"
"7/0014.png",7,1,1,"{'quadrant_ll': [{'shape': 'square', 'color': 'magenta', 'size': 'large'}]}"
"7/0015.png",7,0,1,"{'quadrant_ll': [{'shape': 'square', 'color': 'yellow', 'size': 'large'}]}"
"7/0016.png",7,0,1,"{'quadrant_lr': [{'shape': 'circle', 'color': 'green', 'size': 'small'}]}"
"7/0017.png",7,0,1,"{'quadrant_ul': [{'shape': 'circle', 'color': 'cyan', 'size': 'large'}]}"
"7/0018.png",7,0,1,"{'quadrant_ul': [{'shape': 'square', 'color': 'red', 'size': 'small'}]}"
"7/0019.png",7,0,1,"{'quadrant_ul': [{'shape': 'square', 'color': 'red', 'size': 'large'}]}"
"7/0020.png",7,1,1,"{'quadrant_ul': [{'shape': 'triangle', 'color': 'magenta', 'size': 'large'}]}"
"7/0021.png",7,0,1,"{'in': [{'shape': 'square', 'color': 'cyan', 'size': 'small'}]}"
"7/0022.png",7,1,1,"{'in': [{'shape': 'circle', 'color': 'magenta', 'size': 'small'}]}"
"7/0023.png",7,1,1,"{'quadrant_ul': [{'shape': 'square', 'color': 'magenta', 'size': 'small'}]}"
"7/0024.png",7,0,1,"{'in': [{'shape': 'circle', 'color': 'cyan', 'size': 'small'}]}"
"7/0025.png",7,0,1,"{'quadrant_ur': [{'shape': 'circle', 'color': 'green', 'size': 'large'}]}"
"7/0026.png",7,0,1,"{'quadrant_ur': [{'shape': 'square', 'color': 'yellow', 'size': 'large'}]}"
"7/0027.png",7,0,1,"{'quadrant_lr': [{'shape': 'triangle', 'color': 'red', 'size': 'small'}]}"
"7/0028.png",7,0,1,"{'quadrant_lr': [{'shape': 'circle', 'color': 'green', 'size': 'large'}]}"
"7/0029.png",7,1,1,"{'quadrant_ur': [{'shape': 'circle', 'color': 'magenta', 'size': 'large'}]}"
"7/0030.png",7,0,1,"{'quadrant_lr': [{'shape': 'square', 'color': 'red', 'size': 'small'}]}"
"7/0031.png",7,0,1,"{'quadrant_ul': [{'shape': 'triangle', 'color': 'yellow', 'size': 'large'}]}"
"7/0032.png",7,1,1,"{'quadrant_ul': [{'shape': 'square', 'color': 'magenta', 'size': 'large'}]}"
"7/0033.png",7,0,1,"{'quadrant_lr': [{'shape': 'circle', 'color': 'yellow', 'size': 'small'}]}"
"7/0034.png",7,0,1,"{'quadrant_ll': [{'shape': 'triangle', 'color': 'green', 'size': 'large'}]}"
"7/0035.png",7,0,1,"{'quadrant_ul': [{'shape': 'circle', 'color': 'cyan', 'size': 'small'}]}"
"7/0036.png",7,0,1,"{'quadrant_ll': [{'shape': 'circle', 'color': 'green', 'size': 'large'}]}"
"7/0037.png",7,0,1,"{'in': [{'shape': 'square', 'color': 'blue', 'size': 'large'}]}"
"7/0038.png",7,0,1,"{'quadrant_ll': [{'shape': 'square', 'color': 'green', 'size': 'large'}]}"
"7/0039.png",7,0,1,"{'quadrant_ul': [{'shape': 'square', 'color': 'yellow', 'size': 'small'}]}"
"7/0040.png",7,0,1,"{'quadrant_ur': [{'shape': 'square', 'color': 'blue', 'size': 'large'}]}"
"7/0041.png",7,0,1,"{'quadrant_ll': [{'shape': 'triangle', 'color': 'red', 'size': 'large'}]}"
"7/0042.png",7,0,1,"{'quadrant_ur': [{'shape': 'triangle', 'color': 'blue', 'size': 'large'}]}"
"7/0043.png",7,0,1,"{'quadrant_ul': [{'shape': 'triangle', 'color': 'cyan', 'size': 'small'}]}"
"7/0044.png",7,0,1,"{'quadrant_ul': [{'shape': 'circle', 'color': 'blue', 'size': 'small'}]}"
"7/0045.png",7,0,1,"{'quadrant_ur': [{'shape': 'square', 'color': 'red', 'size': 'small'}]}"
"7/0046.png",7,0,1,"{'quadrant_lr': [{'shape': 'square', 'color': 'blue', 'size': 'large'}]}"
"7/0047.png",7,1,1,"{'quadrant_lr': [{'shape': 'triangle', 'color': 'magenta', 'size': 'small'}]}"
"7/0048.png",7,0,1,"{'quadrant_ur': [{'shape': 'triangle', 'color': 'green', 'size': 'large'}]}"
"7/0049.png",7,0,1,"{'in': [{'shape': 'circle', 'color': 'green', 'size': 'large'}]}"
"8/0000.png",8,0,1,"{'quadrant_ul': [{'shape': 'square', 'color': 'green', 'size': 'small'}]}"
"8/0001.png",8,1,1,"{'quadrant_ll': [{'shape': 'circle', 'color': 'yellow', 'size': 'large'}]}"
"8/0002.png",8,1,1,"{'quadrant_ur': [{'shape': 'square', 'color': 'yellow', 'size': 'small'}]}"
"8/0003.png",8,0,1,"{'quadrant_ll': [{'shape': 'triangle', 'color': 'cyan', 'size': 'small'}]}"
"8/0004.png",8,0,1,"{'quadrant_ur': [{'shape': 'square', 'color': 'blue', 'size': 'small'}]}"
"8/0005.png",8,0,1,"{'quadrant_lr': [{'shape': 'circle', 'color': 'magenta', 'size': 'large'}]}"
"8/0006.png",8,0,1,"{'quadrant_lr': [{'shape': 'circle', 'color': 'cyan', 'size': 'large'}]}"
"8/0007.png",8,1,1,"{'quadrant_ul': [{'shape': 'square', 'color': 'yellow', 'size': 'small'}]}"
"8/0008.png",8,0,1,"{'quadrant_ur': [{'shape': 'square', 'color': 'green', 'size': 'large'}]}"
"8/0009.png",8,0,1,"{'quadrant_ur': [{'shape': 'triangle', 'color': 'cyan', 'size': 'small'}]}"
"8/0010.png",8,0,1,"{'in': [{'shape': 'square', 'color': 'cyan', 'size': 'small'}]}"
"8/0011.png",8,0,1,"{'quadrant_ur': [{'shape': 'circle', 'color': 'green', 'size': 'large'}]}"
"8/0012.png",8,0,1,"{'quadrant_ur': [{'shape': 'square', 'color': 'green', 'size': 'small'}]}"
"8/0013.png",8,0,1,"{'in': [{'shape': 'circle', 'color': 'red', 'size': 'small'}]}"
"8/0014.png",8,0,1,"{'quadrant_ll': [{'shape': 'triangle', 'color': 'red', 'size': 'small'}]}"
"8/0015.png",8,0,1,"{'in': [{'shape': 'square', 'color': 'blue', 'size': 'large'}]}"
"8/0016.png",8,1,1,"{'quadrant_ul': [{'shape': 'circle', 'color': 'yellow', 'size': 'small'}]}"
"8/0017.png",8,0,1,"{'in': [{'shape': 'square', 'color': 'blue', 'size': 'small'}]}"
"8/0018.png",8,0,1,"{'quadrant_ul': [{'shape': 'square', 'color': 'red', 'size': 'large'}]}"
"8/0019.png",8,1,1,"{'quadrant_ul': [{'shape': 'triangle', 'color': 'yellow', 'size': 'large'}]}"
"8/0020.png",8,0,1,"{'quadrant_lr': [{'shape': 'triangle', 'color': 'magenta', 'size': 'small'}]}"
"8/0021.png",8,1,1,"{'quadrant_ur': [{'shape': 'triangle', 'color': 'yellow', 'size': 'large'}]}"
"8/0022.png",8,0,1,"{'quadrant_lr': [{'shape': 'triangle', 'color': 'red', 'size': 'small'}]}"
"8/0023.png",8,0,1,"{'quadrant_ur': [{'shape': 'square', 'color': 'red', 'size': 'small'}]}"
"8/0024.png",8,1,1,"{'in': [{'shape': 'square', 'color': 'yellow', 'size': 'large'}]}"
"8/0025.png",8,0,1,"{'quadrant_ul': [{'shape': 'square', 'color': 'green', 'size': 'large'}]}"
"8/0026.png",8,0,1,"{'in': [{'shape': 'triangle', 'color': 'red', 'size': 'large'}]}"
"8/0027.png",8,0,1,"{'quadrant_ul': [{'shape': 'triangle', 'color': 'magenta', 'size': 'large'}]}"
"8/0028.png",8,0,1,"{'in': [{'shape': 'circle', 'color': 'blue', 'size': 'large'}]}"
"8/0029.png",8,0,1,"{'quadrant_ur': [{'shape': 'square', 'color': 'blue', 'size': 'large'}]}"
"8/0030.png",8,0,1,"{'quadrant_ur': [{'shape': 'triangle', 'color': 'blue', 'size': 'small'}]}"
"8/0031.png",8,1,1,"{'quadrant_ur': [{'shape': 'circle', 'color': 'yellow', 'size': 'large'}]}"
"8/0032.png",8,0,1,"{'in': [{'shape': 'square', 'color': 'magenta', 'size': 'small'}]}"
"8/0033.png",8,0,1,"{'quadrant_ur': [{'shape': 'square', 'color': 'magenta', 'size': 'small'}]}"
"8/0034.png",8,1,1,"{'quadrant_lr': [{'shape': 'square', 'color': 'yellow', 'size': 'large'}]}"
"8/0035.png",8,1,1,"{'quadrant_lr': [{'shape': 'circle', 'color': 'yellow', 'size': 'large'}]}"
"8/0036.png",8,0,1,"{'quadrant_ur': [{'shape': 'circle', 'color': 'blue', 'size': 'small'}]}"
"8/0037.png",8,0,1,"{'quadrant_ll': [{'shape': 'circle', 'color': 'magenta', 'size': 'small'}]}"
"8/0038.png",8,1,1,"{'in': [{'shape': 'circle', 'color': 'yellow', 'size': 'small'}]}"
"8/0039.png",8,1,1,"{'quadrant_ur': [{'shape': 'circle', 'color': 'yellow', 'size': 'small'}]}"
"8/0040.png",8,0,1,"{'quadrant_ll': [{'shape': 'triangle', 'color': 'cyan', 'size': 'large'}]}"
"8/0041.png",8,0,1,"{'in': [{'shape': 'triangle', 'color': 'magenta', 'size': 'small'}]}"
"8/0042.png",8,1,1,"{'quadrant_ul': [{'shape': 'circle', 'color': 'yellow', 'size': 'large'}]}"
"8/0043.png",8,1,1,"{'quadrant_ul': [{'shape': 'square', 'color': 'yellow', 'size': 'large'}]}"
"8/0044.png",8,0,1,"{'quadrant_lr': [{'shape': 'triangle', 'color': 'magenta', 'size': 'large'}]}"
"8/0045.png",8,0,1,"{'in': [{'shape': 'circle', 'color': 'green', 'size': 'large'}]}"
"8/0046.png",8,0,1,"{'quadrant_ll': [{'shape': 'square', 'color': 'magenta', 'size': 'large'}]}"
"8/0047.png",8,0,1,"{'in': [{'shape': 'triangle', 'color': 'red', 'size': 'small'}]}"
"8/0048.png",8,0,1,"{'quadrant_lr': [{'shape': 'circle', 'color': 'red', 'size': 'large'}]}"
"8/0049.png",8,1,1,"{'quadrant_lr': [{'shape': 'square', 'color': 'yellow', 'size': 'small'}]}"
"9/0000.png",9,1,1,"{'side_by_side': [{'shape': 'triangle', 'color': 'blue', 'size': 'large'}, {'shape': 'triangle', 'color': 'red', 'size': 'small'}]}"
"9/0001.png",9,0,1,"{'side_by_side': [{'shape': 'square', 'color': 'blue', 'size': 'large'}, {'shape': 'triangle', 'color': 'green', 'size': 'large'}]}"
"9/0002.png",9,0,1,"{'side_by_side': [{'shape': 'circle', 'color': 'cyan', 'size': 'large'}, {'shape': 'square', 'color': 'yellow', 'size': 'small'}]}"
"9/0003.png",9,1,1,"{'side_by_side': [{'shape': 'square', 'color': 'blue', 'size': 'large'}, {'shape': 'triangle', 'color': 'red', 'size': 'small'}]}"
"9/0004.png",9,0,1,"{'side_by_side': [{'shape': 'circle', 'color': 'cyan', 'size': 'small'}, {'shape': 'triangle', 'color': 'blue', 'size': 'small'}]}"
"9/0005.png",9,1,1,"{'side_by_side': [{'shape': 'square', 'color': 'red', 'size': 'small'}, {'shape': 'triangle', 'color': 'red', 'size': 'large'}]}"
"9/0006.png",9,0,1,"{'side_by_side': [{'shape': 'triangle', 'color': 'blue', 'size': 'small'}, {'shape': 'circle', 'color': 'yellow', 'size': 'large'}]}"
"9/0007.png",9,0,1,"{'side_by_side': [{'shape': 'circle', 'color': 'blue', 'size': 'large'}, {'shape': 'square', 'color': 'red', 'size': 'large'}]}"
"9/0008.png",9,0,1,"{'side_by_side': [{'shape': 'circle', 'color': 'blue', 'size': 'large'}, {'shape': 'circle', 'color': 'blue', 'size': 'large'}]}"
"9/0009.png",9,0,1,"{'side_by_side': [{'shape': 'circle', 'color': 'green', 'size': 'large'}, {'shape': 'triangle', 'color': 'blue', 'size': 'small'}]}"
"9/0010.png",9,0,1,"{'side_by_side': [{'shape': 'triangle', 'color': 'red', 'size': 'small'}, {'shape': 'square', 'color': 'green', 'size': 'small'}]}"
"9/0011.png",9,0,1,"{'side_by_side': [{'shape': 'circle', 'color': 'magenta', 'size': 'large'}, {'shape': 'circle', 'color': 'cyan', 'size': 'large'}]}"
"9/0012.png",9,0,1,"{'side_by_side': [{'shape': 'square', 'color': 'red', 'size': 'large'}, {'shape': 'triangle', 'color': 'yellow', 'size': 'large'}]}"
"9/0013.png",9,0,1,"{'side_by_side': [{'shape': 'square', 'color': 'cyan', 'size': 'small'}, {'shape': 'triangle', 'color': 'cyan', 'size': 'large'}]}"
"9/0014.png",9,0,1,"{'side_by_side': [{'shape': 'square', 'color': 'blue', 'size': 'small'}, {'shape': 'square', 'color': 'green', 'size': 'small'}]}"
"9/0015.png",9,1,1,"{'side_by_side': [{'shape': 'circle', 'color': 'yellow', 'size': 'small'}, {'shape': 'triangle', 'color': 'red', 'size': 'small'}]}"
"9/0016.png",9,0,1,"{'side_by_side': [{'shape': 'square', 'color': 'red', 'size': 'large'}, {'shape': 'triangle', 'color': 'green', 'size': 'large'}]}"
"9/0017.png",9,0,1,"{'side_by_side': [{'shape': 'triangle', 'color': 'magenta', 'size': 'small'}, {'shape': 'square', 'color': 'blue', 'size': 'large'}]}"
"9/0018.png",9,1,1,"{'side_by_side': [{'shape': 'square', 'color': 'green', 'size': 'large'}, {'shape': 'triangle', 'color': 'red', 'size': 'small'}]}"
"9/0019.png",9,1,1,"{'side_by_side': [{'shape': 'triangle', 'color': 'green', 'size': 'large'}, {'shape': 'triangle', 'color': 'red', 'size': 'large'}]}"
"9/0020.png",9,1,1,"{'side_by_side': [{'shape': 'square', 'color': 'blue', 'size': 'small'}, {'shape': 'triangle', 'color': 'red', 'size': 'large'}]}"
"9/0021.png",9,1,1,"{'side_by_side': [{'shape': 'triangle', 'color': 'yellow', 'size': 'large'}, {'shape': 'triangle', 'color': 'red', 'size': 'large'}]}"
"9/0022.png",9,1,1,"{'side_by_side': [{'shape': 'circle', 'color': 'blue', 'size': 'small'}, {'shape': 'triangle', 'color': 'red', 'size': 'large'}]}"
"9/0023.png",9,1,1,"{'side_by_side': [{'shape': 'triangle', 'color': 'magenta', 'size': 'large'}, {'shape': 'triangle', 'color': 'red', 'size': 'large'}]}"
"9/0024.png",9,1,1,"{'side_by_side': [{'shape': 'circle', 'color': 'red', 'size': 'small'}, {'shape': 'triangle', 'color': 'red', 'size': 'large'}]}"
"9/0025.png",9,0,1,"{'side_by_side': [{'shape': 'circle', 'color': 'blue', 'size': 'small'}, {'shape': 'triangle', 'color': 'cyan', 'size': 'small'}]}"
"9/0026.png",9,0,1,"{'side_by_side': [{'shape': 'circle', 'color': 'magenta', 'size': 'large'}, {'shape': 'circle', 'color': 'magenta', 'size': 'large'}]}"
"9/0027.png",9,0,1,"{'side_by_side': [{'shape': 'triangle', 'color': 'blue', 'size': 'large'}, {'shape': 'square', 'color': 'magenta', 'size': 'large'}]}"
"9/0028.png",9,1,1,"{'side_by_side': [{'shape': 'circle', 'color': 'cyan', 'size': 'small'}, {'shape': 'triangle', 'color': 'red', 'size': 'large'}]}"
"9/0029.png",9,0,1,"{'side_by_side': [{'shape': 'square', 'color': 'yellow', 'size': 'large'}, {'shape': 'circle', 'color': 'red', 'size': 'large'}]}"
"9/0030.png",9,1,1,"{'side_by_side': [{'shape': 'square', 'color': 'magenta', 'size': 'small'}, {'shape': 'triangle', 'color': 'red', 'size': 'large'}]}"
"9/0031.png",9,1,1,"{'side_by_side': [{'shape': 'triangle', 'color': 'cyan', 'size': 'small'}, {'shape': 'triangle', 'color': 'red', 'size': 'small'}]}"
"9/0032.png",9,0,1,"{'side_by_side': [{'shape': 'triangle', 'color': 'magenta', 'size': 'small'}, {'shape': 'circle', 'color': 'red', 'size': 'large'}]}"
"9/0033.png",9,1,1,"{'side_by_side': [{'shape': 'triangle', 'color': 'cyan', 'size': 'small'}, {'shape': 'triangle', 'color': 'red', 'size': 'large'}]}"
"9/0034.png",9,0,1,"{'side_by_side': [{'shape': 'square', 'color': 'red', 'size': 'large'}, {'shape': 'square', 'color': 'red', 'size': 'large'}]}"
"9/0035.png",9,1,1,"{'side_by_side': [{'shape': 'circle', 'color': 'blue', 'size': 'large'}, {'shape': 'triangle', 'color': 'red', 'size': 'small'}]}"
"9/0036.png",9,1,1,"{'side_by_side': [{'shape': 'square', 'color': 'cyan', 'size': 'small'}, {'shape': 'triangle', 'color': 'red', 'size': 'large'}]}"
"9/0037.png",9,0,1,"{'side_by_side': [{'shape': 'circle', 'color': 'cyan', 'size': 'small'}, {'shape': 'triangle', 'color': 'green', 'size': 'large'}]}"
"9/0038.png",9,0,1,"{'side_by_side': [{'shape': 'triangle', 'color': 'blue', 'size': 'small'}, {'shape': 'triangle', 'color': 'cyan', 'size': 'small'}]}"
"9/0039.png",9,0,1,"{'side_by_side': [{'shape': 'circle', 'color': 'blue', 'size': 'small'}, {'shape': 'square', 'color': 'magenta', 'size': 'large'}]}"
"9/0040.png",9,0,1,"{'side_by_side': [{'shape': 'triangle', 'color': 'blue', 'size': 'large'}, {'shape': 'triangle', 'color': 'green', 'size': 'large'}]}"
"9/0041.png",9,0,1,"{'side_by_side': [{'shape': 'triangle', 'color': 'yellow', 'size': 'large'}, {'shape': 'circle', 'color': 'green', 'size': 'small'}]}"
"9/0042.png",9,0,1,"{'side_by_side': [{'shape': 'square', 'color': 'blue', 'size': 'large'}, {'shape': 'triangle', 'color': 'green', 'size': 'small'}]}"
"9/0043.png",9,0,1,"{'side_by_side': [{'shape': 'circle', 'color': 'green', 'size': 'large'}, {'shape': 'circle', 'color': 'green', 'size': 'large'}]}"
"9/0044.png",9,1,1,"{'side_by_side': [{'shape': 'square', 'color': 'blue', 'size': 'small'}, {'shape': 'triangle', 'color': 'red', 'size': 'small'}]}"
"9/0045.png",9,1,1,"{'side_by_side': [{'shape': 'triangle', 'color': 'blue', 'size': 'small'}, {'shape': 'triangle', 'color': 'red', 'size': 'small'}]}"
"9/0046.png",9,0,1,"{'side_by_side': [{'shape': 'triangle', 'color': 'yellow', 'size': 'large'}, {'shape': 'circle', 'color': 'cyan', 'size': 'large'}]}"
"9/0047.png",9,1,1,"{'side_by_side': [{'shape': 'circle', 'color': 'green', 'size': 'small'}, {'shape': 'triangle', 'color': 'red', 'size': 'small'}]}"
"9/0048.png",9,0,1,"{'side_by_side': [{'shape': 'circle', 'color': 'cyan', 'size': 'large'}, {'shape': 'triangle', 'color': 'green', 'size': 'large'}]}"
"9/0049.png",9,1,1,"{'side_by_side': [{'shape': 'square', 'color': 'yellow', 'size': 'small'}, {'shape': 'triangle', 'color': 'red', 'size': 'large'}]}"
"10/0000.png",10,0,1,"{'side_by_side': [{'shape': 'circle', 'color': 'magenta', 'size': 'large'}, {'shape': 'triangle', 'color': 'red', 'size': 'small'}, {'shape': 'square', 'color': 'red', 'size': 'small'}, {'shape': 'circle', 'color': 'yellow', 'size': 'small'}, {'shape': 'square', 'color': 'magenta', 'size': 'small'}]}"
"10/0001.png",10,0,1,"{'side_by_side': [{'shape': 'triangle', 'color': 'red', 'size': 'small'}, {'shape': 'square', 'color': 'red', 'size': 'large'}, {'shape': 'square', 'color': 'green', 'size': 'large'}, {'shape': 'square', 'color': 'red', 'size': 'small'}]}"
"10/0002.png",10,0,1,"{'side_by_side': [{'shape': 'circle', 'color': 'blue', 'size': 'large'}, {'shape': 'square', 'color': 'blue', 'size': 'small'}, {'shape': 'triangle', 'color': 'magenta', 'size': 'small'}]}"
"10/0003.png",10,1,1,"{'side_by_side': [{'shape': 'square', 'color': 'red', 'size': 'small'}, {'shape': 'triangle', 'color': 'red', 'size': 'small'}, {'shape': 'triangle', 'color': 'red', 'size': 'large'}]}"
"10/0004.png",10,0,1,"{'side_by_side': [{'shape': 'triangle', 'color': 'red', 'size': 'large'}, {'shape': 'square', 'color': 'blue', 'size': 'large'}, {'shape': 'circle', 'color': 'magenta', 'size': 'large'}]}"
"10/0005.png",10,1,1,"{'side_by_side': [{'shape': 'circle', 'color': 'blue', 'size': 'large'}, {'shape': 'square', 'color': 'magenta', 'size': 'large'}, {'shape': 'triangle', 'color': 'red', 'size': 'large'}]}"
"10/0006.png",10,1,1,"{'side_by_side': [{'shape': 'circle', 'color': 'magenta', 'size': 'small'}, {'shape': 'circle', 'color': 'blue', 'size': 'small'}, {'shape': 'circle', 'color': 'cyan', 'size': 'small'}, {'shape': 'square', 'color': 'green', 'size': 'large'}, {'shape': 'triangle', 'color': 'red', 'size': 'small'}]}"
"10/0007.png",10,1,1,"{'side_by_side': [{'shape': 'square', 'color': 'cyan', 'size': 'large'}, {'shape': 'triangle', 'color': 'blue', 'size': 'large'}, {'shape': 'circle', 'color': 'blue', 'size': 'small'}, {'shape': 'triangle', 'color': 'yellow', 'size': 'large'}, {'shape': 'square', 'color': 'red', 'size': 'large'}, {'shape': 'triangle', 'color': 'red', 'size': 'small'}]}"
"10/0008.png",10,0,1,"{'side_by_side': [{'shape': 'square', 'color': 'red', 'size': 'small'}, {'shape': 'triangle', 'color': 'red', 'size': 'small'}, {'shape': 'square', 'color': 'red', 'size': 'small'}, {'shape': 'square', 'color': 'magenta', 'size': 'large'}, {'shape': 'triangle', 'color': 'green', 'size': 'small'}, {'shape': 'square', 'color': 'green', 'size': 'small'}]}"
"10/0009.png",10,1,1,"{'side_by_side': [{'shape': 'triangle', 'color': 'green', 'size': 'small'}, {'shape': 'circle', 'color': 'cyan', 'size': 'large'}, {'shape': 'triangle', 'color': 'magenta', 'size': 'large'}, {'shape': 'triangle', 'color': 'red', 'size': 'large'}]}"
"10/0010.png",10,1,1,"{'side_by_side': [{'shape': 'triangle', 'color': 'cyan', 'size': 'large'}, {'shape': 'square', 'color': 'cyan', 'size': 'small'}, {'shape': 'circle', 'color': 'magenta', 'size': 'large'}, {'shape': 'triangle', 'color': 'red', 'size': 'small'}]}"
"10/0011.png",10,1,1,"{'side_by_side': [{'shape': 'square', 'color': 'red', 'size': 'small'}, {'shape': 'square', 'color': 'cyan', 'size': 'small'}, {'shape': 'triangle', 'color': 'blue', 'size': 'small'}, {'shape': 'square', 'color': 'yellow', 'size': 'small'}, {'shape': 'triangle', 'color': 'red', 'size': 'large'}]}"
"10/0012.png",10,1,1,"{'side_by_side': [{'shape': 'square', 'color': 'red', 'size': 'small'}, {'shape': 'square', 'color': 'magenta', 'size': 'small'}, {'shape': 'triangle', 'color': 'red', 'size': 'large'}]}"
"10/0013.png",10,1,1,"{'side_by_side': [{'shape': 'triangle', 'color': 'yellow', 'size': 'small'}, {'shape': 'triangle', 'color': 'green', 'size': 'large'}, {'shape': 'triangle', 'color': 'red', 'size': 'large'}]}"
"10/0014.png",10,1,1,"{'side_by_side': [{'shape': 'square', 'color': 'yellow', 'size': 'large'}, {'shape': 'triangle', 'color': 'green', 'size': 'small'}, {'shape': 'triangle', 'color': 'red', 'size': 'small'}]}"
"10/0015.png",10,1,1,"{'side_by_side': [{'shape': 'circle', 'color': 'green', 'size': 'large'}, {'shape': 'square', 'color': 'yellow', 'size': 'small'}, {'shape': 'triangle', 'color': 'yellow', 'size': 'small'}, {'shape': 'triangle', 'color': 'red', 'size': 'small'}]}"
"10/0016.png",10,0,1,"{'side_by_side': [{'shape': 'square', 'color': 'red', 'size': 'large'}, {'shape': 'square', 'color': 'red', 'size': 'large'}, {'shape': 'circle', 'color': 'cyan', 'size': 'small'}, {'shape': 'square', 'color': 'yellow', 'size': 'small'}]}"
"10/0017.png",10,1,1,"{'side_by_side': [{'shape': 'square', 'color': 'cyan', 'size': 'large'}, {'shape': 'square', 'color': 'red', 'size': 'small'}, {'shape': 'circle', 'color': 'green', 'size': 'small'}, {'shape': 'triangle', 'color': 'red', 'size': 'small'}]}"
"10/0018.png",10,1,1,"{'side_by_side': [{'shape': 'circle', 'color': 'yellow', 'size': 'large'}, {'shape': 'square', 'color': 'blue', 'size': 'small'}, {'shape': 'triangle', 'color': 'red', 'size': 'small'}]}"
"10/0019.png",10,1,1,"{'side_by_side': [{'shape': 'circle', 'color': 'cyan', 'size': 'small'}, {'shape': 'circle', 'color': 'blue', 'size': 'large'}, {'shape': 'square', 'color': 'yellow', 'size': 'small'}, {'shape': 'square', 'color': 'cyan', 'size': 'large'}, {'shape': 'square', 'color': 'green', 'size': 'small'}, {'shape': 'triangle', 'color': 'red', 'size': 'large'}]}"
"10/0020.png",10,1,1,"{'side_by_side': [{'shape': 'square', 'color': 'blue', 'size': 'large'}, {'shape': 'square', 'color': 'magenta', 'size': 'small'}, {'shape': 'circle', 'color': 'magenta', 'size': 'large'}, {'shape': 'triangle', 'color': 'cyan', 'size': 'small'}, {'shape': 'triangle', 'color': 'cyan', 'size': 'large'}, {'shape': 'triangle', 'color': 'red', 'size': 'large'}]}"
"10/0021.png",10,1,1,"{'side_by_side': [{'shape': 'square', 'color': 'blue', 'size': 'small'}, {'shape': 'circle', 'color': 'blue', 'size': 'small'}, {'shape': 'square', 'color': 'red', 'size': 'small'}, {'shape': 'triangle', 'color': 'red', 'size': 'large'}]}"
"10/0022.png",10,1,1,"{'side_by_side': [{'shape': 'square', 'color': 'blue', 'size': 'small'}, {'shape': 'circle', 'color': 'red', 'size': 'small'}, {'shape': 'triangle', 'color': 'red', 'size': 'large'}]}"
"10/0023.png",10,0,1,"{'side_by_side': [{'shape': 'square', 'color': 'blue', 'size': 'small'}, {'shape': 'square', 'color': 'green', 'size': 'small'}, {'shape': 'square', 'color': 'blue', 'size': 'small'}, {'shape': 'circle', 'color': 'blue', 'size': 'small'}]}"
"10/0024.png",10,0,1,"{'side_by_side': [{'shape': 'triangle', 'color': 'red', 'size': 'small'}, {'shape': 'square', 'color': 'magenta', 'size': 'large'}, {'shape': 'triangle', 'color': 'magenta', 'size': 'large'}, {'shape': 'circle', 'color': 'green', 'size': 'small'}]}"
"10/0025.png",10,1,1,"{'side_by_side': [{'shape': 'triangle', 'color': 'green', 'size': 'large'}, {'shape': 'square', 'color': 'yellow', 'size': 'large'}, {'shape': 'triangle', 'color': 'blue', 'size': 'small'}, {'shape': 'triangle', 'color': 'yellow', 'size': 'small'}, {'shape': 'square', 'color': 'yellow', 'size': 'small'}, {'shape': 'triangle', 'color': 'red', 'size': 'small'}]}"
"10/0026.png",10,0,1,"{'side_by_side': [{'shape': 'square', 'color': 'green', 'size': 'small'}, {'shape': 'circle', 'color': 'blue', 'size': 'small'}, {'shape': 'circle', 'color': 'cyan', 'size': 'large'}, {'shape': 'circle', 'color': 'green', 'size': 'large'}, {'shape': 'square', 'color': 'red', 'size': 'small'}]}"
"10/0027.png",10,0,1,"{'side_by_side': [{'shape': 'triangle', 'color': 'blue', 'size': 'large'}, {'shape': 'square', 'color': 'blue', 'size': 'large'}, {'shape': 'square', 'color': 'yellow', 'size': 'large'}, {'shape': 'triangle', 'color': 'yellow', 'size': 'small'}, {'shape': 'square', 'color': 'green', 'size': 'small'}, {'shape': 'square', 'color': 'green', 'size': 'small'}]}"
"10/0028.png",10,0,1,"{'side_by_side': [{'shape': 'square', 'color': 'red', 'size': 'small'}, {'shape': 'circle', 'color': 'red', 'size': 'small'}, {'shape': 'triangle', 'color': 'red', 'size': 'large'}, {'shape': 'circle', 'color': 'red', 'size': 'large'}]}"
"10/0029.png",10,1,1,"{'side_by_side': [{'shape': 'triangle', 'color': 'blue', 'size': 'small'}, {'shape': 'triangle', 'color': 'red', 'size': 'small'}, {'shape': 'triangle', 'color': 'magenta', 'size': 'large'}, {'shape': 'square', 'color': 'cyan', 'size': 'large'}, {'shape': 'square', 'color': 'magenta', 'size': 'large'}, {'shape': 'triangle', 'color': 'red', 'size': 'small'}]}"
"10/0030.png",10,1,1,"{'side_by_side': [{'shape': 'circle', 'color': 'magenta', 'size': 'small'}, {'shape': 'circle', 'color': 'yellow', 'size': 'small'}, {'shape': 'square', 'color': 'yellow', 'size': 'large'}, {'shape': 'triangle', 'color': 'red', 'size': 'small'}]}"
"10/0031.png",10,0,1,"{'side_by_side': [{'shape': 'triangle', 'color': 'red', 'size': 'large'}, {'shape': 'square', 'color': 'cyan', 'size': 'large'}, {'shape': 'square', 'color': 'green', 'size': 'small'}]}"
"10/0032.png",10,0,1,"{'side_by_side': [{'shape': 'circle', 'color': 'magenta', 'size': 'small'}, {'shape': 'square', 'color': 'blue', 'size': 'small'}, {'shape': 'triangle', 'color': 'magenta', 'size': 'small'}, {'shape': 'triangle', 'color': 'magenta', 'size': 'small'}, {'shape': 'triangle', 'color': 'green', 'size': 'large'}, {'shape': 'circle', 'color': 'magenta', 'size': 'small'}]}"
"10/0033.png",10,1,1,"{'side_by_side': [{'shape': 'triangle', 'color': 'cyan', 'size': 'small'}, {'shape': 'circle', 'color': 'green', 'size': 'small'}, {'shape': 'triangle', 'color': 'red', 'size': 'small'}]}"
"10/0034.png",10,1,1,"{'side_by_side': [{'shape': 'circle', 'color': 'red', 'size': 'large'}, {'shape': 'square', 'color': 'red', 'size': 'small'}, {'shape': 'triangle', 'color': 'yellow', 'size': 'small'}, {'shape': 'square', 'color': 'red', 'size': 'large'}, {'shape': 'triangle', 'color': 'red', 'size': 'small'}]}"
"10/0035.png",10,1,1,"{'side_by_side': [{'shape': 'circle', 'color': 'red', 'size': 'small'}, {'shape': 'square', 'color': 'blue', 'size': 'small'}, {'shape': 'triangle', 'color': 'red', 'size': 'small'}]}"
"10/0036.png",10,1,1,"{'side_by_side': [{'shape': 'square', 'color': 'cyan', 'size': 'small'}, {'shape': 'circle', 'color': 'blue', 'size': 'small'}, {'shape': 'square', 'color': 'red', 'size': 'small'}, {'shape': 'square', 'color': 'red', 'size': 'large'}, {'shape': 'triangle', 'color': 'red', 'size': 'small'}]}"
"10/0037.png",10,1,1,"{'side_by_side': [{'shape': 'square', 'color': 'cyan', 'size': 'large'}, {'shape': 'triangle', 'color': 'blue', 'size': 'large'}, {'shape': 'triangle', 'color': 'magenta', 'size': 'small'}, {'shape': 'square', 'color': 'green', 'size': 'small'}, {'shape': 'triangle', 'color': 'red', 'size': 'small'}]}"
"10/0038.png",10,1,1,"{'side_by_side': [{'shape': 'circle', 'color': 'green', 'size': 'small'}, {'shape': 'triangle', 'color': 'magenta', 'size': 'large'}, {'shape': 'circle', 'color': 'blue', 'size': 'large'}, {'shape': 'triangle', 'color': 'red', 'size': 'large'}]}"
"10/0039.png",10,0,1,"{'side_by_side': [{'shape': 'circle', 'color': 'green', 'size': 'small'}, {'shape': 'circle', 'color': 'red', 'size': 'small'}, {'shape': 'triangle', 'color': 'magenta', 'size': 'large'}, {'shape': 'triangle', 'color': 'magenta', 'size': 'small'}, {'shape': 'square', 'color': 'cyan', 'size': 'large'}]}"
"10/0040.png",10,0,1,"{'side_by_side': [{'shape': 'circle', 'color': 'red', 'size': 'small'}, {'shape': 'triangle', 'color': 'blue', 'size': 'large'}, {'shape': 'circle', 'color': 'red', 'size': 'small'}]}"
"10/0041.png",10,1,1,"{'side_by_side': [{'shape': 'circle', 'color': 'red', 'size': 'large'}, {'shape': 'circle', 'color': 'green', 'size': 'large'}, {'shape': 'circle', 'color': 'blue', 'size': 'small'}, {'shape': 'triangle', 'color': 'cyan', 'size': 'small'}, {'shape': 'triangle', 'color': 'red', 'size': 'large'}]}"
"10/0042.png",10,0,1,"{'side_by_side': [{'shape': 'triangle', 'color': 'magenta', 'size': 'large'}, {'shape': 'triangle', 'color': 'magenta', 'size': 'large'}, {'shape': 'circle', 'color': 'blue', 'size': 'small'}, {'shape': 'square', 'color': 'blue', 'size': 'small'}, {'shape': 'circle', 'color': 'cyan', 'size': 'small'}, {'shape': 'circle', 'color': 'cyan', 'size': 'small'}]}"
"10/0043.png",10,0,1,"{'side_by_side': [{'shape': 'circle', 'color': 'yellow', 'size': 'large'}, {'shape': 'circle', 'color': 'magenta', 'size': 'large'}, {'shape': 'circle', 'color': 'magenta', 'size': 'small'}, {'shape': 'circle', 'color': 'magenta', 'size': 'small'}]}"
"10/0044.png",10,1,1,"{'side_by_side': [{'shape': 'square', 'color': 'red', 'size': 'large'}, {'shape': 'circle', 'color': 'green', 'size': 'large'}, {'shape': 'triangle', 'color': 'yellow', 'size': 'large'}, {'shape': 'square', 'color': 'green', 'size': 'small'}, {'shape': 'triangle', 'color': 'cyan', 'size': 'large'}, {'shape': 'triangle', 'color': 'red', 'size': 'large'}]}"
"10/0045.png",10,0,1,"{'side_by_side': [{'shape': 'circle', 'color': 'cyan', 'size': 'small'}, {'shape': 'square', 'color': 'red', 'size': 'large'}, {'shape': 'square', 'color': 'red', 'size': 'small'}, {'shape': 'circle', 'color': 'red', 'size': 'large'}]}"
"10/0046.png",10,1,1,"{'side_by_side': [{'shape': 'triangle', 'color': 'red', 'size': 'large'}, {'shape': 'triangle', 'color': 'green', 'size': 'large'}, {'shape': 'triangle', 'color': 'red', 'size': 'small'}]}"
"10/0047.png",10,0,1,"{'side_by_side': [{'shape': 'triangle', 'color': 'green', 'size': 'small'}, {'shape': 'triangle', 'color': 'yellow', 'size': 'small'}, {'shape': 'circle', 'color': 'cyan', 'size': 'small'}, {'shape': 'triangle', 'color': 'cyan', 'size': 'large'}, {'shape': 'triangle', 'color': 'green', 'size': 'large'}, {'shape': 'circle', 'color': 'blue', 'size': 'small'}]}"
"10/0048.png",10,1,1,"{'side_by_side': [{'shape': 'triangle', 'color': 'blue', 'size': 'small'}, {'shape': 'triangle', 'color': 'red', 'size': 'small'}, {'shape': 'triangle', 'color': 'red', 'size': 'large'}]}"
"10/0049.png",10,0,1,"{'side_by_side': [{'shape': 'circle', 'color': 'cyan', 'size': 'small'}, {'shape': 'circle', 'color': 'yellow', 'size': 'small'}, {'shape': 'square', 'color': 'green', 'size': 'large'}, {'shape': 'circle', 'color': 'green', 'size': 'small'}, {'shape': 'circle', 'color': 'yellow', 'size': 'small'}]}"
"11/0000.png",11,0,1,"{'side_by_side': [{'shape': 'square', 'color': 'green', 'size': 'large'}, {'shape': 'triangle', 'color': 'cyan', 'size': 'small'}, {'shape': 'triangle', 'color': 'blue', 'size': 'small'}]}"
"11/0001.png",11,0,1,"{'side_by_side': [{'shape': 'square', 'color': 'blue', 'size': 'large'}, {'shape': 'circle', 'color': 'blue', 'size': 'small'}, {'shape': 'circle', 'color': 'green', 'size': 'small'}]}"
"11/0002.png",11,0,1,"{'side_by_side': [{'shape': 'triangle', 'color': 'magenta', 'size': 'small'}, {'shape': 'triangle', 'color': 'cyan', 'size': 'large'}, {'shape': 'triangle', 'color': 'red', 'size': 'large'}, {'shape': 'square', 'color': 'red', 'size': 'large'}, {'shape': 'circle', 'color': 'cyan', 'size': 'small'}]}"
"11/0003.png",11,1,1,"{'side_by_side': [{'shape': 'circle', 'color': 'green', 'size': 'small'}, {'shape': 'circle', 'color': 'blue', 'size': 'large'}, {'shape': 'square', 'color': 'blue', 'size': 'large'}, {'shape': 'circle', 'color': 'red', 'size': 'small'}, {'shape': 'circle', 'color': 'red', 'size': 'large'}, {'shape': 'triangle', 'color': 'red', 'size': 'small'}]}"
"11/0004.png",11,0,1,"{'side_by_side': [{'shape': 'square', 'color': 'magenta', 'size': 'small'}, {'shape': 'triangle', 'color': 'green', 'size': 'large'}, {'shape': 'triangle', 'color': 'cyan', 'size': 'small'}, {'shape': 'triangle', 'color': 'cyan', 'size': 'large'}, {'shape': 'square', 'color': 'red', 'size': 'large'}, {'shape': 'square', 'color': 'cyan', 'size': 'large'}]}"
"11/0005.png",11,1,1,"{'side_by_side': [{'shape': 'triangle', 'color': 'magenta', 'size': 'small'}, {'shape': 'circle', 'color': 'blue', 'size': 'large'}, {'shape': 'square', 'color': 'green', 'size': 'large'}, {'shape': 'triangle', 'color': 'red', 'size': 'large'}]}"
"11/0006.png",11,0,1,"{'side_by_side': [{'shape': 'triangle', 'color': 'red', 'size': 'large'}, {'shape': 'triangle', 'color': 'blue', 'size': 'small'}, {'shape': 'circle', 'color': 'green', 'size': 'small'}]}"
"11/0007.png",11,1,1,"{'side_by_side': [{'shape': 'circle', 'color': 'green', 'size': 'small'}, {'shape': 'triangle', 'color': 'red', 'size': 'large'}, {'shape': 'triangle', 'color': 'red', 'size': 'small'}]}"
"11/0008.png",11,0,1,"{'side_by_side': [{'shape': 'square', 'color': 'yellow', 'size': 'small'}, {'shape': 'square', 'color': 'magenta', 'size': 'large'}, {'shape': 'square', 'color': 'magenta', 'size': 'small'}, {'shape': 'triangle', 'color': 'cyan', 'size': 'small'}]}"
"11/0009.png",11,1,1,"{'side_by_side': [{'shape': 'circle', 'color': 'yellow', 'size': 'small'}, {'shape': 'triangle', 'color': 'red', 'size': 'large'}, {'shape': 'triangle', 'color': 'red', 'size': 'large'}]}"
"11/0010.png",11,1,1,"{'side_by_side': [{'shape': 'circle', 'color': 'green', 'size': 'small'}, {'shape': 'triangle', 'color': 'green', 'size': 'large'}, {'shape': 'triangle', 'color': 'red', 'size': 'small'}]}"
"11/0011.png",11,1,1,"{'side_by_side': [{'shape': 'circle', 'color': 'yellow', 'size': 'large'}, {'shape': 'circle', 'color': 'cyan', 'size': 'small'}, {'shape': 'triangle', 'color': 'red', 'size': 'large'}, {'shape': 'circle', 'color': 'blue', 'size': 'small'}, {'shape': 'triangle', 'color': 'red', 'size': 'large'}]}"
"11/0012.png",11,0,1,"{'side_by_side': [{'shape': 'triangle', 'color': 'red', 'size': 'large'}, {'shape': 'circle', 'color': 'cyan', 'size': 'small'}, {'shape': 'circle', 'color': 'green', 'size': 'small'}]}"
"11/0013.png",11,1,1,"{'side_by_side': [{'shape': 'circle', 'color': 'blue', 'size': 'small'}, {'shape': 'square', 'color': 'magenta', 'size': 'large'}, {'shape': 'circle', 'color': 'cyan', 'size': 'small'}, {'shape': 'square', 'color': 'magenta', 'size': 'large'}, {'shape': 'triangle', 'color': 'red', 'size': 'small'}]}"
"11/0014.png",11,1,1,"{'side_by_side': [{'shape': 'circle', 'color': 'yellow', 'size': 'small'}, {'shape': 'circle', 'color': 'yellow', 'size': 'small'}, {'shape': 'triangle', 'color': 'green', 'size': 'large'}, {'shape': 'circle', 'color': 'yellow', 'size': 'small'}, {'shape': 'square', 'color': 'blue', 'size': 'large'}, {'shape': 'triangle', 'color': 'red', 'size': 'large'}]}"
"11/0015.png",11,0,1,"{'side_by_side': [{'shape': 'triangle', 'color': 'magenta', 'size': 'large'}, {'shape': 'square', 'color': 'yellow', 'size': 'large'}, {'shape': 'triangle', 'color': 'yellow', 'size': 'small'}]}"
"11/0016.png",11,0,1,"{'side_by_side': [{'shape': 'square', 'color': 'blue', 'size': 'large'}, {'shape': 'triangle', 'color': 'red', 'size': 'small'}, {'shape': 'circle', 'color': 'blue', 'size': 'large'}, {'shape': 'circle', 'color': 'magenta', 'size': 'large'}]}"
"11/0017.png",11,1,1,"{'side_by_side': [{'shape': 'triangle', 'color': 'green', 'size': 'small'}, {'shape': 'triangle', 'color': 'blue', 'size': 'large'}, {'shape': 'circle', 'color': 'green', 'size': 'large'}, {'shape': 'triangle', 'color': 'red', 'size': 'large'}]}"
"11/0018.png",11,1,1,"{'side_by_side': [{'shape': 'circle', 'color': 'magenta', 'size': 'small'}, {'shape': 'circle', 'color': 'blue', 'size': 'small'}, {'shape': 'triangle', 'color': 'blue', 'size': 'small'}, {'shape': 'triangle', 'color': 'red', 'size': 'large'}]}"
"11/0019.png",11,1,1,"{'side_by_side': [{'shape': 'triangle', 'color': 'red', 'size': 'small'}, {'shape': 'circle', 'color': 'cyan', 'size': 'large'}, {'shape': 'triangle', 'color': 'blue', 'size': 'small'}, {'shape': 'square', 'color': 'red', 'size': 'large'}, {'shape': 'triangle', 'color': 'yellow', 'size': 'small'}, {'shape': 'triangle', 'color': 'red', 'size': 'small'}]}"
"11/0020.png",11,0,1,"{'side_by_side': [{'shape': 'square', 'color': 'green', 'size': 'large'}, {'shape': 'circle', 'color': 'blue', 'size': 'large'}, {'shape': 'triangle', 'color': 'red', 'size': 'large'}, {'shape': 'circle', 'color': 'yellow', 'size': 'large'}, {'shape': 'square', 'color': 'blue', 'size': 'small'}, {'shape': 'triangle', 'color': 'blue', 'size': 'small'}]}"
"11/0021.png",11,1,1,"{'side_by_side': [{'shape': 'circle', 'color': 'magenta', 'size': 'small'}, {'shape': 'square', 'color': 'green', 'size': 'large'}, {'shape': 'circle', 'color': 'green', 'size': 'small'}, {'shape': 'circle', 'color': 'red', 'size': 'large'}, {'shape': 'triangle', 'color': 'red', 'size': 'small'}]}"
"11/0022.png",11,1,1,"{'side_by_side': [{'shape': 'square', 'color': 'blue', 'size': 'large'}, {'shape': 'square', 'color': 'red', 'size': 'small'}, {'shape': 'circle', 'color': 'cyan', 'size': 'small'}, {'shape': 'circle', 'color': 'red', 'size': 'small'}, {'shape': 'triangle', 'color': 'red', 'size': 'small'}]}"
"11/0023.png",11,1,1,"{'side_by_side': [{'shape': 'square', 'color': 'yellow', 'size': 'large'}, {'shape': 'circle', 'color': 'magenta', 'size': 'small'}, {'shape': 'circle', 'color': 'magenta', 'size': 'small'}, {'shape': 'triangle', 'color': 'magenta', 'size': 'small'}, {'shape': 'triangle', 'color': 'green', 'size': 'small'}, {'shape': 'triangle', 'color': 'red', 'size': 'large'}]}"
"11/0024.png",11,0,1,"{'side_by_side': [{'shape': 'square', 'color': 'red', 'size': 'large'}, {'shape': 'square', 'color': 'blue', 'size': 'large'}, {'shape': 'circle', 'color': 'blue', 'size': 'large'}, {'shape': 'circle', 'color': 'red', 'size': 'small'}, {'shape': 'circle', 'color': 'yellow', 'size': 'large'}, {'shape': 'triangle', 'color': 'blue', 'size': 'small'}]}"
"11/0025.png",11,0,1,"{'side_by_side': [{'shape': 'triangle', 'color': 'green', 'size': 'small'}, {'shape': 'triangle', 'color': 'cyan', 'size': 'small'}, {'shape': 'triangle', 'color': 'red', 'size': 'small'}, {'shape': 'triangle', 'color': 'cyan', 'size': 'small'}, {'shape': 'triangle', 'color': 'red', 'size': 'small'}]}"
"11/0026.png",11,1,1,"{'side_by_side': [{'shape': 'triangle', 'color': 'cyan', 'size': 'large'}, {'shape': 'circle', 'color': 'yellow', 'size': 'small'}, {'shape': 'square', 'color': 'cyan', 'size': 'small'}, {'shape': 'circle', 'color': 'yellow', 'size': 'large'}, {'shape': 'triangle', 'color': 'red', 'size': 'small'}]}"
"11/0027.png",11,1,1,"{'side_by_side': [{'shape': 'triangle', 'color': 'magenta', 'size': 'small'}, {'shape': 'triangle', 'color': 'red', 'size': 'small'}, {'shape': 'square', 'color': 'blue', 'size': 'large'}, {'shape': 'circle', 'color': 'cyan', 'size': 'large'}, {'shape': 'triangle', 'color': 'red', 'size': 'small'}]}"
"11/0028.png",11,0,1,"{'side_by_side': [{'shape': 'triangle', 'color': 'yellow', 'size': 'small'}, {'shape': 'triangle', 'color': 'red', 'size': 'large'}, {'shape': 'circle', 'color': 'cyan', 'size': 'small'}, {'shape': 'triangle', 'color': 'cyan', 'size': 'small'}]}"
"11/0029.png",11,1,1,"{'side_by_side': [{'shape': 'triangle', 'color': 'magenta', 'size': 'small'}, {'shape': 'circle', 'color': 'blue', 'size': 'large'}, {'shape': 'triangle', 'color': 'red', 'size': 'large'}]}"
"11/0030.png",11,1,1,"{'side_by_side': [{'shape': 'circle', 'color': 'cyan', 'size': 'large'}, {'shape': 'circle', 'color': 'green', 'size': 'small'}, {'shape': 'circle', 'color': 'magenta', 'size': 'small'}, {'shape': 'triangle', 'color': 'red', 'size': 'small'}]}"
"11/0031.png",11,0,1,"{'side_by_side': [{'shape': 'triangle', 'color': 'blue', 'size': 'small'}, {'shape': 'triangle', 'color': 'magenta', 'size': 'small'}, {'shape': 'square', 'color': 'magenta', 'size': 'small'}, {'shape': 'square', 'color': 'magenta', 'size': 'large'}, {'shape': 'triangle', 'color': 'yellow', 'size': 'small'}]}"
"11/0032.png",11,1,1,"{'side_by_side': [{'shape': 'triangle', 'color': 'red', 'size': 'small'}, {'shape': 'circle', 'color': 'blue', 'size': 'small'}, {'shape': 'square', 'color': 'magenta', 'size': 'small'}, {'shape': 'triangle', 'color': 'red', 'size': 'large'}]}"
"11/0033.png",11,1,1,"{'side_by_side': [{'shape': 'square', 'color': 'yellow', 'size': 'large'}, {'shape': 'circle', 'color': 'yellow', 'size': 'small'}, {'shape': 'triangle', 'color': 'cyan', 'size': 'large'}, {'shape': 'triangle', 'color': 'cyan', 'size': 'small'}, {'shape': 'circle', 'color': 'red', 'size': 'small'}, {'shape': 'triangle', 'color': 'red', 'size': 'small'}]}"
"11/0034.png",11,0,1,"{'side_by_side': [{'shape': 'square', 'color': 'green', 'size': 'small'}, {'shape': 'triangle', 'color': 'magenta', 'size': 'small'}, {'shape': 'square', 'color': 'magenta', 'size': 'large'}, {'shape': 'triangle', 'color': 'magenta', 'size': 'small'}, {'shape': 'square', 'color': 'magenta', 'size': 'small'}, {'shape': 'square', 'color': 'cyan', 'size': 'large'}]}"
"11/0035.png",11,1,1,"{'side_by_side': [{'shape': 'triangle', 'color': 'yellow', 'size': 'large'}, {'shape': 'circle', 'color': 'yellow', 'size': 'small'}, {'shape': 'triangle', 'color': 'red', 'size': 'small'}]}"
"11/0036.png",11,1,1,"{'side_by_side': [{'shape': 'circle', 'color': 'green', 'size': 'small'}, {'shape': 'triangle', 'color': 'green', 'size': 'large'}, {'shape': 'triangle', 'color': 'red', 'size': 'large'}]}"
"11/0037.png",11,1,1,"{'side_by_side': [{'shape': 'circle', 'color': 'yellow', 'size': 'large'}, {'shape': 'triangle', 'color': 'yellow', 'size': 'large'}, {'shape': 'triangle', 'color': 'red', 'size': 'small'}]}"
"11/0038.png",11,1,1,"{'side_by_side': [{'shape': 'circle', 'color': 'green', 'size': 'small'}, {'shape': 'square', 'color': 'red', 'size': 'large'}, {'shape': 'circle', 'color': 'blue', 'size': 'large'}, {'shape': 'triangle', 'color': 'red', 'size': 'large'}]}"
"11/0039.png",11,1,1,"{'side_by_side': [{'shape': 'circle', 'color': 'green', 'size': 'large'}, {'shape': 'circle', 'color': 'yellow', 'size': 'small'}, {'shape': 'square', 'color': 'yellow', 'size': 'large'}, {'shape': 'triangle', 'color': 'cyan', 'size': 'small'}, {'shape': 'square', 'color': 'cyan', 'size': 'small'}, {'shape': 'triangle', 'color': 'red', 'size': 'large'}]}"
"11/0040.png",11,1,1,"{'side_by_side': [{'shape': 'circle', 'color': 'red', 'size': 'large'}, {'shape': 'circle', 'color': 'green', 'size': 'large'}, {'shape': 'square', 'color': 'cyan', 'size': 'small'}, {'shape': 'triangle', 'color': 'red', 'size': 'large'}]}"
"11/0041.png",11,1,1,"{'side_by_side': [{'shape': 'circle', 'color': 'cyan', 'size': 'small'}, {'shape': 'circle', 'color': 'yellow', 'size': 'small'}, {'shape': 'triangle', 'color': 'red', 'size': 'small'}]}"
"11/0042.png",11,0,1,"{'side_by_side': [{'shape': 'square', 'color': 'magenta', 'size': 'large'}, {'shape': 'triangle', 'color': 'yellow', 'size': 'small'}, {'shape': 'triangle', 'color': 'yellow', 'size': 'small'}, {'shape': 'triangle', 'color': 'blue', 'size': 'small'}, {'shape': 'circle', 'color': 'blue', 'size': 'small'}]}"
"11/0043.png",11,0,1,"{'side_by_side': [{'shape': 'triangle', 'color': 'yellow', 'size': 'large'}, {'shape': 'triangle', 'color': 'cyan', 'size': 'small'}, {'shape': 'triangle', 'color': 'blue', 'size': 'large'}, {'shape': 'triangle', 'color': 'red', 'size': 'small'}]}"
"11/0044.png",11,1,1,"{'side_by_side': [{'shape': 'square', 'color': 'red', 'size': 'small'}, {'shape': 'circle', 'color': 'blue', 'size': 'small'}, {'shape': 'triangle', 'color': 'yellow', 'size': 'small'}, {'shape': 'triangle', 'color': 'red', 'size': 'small'}]}"
"11/0045.png",11,1,1,"{'side_by_side': [{'shape': 'circle', 'color': 'magenta', 'size': 'small'}, {'shape': 'circle', 'color': 'yellow', 'size': 'small'}, {'shape': 'triangle', 'color': 'red', 'size': 'large'}]}"
"11/0046.png",11,0,1,"{'side_by_side': [{'shape': 'square', 'color': 'blue', 'size': 'small'}, {'shape': 'triangle', 'color': 'yellow', 'size': 'large'}, {'shape': 'circle', 'color': 'green', 'size': 'large'}]}"
"11/0047.png",11,0,1,"{'side_by_side': [{'shape': 'square', 'color': 'yellow', 'size': 'small'}, {'shape': 'triangle', 'color': 'red', 'size': 'small'}, {'shape': 'square', 'color': 'magenta', 'size': 'large'}, {'shape': 'square', 'color': 'blue', 'size': 'small'}, {'shape': 'triangle', 'color': 'magenta', 'size': 'large'}]}"
"11/0048.png",11,1,1,"{'side_by_side': [{'shape': 'triangle', 'color': 'green', 'size': 'small'}, {'shape': 'circle', 'color': 'yellow', 'size': 'large'}, {'shape': 'circle', 'color': 'red', 'size': 'large'}, {'shape': 'circle', 'color': 'yellow', 'size': 'large'}, {'shape': 'triangle', 'color': 'red', 'size': 'large'}]}"
"11/0049.png",11,0,1,"{'side_by_side': [{'shape': 'circle', 'color': 'red', 'size': 'small'}, {'shape': 'square', 'color': 'green', 'size': 'small'}, {'shape': 'triangle', 'color': 'blue', 'size': 'large'}, {'shape': 'triangle', 'color': 'blue', 'size': 'small'}]}"
"12/0000.png",12,1,1,"{'side_by_side': [{'shape': 'circle', 'color': 'red', 'size': 'large'}, {'shape': 'triangle', 'color': 'cyan', 'size': 'large'}, {'shape': 'square', 'color': 'green', 'size': 'large'}, {'shape': 'square', 'color': 'yellow', 'size': 'large'}, {'shape': 'triangle', 'color': 'blue', 'size': 'small'}, {'shape': 'triangle', 'color': 'red', 'size': 'large'}]}"
"12/0001.png",12,1,1,"{'side_by_side': [{'shape': 'square', 'color': 'blue', 'size': 'large'}, {'shape': 'triangle', 'color': 'cyan', 'size': 'large'}, {'shape': 'triangle', 'color': 'red', 'size': 'large'}]}"
"12/0002.png",12,1,1,"{'side_by_side': [{'shape': 'circle', 'color': 'magenta', 'size': 'small'}, {'shape': 'square', 'color': 'blue', 'size': 'small'}, {'shape': 'square', 'color': 'red', 'size': 'small'}, {'shape': 'triangle', 'color': 'red', 'size': 'small'}]}"
"12/0003.png",12,1,1,"{'side_by_side': [{'shape': 'circle', 'color': 'red', 'size': 'small'}, {'shape': 'triangle', 'color': 'blue', 'size': 'small'}, {'shape': 'triangle', 'color': 'cyan', 'size': 'small'}, {'shape': 'triangle', 'color': 'red', 'size': 'small'}]}"
"12/0004.png",12,0,1,"{'side_by_side': [{'shape': 'triangle', 'color': 'magenta', 'size': 'large'}, {'shape': 'square', 'color': 'cyan', 'size': 'small'}, {'shape': 'triangle', 'color': 'yellow', 'size': 'small'}, {'shape': 'square', 'color': 'yellow', 'size': 'large'}]}"
"12/0005.png",12,1,1,"{'side_by_side': [{'shape': 'triangle', 'color': 'red', 'size': 'large'}, {'shape': 'square', 'color': 'green', 'size': 'small'}, {'shape': 'square', 'color': 'blue', 'size': 'small'}, {'shape': 'circle', 'color': 'red', 'size': 'small'}, {'shape': 'triangle', 'color': 'red', 'size': 'small'}]}"
"12/0006.png",12,1,1,"{'side_by_side': [{'shape': 'triangle', 'color': 'red', 'size': 'large'}, {'shape': 'circle', 'color': 'green', 'size': 'large'}, {'shape': 'triangle', 'color': 'blue', 'size': 'small'}, {'shape': 'triangle', 'color': 'red', 'size': 'large'}]}"
"12/0007.png",12,0,1,"{'side_by_side': [{'shape': 'circle', 'color': 'green', 'size': 'large'}, {'shape': 'triangle', 'color': 'yellow', 'size': 'large'}, {'shape': 'triangle', 'color': 'red', 'size': 'large'}]}"
"12/0008.png",12,1,1,"{'side_by_side': [{'shape': 'triangle', 'color': 'blue', 'size': 'large'}, {'shape': 'circle', 'color': 'blue', 'size': 'large'}, {'shape': 'square', 'color': 'magenta', 'size': 'large'}, {'shape': 'circle', 'color': 'blue', 'size': 'large'}, {'shape': 'square', 'color': 'yellow', 'size': 'large'}, {'shape': 'triangle', 'color': 'red', 'size': 'large'}]}"
"12/0009.png",12,0,1,"{'side_by_side': [{'shape': 'circle', 'color': 'yellow', 'size': 'small'}, {'shape': 'circle', 'color': 'cyan', 'size': 'large'}, {'shape': 'triangle', 'color': 'yellow', 'size': 'large'}, {'shape': 'triangle', 'color': 'red', 'size': 'small'}]}"
"12/0010.png",12,0,1,"{'side_by_side': [{'shape': 'square', 'color': 'cyan', 'size': 'large'}, {'shape': 'triangle', 'color': 'red', 'size': 'small'}, {'shape': 'square', 'color': 'red', 'size': 'small'}, {'shape': 'triangle', 'color': 'yellow', 'size': 'small'}, {'shape': 'square', 'color': 'yellow', 'size': 'large'}, {'shape': 'triangle', 'color': 'red', 'size': 'small'}]}"
"12/0011.png",12,0,1,"{'side_by_side': [{'shape': 'square', 'color': 'green', 'size': 'small'}, {'shape': 'circle', 'color': 'green', 'size': 'large'}, {'shape': 'circle', 'color': 'cyan', 'size': 'large'}, {'shape': 'square', 'color': 'magenta', 'size': 'small'}, {'shape': 'triangle', 'color': 'blue', 'size': 'large'}]}"
"12/0012.png",12,0,1,"{'side_by_side': [{'shape': 'square', 'color': 'cyan', 'size': 'small'}, {'shape': 'square', 'color': 'yellow', 'size': 'small'}, {'shape': 'circle', 'color': 'yellow', 'size': 'large'}, {'shape': 'circle', 'color': 'red', 'size': 'small'}, {'shape': 'triangle', 'color': 'yellow', 'size': 'large'}, {'shape': 'triangle', 'color': 'red', 'size': 'small'}]}"
"12/0013.png",12,0,1,"{'side_by_side': [{'shape': 'square', 'color': 'cyan', 'size': 'small'}, {'shape': 'square', 'color': 'magenta', 'size': 'small'}, {'shape': 'circle', 'color': 'green', 'size': 'large'}, {'shape': 'circle', 'color': 'green', 'size': 'small'}, {'shape': 'triangle', 'color': 'cyan', 'size': 'large'}, {'shape': 'triangle', 'color': 'magenta', 'size': 'large'}]}"
"12/0014.png",12,1,1,"{'side_by_side': [{'shape': 'circle', 'color': 'blue', 'size': 'small'}, {'shape': 'triangle', 'color': 'green', 'size': 'small'}, {'shape': 'triangle', 'color': 'red', 'size': 'small'}]}"
"12/0015.png",12,0,1,"{'side_by_side': [{'shape': 'circle', 'color': 'yellow', 'size': 'small'}, {'shape': 'square', 'color': 'magenta', 'size': 'small'}, {'shape': 'triangle', 'color': 'blue', 'size': 'small'}]}"
"12/0016.png",12,1,1,"{'side_by_side': [{'shape': 'circle', 'color': 'red', 'size': 'large'}, {'shape': 'circle', 'color': 'blue', 'size': 'small'}, {'shape': 'triangle', 'color': 'red', 'size': 'small'}]}"
"12/0017.png",12,0,1,"{'side_by_side': [{'shape': 'triangle', 'color': 'green', 'size': 'large'}, {'shape': 'square', 'color': 'yellow', 'size': 'small'}, {'shape': 'triangle', 'color': 'red', 'size': 'small'}]}"
"12/0018.png",12,0,1,"{'side_by_side': [{'shape': 'square', 'color': 'yellow', 'size': 'small'}, {'shape': 'triangle', 'color': 'cyan', 'size': 'large'}, {'shape': 'triangle', 'color': 'red', 'size': 'large'}]}"
"12/0019.png",12,0,1,"{'side_by_side': [{'shape': 'square', 'color': 'yellow', 'size': 'small'}, {'shape': 'triangle', 'color': 'blue', 'size': 'large'}, {'shape': 'circle', 'color': 'yellow', 'size': 'large'}, {'shape': 'circle', 'color': 'cyan', 'size': 'small'}, {'shape': 'square', 'color': 'cyan', 'size': 'small'}]}"
"12/0020.png",12,1,1,"{'side_by_side': [{'shape': 'triangle', 'color': 'green', 'size': 'large'}, {'shape': 'triangle', 'color': 'green', 'size': 'large'}, {'shape': 'circle', 'color': 'blue', 'size': 'large'}, {'shape': 'square', 'color': 'blue', 'size': 'large'}, {'shape': 'triangle', 'color': 'blue', 'size': 'small'}, {'shape': 'triangle', 'color': 'red', 'size': 'small'}]}"
"12/0021.png",12,1,1,"{'side_by_side': [{'shape': 'circle', 'color': 'green', 'size': 'large'}, {'shape': 'triangle', 'color': 'blue', 'size': 'small'}, {'shape': 'circle', 'color': 'blue', 'size': 'small'}, {'shape': 'triangle', 'color': 'red', 'size': 'large'}, {'shape': 'circle', 'color': 'red', 'size': 'small'}, {'shape': 'triangle', 'color': 'red', 'size': 'large'}]}"
"12/0022.png",12,0,1,"{'side_by_side': [{'shape': 'triangle', 'color': 'red', 'size': 'small'}, {'shape': 'circle', 'color': 'cyan', 'size': 'large'}, {'shape': 'square', 'color': 'magenta', 'size': 'large'}, {'shape': 'square', 'color': 'cyan', 'size': 'small'}, {'shape': 'triangle', 'color': 'red', 'size': 'small'}, {'shape': 'triangle', 'color': 'red', 'size': 'large'}]}"
"12/0023.png",12,0,1,"{'side_by_side': [{'shape': 'circle', 'color': 'yellow', 'size': 'small'}, {'shape': 'square', 'color': 'cyan', 'size': 'large'}, {'shape': 'square', 'color': 'magenta', 'size': 'large'}, {'shape': 'triangle', 'color': 'yellow', 'size': 'small'}, {'shape': 'square', 'color': 'magenta', 'size': 'large'}, {'shape': 'triangle', 'color': 'red', 'size': 'small'}]}"
"12/0024.png",12,1,1,"{'side_by_side': [{'shape': 'circle', 'color': 'cyan', 'size': 'small'}, {'shape': 'circle', 'color': 'red', 'size': 'large'}, {'shape': 'circle', 'color': 'blue', 'size': 'large'}, {'shape': 'triangle', 'color': 'red', 'size': 'small'}]}"
"12/0025.png",12,1,1,"{'side_by_side': [{'shape': 'square', 'color': 'blue', 'size': 'small'}, {'shape': 'square', 'color': 'cyan', 'size': 'small'}, {'shape': 'triangle', 'color': 'red', 'size': 'large'}]}"
"12/0026.png",12,1,1,"{'side_by_side': [{'shape': 'circle', 'color': 'blue', 'size': 'large'}, {'shape': 'triangle', 'color': 'magenta', 'size': 'large'}, {'shape': 'circle', 'color': 'yellow', 'size': 'large'}, {'shape': 'triangle', 'color': 'red', 'size': 'large'}]}"
"12/0027.png",12,1,1,"{'side_by_side': [{'shape': 'square', 'color': 'yellow', 'size': 'small'}, {'shape': 'triangle', 'color': 'blue', 'size': 'large'}, {'shape': 'triangle', 'color': 'blue', 'size': 'large'}, {'shape': 'square', 'color': 'magenta', 'size': 'small'}, {'shape': 'triangle', 'color': 'red', 'size': 'large'}]}"
"12/0028.png",12,1,1,"{'side_by_side': [{'shape': 'triangle', 'color': 'yellow', 'size': 'small'}, {'shape': 'square', 'color': 'green', 'size': 'small'}, {'shape': 'square', 'color': 'blue', 'size': 'small'}, {'shape': 'circle', 'color': 'magenta', 'size': 'large'}, {'shape': 'square', 'color': 'green', 'size': 'small'}, {'shape': 'triangle', 'color': 'red', 'size': 'small'}]}"
"12/0029.png",12,0,1,"{'side_by_side': [{'shape': 'circle', 'color': 'green', 'size': 'large'}, {'shape': 'square', 'color': 'green', 'size': 'large'}, {'shape': 'square', 'color': 'red', 'size': 'small'}, {'shape': 'circle', 'color': 'magenta', 'size': 'large'}, {'shape': 'circle', 'color': 'yellow', 'size': 'large'}, {'shape': 'triangle', 'color': 'red', 'size': 'small'}]}"
"12/0030.png",12,0,1,"{'side_by_side': [{'shape': 'circle', 'color': 'yellow', 'size': 'small'}, {'shape': 'triangle', 'color': 'yellow', 'size': 'large'}, {'shape': 'circle', 'color': 'yellow', 'size': 'small'}, {'shape': 'triangle', 'color': 'red', 'size': 'small'}, {'shape': 'triangle', 'color': 'blue', 'size': 'large'}, {'shape': 'circle', 'color': 'blue', 'size': 'large'}]}"
"12/0031.png",12,0,1,"{'side_by_side': [{'shape': 'circle', 'color': 'magenta', 'size': 'small'}, {'shape': 'triangle', 'color': 'yellow', 'size': 'large'}, {'shape': 'square', 'color': 'blue', 'size': 'large'}]}"
"12/0032.png",12,1,1,"{'side_by_side': [{'shape': 'circle', 'color': 'cyan', 'size': 'small'}, {'shape': 'circle', 'color': 'blue', 'size': 'large'}, {'shape': 'triangle', 'color': 'red', 'size': 'large'}]}"
"12/0033.png",12,0,1,"{'side_by_side': [{'shape': 'circle', 'color': 'cyan', 'size': 'large'}, {'shape': 'square', 'color': 'yellow', 'size': 'large'}, {'shape': 'triangle', 'color': 'yellow', 'size': 'large'}, {'shape': 'circle', 'color': 'magenta', 'size': 'small'}, {'shape': 'circle', 'color': 'yellow', 'size': 'small'}, {'shape': 'circle', 'color': 'cyan', 'size': 'small'}]}"
"12/0034.png",12,1,1,"{'side_by_side': [{'shape': 'circle', 'color': 'magenta', 'size': 'large'}, {'shape': 'square', 'color': 'blue', 'size': 'small'}, {'shape': 'square', 'color': 'blue', 'size': 'large'}, {'shape': 'circle', 'color': 'magenta', 'size': 'large'}, {'shape': 'triangle', 'color': 'red', 'size': 'large'}]}"
"12/0035.png",12,0,1,"{'side_by_side': [{'shape': 'square', 'color': 'blue', 'size': 'large'}, {'shape': 'triangle', 'color': 'cyan', 'size': 'large'}, {'shape': 'triangle', 'color': 'cyan', 'size': 'small'}, {'shape': 'square', 'color': 'green', 'size': 'small'}]}"
"12/0036.png",12,0,1,"{'side_by_side': [{'shape': 'square', 'color': 'blue', 'size': 'large'}, {'shape': 'triangle', 'color': 'blue', 'size': 'large'}, {'shape': 'triangle', 'color': 'magenta', 'size': 'large'}, {'shape': 'triangle', 'color': 'yellow', 'size': 'small'}, {'shape': 'square', 'color': 'yellow', 'size': 'small'}]}"
"12/0037.png",12,0,1,"{'side_by_side': [{'shape': 'square', 'color': 'yellow', 'size': 'large'}, {'shape': 'triangle', 'color': 'magenta', 'size': 'large'}, {'shape': 'circle', 'color': 'green', 'size': 'large'}, {'shape': 'square', 'color': 'cyan', 'size': 'large'}, {'shape': 'circle', 'color': 'yellow', 'size': 'small'}, {'shape': 'triangle', 'color': 'yellow', 'size': 'large'}]}"
"12/0038.png",12,0,1,"{'side_by_side': [{'shape': 'square', 'color': 'yellow', 'size': 'small'}, {'shape': 'triangle', 'color': 'magenta', 'size': 'large'}, {'shape': 'triangle', 'color': 'red', 'size': 'small'}, {'shape': 'triangle', 'color': 'blue', 'size': 'large'}, {'shape': 'square', 'color': 'green', 'size': 'small'}, {'shape': 'circle', 'color': 'yellow', 'size': 'large'}]}"
"12/0039.png",12,0,1,"{'side_by_side': [{'shape': 'triangle', 'color': 'magenta', 'size': 'large'}, {'shape': 'triangle', 'color': 'blue', 'size': 'small'}, {'shape': 'square', 'color': 'magenta', 'size': 'small'}, {'shape': 'triangle', 'color': 'green', 'size': 'large'}, {'shape': 'circle', 'color': 'yellow', 'size': 'large'}]}"
"12/0040.png",12,1,1,"{'side_by_side': [{'shape': 'triangle', 'color': 'blue', 'size': 'small'}, {'shape': 'square', 'color': 'green', 'size': 'large'}, {'shape': 'triangle', 'color': 'red', 'size': 'large'}]}"
"12/0041.png",12,1,1,"{'side_by_side': [{'shape': 'square', 'color': 'blue', 'size': 'large'}, {'shape': 'triangle', 'color': 'red', 'size': 'large'}, {'shape': 'circle', 'color': 'cyan', 'size': 'small'}, {'shape': 'triangle', 'color': 'red', 'size': 'small'}]}"
"12/0042.png",12,1,1,"{'side_by_side': [{'shape': 'square', 'color': 'red', 'size': 'small'}, {'shape': 'circle', 'color': 'blue', 'size': 'small'}, {'shape': 'square', 'color': 'magenta', 'size': 'large'}, {'shape': 'triangle', 'color': 'red', 'size': 'small'}]}"
"12/0043.png",12,0,1,"{'side_by_side': [{'shape': 'triangle', 'color': 'green', 'size': 'small'}, {'shape': 'square', 'color': 'green', 'size': 'large'}, {'shape': 'circle', 'color': 'magenta', 'size': 'large'}]}"
"12/0044.png",12,0,1,"{'side_by_side': [{'shape': 'triangle', 'color': 'magenta', 'size': 'large'}, {'shape': 'square', 'color': 'green', 'size': 'large'}, {'shape': 'circle', 'color': 'green', 'size': 'small'}, {'shape': 'square', 'color': 'yellow', 'size': 'large'}, {'shape': 'triangle', 'color': 'magenta', 'size': 'small'}, {'shape': 'triangle', 'color': 'green', 'size': 'large'}]}"
"12/0045.png",12,1,1,"{'side_by_side': [{'shape': 'triangle', 'color': 'green', 'size': 'large'}, {'shape': 'circle', 'color': 'blue', 'size': 'small'}, {'shape': 'square', 'color': 'blue', 'size': 'small'}, {'shape': 'circle', 'color': 'magenta', 'size': 'small'}, {'shape': 'triangle', 'color': 'red', 'size': 'large'}]}"
"12/0046.png",12,0,1,"{'side_by_side': [{'shape': 'triangle', 'color': 'cyan', 'size': 'small'}, {'shape': 'triangle', 'color': 'yellow', 'size': 'large'}, {'shape': 'circle', 'color': 'green', 'size': 'small'}, {'shape': 'square', 'color': 'green', 'size': 'large'}, {'shape': 'circle', 'color': 'red', 'size': 'small'}, {'shape': 'triangle', 'color': 'red', 'size': 'large'}]}"
"12/0047.png",12,0,1,"{'side_by_side': [{'shape': 'square', 'color': 'magenta', 'size': 'small'}, {'shape': 'square', 'color': 'blue', 'size': 'large'}, {'shape': 'square', 'color': 'magenta', 'size': 'small'}, {'shape': 'triangle', 'color': 'blue', 'size': 'small'}]}"
"12/0048.png",12,1,1,"{'side_by_side': [{'shape': 'triangle', 'color': 'blue', 'size': 'large'}, {'shape': 'triangle', 'color': 'green', 'size': 'large'}, {'shape': 'triangle', 'color': 'blue', 'size': 'small'}, {'shape': 'triangle', 'color': 'yellow', 'size': 'large'}, {'shape': 'triangle', 'color': 'blue', 'size': 'large'}, {'shape': 'triangle', 'color': 'red', 'size': 'large'}]}"
"12/0049.png",12,0,1,"{'side_by_side': [{'shape': 'triangle', 'color': 'green', 'size': 'small'}, {'shape': 'square', 'color': 'green', 'size': 'small'}, {'shape': 'triangle', 'color': 'red', 'size': 'small'}, {'shape': 'square', 'color': 'magenta', 'size': 'small'}, {'shape': 'circle', 'color': 'blue', 'size': 'large'}, {'shape': 'square', 'color': 'yellow', 'size': 'large'}]}"
"13/0000.png",13,0,1,"{'quadrant_ul': [{'grid': [{'shape': 'triangle', 'color': 'cyan', 'size': 'small'}, {'shape': 'circle', 'color': 'cyan', 'size': 'large'}]}]}"
"13/0001.png",13,1,1,"{'quadrant_ur': [{'stack': [{'shape': 'triangle', 'color': 'magenta', 'size': 'large'}, {'shape': 'square', 'color': 'magenta', 'size': 'large'}]}]}"
"13/0002.png",13,1,1,"{'in': [{'stack': [{'shape': 'triangle', 'color': 'green', 'size': 'large'}, {'shape': 'square', 'color': 'green', 'size': 'large'}]}]}"
"13/0003.png",13,1,1,"{'in': [{'stack_reduce_bb': [{'shape': 'triangle', 'color': 'red', 'size': 'large'}, {'shape': 'square', 'color': 'red', 'size': 'small'}]}]}"
"13/0004.png",13,1,1,"{'quadrant_lr': [{'diag_ul_lr': [{'shape': 'triangle', 'color': 'blue', 'size': 'small'}, {'shape': 'square', 'color': 'blue', 'size': 'large'}]}]}"
"13/0005.png",13,1,1,"{'quadrant_ur': [{'diag_ll_ur': [{'shape': 'triangle', 'color': 'magenta', 'size': 'large'}, {'shape': 'square', 'color': 'magenta', 'size': 'small'}]}]}"
"13/0006.png",13,0,1,"{'quadrant_ur': [{'diag_ll_ur': [{'shape': 'circle', 'color': 'cyan', 'size': 'large'}, {'shape': 'triangle', 'color': 'yellow', 'size': 'small'}]}]}"
"13/0007.png",13,1,1,"{'quadrant_ur': [{'stack_reduce_bb': [{'shape': 'triangle', 'color': 'blue', 'size': 'large'}, {'shape': 'square', 'color': 'blue', 'size': 'large'}]}]}"
"13/0008.png",13,1,1,"{'quadrant_ur': [{'grid': [{'shape': 'triangle', 'color': 'cyan', 'size': 'small'}, {'shape': 'square', 'color': 'cyan', 'size': 'small'}]}]}"
"13/0009.png",13,1,1,"{'quadrant_lr': [{'stack': [{'shape': 'triangle', 'color': 'yellow', 'size': 'small'}, {'shape': 'square', 'color': 'yellow', 'size': 'small'}]}]}"
"13/0010.png",13,0,1,"{'in': [{'side_by_side_reduce_bb': [{'shape': 'triangle', 'color': 'magenta', 'size': 'large'}, {'shape': 'triangle', 'color': 'green', 'size': 'small'}]}]}"
"13/0011.png",13,1,1,"{'in': [{'side_by_side_reduce_bb': [{'shape': 'triangle', 'color': 'green', 'size': 'large'}, {'shape': 'square', 'color': 'green', 'size': 'large'}]}]}"
"13/0012.png",13,1,1,"{'quadrant_ll': [{'grid': [{'shape': 'triangle', 'color': 'blue', 'size': 'large'}, {'shape': 'square', 'color': 'blue', 'size': 'small'}]}]}"
"13/0013.png",13,1,1,"{'quadrant_ul': [{'stack_reduce_bb': [{'shape': 'triangle', 'color': 'red', 'size': 'large'}, {'shape': 'square', 'color': 'red', 'size': 'large'}]}]}"
"13/0014.png",13,1,1,"{'in': [{'side_by_side_reduce_bb': [{'shape': 'triangle', 'color': 'yellow', 'size': 'large'}, {'shape': 'square', 'color': 'yellow', 'size': 'small'}]}]}"
"13/0015.png",13,1,1,"{'in': [{'stack': [{'shape': 'triangle', 'color': 'green', 'size': 'large'}, {'shape': 'square', 'color': 'green', 'size': 'small'}]}]}"
"13/0016.png",13,0,1,"{'quadrant_ll': [{'stack_reduce_bb': [{'shape': 'triangle', 'color': 'green', 'size': 'small'}, {'shape': 'circle', 'color': 'magenta', 'size': 'large'}]}]}"
"13/0017.png",13,0,1,"{'quadrant_ur': [{'side_by_side': [{'shape': 'square', 'color': 'cyan', 'size': 'small'}, {'shape': 'circle', 'color': 'cyan', 'size': 'small'}]}]}"
"13/0018.png",13,1,1,"{'quadrant_ll': [{'diag_ll_ur': [{'shape': 'triangle', 'color': 'yellow', 'size': 'small'}, {'shape': 'square', 'color': 'yellow', 'size': 'large'}]}]}"
"13/0019.png",13,1,1,"{'in': [{'side_by_side': [{'shape': 'triangle', 'color': 'blue', 'size': 'small'}, {'shape': 'square', 'color': 'blue', 'size': 'large'}]}]}"
"13/0020.png",13,0,1,"{'in': [{'diag_ul_lr': [{'shape': 'square', 'color': 'magenta', 'size': 'small'}, {'shape': 'circle', 'color': 'green', 'size': 'large'}]}]}"
"13/0021.png",13,1,1,"{'quadrant_ul': [{'stack_reduce_bb': [{'shape': 'triangle', 'color': 'blue', 'size': 'small'}, {'shape': 'square', 'color': 'blue', 'size': 'large'}]}]}"
"13/0022.png",13,0,1,"{'quadrant_ul': [{'diag_ul_lr': [{'shape': 'triangle', 'color': 'magenta', 'size': 'small'}, {'shape': 'triangle', 'color': 'magenta', 'size': 'small'}]}]}"
"13/0023.png",13,1,1,"{'quadrant_ur': [{'side_by_side_reduce_bb': [{'shape': 'triangle', 'color': 'cyan', 'size': 'large'}, {'shape': 'square', 'color': 'cyan', 'size': 'small'}]}]}"
"13/0024.png",13,0,1,"{'quadrant_ur': [{'diag_ll_ur': [{'shape': 'square', 'color': 'blue', 'size': 'small'}, {'shape': 'square', 'color': 'blue', 'size': 'small'}]}]}"
"13/0025.png",13,1,1,"{'in': [{'diag_ul_lr': [{'shape': 'triangle', 'color': 'green', 'size': 'small'}, {'shape': 'square', 'color': 'green', 'size': 'large'}]}]}"
"13/0026.png",13,1,1,"{'in': [{'side_by_side': [{'shape': 'triangle', 'color': 'green', 'size': 'small'}, {'shape': 'square', 'color': 'green', 'size': 'small'}]}]}"
"13/0027.png",13,0,1,"{'quadrant_ll': [{'grid': [{'shape': 'triangle', 'color': 'red', 'size': 'large'}, {'shape': 'square', 'color': 'cyan', 'size': 'large'}]}]}"
"13/0028.png",13,0,1,"{'quadrant_lr': [{'side_by_side': [{'shape': 'circle', 'color': 'yellow', 'size': 'large'}, {'shape': 'square', 'color': 'yellow', 'size': 'small'}]}]}"
"13/0029.png",13,1,1,"{'quadrant_lr': [{'diag_ll_ur': [{'shape': 'triangle', 'color': 'cyan', 'size': 'small'}, {'shape': 'square', 'color': 'cyan', 'size': 'small'}]}]}"
"13/0030.png",13,1,1,"{'quadrant_ul': [{'stack': [{'shape': 'triangle', 'color': 'blue', 'size': 'small'}, {'shape': 'square', 'color': 'blue', 'size': 'large'}]}]}"
"13/0031.png",13,1,1,"{'in': [{'stack_reduce_bb': [{'shape': 'triangle', 'color': 'magenta', 'size': 'large'}, {'shape': 'square', 'color': 'magenta', 'size': 'large'}]}]}"
"13/0032.png",13,0,1,"{'quadrant_lr': [{'stack': [{'shape': 'triangle', 'color': 'magenta', 'size': 'large'}, {'shape': 'square', 'color': 'cyan', 'size': 'small'}]}]}"
"13/0033.png",13,1,1,"{'quadrant_ur': [{'stack_reduce_bb': [{'shape': 'triangle', 'color': 'cyan', 'size': 'large'}, {'shape': 'square', 'color': 'cyan', 'size': 'small'}]}]}"
"13/0034.png",13,0,1,"{'quadrant_ll': [{'side_by_side_reduce_bb': [{'shape': 'circle', 'color': 'cyan', 'size': 'large'}, {'shape': 'square', 'color': 'cyan', 'size': 'large'}]}]}"
"13/0035.png",13,1,1,"{'quadrant_ul': [{'stack_reduce_bb': [{'shape': 'triangle', 'color': 'green', 'size': 'large'}, {'shape': 'square', 'color': 'green', 'size': 'large'}]}]}"
"13/0036.png",13,0,1,"{'quadrant_ll': [{'grid': [{'shape': 'triangle', 'color': 'cyan', 'size': 'large'}, {'shape': 'square', 'color': 'blue', 'size': 'large'}]}]}"
"13/0037.png",13,0,1,"{'quadrant_ul': [{'stack_reduce_bb': [{'shape': 'triangle', 'color': 'magenta', 'size': 'small'}, {'shape': 'square', 'color': 'red', 'size': 'large'}]}]}"
"13/0038.png",13,1,1,"{'in': [{'side_by_side': [{'shape': 'triangle', 'color': 'cyan', 'size': 'small'}, {'shape': 'square', 'color': 'cyan', 'size': 'small'}]}]}"
"13/0039.png",13,0,1,"{'quadrant_ur': [{'side_by_side_reduce_bb': [{'shape': 'circle', 'color': 'blue', 'size': 'large'}, {'shape': 'square', 'color': 'blue', 'size': 'small'}]}]}"
"13/0040.png",13,1,1,"{'quadrant_lr': [{'side_by_side': [{'shape': 'triangle', 'color': 'cyan', 'size': 'large'}, {'shape': 'square', 'color': 'cyan', 'size': 'large'}]}]}"
"13/0041.png",13,0,1,"{'quadrant_ur': [{'side_by_side': [{'shape': 'circle', 'color': 'magenta', 'size': 'small'}, {'shape': 'circle', 'color': 'magenta', 'size': 'small'}]}]}"
"13/0042.png",13,0,1,"{'quadrant_ll': [{'diag_ll_ur': [{'shape': 'triangle', 'color': 'green', 'size': 'large'}, {'shape': 'square', 'color': 'red', 'size': 'small'}]}]}"
"13/0043.png",13,0,1,"{'in': [{'diag_ll_ur': [{'shape': 'triangle', 'color': 'yellow', 'size': 'small'}, {'shape': 'square', 'color': 'cyan', 'size': 'large'}]}]}"
"13/0044.png",13,1,1,"{'quadrant_lr': [{'side_by_side_reduce_bb': [{'shape': 'triangle', 'color': 'blue', 'size': 'large'}, {'shape': 'square', 'color': 'blue', 'size': 'small'}]}]}"
"13/0045.png",13,0,1,"{'quadrant_ul': [{'side_by_side': [{'shape': 'circle', 'color': 'red', 'size': 'large'}, {'shape': 'triangle', 'color': 'cyan', 'size': 'small'}]}]}"
"13/0046.png",13,1,1,"{'quadrant_ll': [{'side_by_side': [{'shape': 'triangle', 'color': 'blue', 'size': 'small'}, {'shape': 'square', 'color': 'blue', 'size': 'large'}]}]}"
"13/0047.png",13,0,1,"{'quadrant_ur': [{'diag_ll_ur': [{'shape': 'triangle', 'color': 'magenta', 'size': 'large'}, {'shape': 'triangle', 'color': 'red', 'size': 'large'}]}]}"
"13/0048.png",13,1,1,"{'quadrant_lr': [{'grid': [{'shape': 'triangle', 'color': 'blue', 'size': 'large'}, {'shape': 'square', 'color': 'blue', 'size': 'small'}]}]}"
"13/0049.png",13,0,1,"{'quadrant_lr': [{'diag_ll_ur': [{'shape': 'square', 'color': 'red', 'size': 'small'}, {'shape': 'circle', 'color': 'cyan', 'size': 'small'}]}]}"
"14/0000.png",14,0,1,"{'side_by_side': [{'shape': 'square', 'color': 'green', 'size': 'small'}, {'shape': 'square', 'color': 'green', 'size': 'small'}, {'shape': 'circle', 'color': 'blue', 'size': 'large'}]}"
"14/0001.png",14,1,1,"{'side_by_side': [{'shape': 'circle', 'color': 'red', 'size': 'small'}, {'shape': 'square', 'color': 'green', 'size': 'large'}, {'shape': 'circle', 'color': 'red', 'size': 'small'}]}"
"14/0002.png",14,1,1,"{'side_by_side': [{'shape': 'square', 'color': 'magenta', 'size': 'small'}, {'shape': 'square', 'color': 'green', 'size': 'small'}, {'shape': 'square', 'color': 'magenta', 'size': 'small'}]}"
"14/0003.png",14,1,1,"{'side_by_side': [{'shape': 'triangle', 'color': 'magenta', 'size': 'small'}, {'shape': 'square', 'color': 'red', 'size': 'large'}, {'shape': 'triangle', 'color': 'magenta', 'size': 'small'}]}"
"14/0004.png",14,1,1,"{'side_by_side': [{'shape': 'circle', 'color': 'yellow', 'size': 'small'}, {'shape': 'circle', 'color': 'blue', 'size': 'large'}, {'shape': 'circle', 'color': 'yellow', 'size': 'small'}]}"
"14/0005.png",14,0,1,"{'side_by_side': [{'shape': 'square', 'color': 'green', 'size': 'large'}, {'shape': 'square', 'color': 'yellow', 'size': 'small'}, {'shape': 'square', 'color': 'yellow', 'size': 'small'}]}"
"14/0006.png",14,1,1,"{'side_by_side': [{'shape': 'square', 'color': 'yellow', 'size': 'large'}, {'shape': 'circle', 'color': 'yellow', 'size': 'small'}, {'shape': 'square', 'color': 'yellow', 'size': 'large'}]}"
"14/0007.png",14,1,1,"{'side_by_side': [{'shape': 'triangle', 'color': 'cyan', 'size': 'large'}, {'shape': 'triangle', 'color': 'cyan', 'size': 'small'}, {'shape': 'triangle', 'color': 'cyan', 'size': 'large'}]}"
"14/0008.png",14,1,1,"{'side_by_side': [{'shape': 'triangle', 'color': 'red', 'size': 'large'}, {'shape': 'triangle', 'color': 'blue', 'size': 'small'}, {'shape': 'triangle', 'color': 'red', 'size': 'large'}]}"
"14/0009.png",14,1,1,"{'side_by_side': [{'shape': 'circle', 'color': 'magenta', 'size': 'large'}, {'shape': 'triangle', 'color': 'red', 'size': 'large'}, {'shape': 'circle', 'color': 'magenta', 'size': 'large'}]}"
"14/0010.png",14,0,1,"{'side_by_side': [{'shape': 'triangle', 'color': 'cyan', 'size': 'small'}, {'shape': 'circle', 'color': 'cyan', 'size': 'large'}, {'shape': 'circle', 'color': 'cyan', 'size': 'large'}]}"
"14/0011.png",14,1,1,"{'side_by_side': [{'shape': 'circle', 'color': 'green', 'size': 'large'}, {'shape': 'circle', 'color': 'green', 'size': 'large'}, {'shape': 'circle', 'color': 'green', 'size': 'large'}]}"
"14/0012.png",14,0,1,"{'side_by_side': [{'shape': 'circle', 'color': 'blue', 'size': 'large'}, {'shape': 'triangle', 'color': 'green', 'size': 'small'}, {'shape': 'triangle', 'color': 'green', 'size': 'small'}]}"
"14/0013.png",14,0,1,"{'side_by_side': [{'shape': 'square', 'color': 'yellow', 'size': 'large'}, {'shape': 'square', 'color': 'magenta', 'size': 'small'}, {'shape': 'square', 'color': 'magenta', 'size': 'small'}]}"
"14/0014.png",14,0,1,"{'side_by_side': [{'shape': 'square', 'color': 'blue', 'size': 'large'}, {'shape': 'triangle', 'color': 'cyan', 'size': 'large'}, {'shape': 'triangle', 'color': 'cyan', 'size': 'large'}]}"
"14/0015.png",14,1,1,"{'side_by_side': [{'shape': 'circle', 'color': 'cyan', 'size': 'large'}, {'shape': 'circle', 'color': 'red', 'size': 'small'}, {'shape': 'circle', 'color': 'cyan', 'size': 'large'}]}"
"14/0016.png",14,0,1,"{'side_by_side': [{'shape': 'triangle', 'color': 'cyan', 'size': 'small'}, {'shape': 'triangle', 'color': 'cyan', 'size': 'small'}, {'shape': 'triangle', 'color': 'green', 'size': 'large'}]}"
"14/0017.png",14,1,1,"{'side_by_side': [{'shape': 'circle', 'color': 'magenta', 'size': 'large'}, {'shape': 'square', 'color': 'green', 'size': 'large'}, {'shape': 'circle', 'color': 'magenta', 'size': 'large'}]}"
"14/0018.png",14,1,1,"{'side_by_side': [{'shape': 'circle', 'color': 'red', 'size': 'small'}, {'shape': 'triangle', 'color': 'green', 'size': 'large'}, {'shape': 'circle', 'color': 'red', 'size': 'small'}]}"
"14/0019.png",14,1,1,"{'side_by_side': [{'shape': 'square', 'color': 'cyan', 'size': 'large'}, {'shape': 'circle', 'color': 'yellow', 'size': 'large'}, {'shape': 'square', 'color': 'cyan', 'size': 'large'}]}"
"14/0020.png",14,1,1,"{'side_by_side': [{'shape': 'circle', 'color': 'green', 'size': 'large'}, {'shape': 'square', 'color': 'green', 'size': 'large'}, {'shape': 'circle', 'color': 'green', 'size': 'large'}]}"
"14/0021.png",14,0,1,"{'side_by_side': [{'shape': 'triangle', 'color': 'red', 'size': 'large'}, {'shape': 'triangle', 'color': 'red', 'size': 'large'}, {'shape': 'circle', 'color': 'green', 'size': 'large'}]}"
"14/0022.png",14,1,1,"{'side_by_side': [{'shape': 'triangle', 'color': 'cyan', 'size': 'large'}, {'shape': 'triangle', 'color': 'red', 'size': 'large'}, {'shape': 'triangle', 'color': 'cyan', 'size': 'large'}]}"
"14/0023.png",14,1,1,"{'side_by_side': [{'shape': 'circle', 'color': 'blue', 'size': 'large'}, {'shape': 'square', 'color': 'red', 'size': 'large'}, {'shape': 'circle', 'color': 'blue', 'size': 'large'}]}"
"14/0024.png",14,1,1,"{'side_by_side': [{'shape': 'circle', 'color': 'red', 'size': 'large'}, {'shape': 'triangle', 'color': 'cyan', 'size': 'small'}, {'shape': 'circle', 'color': 'red', 'size': 'large'}]}"
"14/0025.png",14,1,1,"{'side_by_side': [{'shape': 'square', 'color': 'blue', 'size': 'small'}, {'shape': 'triangle', 'color': 'green', 'size': 'small'}, {'shape': 'square', 'color': 'blue', 'size': 'small'}]}"
"14/0026.png",14,0,1,"{'side_by_side': [{'shape': 'triangle', 'color': 'red', 'size': 'small'}, {'shape': 'triangle', 'color': 'red', 'size': 'small'}, {'shape': 'triangle', 'color': 'cyan', 'size': 'large'}]}"
"14/0027.png",14,1,1,"{'side_by_side': [{'shape': 'triangle', 'color': 'cyan', 'size': 'small'}, {'shape': 'square', 'color': 'red', 'size': 'large'}, {'shape': 'triangle', 'color': 'cyan', 'size': 'small'}]}"
"14/0028.png",14,1,1,"{'side_by_side': [{'shape': 'square', 'color': 'yellow', 'size': 'large'}, {'shape': 'square', 'color': 'yellow', 'size': 'large'}, {'shape': 'square', 'color': 'yellow', 'size': 'large'}]}"
"14/0029.png",14,1,1,"{'side_by_side': [{'shape': 'circle', 'color': 'blue', 'size': 'large'}, {'shape': 'square', 'color': 'cyan', 'size': 'small'}, {'shape': 'circle', 'color': 'blue', 'size': 'large'}]}"
"14/0030.png",14,0,1,"{'side_by_side': [{'shape': 'triangle', 'color': 'blue', 'size': 'small'}, {'shape': 'triangle', 'color': 'blue', 'size': 'small'}, {'shape': 'square', 'color': 'magenta', 'size': 'small'}]}"
"14/0031.png",14,0,1,"{'side_by_side': [{'shape': 'square', 'color': 'cyan', 'size': 'small'}, {'shape': 'square', 'color': 'cyan', 'size': 'small'}, {'shape': 'triangle', 'color': 'blue', 'size': 'large'}]}"
"14/0032.png",14,0,1,"{'side_by_side': [{'shape': 'square', 'color': 'magenta', 'size': 'large'}, {'shape': 'circle', 'color': 'red', 'size': 'large'}, {'shape': 'circle', 'color': 'red', 'size': 'large'}]}"
"14/0033.png",14,0,1,"{'side_by_side': [{'shape': 'square', 'color': 'blue', 'size': 'small'}, {'shape': 'triangle', 'color': 'green', 'size': 'large'}, {'shape': 'triangle', 'color': 'green', 'size': 'large'}]}"
"14/0034.png",14,1,1,"{'side_by_side': [{'shape': 'circle', 'color': 'yellow', 'size': 'small'}, {'shape': 'square', 'color': 'green', 'size': 'small'}, {'shape': 'circle', 'color': 'yellow', 'size': 'small'}]}"
"14/0035.png",14,0,1,"{'side_by_side': [{'shape': 'square', 'color': 'green', 'size': 'large'}, {'shape': 'square', 'color': 'green', 'size': 'large'}, {'shape': 'circle', 'color': 'green', 'size': 'large'}]}"
"14/0036.png",14,1,1,"{'side_by_side': [{'shape': 'square', 'color': 'magenta', 'size': 'small'}, {'shape': 'circle', 'color': 'red', 'size': 'large'}, {'shape': 'square', 'color': 'magenta', 'size': 'small'}]}"
"14/0037.png",14,0,1,"{'side_by_side': [{'shape': 'circle', 'color': 'blue', 'size': 'large'}, {'shape': 'circle', 'color': 'blue', 'size': 'large'}, {'shape': 'square', 'color': 'blue', 'size': 'small'}]}"
"14/0038.png",14,1,1,"{'side_by_side': [{'shape': 'square', 'color': 'magenta', 'size': 'small'}, {'shape': 'circle', 'color': 'cyan', 'size': 'small'}, {'shape': 'square', 'color': 'magenta', 'size': 'small'}]}"
"14/0039.png",14,1,1,"{'side_by_side': [{'shape': 'circle', 'color': 'magenta', 'size': 'large'}, {'shape': 'square', 'color': 'yellow', 'size': 'small'}, {'shape': 'circle', 'color': 'magenta', 'size': 'large'}]}"
"14/0040.png",14,0,1,"{'side_by_side': [{'shape': 'square', 'color': 'cyan', 'size': 'small'}, {'shape': 'square', 'color': 'cyan', 'size': 'small'}, {'shape': 'triangle', 'color': 'red', 'size': 'large'}]}"
"14/0041.png",14,1,1,"{'side_by_side': [{'shape': 'circle', 'color': 'blue', 'size': 'large'}, {'shape': 'triangle', 'color': 'blue', 'size': 'small'}, {'shape': 'circle', 'color': 'blue', 'size': 'large'}]}"
"14/0042.png",14,0,1,"{'side_by_side': [{'shape': 'circle', 'color': 'cyan', 'size': 'small'}, {'shape': 'triangle', 'color': 'magenta', 'size': 'large'}, {'shape': 'triangle', 'color': 'magenta', 'size': 'large'}]}"
"14/0043.png",14,0,1,"{'side_by_side': [{'shape': 'circle', 'color': 'blue', 'size': 'small'}, {'shape': 'circle', 'color': 'blue', 'size': 'small'}, {'shape': 'circle', 'color': 'yellow', 'size': 'small'}]}"
"14/0044.png",14,0,1,"{'side_by_side': [{'shape': 'circle', 'color': 'red', 'size': 'large'}, {'shape': 'square', 'color': 'yellow', 'size': 'large'}, {'shape': 'square', 'color': 'yellow', 'size': 'large'}]}"
"14/0045.png",14,1,1,"{'side_by_side': [{'shape': 'triangle', 'color': 'red', 'size': 'small'}, {'shape': 'circle', 'color': 'yellow', 'size': 'large'}, {'shape': 'triangle', 'color': 'red', 'size': 'small'}]}"
"14/0046.png",14,0,1,"{'side_by_side': [{'shape': 'triangle', 'color': 'magenta', 'size': 'small'}, {'shape': 'triangle', 'color': 'magenta', 'size': 'small'}, {'shape': 'circle', 'color': 'magenta', 'size': 'large'}]}"
"14/0047.png",14,1,1,"{'side_by_side': [{'shape': 'circle', 'color': 'blue', 'size': 'small'}, {'shape': 'circle', 'color': 'magenta', 'size': 'large'}, {'shape': 'circle', 'color': 'blue', 'size': 'small'}]}"
"14/0048.png",14,1,1,"{'side_by_side': [{'shape': 'triangle', 'color': 'yellow', 'size': 'large'}, {'shape': 'square', 'color': 'cyan', 'size': 'small'}, {'shape': 'triangle', 'color': 'yellow', 'size': 'large'}]}"
"14/0049.png",14,1,1,"{'side_by_side': [{'shape': 'circle', 'color': 'green', 'size': 'large'}, {'shape': 'triangle', 'color': 'red', 'size': 'small'}, {'shape': 'circle', 'color': 'green', 'size': 'large'}]}"
"15/0000.png",15,1,1,"{'quadrant_ul': [{'stack': [{'shape': 'triangle', 'color': 'yellow', 'size': 'small'}, {'shape': 'square', 'color': 'blue', 'size': 'small'}]}]}"
"15/0001.png",15,1,1,"{'quadrant_lr': [{'stack': [{'shape': 'triangle', 'color': 'yellow', 'size': 'small'}, {'shape': 'square', 'color': 'yellow', 'size': 'small'}]}]}"
"15/0002.png",15,1,1,"{'quadrant_ll': [{'stack': [{'shape': 'triangle', 'color': 'yellow', 'size': 'small'}, {'shape': 'square', 'color': 'red', 'size': 'small'}]}]}"
"15/0003.png",15,0,1,"{'in': [{'stack': [{'shape': 'triangle', 'color': 'yellow', 'size': 'large'}, {'shape': 'circle', 'color': 'magenta', 'size': 'large'}]}]}"
"15/0004.png",15,1,1,"{'quadrant_ll': [{'stack': [{'shape': 'triangle', 'color': 'yellow', 'size': 'large'}, {'shape': 'square', 'color': 'cyan', 'size': 'large'}]}]}"
"15/0005.png",15,0,1,"{'in': [{'stack': [{'shape': 'square', 'color': 'yellow', 'size': 'large'}, {'shape': 'square', 'color': 'red', 'size': 'large'}]}]}"
"15/0006.png",15,0,1,"{'in': [{'stack': [{'shape': 'triangle', 'color': 'red', 'size': 'small'}, {'shape': 'square', 'color': 'magenta', 'size': 'large'}]}]}"
"15/0007.png",15,1,1,"{'quadrant_ll': [{'stack': [{'shape': 'triangle', 'color': 'yellow', 'size': 'small'}, {'shape': 'square', 'color': 'magenta', 'size': 'small'}]}]}"
"15/0008.png",15,1,1,"{'quadrant_ul': [{'stack': [{'shape': 'triangle', 'color': 'cyan', 'size': 'small'}, {'shape': 'square', 'color': 'yellow', 'size': 'small'}]}]}"
"15/0009.png",15,0,1,"{'quadrant_lr': [{'stack': [{'shape': 'square', 'color': 'green', 'size': 'small'}, {'shape': 'square', 'color': 'magenta', 'size': 'large'}]}]}"
"15/0010.png",15,1,1,"{'quadrant_lr': [{'stack': [{'shape': 'triangle', 'color': 'green', 'size': 'large'}, {'shape': 'square', 'color': 'blue', 'size': 'large'}]}]}"
"15/0011.png",15,0,1,"{'quadrant_ll': [{'stack': [{'shape': 'square', 'color': 'red', 'size': 'large'}, {'shape': 'square', 'color': 'magenta', 'size': 'large'}]}]}"
"15/0012.png",15,0,1,"{'quadrant_ur': [{'stack': [{'shape': 'square', 'color': 'cyan', 'size': 'small'}, {'shape': 'square', 'color': 'red', 'size': 'small'}]}]}"
"15/0013.png",15,1,1,"{'quadrant_ur': [{'stack': [{'shape': 'triangle', 'color': 'magenta', 'size': 'large'}, {'shape': 'square', 'color': 'cyan', 'size': 'large'}]}]}"
"15/0014.png",15,1,1,"{'quadrant_ll': [{'stack': [{'shape': 'triangle', 'color': 'green', 'size': 'small'}, {'shape': 'square', 'color': 'red', 'size': 'small'}]}]}"
"15/0015.png",15,0,1,"{'quadrant_ll': [{'stack': [{'shape': 'square', 'color': 'cyan', 'size': 'large'}, {'shape': 'square', 'color': 'magenta', 'size': 'large'}]}]}"
"15/0016.png",15,1,1,"{'quadrant_ul': [{'stack': [{'shape': 'triangle', 'color': 'green', 'size': 'small'}, {'shape': 'square', 'color': 'cyan', 'size': 'small'}]}]}"
"15/0017.png",15,1,1,"{'quadrant_ur': [{'stack': [{'shape': 'triangle', 'color': 'blue', 'size': 'large'}, {'shape': 'square', 'color': 'red', 'size': 'large'}]}]}"
"15/0018.png",15,0,1,"{'quadrant_ur': [{'stack': [{'shape': 'circle', 'color': 'cyan', 'size': 'small'}, {'shape': 'square', 'color': 'yellow', 'size': 'small'}]}]}"
"15/0019.png",15,1,1,"{'quadrant_lr': [{'stack': [{'shape': 'triangle', 'color': 'yellow', 'size': 'small'}, {'shape': 'square', 'color': 'green', 'size': 'small'}]}]}"
"15/0020.png",15,1,1,"{'quadrant_ul': [{'stack': [{'shape': 'triangle', 'color': 'cyan', 'size': 'small'}, {'shape': 'square', 'color': 'red', 'size': 'small'}]}]}"
"15/0021.png",15,1,1,"{'in': [{'stack': [{'shape': 'triangle', 'color': 'magenta', 'size': 'large'}, {'shape': 'square', 'color': 'magenta', 'size': 'large'}]}]}"
"15/0022.png",15,0,1,"{'quadrant_ul': [{'stack': [{'shape': 'triangle', 'color': 'magenta', 'size': 'small'}, {'shape': 'square', 'color': 'blue', 'size': 'large'}]}]}"
"15/0023.png",15,0,1,"{'quadrant_ll': [{'stack': [{'shape': 'square', 'color': 'green', 'size': 'small'}, {'shape': 'circle', 'color': 'cyan', 'size': 'large'}]}]}"
"15/0024.png",15,0,1,"{'in': [{'stack': [{'shape': 'triangle', 'color': 'cyan', 'size': 'small'}, {'shape': 'square', 'color': 'cyan', 'size': 'large'}]}]}"
"15/0025.png",15,0,1,"{'quadrant_ul': [{'stack': [{'shape': 'triangle', 'color': 'green', 'size': 'large'}, {'shape': 'triangle', 'color': 'magenta', 'size': 'small'}]}]}"
"15/0026.png",15,0,1,"{'quadrant_ul': [{'stack': [{'shape': 'circle', 'color': 'red', 'size': 'small'}, {'shape': 'circle', 'color': 'cyan', 'size': 'small'}]}]}"
"15/0027.png",15,1,1,"{'quadrant_ll': [{'stack': [{'shape': 'triangle', 'color': 'green', 'size': 'large'}, {'shape': 'square', 'color': 'yellow', 'size': 'large'}]}]}"
"15/0028.png",15,1,1,"{'quadrant_ll': [{'stack': [{'shape': 'triangle', 'color': 'red', 'size': 'small'}, {'shape': 'square', 'color': 'cyan', 'size': 'small'}]}]}"
"15/0029.png",15,1,1,"{'quadrant_lr': [{'stack': [{'shape': 'triangle', 'color': 'cyan', 'size': 'small'}, {'shape': 'square', 'color': 'blue', 'size': 'small'}]}]}"
"15/0030.png",15,1,1,"{'quadrant_ur': [{'stack': [{'shape': 'triangle', 'color': 'red', 'size': 'small'}, {'shape': 'square', 'color': 'blue', 'size': 'small'}]}]}"
"15/0031.png",15,0,1,"{'quadrant_ul': [{'stack': [{'shape': 'circle', 'color': 'red', 'size': 'large'}, {'shape': 'circle', 'color': 'cyan', 'size': 'small'}]}]}"
"15/0032.png",15,1,1,"{'in': [{'stack': [{'shape': 'triangle', 'color': 'red', 'size': 'large'}, {'shape': 'square', 'color': 'blue', 'size': 'large'}]}]}"
"15/0033.png",15,1,1,"{'quadrant_lr': [{'stack': [{'shape': 'triangle', 'color': 'cyan', 'size': 'large'}, {'shape': 'square', 'color': 'magenta', 'size': 'large'}]}]}"
"15/0034.png",15,1,1,"{'in': [{'stack': [{'shape': 'triangle', 'color': 'magenta', 'size': 'large'}, {'shape': 'square', 'color': 'green', 'size': 'large'}]}]}"
"15/0035.png",15,0,1,"{'quadrant_ll': [{'stack': [{'shape': 'square', 'color': 'magenta', 'size': 'small'}, {'shape': 'circle', 'color': 'cyan', 'size': 'large'}]}]}"
"15/0036.png",15,0,1,"{'quadrant_ul': [{'stack': [{'shape': 'square', 'color': 'blue', 'size': 'small'}, {'shape': 'square', 'color': 'yellow', 'size': 'small'}]}]}"
"15/0037.png",15,0,1,"{'quadrant_ul': [{'stack': [{'shape': 'square', 'color': 'blue', 'size': 'small'}, {'shape': 'triangle', 'color': 'yellow', 'size': 'small'}]}]}"
"15/0038.png",15,1,1,"{'quadrant_lr': [{'stack': [{'shape': 'triangle', 'color': 'green', 'size': 'small'}, {'shape': 'square', 'color': 'cyan', 'size': 'small'}]}]}"
"15/0039.png",15,1,1,"{'in': [{'stack': [{'shape': 'triangle', 'color': 'cyan', 'size': 'large'}, {'shape': 'square', 'color': 'green', 'size': 'large'}]}]}"
"15/0040.png",15,1,1,"{'in': [{'stack': [{'shape': 'triangle', 'color': 'cyan', 'size': 'small'}, {'shape': 'square', 'color': 'magenta', 'size': 'small'}]}]}"
"15/0041.png",15,0,1,"{'quadrant_ll': [{'stack': [{'shape': 'square', 'color': 'blue', 'size': 'large'}, {'shape': 'square', 'color': 'green', 'size': 'small'}]}]}"
"15/0042.png",15,1,1,"{'in': [{'stack': [{'shape': 'triangle', 'color': 'red', 'size': 'small'}, {'shape': 'square', 'color': 'blue', 'size': 'small'}]}]}"
"15/0043.png",15,0,1,"{'in': [{'stack': [{'shape': 'circle', 'color': 'magenta', 'size': 'large'}, {'shape': 'circle', 'color': 'yellow', 'size': 'small'}]}]}"
"15/0044.png",15,1,1,"{'quadrant_ul': [{'stack': [{'shape': 'triangle', 'color': 'magenta', 'size': 'small'}, {'shape': 'square', 'color': 'green', 'size': 'small'}]}]}"
"15/0045.png",15,0,1,"{'in': [{'stack': [{'shape': 'circle', 'color': 'yellow', 'size': 'small'}, {'shape': 'triangle', 'color': 'blue', 'size': 'small'}]}]}"
"15/0046.png",15,0,1,"{'quadrant_ll': [{'stack': [{'shape': 'square', 'color': 'cyan', 'size': 'large'}, {'shape': 'circle', 'color': 'yellow', 'size': 'large'}]}]}"
"15/0047.png",15,0,1,"{'quadrant_lr': [{'stack': [{'shape': 'circle', 'color': 'yellow', 'size': 'small'}, {'shape': 'square', 'color': 'blue', 'size': 'large'}]}]}"
"15/0048.png",15,0,1,"{'quadrant_ul': [{'stack': [{'shape': 'triangle', 'color': 'cyan', 'size': 'small'}, {'shape': 'circle', 'color': 'red', 'size': 'large'}]}]}"
"15/0049.png",15,1,1,"{'quadrant_ll': [{'stack': [{'shape': 'triangle', 'color': 'blue', 'size': 'small'}, {'shape': 'square', 'color': 'blue', 'size': 'small'}]}]}"
"16/0000.png",16,1,1,"{'in': [{'side_by_side': [{'shape': 'circle', 'color': 'blue', 'size': 'large'}, {'shape': 'circle', 'color': 'blue', 'size': 'large'}]}]}"
"16/0001.png",16,0,1,"{'in': [{'side_by_side': [{'shape': 'square', 'color': 'magenta', 'size': 'small'}, {'shape': 'circle', 'color': 'magenta', 'size': 'small'}]}]}"
"16/0002.png",16,0,1,"{'quadrant_ul': [{'side_by_side': [{'shape': 'square', 'color': 'red', 'size': 'large'}, {'shape': 'square', 'color': 'yellow', 'size': 'large'}]}]}"
"16/0003.png",16,0,1,"{'quadrant_ll': [{'side_by_side': [{'shape': 'triangle', 'color': 'magenta', 'size': 'small'}, {'shape': 'square', 'color': 'green', 'size': 'large'}]}]}"
"16/0004.png",16,1,1,"{'quadrant_lr': [{'side_by_side': [{'shape': 'circle', 'color': 'blue', 'size': 'large'}, {'shape': 'circle', 'color': 'blue', 'size': 'large'}]}]}"
"16/0005.png",16,0,1,"{'quadrant_ll': [{'side_by_side': [{'shape': 'circle', 'color': 'green', 'size': 'small'}, {'shape': 'circle', 'color': 'cyan', 'size': 'large'}]}]}"
"16/0006.png",16,0,1,"{'quadrant_lr': [{'side_by_side': [{'shape': 'triangle', 'color': 'blue', 'size': 'large'}, {'shape': 'triangle', 'color': 'blue', 'size': 'large'}]}]}"
"16/0007.png",16,1,1,"{'quadrant_ll': [{'side_by_side': [{'shape': 'circle', 'color': 'blue', 'size': 'small'}, {'shape': 'circle', 'color': 'blue', 'size': 'small'}]}]}"
"16/0008.png",16,0,1,"{'in': [{'side_by_side': [{'shape': 'square', 'color': 'blue', 'size': 'large'}, {'shape': 'circle', 'color': 'blue', 'size': 'small'}]}]}"
"16/0009.png",16,1,1,"{'in': [{'side_by_side': [{'shape': 'circle', 'color': 'cyan', 'size': 'small'}, {'shape': 'circle', 'color': 'cyan', 'size': 'small'}]}]}"
"16/0010.png",16,1,1,"{'quadrant_ur': [{'side_by_side': [{'shape': 'circle', 'color': 'yellow', 'size': 'small'}, {'shape': 'circle', 'color': 'yellow', 'size': 'small'}]}]}"
"16/0011.png",16,1,1,"{'quadrant_lr': [{'side_by_side': [{'shape': 'circle', 'color': 'blue', 'size': 'small'}, {'shape': 'circle', 'color': 'blue', 'size': 'small'}]}]}"
"16/0012.png",16,0,1,"{'quadrant_ll': [{'side_by_side': [{'shape': 'triangle', 'color': 'cyan', 'size': 'large'}, {'shape': 'circle', 'color': 'green', 'size': 'large'}]}]}"
"16/0013.png",16,0,1,"{'in': [{'side_by_side': [{'shape': 'circle', 'color': 'green', 'size': 'small'}, {'shape': 'triangle', 'color': 'yellow', 'size': 'small'}]}]}"
"16/0014.png",16,1,1,"{'quadrant_ll': [{'side_by_side': [{'shape': 'circle', 'color': 'blue', 'size': 'large'}, {'shape': 'circle', 'color': 'blue', 'size': 'large'}]}]}"
"16/0015.png",16,0,1,"{'quadrant_ul': [{'side_by_side': [{'shape': 'circle', 'color': 'red', 'size': 'small'}, {'shape': 'square', 'color': 'red', 'size': 'small'}]}]}"
"16/0016.png",16,0,1,"{'quadrant_ur': [{'side_by_side': [{'shape': 'triangle', 'color': 'magenta', 'size': 'large'}, {'shape': 'circle', 'color': 'blue', 'size': 'small'}]}]}"
"16/0017.png",16,0,1,"{'quadrant_ll': [{'side_by_side': [{'shape': 'circle', 'color': 'magenta', 'size': 'large'}, {'shape': 'square', 'color': 'cyan', 'size': 'large'}]}]}"
"16/0018.png",16,1,1,"{'quadrant_ll': [{'side_by_side': [{'shape': 'circle', 'color': 'green', 'size': 'small'}, {'shape': 'circle', 'color': 'green', 'size': 'small'}]}]}"
"16/0019.png",16,1,1,"{'in': [{'side_by_side': [{'shape': 'circle', 'color': 'magenta', 'size': 'large'}, {'shape': 'circle', 'color': 'magenta', 'size': 'large'}]}]}"
"16/0020.png",16,0,1,"{'quadrant_ll': [{'side_by_side': [{'shape': 'triangle', 'color': 'green', 'size': 'large'}, {'shape': 'square', 'color': 'green', 'size': 'large'}]}]}"
"16/0021.png",16,0,1,"{'in': [{'side_by_side': [{'shape': 'triangle', 'color': 'green', 'size': 'small'}, {'shape': 'square', 'color': 'cyan', 'size': 'small'}]}]}"
"16/0022.png",16,0,1,"{'in': [{'side_by_side': [{'shape': 'triangle', 'color': 'green', 'size': 'small'}, {'shape': 'triangle', 'color': 'blue', 'size': 'large'}]}]}"
"16/0023.png",16,0,1,"{'in': [{'side_by_side': [{'shape': 'triangle', 'color': 'red', 'size': 'large'}, {'shape': 'circle', 'color': 'blue', 'size': 'small'}]}]}"
"16/0024.png",16,1,1,"{'quadrant_lr': [{'side_by_side': [{'shape': 'circle', 'color': 'magenta', 'size': 'large'}, {'shape': 'circle', 'color': 'magenta', 'size': 'large'}]}]}"
"16/0025.png",16,0,1,"{'in': [{'side_by_side': [{'shape': 'triangle', 'color': 'red', 'size': 'large'}, {'shape': 'circle', 'color': 'yellow', 'size': 'large'}]}]}"
"16/0026.png",16,1,1,"{'quadrant_ul': [{'side_by_side': [{'shape': 'circle', 'color': 'red', 'size': 'large'}, {'shape': 'circle', 'color': 'red', 'size': 'large'}]}]}"
"16/0027.png",16,0,1,"{'quadrant_ur': [{'side_by_side': [{'shape': 'triangle', 'color': 'yellow', 'size': 'large'}, {'shape': 'circle', 'color': 'yellow', 'size': 'small'}]}]}"
"16/0028.png",16,1,1,"{'quadrant_lr': [{'side_by_side': [{'shape': 'circle', 'color': 'cyan', 'size': 'large'}, {'shape': 'circle', 'color': 'cyan', 'size': 'large'}]}]}"
"16/0029.png",16,0,1,"{'in': [{'side_by_side': [{'shape': 'square', 'color': 'magenta', 'size': 'small'}, {'shape': 'circle', 'color': 'cyan', 'size': 'large'}]}]}"
"16/0030.png",16,0,1,"{'quadrant_lr': [{'side_by_side': [{'shape': 'circle', 'color': 'magenta', 'size': 'small'}, {'shape': 'square', 'color': 'magenta', 'size': 'large'}]}]}"
"16/0031.png",16,0,1,"{'quadrant_ur': [{'side_by_side': [{'shape': 'square', 'color': 'yellow', 'size': 'large'}, {'shape': 'triangle', 'color': 'green', 'size': 'small'}]}]}"
"16/0032.png",16,1,1,"{'quadrant_lr': [{'side_by_side': [{'shape': 'circle', 'color': 'yellow', 'size': 'small'}, {'shape': 'circle', 'color': 'yellow', 'size': 'small'}]}]}"
"16/0033.png",16,0,1,"{'in': [{'side_by_side': [{'shape': 'circle', 'color': 'yellow', 'size': 'large'}, {'shape': 'triangle', 'color': 'magenta', 'size': 'small'}]}]}"
"16/0034.png",16,0,1,"{'quadrant_lr': [{'side_by_side': [{'shape': 'circle', 'color': 'red', 'size': 'small'}, {'shape': 'triangle', 'color': 'yellow', 'size': 'large'}]}]}"
"16/0035.png",16,1,1,"{'quadrant_ul': [{'side_by_side': [{'shape': 'circle', 'color': 'blue', 'size': 'large'}, {'shape': 'circle', 'color': 'blue', 'size': 'large'}]}]}"
"16/0036.png",16,0,1,"{'quadrant_lr': [{'side_by_side': [{'shape': 'circle', 'color': 'cyan', 'size': 'small'}, {'shape': 'circle', 'color': 'cyan', 'size': 'large'}]}]}"
"16/0037.png",16,1,1,"{'quadrant_ur': [{'side_by_side': [{'shape': 'circle', 'color': 'cyan', 'size': 'large'}, {'shape': 'circle', 'color': 'cyan', 'size': 'large'}]}]}"
"16/0038.png",16,0,1,"{'quadrant_ul': [{'side_by_side': [{'shape': 'circle', 'color': 'red', 'size': 'large'}, {'shape': 'square', 'color': 'magenta', 'size': 'large'}]}]}"
"16/0039.png",16,0,1,"{'quadrant_lr': [{'side_by_side': [{'shape': 'triangle', 'color': 'red', 'size': 'large'}, {'shape': 'triangle', 'color': 'cyan', 'size': 'small'}]}]}"
"16/0040.png",16,0,1,"{'quadrant_ul': [{'side_by_side': [{'shape': 'square', 'color': 'cyan', 'size': 'small'}, {'shape': 'triangle', 'color': 'red', 'size': 'large'}]}]}"
"16/0041.png",16,1,1,"{'quadrant_ll': [{'side_by_side': [{'shape': 'circle', 'color': 'red', 'size': 'large'}, {'shape': 'circle', 'color': 'red', 'size': 'large'}]}]}"
"16/0042.png",16,0,1,"{'quadrant_ll': [{'side_by_side': [{'shape': 'circle', 'color': 'red', 'size': 'small'}, {'shape': 'triangle', 'color': 'red', 'size': 'large'}]}]}"
"16/0043.png",16,1,1,"{'quadrant_ll': [{'side_by_side': [{'shape': 'circle', 'color': 'cyan', 'size': 'small'}, {'shape': 'circle', 'color': 'cyan', 'size': 'small'}]}]}"
"16/0044.png",16,1,1,"{'quadrant_ll': [{'side_by_side': [{'shape': 'circle', 'color': 'yellow', 'size': 'small'}, {'shape': 'circle', 'color': 'yellow', 'size': 'small'}]}]}"
"16/0045.png",16,1,1,"{'quadrant_ul': [{'side_by_side': [{'shape': 'circle', 'color': 'cyan', 'size': 'small'}, {'shape': 'circle', 'color': 'cyan', 'size': 'small'}]}]}"
"16/0046.png",16,0,1,"{'in': [{'side_by_side': [{'shape': 'circle', 'color': 'magenta', 'size': 'small'}, {'shape': 'circle', 'color': 'magenta', 'size': 'large'}]}]}"
"16/0047.png",16,0,1,"{'in': [{'side_by_side': [{'shape': 'triangle', 'color': 'yellow', 'size': 'large'}, {'shape': 'circle', 'color': 'yellow', 'size': 'small'}]}]}"
"16/0048.png",16,1,1,"{'quadrant_ll': [{'side_by_side': [{'shape': 'circle', 'color': 'red', 'size': 'small'}, {'shape': 'circle', 'color': 'red', 'size': 'small'}]}]}"
"16/0049.png",16,0,1,"{'quadrant_lr': [{'side_by_side': [{'shape': 'square', 'color': 'green', 'size': 'small'}, {'shape': 'triangle', 'color': 'red', 'size': 'large'}]}]}"
"17/0000.png",17,1,1,"{'quadrant_ll': [{'stack': [{'shape': 'square', 'color': 'blue', 'size': 'small'}, {'shape': 'square', 'color': 'red', 'size': 'small'}]}]}"
"17/0001.png",17,1,1,"{'quadrant_ul': [{'stack': [{'shape': 'square', 'color': 'red', 'size': 'small'}, {'shape': 'square', 'color': 'red', 'size': 'small'}]}]}"
"17/0002.png",17,1,1,"{'quadrant_ur': [{'stack': [{'shape': 'square', 'color': 'green', 'size': 'small'}, {'shape': 'square', 'color': 'cyan', 'size': 'small'}]}]}"
"17/0003.png",17,1,1,"{'quadrant_ur': [{'stack': [{'shape': 'square', 'color': 'red', 'size': 'small'}, {'shape': 'square', 'color': 'red', 'size': 'small'}, {'shape': 'square', 'color': 'red', 'size': 'small'}]}]}"
"17/0004.png",17,1,1,"{'in': [{'stack': [{'shape': 'square', 'color': 'blue', 'size': 'large'}, {'shape': 'square', 'color': 'green', 'size': 'large'}]}]}"
"17/0005.png",17,1,1,"{'quadrant_lr': [{'stack': [{'shape': 'square', 'color': 'magenta', 'size': 'small'}, {'shape': 'square', 'color': 'red', 'size': 'small'}]}]}"
"17/0006.png",17,1,1,"{'quadrant_ul': [{'stack': [{'shape': 'square', 'color': 'magenta', 'size': 'large'}, {'shape': 'square', 'color': 'yellow', 'size': 'large'}]}]}"
"17/0007.png",17,0,1,"{'quadrant_ur': [{'stack': [{'shape': 'square', 'color': 'cyan', 'size': 'large'}, {'shape': 'triangle', 'color': 'green', 'size': 'large'}, {'shape': 'square', 'color': 'magenta', 'size': 'large'}]}]}"
"17/0008.png",17,0,1,"{'quadrant_ul': [{'stack': [{'shape': 'square', 'color': 'magenta', 'size': 'large'}, {'shape': 'circle', 'color': 'magenta', 'size': 'large'}]}]}"
"17/0009.png",17,0,1,"{'in': [{'stack': [{'shape': 'circle', 'color': 'yellow', 'size': 'small'}, {'shape': 'square', 'color': 'red', 'size': 'small'}, {'shape': 'triangle', 'color': 'green', 'size': 'small'}]}]}"
"17/0010.png",17,0,1,"{'quadrant_lr': [{'stack': [{'shape': 'triangle', 'color': 'cyan', 'size': 'large'}, {'shape': 'square', 'color': 'blue', 'size': 'large'}, {'shape': 'square', 'color': 'red', 'size': 'large'}]}]}"
"17/0011.png",17,0,1,"{'quadrant_ul': [{'stack': [{'shape': 'circle', 'color': 'cyan', 'size': 'large'}, {'shape': 'square', 'color': 'blue', 'size': 'small'}, {'shape': 'square', 'color': 'magenta', 'size': 'large'}]}]}"
"17/0012.png",17,0,1,"{'quadrant_ul': [{'stack': [{'shape': 'triangle', 'color': 'magenta', 'size': 'small'}, {'shape': 'triangle', 'color': 'yellow', 'size': 'small'}, {'shape': 'circle', 'color': 'cyan', 'size': 'small'}]}]}"
"17/0013.png",17,0,1,"{'quadrant_lr': [{'stack': [{'shape': 'triangle', 'color': 'magenta', 'size': 'large'}, {'shape': 'circle', 'color': 'green', 'size': 'small'}, {'shape': 'circle', 'color': 'cyan', 'size': 'large'}]}]}"
"17/0014.png",17,1,1,"{'quadrant_ll': [{'stack': [{'shape': 'square', 'color': 'cyan', 'size': 'large'}, {'shape': 'square', 'color': 'green', 'size': 'large'}, {'shape': 'square', 'color': 'green', 'size': 'large'}]}]}"
"17/0015.png",17,1,1,"{'in': [{'stack': [{'shape': 'square', 'color': 'green', 'size': 'large'}, {'shape': 'square', 'color': 'blue', 'size': 'large'}, {'shape': 'square', 'color': 'blue', 'size': 'large'}]}]}"
"17/0016.png",17,0,1,"{'quadrant_lr': [{'stack': [{'shape': 'square', 'color': 'yellow', 'size': 'large'}, {'shape': 'triangle', 'color': 'red', 'size': 'small'}]}]}"
"17/0017.png",17,1,1,"{'quadrant_ul': [{'stack': [{'shape': 'square', 'color': 'cyan', 'size': 'large'}, {'shape': 'square', 'color': 'red', 'size': 'large'}]}]}"
"17/0018.png",17,0,1,"{'quadrant_ur': [{'stack': [{'shape': 'triangle', 'color': 'cyan', 'size': 'large'}, {'shape': 'triangle', 'color': 'red', 'size': 'large'}]}]}"
"17/0019.png",17,0,1,"{'quadrant_ll': [{'stack': [{'shape': 'circle', 'color': 'yellow', 'size': 'large'}, {'shape': 'triangle', 'color': 'red', 'size': 'small'}, {'shape': 'square', 'color': 'yellow', 'size': 'small'}]}]}"
"17/0020.png",17,0,1,"{'quadrant_ll': [{'stack': [{'shape': 'circle', 'color': 'red', 'size': 'large'}, {'shape': 'triangle', 'color': 'blue', 'size': 'small'}]}]}"
"17/0021.png",17,0,1,"{'quadrant_ur': [{'stack': [{'shape': 'circle', 'color': 'yellow', 'size': 'small'}, {'shape': 'square', 'color': 'green', 'size': 'large'}]}]}"
"17/0022.png",17,0,1,"{'quadrant_ul': [{'stack': [{'shape': 'triangle', 'color': 'red', 'size': 'small'}, {'shape': 'triangle', 'color': 'blue', 'size': 'large'}, {'shape': 'square', 'color': 'red', 'size': 'large'}]}]}"
"17/0023.png",17,1,1,"{'in': [{'stack': [{'shape': 'square', 'color': 'cyan', 'size': 'large'}, {'shape': 'square', 'color': 'blue', 'size': 'large'}]}]}"
"17/0024.png",17,0,1,"{'in': [{'stack': [{'shape': 'triangle', 'color': 'yellow', 'size': 'large'}, {'shape': 'square', 'color': 'cyan', 'size': 'small'}]}]}"
"17/0025.png",17,0,1,"{'quadrant_ll': [{'stack': [{'shape': 'square', 'color': 'green', 'size': 'large'}, {'shape': 'circle', 'color': 'green', 'size': 'small'}]}]}"
"17/0026.png",17,0,1,"{'quadrant_ur': [{'stack': [{'shape': 'square', 'color': 'blue', 'size': 'small'}, {'shape': 'circle', 'color': 'magenta', 'size': 'small'}, {'shape': 'triangle', 'color': 'green', 'size': 'small'}]}]}"
"17/0027.png",17,1,1,"{'quadrant_ur': [{'stack': [{'shape': 'square', 'color': 'cyan', 'size': 'large'}, {'shape': 'square', 'color': 'red', 'size': 'large'}]}]}"
"17/0028.png",17,1,1,"{'quadrant_ll': [{'stack': [{'shape': 'square', 'color': 'yellow', 'size': 'small'}, {'shape': 'square', 'color': 'green', 'size': 'small'}, {'shape': 'square', 'color': 'magenta', 'size': 'small'}]}]}"
"17/0029.png",17,0,1,"{'quadrant_ll': [{'stack': [{'shape': 'square', 'color': 'magenta', 'size': 'small'}, {'shape': 'triangle', 'color': 'magenta', 'size': 'small'}, {'shape': 'square', 'color': 'yellow', 'size': 'small'}]}]}"
"17/0030.png",17,1,1,"{'quadrant_lr': [{'stack': [{'shape': 'square', 'color': 'red', 'size': 'small'}, {'shape': 'square', 'color': 'magenta', 'size': 'small'}]}]}"
"17/0031.png",17,1,1,"{'quadrant_lr': [{'stack': [{'shape': 'square', 'color': 'blue', 'size': 'large'}, {'shape': 'square', 'color': 'magenta', 'size': 'large'}, {'shape': 'square', 'color': 'green', 'size': 'large'}]}]}"
"17/0032.png",17,1,1,"{'quadrant_ur': [{'stack': [{'shape': 'square', 'color': 'red', 'size': 'large'}, {'shape': 'square', 'color': 'yellow', 'size': 'large'}]}]}"
"17/0033.png",17,1,1,"{'quadrant_ll': [{'stack': [{'shape': 'square', 'color': 'red', 'size': 'large'}, {'shape': 'square', 'color': 'yellow', 'size': 'large'}, {'shape': 'square', 'color': 'blue', 'size': 'large'}]}]}"
"17/0034.png",17,0,1,"{'quadrant_lr': [{'stack': [{'shape': 'circle', 'color': 'magenta', 'size': 'large'}, {'shape': 'circle', 'color': 'blue', 'size': 'large'}]}]}"
"17/0035.png",17,0,1,"{'in': [{'stack': [{'shape': 'circle', 'color': 'magenta', 'size': 'small'}, {'shape': 'triangle', 'color': 'magenta', 'size': 'large'}, {'shape': 'square', 'color': 'blue', 'size': 'small'}]}]}"
"17/0036.png",17,1,1,"{'quadrant_lr': [{'stack': [{'shape': 'square', 'color': 'blue', 'size': 'small'}, {'shape': 'square', 'color': 'green', 'size': 'small'}, {'shape': 'square', 'color': 'yellow', 'size': 'small'}]}]}"
"17/0037.png",17,0,1,"{'in': [{'stack': [{'shape': 'triangle', 'color': 'blue', 'size': 'small'}, {'shape': 'square', 'color': 'red', 'size': 'large'}, {'shape': 'square', 'color': 'blue', 'size': 'small'}]}]}"
"17/0038.png",17,1,1,"{'quadrant_ul': [{'stack': [{'shape': 'square', 'color': 'blue', 'size': 'large'}, {'shape': 'square', 'color': 'cyan', 'size': 'large'}, {'shape': 'square', 'color': 'blue', 'size': 'large'}]}]}"
"17/0039.png",17,0,1,"{'quadrant_ur': [{'stack': [{'shape': 'circle', 'color': 'green', 'size': 'small'}, {'shape': 'circle', 'color': 'green', 'size': 'small'}, {'shape': 'triangle', 'color': 'red', 'size': 'small'}]}]}"
"17/0040.png",17,1,1,"{'quadrant_ur': [{'stack': [{'shape': 'square', 'color': 'green', 'size': 'large'}, {'shape': 'square', 'color': 'yellow', 'size': 'large'}]}]}"
"17/0041.png",17,0,1,"{'quadrant_ll': [{'stack': [{'shape': 'circle', 'color': 'red', 'size': 'large'}, {'shape': 'triangle', 'color': 'green', 'size': 'small'}]}]}"
"17/0042.png",17,0,1,"{'quadrant_ll': [{'stack': [{'shape': 'triangle', 'color': 'green', 'size': 'large'}, {'shape': 'triangle', 'color': 'green', 'size': 'large'}, {'shape': 'circle', 'color': 'red', 'size': 'large'}]}]}"
"17/0043.png",17,1,1,"{'quadrant_lr': [{'stack': [{'shape': 'square', 'color': 'green', 'size': 'small'}, {'shape': 'square', 'color': 'red', 'size': 'small'}]}]}"
"17/0044.png",17,1,1,"{'quadrant_ul': [{'stack': [{'shape': 'square', 'color': 'cyan', 'size': 'large'}, {'shape': 'square', 'color': 'yellow', 'size': 'large'}]}]}"
"17/0045.png",17,1,1,"{'quadrant_ul': [{'stack': [{'shape': 'square', 'color': 'green', 'size': 'large'}, {'shape': 'square', 'color': 'red', 'size': 'large'}, {'shape': 'square', 'color': 'yellow', 'size': 'large'}]}]}"
"17/0046.png",17,0,1,"{'quadrant_ul': [{'stack': [{'shape': 'triangle', 'color': 'cyan', 'size': 'small'}, {'shape': 'circle', 'color': 'green', 'size': 'large'}]}]}"
"17/0047.png",17,0,1,"{'quadrant_ul': [{'stack': [{'shape': 'square', 'color': 'yellow', 'size': 'large'}, {'shape': 'triangle', 'color': 'green', 'size': 'small'}, {'shape': 'triangle', 'color': 'blue', 'size': 'large'}]}]}"
"17/0048.png",17,0,1,"{'quadrant_ur': [{'stack': [{'shape': 'circle', 'color': 'red', 'size': 'small'}, {'shape': 'circle', 'color': 'yellow', 'size': 'large'}]}]}"
"17/0049.png",17,1,1,"{'quadrant_ur': [{'stack': [{'shape': 'square', 'color': 'cyan', 'size': 'large'}, {'shape': 'square', 'color': 'yellow', 'size': 'large'}]}]}"
"18/0000.png",18,1,1,"{'quadrant_ur': [{'side_by_side': [{'shape': 'square', 'color': 'red', 'size': 'large'}, {'shape': 'square', 'color': 'yellow', 'size': 'large'}]}]}"
"18/0001.png",18,0,1,"{'quadrant_ur': [{'side_by_side': [{'shape': 'square', 'color': 'magenta', 'size': 'large'}, {'shape': 'square', 'color': 'red', 'size': 'large'}, {'shape': 'triangle', 'color': 'magenta', 'size': 'small'}]}]}"
"18/0002.png",18,0,1,"{'quadrant_ul': [{'side_by_side': [{'shape': 'triangle', 'color': 'green', 'size': 'small'}, {'shape': 'circle', 'color': 'red', 'size': 'large'}, {'shape': 'triangle', 'color': 'green', 'size': 'small'}]}]}"
"18/0003.png",18,0,1,"{'quadrant_ul': [{'side_by_side': [{'shape': 'square', 'color': 'cyan', 'size': 'large'}, {'shape': 'circle', 'color': 'green', 'size': 'large'}]}]}"
"18/0004.png",18,0,1,"{'quadrant_ul': [{'side_by_side': [{'shape': 'circle', 'color': 'yellow', 'size': 'small'}, {'shape': 'square', 'color': 'red', 'size': 'small'}]}]}"
"18/0005.png",18,0,1,"{'quadrant_ll': [{'side_by_side': [{'shape': 'triangle', 'color': 'red', 'size': 'small'}, {'shape': 'square', 'color': 'yellow', 'size': 'small'}]}]}"
"18/0006.png",18,1,1,"{'in': [{'side_by_side': [{'shape': 'square', 'color': 'blue', 'size': 'large'}, {'shape': 'square', 'color': 'red', 'size': 'large'}]}]}"
"18/0007.png",18,1,1,"{'quadrant_ur': [{'side_by_side': [{'shape': 'square', 'color': 'magenta', 'size': 'large'}, {'shape': 'square', 'color': 'cyan', 'size': 'large'}]}]}"
"18/0008.png",18,0,1,"{'quadrant_ur': [{'side_by_side': [{'shape': 'circle', 'color': 'green', 'size': 'small'}, {'shape': 'triangle', 'color': 'blue', 'size': 'large'}, {'shape': 'circle', 'color': 'blue', 'size': 'small'}]}]}"
"18/0009.png",18,1,1,"{'quadrant_ur': [{'side_by_side': [{'shape': 'square', 'color': 'magenta', 'size': 'large'}, {'shape': 'square', 'color': 'red', 'size': 'large'}, {'shape': 'square', 'color': 'cyan', 'size': 'large'}]}]}"
"18/0010.png",18,1,1,"{'in': [{'side_by_side': [{'shape': 'square', 'color': 'magenta', 'size': 'large'}, {'shape': 'square', 'color': 'green', 'size': 'large'}]}]}"
"18/0011.png",18,0,1,"{'in': [{'side_by_side': [{'shape': 'square', 'color': 'yellow', 'size': 'large'}, {'shape': 'circle', 'color': 'red', 'size': 'large'}, {'shape': 'circle', 'color': 'yellow', 'size': 'large'}]}]}"
"18/0012.png",18,1,1,"{'quadrant_lr': [{'side_by_side': [{'shape': 'square', 'color': 'cyan', 'size': 'small'}, {'shape': 'square', 'color': 'red', 'size': 'small'}, {'shape': 'square', 'color': 'green', 'size': 'small'}]}]}"
"18/0013.png",18,1,1,"{'quadrant_ul': [{'side_by_side': [{'shape': 'square', 'color': 'yellow', 'size': 'large'}, {'shape': 'square', 'color': 'magenta', 'size': 'large'}, {'shape': 'square', 'color': 'blue', 'size': 'large'}]}]}"
"18/0014.png",18,0,1,"{'quadrant_ur': [{'side_by_side': [{'shape': 'circle', 'color': 'yellow', 'size': 'large'}, {'shape': 'triangle', 'color': 'red', 'size': 'large'}, {'shape': 'triangle', 'color': 'blue', 'size': 'large'}]}]}"
"18/0015.png",18,1,1,"{'in': [{'side_by_side': [{'shape': 'square', 'color': 'green', 'size': 'large'}, {'shape': 'square', 'color': 'green', 'size': 'large'}]}]}"
"18/0016.png",18,0,1,"{'quadrant_ur': [{'side_by_side': [{'shape': 'square', 'color': 'cyan', 'size': 'large'}, {'shape': 'square', 'color': 'green', 'size': 'small'}]}]}"
"18/0017.png",18,0,1,"{'in': [{'side_by_side': [{'shape': 'circle', 'color': 'magenta', 'size': 'small'}, {'shape': 'circle', 'color': 'green', 'size': 'large'}, {'shape': 'triangle', 'color': 'magenta', 'size': 'large'}]}]}"
"18/0018.png",18,0,1,"{'quadrant_ul': [{'side_by_side': [{'shape': 'circle', 'color': 'cyan', 'size': 'large'}, {'shape': 'circle', 'color': 'red', 'size': 'large'}]}]}"
"18/0019.png",18,0,1,"{'quadrant_ul': [{'side_by_side': [{'shape': 'triangle', 'color': 'blue', 'size': 'small'}, {'shape': 'circle', 'color': 'green', 'size': 'small'}]}]}"
"18/0020.png",18,1,1,"{'in': [{'side_by_side': [{'shape': 'square', 'color': 'red', 'size': 'large'}, {'shape': 'square', 'color': 'green', 'size': 'large'}]}]}"
"18/0021.png",18,0,1,"{'quadrant_ur': [{'side_by_side': [{'shape': 'triangle', 'color': 'red', 'size': 'small'}, {'shape': 'circle', 'color': 'magenta', 'size': 'large'}, {'shape': 'square', 'color': 'red', 'size': 'large'}]}]}"
"18/0022.png",18,0,1,"{'quadrant_lr': [{'side_by_side': [{'shape': 'circle', 'color': 'blue', 'size': 'small'}, {'shape': 'circle', 'color': 'magenta', 'size': 'small'}]}]}"
"18/0023.png",18,1,1,"{'quadrant_ul': [{'side_by_side': [{'shape': 'square', 'color': 'green', 'size': 'large'}, {'shape': 'square', 'color': 'yellow', 'size': 'large'}]}]}"
"18/0024.png",18,1,1,"{'quadrant_ul': [{'side_by_side': [{'shape': 'square', 'color': 'red', 'size': 'large'}, {'shape': 'square', 'color': 'green', 'size': 'large'}]}]}"
"18/0025.png",18,1,1,"{'in': [{'side_by_side': [{'shape': 'square', 'color': 'magenta', 'size': 'small'}, {'shape': 'square', 'color': 'green', 'size': 'small'}]}]}"
"18/0026.png",18,0,1,"{'quadrant_ll': [{'side_by_side': [{'shape': 'square', 'color': 'cyan', 'size': 'small'}, {'shape': 'circle', 'color': 'magenta', 'size': 'small'}, {'shape': 'circle', 'color': 'yellow', 'size': 'large'}]}]}"
"18/0027.png",18,1,1,"{'quadrant_lr': [{'side_by_side': [{'shape': 'square', 'color': 'magenta', 'size': 'small'}, {'shape': 'square', 'color': 'green', 'size': 'small'}]}]}"
"18/0028.png",18,0,1,"{'quadrant_ul': [{'side_by_side': [{'shape': 'square', 'color': 'green', 'size': 'small'}, {'shape': 'circle', 'color': 'red', 'size': 'small'}]}]}"
"18/0029.png",18,1,1,"{'quadrant_ul': [{'side_by_side': [{'shape': 'square', 'color': 'cyan', 'size': 'small'}, {'shape': 'square', 'color': 'blue', 'size': 'small'}, {'shape': 'square', 'color': 'cyan', 'size': 'small'}]}]}"
"18/0030.png",18,1,1,"{'quadrant_ur': [{'side_by_side': [{'shape': 'square', 'color': 'blue', 'size': 'small'}, {'shape': 'square', 'color': 'blue', 'size': 'small'}]}]}"
"18/0031.png",18,0,1,"{'quadrant_ll': [{'side_by_side': [{'shape': 'square', 'color': 'green', 'size': 'small'}, {'shape': 'circle', 'color': 'yellow', 'size': 'small'}, {'shape': 'circle', 'color': 'blue', 'size': 'large'}]}]}"
"18/0032.png",18,0,1,"{'quadrant_lr': [{'side_by_side': [{'shape': 'square', 'color': 'cyan', 'size': 'small'}, {'shape': 'circle', 'color': 'green', 'size': 'large'}, {'shape': 'triangle', 'color': 'red', 'size': 'large'}]}]}"
"18/0033.png",18,0,1,"{'quadrant_ur': [{'side_by_side': [{'shape': 'circle', 'color': 'red', 'size': 'small'}, {'shape': 'circle', 'color': 'green', 'size': 'large'}]}]}"
"18/0034.png",18,1,1,"{'in': [{'side_by_side': [{'shape': 'square', 'color': 'blue', 'size': 'large'}, {'shape': 'square', 'color': 'green', 'size': 'large'}]}]}"
"18/0035.png",18,0,1,"{'in': [{'side_by_side': [{'shape': 'circle', 'color': 'yellow', 'size': 'large'}, {'shape': 'triangle', 'color': 'magenta', 'size': 'small'}]}]}"
"18/0036.png",18,1,1,"{'quadrant_ll': [{'side_by_side': [{'shape': 'square', 'color': 'green', 'size': 'large'}, {'shape': 'square', 'color': 'cyan', 'size': 'large'}]}]}"
"18/0037.png",18,0,1,"{'quadrant_ul': [{'side_by_side': [{'shape': 'triangle', 'color': 'blue', 'size': 'large'}, {'shape': 'square', 'color': 'cyan', 'size': 'large'}]}]}"
"18/0038.png",18,0,1,"{'quadrant_ul': [{'side_by_side': [{'shape': 'circle', 'color': 'cyan', 'size': 'large'}, {'shape': 'circle', 'color': 'yellow', 'size': 'large'}, {'shape': 'square', 'color': 'yellow', 'size': 'large'}]}]}"
"18/0039.png",18,1,1,"{'in': [{'side_by_side': [{'shape': 'square', 'color': 'green', 'size': 'large'}, {'shape': 'square', 'color': 'cyan', 'size': 'large'}, {'shape': 'square', 'color': 'cyan', 'size': 'large'}]}]}"
"18/0040.png",18,1,1,"{'in': [{'side_by_side': [{'shape': 'square', 'color': 'red', 'size': 'large'}, {'shape': 'square', 'color': 'blue', 'size': 'large'}]}]}"
"18/0041.png",18,0,1,"{'quadrant_ul': [{'side_by_side': [{'shape': 'circle', 'color': 'red', 'size': 'small'}, {'shape': 'triangle', 'color': 'red', 'size': 'small'}, {'shape': 'triangle', 'color': 'magenta', 'size': 'small'}]}]}"
"18/0042.png",18,1,1,"{'quadrant_ul': [{'side_by_side': [{'shape': 'square', 'color': 'yellow', 'size': 'small'}, {'shape': 'square', 'color': 'magenta', 'size': 'small'}, {'shape': 'square', 'color': 'magenta', 'size': 'small'}]}]}"
"18/0043.png",18,1,1,"{'quadrant_ur': [{'side_by_side': [{'shape': 'square', 'color': 'yellow', 'size': 'small'}, {'shape': 'square', 'color': 'blue', 'size': 'small'}, {'shape': 'square', 'color': 'magenta', 'size': 'small'}]}]}"
"18/0044.png",18,1,1,"{'quadrant_ll': [{'side_by_side': [{'shape': 'square', 'color': 'green', 'size': 'large'}, {'shape': 'square', 'color': 'cyan', 'size': 'large'}, {'shape': 'square', 'color': 'blue', 'size': 'large'}]}]}"
"18/0045.png",18,0,1,"{'in': [{'side_by_side': [{'shape': 'square', 'color': 'magenta', 'size': 'large'}, {'shape': 'circle', 'color': 'blue', 'size': 'small'}, {'shape': 'circle', 'color': 'green', 'size': 'large'}]}]}"
"18/0046.png",18,0,1,"{'quadrant_ll': [{'side_by_side': [{'shape': 'triangle', 'color': 'blue', 'size': 'small'}, {'shape': 'square', 'color': 'magenta', 'size': 'small'}, {'shape': 'square', 'color': 'green', 'size': 'large'}]}]}"
"18/0047.png",18,0,1,"{'quadrant_ll': [{'side_by_side': [{'shape': 'square', 'color': 'cyan', 'size': 'small'}, {'shape': 'circle', 'color': 'cyan', 'size': 'large'}]}]}"
"18/0048.png",18,0,1,"{'quadrant_ur': [{'side_by_side': [{'shape': 'triangle', 'color': 'yellow', 'size': 'small'}, {'shape': 'square', 'color': 'magenta', 'size': 'small'}]}]}"
"18/0049.png",18,0,1,"{'quadrant_ul': [{'side_by_side': [{'shape': 'circle', 'color': 'yellow', 'size': 'small'}, {'shape': 'square', 'color': 'magenta', 'size': 'small'}, {'shape': 'square', 'color': 'green', 'size': 'small'}]}]}"
"19/0000.png",19,0,1,"{'quadrant_ul': [{'stack': [{'shape': 'circle', 'color': 'red', 'size': 'small'}, {'shape': 'circle', 'color': 'magenta', 'size': 'large'}, {'shape': 'circle', 'color': 'blue', 'size': 'small'}]}]}"
"19/0001.png",19,0,1,"{'in': [{'stack': [{'shape': 'circle', 'color': 'red', 'size': 'large'}, {'shape': 'circle', 'color': 'red', 'size': 'large'}, {'shape': 'circle', 'color': 'green', 'size': 'large'}]}]}"
"19/0002.png",19,0,1,"{'quadrant_ll': [{'stack': [{'shape': 'circle', 'color': 'yellow', 'size': 'small'}, {'shape': 'circle', 'color': 'magenta', 'size': 'large'}, {'shape': 'circle', 'color': 'red', 'size': 'small'}]}]}"
"19/0003.png",19,1,1,"{'quadrant_lr': [{'stack': [{'shape': 'circle', 'color': 'red', 'size': 'small'}, {'shape': 'circle', 'color': 'yellow', 'size': 'small'}, {'shape': 'circle', 'color': 'green', 'size': 'small'}]}]}"
"19/0004.png",19,0,1,"{'quadrant_ll': [{'stack': [{'shape': 'circle', 'color': 'green', 'size': 'large'}, {'shape': 'circle', 'color': 'cyan', 'size': 'large'}, {'shape': 'circle', 'color': 'red', 'size': 'large'}]}]}"
"19/0005.png",19,1,1,"{'quadrant_ul': [{'stack': [{'shape': 'circle', 'color': 'red', 'size': 'small'}, {'shape': 'circle', 'color': 'yellow', 'size': 'small'}, {'shape': 'circle', 'color': 'green', 'size': 'small'}]}]}"
"19/0006.png",19,0,1,"{'quadrant_ur': [{'stack': [{'shape': 'circle', 'color': 'blue', 'size': 'large'}, {'shape': 'circle', 'color': 'cyan', 'size': 'small'}, {'shape': 'circle', 'color': 'green', 'size': 'large'}]}]}"
"19/0007.png",19,0,1,"{'quadrant_ll': [{'stack': [{'shape': 'circle', 'color': 'green', 'size': 'small'}, {'shape': 'circle', 'color': 'magenta', 'size': 'small'}, {'shape': 'circle', 'color': 'cyan', 'size': 'small'}]}]}"
"19/0008.png",19,0,1,"{'quadrant_lr': [{'stack': [{'shape': 'circle', 'color': 'magenta', 'size': 'small'}, {'shape': 'circle', 'color': 'blue', 'size': 'small'}, {'shape': 'circle', 'color': 'blue', 'size': 'large'}]}]}"
"19/0009.png",19,1,1,"{'in': [{'stack': [{'shape': 'circle', 'color': 'red', 'size': 'small'}, {'shape': 'circle', 'color': 'yellow', 'size': 'small'}, {'shape': 'circle', 'color': 'green', 'size': 'small'}]}]}"
"19/0010.png",19,0,1,"{'quadrant_ul': [{'stack': [{'shape': 'circle', 'color': 'yellow', 'size': 'large'}, {'shape': 'circle', 'color': 'yellow', 'size': 'small'}, {'shape': 'circle', 'color': 'magenta', 'size': 'small'}]}]}"
"19/0011.png",19,1,1,"{'quadrant_ll': [{'stack': [{'shape': 'circle', 'color': 'red', 'size': 'large'}, {'shape': 'circle', 'color': 'yellow', 'size': 'large'}, {'shape': 'circle', 'color': 'green', 'size': 'large'}]}]}"
"19/0012.png",19,0,1,"{'quadrant_ll': [{'stack': [{'shape': 'circle', 'color': 'green', 'size': 'large'}, {'shape': 'circle', 'color': 'green', 'size': 'large'}, {'shape': 'circle', 'color': 'red', 'size': 'large'}]}]}"
"19/0013.png",19,0,1,"{'in': [{'stack': [{'shape': 'circle', 'color': 'green', 'size': 'large'}, {'shape': 'circle', 'color': 'cyan', 'size': 'small'}, {'shape': 'circle', 'color': 'green', 'size': 'large'}]}]}"
"19/0014.png",19,0,1,"{'quadrant_ul': [{'stack': [{'shape': 'circle', 'color': 'magenta', 'size': 'small'}, {'shape': 'circle', 'color': 'red', 'size': 'small'}, {'shape': 'circle', 'color': 'magenta', 'size': 'large'}]}]}"
"19/0015.png",19,0,1,"{'quadrant_ur': [{'stack': [{'shape': 'circle', 'color': 'blue', 'size': 'large'}, {'shape': 'circle', 'color': 'red', 'size': 'large'}, {'shape': 'circle', 'color': 'yellow', 'size': 'large'}]}]}"
"19/0016.png",19,1,1,"{'quadrant_ll': [{'stack': [{'shape': 'circle', 'color': 'red', 'size': 'small'}, {'shape': 'circle', 'color': 'yellow', 'size': 'small'}, {'shape': 'circle', 'color': 'green', 'size': 'small'}]}]}"
"19/0017.png",19,0,1,"{'quadrant_lr': [{'stack': [{'shape': 'circle', 'color': 'cyan', 'size': 'large'}, {'shape': 'circle', 'color': 'blue', 'size': 'large'}, {'shape': 'circle', 'color': 'blue', 'size': 'large'}]}]}"
"19/0018.png",19,0,1,"{'quadrant_ll': [{'stack': [{'shape': 'circle', 'color': 'magenta', 'size': 'large'}, {'shape': 'circle', 'color': 'cyan', 'size': 'large'}, {'shape': 'circle', 'color': 'yellow', 'size': 'large'}]}]}"
"19/0019.png",19,0,1,"{'quadrant_lr': [{'stack': [{'shape': 'circle', 'color': 'green', 'size': 'large'}, {'shape': 'circle', 'color': 'magenta', 'size': 'small'}, {'shape': 'circle', 'color': 'blue', 'size': 'large'}]}]}"
"19/0020.png",19,0,1,"{'quadrant_lr': [{'stack': [{'shape': 'circle', 'color': 'blue', 'size': 'small'}, {'shape': 'circle', 'color': 'green', 'size': 'large'}, {'shape': 'circle', 'color': 'magenta', 'size': 'large'}]}]}"
"19/0021.png",19,0,1,"{'quadrant_lr': [{'stack': [{'shape': 'circle', 'color': 'cyan', 'size': 'large'}, {'shape': 'circle', 'color': 'cyan', 'size': 'small'}, {'shape': 'circle', 'color': 'magenta', 'size': 'large'}]}]}"
"19/0022.png",19,0,1,"{'quadrant_ur': [{'stack': [{'shape': 'circle', 'color': 'blue', 'size': 'small'}, {'shape': 'circle', 'color': 'red', 'size': 'small'}, {'shape': 'circle', 'color': 'green', 'size': 'large'}]}]}"
"19/0023.png",19,0,1,"{'quadrant_ll': [{'stack': [{'shape': 'circle', 'color': 'blue', 'size': 'large'}, {'shape': 'circle', 'color': 'blue', 'size': 'small'}, {'shape': 'circle', 'color': 'green', 'size': 'large'}]}]}"
"19/0024.png",19,0,1,"{'quadrant_lr': [{'stack': [{'shape': 'circle', 'color': 'magenta', 'size': 'small'}, {'shape': 'circle', 'color': 'red', 'size': 'small'}, {'shape': 'circle', 'color': 'green', 'size': 'large'}]}]}"
"19/0025.png",19,0,1,"{'quadrant_ur': [{'stack': [{'shape': 'circle', 'color': 'red', 'size': 'large'}, {'shape': 'circle', 'color': 'magenta', 'size': 'large'}, {'shape': 'circle', 'color': 'green', 'size': 'small'}]}]}"
"19/0026.png",19,0,1,"{'quadrant_ur': [{'stack': [{'shape': 'circle', 'color': 'blue', 'size': 'large'}, {'shape': 'circle', 'color': 'cyan', 'size': 'small'}, {'shape': 'circle', 'color': 'red', 'size': 'small'}]}]}"
"19/0027.png",19,0,1,"{'quadrant_ul': [{'stack': [{'shape': 'circle', 'color': 'green', 'size': 'small'}, {'shape': 'circle', 'color': 'cyan', 'size': 'large'}, {'shape': 'circle', 'color': 'red', 'size': 'large'}]}]}"
"19/0028.png",19,0,1,"{'quadrant_ll': [{'stack': [{'shape': 'circle', 'color': 'red', 'size': 'large'}, {'shape': 'circle', 'color': 'cyan', 'size': 'large'}, {'shape': 'circle', 'color': 'cyan', 'size': 'small'}]}]}"
"19/0029.png",19,0,1,"{'quadrant_ul': [{'stack': [{'shape': 'circle', 'color': 'cyan', 'size': 'small'}, {'shape': 'circle', 'color': 'blue', 'size': 'large'}, {'shape': 'circle', 'color': 'magenta', 'size': 'large'}]}]}"
"19/0030.png",19,0,1,"{'quadrant_ul': [{'stack': [{'shape': 'circle', 'color': 'cyan', 'size': 'small'}, {'shape': 'circle', 'color': 'green', 'size': 'small'}, {'shape': 'circle', 'color': 'cyan', 'size': 'large'}]}]}"
"19/0031.png",19,0,1,"{'quadrant_ul': [{'stack': [{'shape': 'circle', 'color': 'magenta', 'size': 'small'}, {'shape': 'circle', 'color': 'red', 'size': 'small'}, {'shape': 'circle', 'color': 'green', 'size': 'large'}]}]}"
"19/0032.png",19,0,1,"{'quadrant_ul': [{'stack': [{'shape': 'circle', 'color': 'red', 'size': 'large'}, {'shape': 'circle', 'color': 'cyan', 'size': 'large'}, {'shape': 'circle', 'color': 'yellow', 'size': 'small'}]}]}"
"19/0033.png",19,0,1,"{'quadrant_ur': [{'stack': [{'shape': 'circle', 'color': 'yellow', 'size': 'small'}, {'shape': 'circle', 'color': 'cyan', 'size': 'large'}, {'shape': 'circle', 'color': 'cyan', 'size': 'small'}]}]}"
"19/0034.png",19,0,1,"{'quadrant_ll': [{'stack': [{'shape': 'circle', 'color': 'yellow', 'size': 'large'}, {'shape': 'circle', 'color': 'cyan', 'size': 'small'}, {'shape': 'circle', 'color': 'blue', 'size': 'large'}]}]}"
"19/0035.png",19,0,1,"{'in': [{'stack': [{'shape': 'circle', 'color': 'yellow', 'size': 'small'}, {'shape': 'circle', 'color': 'green', 'size': 'small'}, {'shape': 'circle', 'color': 'yellow', 'size': 'large'}]}]}"
"19/0036.png",19,0,1,"{'quadrant_ll': [{'stack': [{'shape': 'circle', 'color': 'yellow', 'size': 'small'}, {'shape': 'circle', 'color': 'magenta', 'size': 'large'}, {'shape': 'circle', 'color': 'green', 'size': 'small'}]}]}"
"19/0037.png",19,0,1,"{'quadrant_lr': [{'stack': [{'shape': 'circle', 'color': 'yellow', 'size': 'large'}, {'shape': 'circle', 'color': 'green', 'size': 'small'}, {'shape': 'circle', 'color': 'red', 'size': 'large'}]}]}"
"19/0038.png",19,0,1,"{'quadrant_ur': [{'stack': [{'shape': 'circle', 'color': 'green', 'size': 'small'}, {'shape': 'circle', 'color': 'cyan', 'size': 'large'}, {'shape': 'circle', 'color': 'magenta', 'size': 'large'}]}]}"
"19/0039.png",19,0,1,"{'quadrant_ll': [{'stack': [{'shape': 'circle', 'color': 'cyan', 'size': 'large'}, {'shape': 'circle', 'color': 'red', 'size': 'large'}, {'shape': 'circle', 'color': 'magenta', 'size': 'large'}]}]}"
"19/0040.png",19,0,1,"{'quadrant_ul': [{'stack': [{'shape': 'circle', 'color': 'cyan', 'size': 'large'}, {'shape': 'circle', 'color': 'green', 'size': 'large'}, {'shape': 'circle', 'color': 'yellow', 'size': 'large'}]}]}"
"19/0041.png",19,0,1,"{'quadrant_ul': [{'stack': [{'shape': 'circle', 'color': 'yellow', 'size': 'large'}, {'shape': 'circle', 'color': 'yellow', 'size': 'large'}, {'shape': 'circle', 'color': 'cyan', 'size': 'small'}]}]}"
"19/0042.png",19,0,1,"{'in': [{'stack': [{'shape': 'circle', 'color': 'green', 'size': 'small'}, {'shape': 'circle', 'color': 'cyan', 'size': 'large'}, {'shape': 'circle', 'color': 'blue', 'size': 'large'}]}]}"
"19/0043.png",19,0,1,"{'quadrant_ll': [{'stack': [{'shape': 'circle', 'color': 'magenta', 'size': 'small'}, {'shape': 'circle', 'color': 'cyan', 'size': 'large'}, {'shape': 'circle', 'color': 'blue', 'size': 'large'}]}]}"
"19/0044.png",19,0,1,"{'quadrant_ur': [{'stack': [{'shape': 'circle', 'color': 'blue', 'size': 'large'}, {'shape': 'circle', 'color': 'yellow', 'size': 'small'}, {'shape': 'circle', 'color': 'red', 'size': 'small'}]}]}"
"19/0045.png",19,0,1,"{'quadrant_ul': [{'stack': [{'shape': 'circle', 'color': 'green', 'size': 'large'}, {'shape': 'circle', 'color': 'blue', 'size': 'large'}, {'shape': 'circle', 'color': 'red', 'size': 'large'}]}]}"
"19/0046.png",19,0,1,"{'quadrant_ur': [{'stack': [{'shape': 'circle', 'color': 'cyan', 'size': 'small'}, {'shape': 'circle', 'color': 'green', 'size': 'large'}, {'shape': 'circle', 'color': 'magenta', 'size': 'large'}]}]}"
"19/0047.png",19,0,1,"{'quadrant_ul': [{'stack': [{'shape': 'circle', 'color': 'magenta', 'size': 'small'}, {'shape': 'circle', 'color': 'yellow', 'size': 'large'}, {'shape': 'circle', 'color': 'green', 'size': 'small'}]}]}"
"19/0048.png",19,0,1,"{'quadrant_ur': [{'stack': [{'shape': 'circle', 'color': 'red', 'size': 'large'}, {'shape': 'circle', 'color': 'red', 'size': 'small'}, {'shape': 'circle', 'color': 'green', 'size': 'large'}]}]}"
"19/0049.png",19,0,1,"{'quadrant_ur': [{'stack': [{'shape': 'circle', 'color': 'yellow', 'size': 'small'}, {'shape': 'circle', 'color': 'green', 'size': 'small'}, {'shape': 'circle', 'color': 'blue', 'size': 'large'}]}]}"
