"filename","task_id","label","supervised","symbol"
"0/000000.png",2,True,True,"{'quadrant_lr': [{'shape': 'circle', 'color': 'yellow', 'size': 'small'}]}"
"0/000001.png",5,False,True,"{'in': [{'shape': 'triangle', 'color': 'blue', 'size': 'large'}]}"
"0/000002.png",2,False,True,"{'quadrant_ul': [{'shape': 'triangle', 'color': 'blue', 'size': 'small'}]}"
"0/000003.png",14,False,True,"{'side_by_side': [{'shape': 'square', 'color': 'green', 'size': 'small'}, {'shape': 'square', 'color': 'green', 'size': 'small'}, {'shape': 'circle', 'color': 'blue', 'size': 'large'}]}"
"0/000004.png",18,True,True,"{'quadrant_ur': [{'side_by_side': [{'shape': 'square', 'color': 'red', 'size': 'large'}, {'shape': 'square', 'color': 'yellow', 'size': 'large'}]}]}"
"0/000005.png",6,False,True,"{'side_by_side': [{'shape': 'circle', 'color': 'magenta', 'size': 'large'}, {'shape': 'triangle', 'color': 'red', 'size': 'small'}, {'shape': 'square', 'color': 'red', 'size': 'small'}, {'shape': 'circle', 'color': 'yellow', 'size': 'small'}, {'shape': 'square', 'color': 'magenta', 'size': 'small'}]}"
"0/000006.png",7,True,True,"{'quadrant_ul': [{'shape': 'triangle', 'color': 'magenta', 'size': 'small'}]}"
"0/000007.png",4,False,True,"{'in': [{'shape': 'square', 'color': 'red', 'size': 'small'}]}"
"0/000008.png",5,False,True,"{'quadrant_ll': [{'shape': 'square', 'color': 'red', 'size': 'small'}]}"
"0/000009.png",14,True,True,"{'side_by_side': [{'shape': 'circle', 'color': 'red', 'size': 'small'}, {'shape': 'square', 'color': 'green', 'size': 'large'}, {'shape': 'circle', 'color': 'red', 'size': 'small'}]}"
"0/000010.png",5,True,True,"{'quadrant_lr': [{'shape': 'square', 'color': 'blue', 'size': 'small'}]}"
"0/000011.png",12,False,True,"{'quadrant_ul': [{'shape': 'square', 'color': 'green', 'size': 'small'}]}"
"0/000012.png",5,False,True,"{'quadrant_ll': [{'shape': 'square', 'color': 'yellow', 'size': 'small'}]}"
"0/000013.png",14,True,True,"{'side_by_side': [{'shape': 'square', 'color': 'magenta', 'size': 'small'}, {'shape': 'square', 'color': 'green', 'size': 'small'}, {'shape': 'square', 'color': 'magenta', 'size': 'small'}]}"
"0/000014.png",10,True,True,"{'quadrant_lr': [{'shape': 'triangle', 'color': 'blue', 'size': 'large'}]}"
"0/000015.png",12,True,True,"{'side_by_side': [{'shape': 'circle', 'color': 'red', 'size': 'large'}, {'shape': 'triangle', 'color': 'cyan', 'size': 'large'}, {'shape': 'square', 'color': 'green', 'size': 'large'}, {'shape': 'square', 'color': 'yellow', 'size': 'large'}, {'shape': 'triangle', 'color': 'blue', 'size': 'small'}, {'shape': 'triangle', 'color': 'red', 'size': 'large'}]}"
"0/000016.png",18,False,True,"{'quadrant_ur': [{'side_by_side': [{'shape': 'square', 'color': 'magenta', 'size': 'large'}, {'shape': 'square', 'color': 'red', 'size': 'large'}, {'shape': 'triangle', 'color': 'magenta', 'size': 'small'}]}]}"
"0/000017.png",7,True,True,"{'quadrant_lr': [{'shape': 'square', 'color': 'magenta', 'size': 'large'}]}"
"0/000018.png",11,True,True,"{'side_by_side': [{'shape': 'square', 'color': 'blue', 'size': 'large'}, {'shape': 'triangle', 'color': 'cyan', 'size': 'large'}, {'shape': 'triangle', 'color': 'red', 'size': 'large'}]}"
"0/000019.png",3,True,True,"{'in': [{'shape': 'triangle', 'color': 'red', 'size': 'small'}]}"
"0/000020.png",6,False,True,"{'quadrant_ul': [{'shape': 'triangle', 'color': 'red', 'size': 'small'}]}"
"0/000021.png",5,False,True,"{'quadrant_lr': [{'shape': 'square', 'color': 'green', 'size': 'large'}]}"
"0/000022.png",8,False,True,"{'quadrant_lr': [{'shape': 'circle', 'color': 'cyan', 'size': 'small'}]}"
"0/000023.png",18,False,True,"{'quadrant_ul': [{'side_by_side': [{'shape': 'triangle', 'color': 'green', 'size': 'small'}, {'shape': 'circle', 'color': 'red', 'size': 'large'}, {'shape': 'triangle', 'color': 'green', 'size': 'small'}]}]}"
"0/000024.png",5,False,True,"{'quadrant_lr': [{'shape': 'square', 'color': 'yellow', 'size': 'small'}]}"
"0/000025.png",11,False,True,"{'side_by_side': [{'shape': 'square', 'color': 'green', 'size': 'large'}, {'shape': 'triangle', 'color': 'cyan', 'size': 'small'}, {'shape': 'triangle', 'color': 'blue', 'size': 'small'}]}"
"0/000026.png",9,True,True,"{'side_by_side': [{'shape': 'triangle', 'color': 'blue', 'size': 'large'}, {'shape': 'triangle', 'color': 'red', 'size': 'small'}]}"
"0/000027.png",1,False,True,"{'quadrant_ll': [{'shape': 'circle', 'color': 'blue', 'size': 'large'}]}"
"0/000028.png",0,False,True,"{'quadrant_ur': [{'shape': 'circle', 'color': 'blue', 'size': 'small'}]}"
"0/000029.png",18,False,True,"{'quadrant_ul': [{'side_by_side': [{'shape': 'square', 'color': 'cyan', 'size': 'large'}, {'shape': 'circle', 'color': 'green', 'size': 'large'}]}]}"
"0/000030.png",12,True,True,"{'side_by_side': [{'shape': 'circle', 'color': 'magenta', 'size': 'small'}, {'shape': 'square', 'color': 'blue', 'size': 'small'}, {'shape': 'square', 'color': 'red', 'size': 'small'}, {'shape': 'triangle', 'color': 'red', 'size': 'small'}]}"
"0/000031.png",19,False,True,"{'quadrant_ul': [{'stack': [{'shape': 'circle', 'color': 'red', 'size': 'small'}, {'shape': 'circle', 'color': 'magenta', 'size': 'large'}, {'shape': 'circle', 'color': 'blue', 'size': 'small'}]}]}"
"0/000032.png",4,False,True,"{'in': [{'shape': 'circle', 'color': 'red', 'size': 'small'}]}"
"0/000033.png",0,True,True,"{'quadrant_ll': [{'shape': 'triangle', 'color': 'magenta', 'size': 'small'}]}"
"0/000034.png",2,True,True,"{'side_by_side': [{'shape': 'circle', 'color': 'red', 'size': 'small'}, {'shape': 'triangle', 'color': 'blue', 'size': 'small'}, {'shape': 'triangle', 'color': 'cyan', 'size': 'small'}, {'shape': 'triangle', 'color': 'red', 'size': 'small'}]}"
"0/000035.png",19,False,True,"{'in': [{'stack': [{'shape': 'circle', 'color': 'red', 'size': 'large'}, {'shape': 'circle', 'color': 'red', 'size': 'large'}, {'shape': 'circle', 'color': 'green', 'size': 'large'}]}]}"
"0/000036.png",3,False,True,"{'quadrant_ul': [{'shape': 'triangle', 'color': 'green', 'size': 'small'}]}"
"0/000037.png",9,False,True,"{'side_by_side': [{'shape': 'square', 'color': 'blue', 'size': 'large'}, {'shape': 'triangle', 'color': 'green', 'size': 'large'}]}"
"0/000038.png",14,True,True,"{'side_by_side': [{'shape': 'triangle', 'color': 'magenta', 'size': 'small'}, {'shape': 'square', 'color': 'red', 'size': 'large'}, {'shape': 'triangle', 'color': 'magenta', 'size': 'small'}]}"
"0/000039.png",12,False,True,"{'side_by_side': [{'shape': 'square', 'color': 'blue', 'size': 'large'}, {'shape': 'circle', 'color': 'blue', 'size': 'small'}, {'shape': 'circle', 'color': 'green', 'size': 'small'}]}"
"0/000040.png",8,True,True,"{'quadrant_ll': [{'shape': 'circle', 'color': 'yellow', 'size': 'large'}]}"
"0/000041.png",6,False,True,"{'in': [{'shape': 'square', 'color': 'magenta', 'size': 'small'}]}"
"0/000042.png",0,False,True,"{'quadrant_ul': [{'shape': 'circle', 'color': 'blue', 'size': 'large'}]}"
"0/000043.png",12,False,True,"{'side_by_side': [{'shape': 'triangle', 'color': 'magenta', 'size': 'large'}, {'shape': 'square', 'color': 'cyan', 'size': 'small'}, {'shape': 'triangle', 'color': 'yellow', 'size': 'small'}, {'shape': 'square', 'color': 'yellow', 'size': 'large'}]}"
"0/000044.png",0,False,True,"{'in': [{'shape': 'circle', 'color': 'yellow', 'size': 'large'}]}"
"0/000045.png",5,False,True,"{'quadrant_ul': [{'grid': [{'shape': 'triangle', 'color': 'cyan', 'size': 'small'}, {'shape': 'circle', 'color': 'cyan', 'size': 'large'}]}]}"
"0/000046.png",16,True,True,"{'in': [{'side_by_side': [{'shape': 'circle', 'color': 'blue', 'size': 'large'}, {'shape': 'circle', 'color': 'blue', 'size': 'large'}]}]}"
"0/000047.png",10,False,True,"{'side_by_side': [{'shape': 'triangle', 'color': 'red', 'size': 'small'}, {'shape': 'square', 'color': 'red', 'size': 'large'}, {'shape': 'square', 'color': 'green', 'size': 'large'}, {'shape': 'square', 'color': 'red', 'size': 'small'}]}"
"0/000048.png",19,False,True,"{'quadrant_ll': [{'stack': [{'shape': 'circle', 'color': 'yellow', 'size': 'small'}, {'shape': 'circle', 'color': 'magenta', 'size': 'large'}, {'shape': 'circle', 'color': 'red', 'size': 'small'}]}]}"
"0/000049.png",11,False,True,"{'side_by_side': [{'shape': 'triangle', 'color': 'magenta', 'size': 'small'}, {'shape': 'triangle', 'color': 'cyan', 'size': 'large'}, {'shape': 'triangle', 'color': 'red', 'size': 'large'}, {'shape': 'square', 'color': 'red', 'size': 'large'}, {'shape': 'circle', 'color': 'cyan', 'size': 'small'}]}"
"0/000050.png",7,True,True,"{'quadrant_ur': [{'stack': [{'shape': 'triangle', 'color': 'magenta', 'size': 'large'}, {'shape': 'square', 'color': 'magenta', 'size': 'large'}]}]}"
"0/000051.png",3,False,True,"{'quadrant_ur': [{'shape': 'triangle', 'color': 'blue', 'size': 'small'}]}"
"0/000052.png",2,True,True,"{'side_by_side': [{'shape': 'circle', 'color': 'yellow', 'size': 'small'}, {'shape': 'circle', 'color': 'blue', 'size': 'large'}, {'shape': 'circle', 'color': 'yellow', 'size': 'small'}]}"
"0/000053.png",8,True,True,"{'quadrant_ur': [{'shape': 'square', 'color': 'yellow', 'size': 'small'}]}"
"0/000054.png",9,False,True,"{'side_by_side': [{'shape': 'circle', 'color': 'cyan', 'size': 'large'}, {'shape': 'square', 'color': 'yellow', 'size': 'small'}]}"
"0/000055.png",13,True,True,"{'quadrant_lr': [{'stack': [{'shape': 'circle', 'color': 'red', 'size': 'small'}, {'shape': 'circle', 'color': 'yellow', 'size': 'small'}, {'shape': 'circle', 'color': 'green', 'size': 'small'}]}]}"
"0/000056.png",5,False,True,"{'quadrant_ul': [{'shape': 'circle', 'color': 'red', 'size': 'small'}]}"
"0/000057.png",4,False,True,"{'quadrant_ll': [{'shape': 'triangle', 'color': 'cyan', 'size': 'small'}]}"
"0/000058.png",11,False,True,"{'in': [{'shape': 'square', 'color': 'blue', 'size': 'small'}]}"
"0/000059.png",1,False,True,"{'in': [{'shape': 'triangle', 'color': 'cyan', 'size': 'large'}]}"
"0/000060.png",0,False,True,"{'quadrant_ll': [{'shape': 'circle', 'color': 'magenta', 'size': 'large'}]}"
"0/000061.png",0,False,True,"{'quadrant_ul': [{'side_by_side': [{'shape': 'circle', 'color': 'yellow', 'size': 'small'}, {'shape': 'square', 'color': 'red', 'size': 'small'}]}]}"
"0/000062.png",13,True,True,"{'in': [{'stack': [{'shape': 'triangle', 'color': 'green', 'size': 'large'}, {'shape': 'square', 'color': 'green', 'size': 'large'}]}]}"
"0/000063.png",2,False,True,"{'quadrant_lr': [{'shape': 'triangle', 'color': 'blue', 'size': 'large'}]}"
"0/000064.png",15,True,True,"{'quadrant_ul': [{'stack': [{'shape': 'triangle', 'color': 'yellow', 'size': 'small'}, {'shape': 'square', 'color': 'blue', 'size': 'small'}]}]}"
"0/000065.png",18,True,True,"{'side_by_side': [{'shape': 'triangle', 'color': 'red', 'size': 'large'}, {'shape': 'square', 'color': 'green', 'size': 'small'}, {'shape': 'square', 'color': 'blue', 'size': 'small'}, {'shape': 'circle', 'color': 'red', 'size': 'small'}, {'shape': 'triangle', 'color': 'red', 'size': 'small'}]}"
"0/000066.png",15,True,True,"{'quadrant_lr': [{'stack': [{'shape': 'triangle', 'color': 'yellow', 'size': 'small'}, {'shape': 'square', 'color': 'yellow', 'size': 'small'}]}]}"
"0/000067.png",2,False,True,"{'quadrant_ul': [{'shape': 'square', 'color': 'red', 'size': 'small'}]}"
"0/000068.png",8,False,True,"{'quadrant_ur': [{'shape': 'square', 'color': 'blue', 'size': 'small'}]}"
"0/000069.png",6,False,True,"{'quadrant_lr': [{'shape': 'circle', 'color': 'magenta', 'size': 'large'}]}"
"0/000070.png",18,False,True,"{'quadrant_ll': [{'side_by_side': [{'shape': 'triangle', 'color': 'red', 'size': 'small'}, {'shape': 'square', 'color': 'yellow', 'size': 'small'}]}]}"
"0/000071.png",17,True,True,"{'quadrant_ll': [{'stack': [{'shape': 'square', 'color': 'blue', 'size': 'small'}, {'shape': 'square', 'color': 'red', 'size': 'small'}]}]}"
"0/000072.png",12,True,True,"{'side_by_side': [{'shape': 'triangle', 'color': 'red', 'size': 'large'}, {'shape': 'circle', 'color': 'green', 'size': 'large'}, {'shape': 'triangle', 'color': 'blue', 'size': 'small'}, {'shape': 'triangle', 'color': 'red', 'size': 'large'}]}"
"0/000073.png",19,False,True,"{'quadrant_ur': [{'shape': 'triangle', 'color': 'blue', 'size': 'small'}]}"
"0/000074.png",2,False,True,"{'quadrant_ll': [{'shape': 'triangle', 'color': 'red', 'size': 'large'}]}"
"0/000075.png",17,True,True,"{'quadrant_ul': [{'stack': [{'shape': 'square', 'color': 'red', 'size': 'small'}, {'shape': 'square', 'color': 'red', 'size': 'small'}]}]}"
"0/000076.png",16,False,True,"{'in': [{'side_by_side': [{'shape': 'square', 'color': 'magenta', 'size': 'small'}, {'shape': 'circle', 'color': 'magenta', 'size': 'small'}]}]}"
"0/000077.png",0,True,True,"{'quadrant_ll': [{'shape': 'triangle', 'color': 'yellow', 'size': 'large'}]}"
"0/000078.png",4,False,True,"{'quadrant_ul': [{'shape': 'triangle', 'color': 'cyan', 'size': 'small'}]}"
"0/000079.png",11,True,True,"{'side_by_side': [{'shape': 'circle', 'color': 'green', 'size': 'small'}, {'shape': 'circle', 'color': 'blue', 'size': 'large'}, {'shape': 'square', 'color': 'blue', 'size': 'large'}, {'shape': 'circle', 'color': 'red', 'size': 'small'}, {'shape': 'circle', 'color': 'red', 'size': 'large'}, {'shape': 'triangle', 'color': 'red', 'size': 'small'}]}"
"0/000080.png",19,False,True,"{'quadrant_ll': [{'stack': [{'shape': 'circle', 'color': 'green', 'size': 'large'}, {'shape': 'circle', 'color': 'cyan', 'size': 'large'}, {'shape': 'circle', 'color': 'red', 'size': 'large'}]}]}"
"0/000081.png",2,False,True,"{'quadrant_ur': [{'shape': 'circle', 'color': 'red', 'size': 'small'}]}"
"0/000082.png",15,True,True,"{'quadrant_ll': [{'stack': [{'shape': 'triangle', 'color': 'yellow', 'size': 'small'}, {'shape': 'square', 'color': 'red', 'size': 'small'}]}]}"
"0/000083.png",10,True,True,"{'quadrant_ul': [{'stack': [{'shape': 'circle', 'color': 'red', 'size': 'small'}, {'shape': 'circle', 'color': 'yellow', 'size': 'small'}, {'shape': 'circle', 'color': 'green', 'size': 'small'}]}]}"
"0/000084.png",13,False,True,"{'in': [{'shape': 'square', 'color': 'magenta', 'size': 'large'}]}"
"0/000085.png",12,False,True,"{'side_by_side': [{'shape': 'circle', 'color': 'green', 'size': 'large'}, {'shape': 'triangle', 'color': 'yellow', 'size': 'large'}, {'shape': 'triangle', 'color': 'red', 'size': 'large'}]}"
"0/000086.png",0,False,True,"{'in': [{'shape': 'square', 'color': 'green', 'size': 'large'}]}"
"0/000087.png",9,True,True,"{'side_by_side': [{'shape': 'square', 'color': 'blue', 'size': 'large'}, {'shape': 'triangle', 'color': 'red', 'size': 'small'}]}"
"0/000088.png",9,False,True,"{'side_by_side': [{'shape': 'circle', 'color': 'cyan', 'size': 'small'}, {'shape': 'triangle', 'color': 'blue', 'size': 'small'}]}"
"0/000089.png",16,False,True,"{'quadrant_ul': [{'side_by_side': [{'shape': 'square', 'color': 'red', 'size': 'large'}, {'shape': 'square', 'color': 'yellow', 'size': 'large'}]}]}"
"0/000090.png",15,False,True,"{'quadrant_ul': [{'shape': 'triangle', 'color': 'yellow', 'size': 'large'}]}"
"0/000091.png",8,False,True,"{'quadrant_lr': [{'shape': 'circle', 'color': 'cyan', 'size': 'large'}]}"
"0/000092.png",7,True,True,"{'in': [{'shape': 'circle', 'color': 'magenta', 'size': 'large'}]}"
"0/000093.png",18,False,True,"{'quadrant_ul': [{'shape': 'square', 'color': 'cyan', 'size': 'large'}]}"
"0/000094.png",8,True,True,"{'quadrant_ul': [{'shape': 'square', 'color': 'yellow', 'size': 'small'}]}"
"0/000095.png",8,False,True,"{'quadrant_ur': [{'shape': 'square', 'color': 'green', 'size': 'large'}]}"
"0/000096.png",14,False,True,"{'side_by_side': [{'shape': 'square', 'color': 'green', 'size': 'large'}, {'shape': 'square', 'color': 'yellow', 'size': 'small'}, {'shape': 'square', 'color': 'yellow', 'size': 'small'}]}"
"0/000097.png",13,True,True,"{'in': [{'stack_reduce_bb': [{'shape': 'triangle', 'color': 'red', 'size': 'large'}, {'shape': 'square', 'color': 'red', 'size': 'small'}]}]}"
"0/000098.png",0,True,True,"{'side_by_side': [{'shape': 'square', 'color': 'yellow', 'size': 'large'}, {'shape': 'circle', 'color': 'yellow', 'size': 'small'}, {'shape': 'square', 'color': 'yellow', 'size': 'large'}]}"
"0/000099.png",17,True,True,"{'quadrant_ur': [{'stack': [{'shape': 'square', 'color': 'green', 'size': 'small'}, {'shape': 'square', 'color': 'cyan', 'size': 'small'}]}]}"
"0/000100.png",12,False,True,"{'side_by_side': [{'shape': 'circle', 'color': 'blue', 'size': 'large'}, {'shape': 'square', 'color': 'blue', 'size': 'small'}, {'shape': 'triangle', 'color': 'magenta', 'size': 'small'}]}"
"0/000101.png",18,True,True,"{'in': [{'side_by_side': [{'shape': 'square', 'color': 'blue', 'size': 'large'}, {'shape': 'square', 'color': 'red', 'size': 'large'}]}]}"
"0/000102.png",9,True,True,"{'side_by_side': [{'shape': 'square', 'color': 'red', 'size': 'small'}, {'shape': 'triangle', 'color': 'red', 'size': 'large'}]}"
"0/000103.png",0,True,True,"{'quadrant_lr': [{'shape': 'triangle', 'color': 'cyan', 'size': 'small'}]}"
"0/000104.png",1,False,True,"{'quadrant_ll': [{'shape': 'circle', 'color': 'green', 'size': 'small'}]}"
"0/000105.png",9,False,True,"{'side_by_side': [{'shape': 'triangle', 'color': 'blue', 'size': 'small'}, {'shape': 'circle', 'color': 'yellow', 'size': 'large'}]}"
"0/000106.png",6,True,True,"{'quadrant_ur': [{'side_by_side': [{'shape': 'square', 'color': 'magenta', 'size': 'large'}, {'shape': 'square', 'color': 'cyan', 'size': 'large'}]}]}"
"0/000107.png",13,True,True,"{'quadrant_lr': [{'diag_ul_lr': [{'shape': 'triangle', 'color': 'blue', 'size': 'small'}, {'shape': 'square', 'color': 'blue', 'size': 'large'}]}]}"
"0/000108.png",17,True,True,"{'side_by_side': [{'shape': 'triangle', 'color': 'blue', 'size': 'large'}, {'shape': 'circle', 'color': 'blue', 'size': 'large'}, {'shape': 'square', 'color': 'magenta', 'size': 'large'}, {'shape': 'circle', 'color': 'blue', 'size': 'large'}, {'shape': 'square', 'color': 'yellow', 'size': 'large'}, {'shape': 'triangle', 'color': 'red', 'size': 'large'}]}"
"0/000109.png",14,True,True,"{'side_by_side': [{'shape': 'triangle', 'color': 'cyan', 'size': 'large'}, {'shape': 'triangle', 'color': 'cyan', 'size': 'small'}, {'shape': 'triangle', 'color': 'cyan', 'size': 'large'}]}"
"0/000110.png",12,False,True,"{'side_by_side': [{'shape': 'circle', 'color': 'yellow', 'size': 'small'}, {'shape': 'circle', 'color': 'cyan', 'size': 'large'}, {'shape': 'triangle', 'color': 'yellow', 'size': 'large'}, {'shape': 'triangle', 'color': 'red', 'size': 'small'}]}"
"0/000111.png",15,False,True,"{'in': [{'stack': [{'shape': 'triangle', 'color': 'yellow', 'size': 'large'}, {'shape': 'circle', 'color': 'magenta', 'size': 'large'}]}]}"
"0/000112.png",8,False,True,"{'quadrant_ur': [{'shape': 'triangle', 'color': 'cyan', 'size': 'small'}]}"
"0/000113.png",2,True,True,"{'quadrant_ur': [{'shape': 'circle', 'color': 'blue', 'size': 'small'}]}"
"0/000114.png",15,True,True,"{'quadrant_ll': [{'stack': [{'shape': 'triangle', 'color': 'yellow', 'size': 'large'}, {'shape': 'square', 'color': 'cyan', 'size': 'large'}]}]}"
"0/000115.png",13,True,True,"{'quadrant_ur': [{'diag_ll_ur': [{'shape': 'triangle', 'color': 'magenta', 'size': 'large'}, {'shape': 'square', 'color': 'magenta', 'size': 'small'}]}]}"
"0/000116.png",14,True,True,"{'side_by_side': [{'shape': 'triangle', 'color': 'red', 'size': 'large'}, {'shape': 'triangle', 'color': 'blue', 'size': 'small'}, {'shape': 'triangle', 'color': 'red', 'size': 'large'}]}"
"0/000117.png",16,False,True,"{'quadrant_ll': [{'side_by_side': [{'shape': 'triangle', 'color': 'magenta', 'size': 'small'}, {'shape': 'square', 'color': 'green', 'size': 'large'}]}]}"
"0/000118.png",12,False,True,"{'side_by_side': [{'shape': 'square', 'color': 'cyan', 'size': 'large'}, {'shape': 'triangle', 'color': 'red', 'size': 'small'}, {'shape': 'square', 'color': 'red', 'size': 'small'}, {'shape': 'triangle', 'color': 'yellow', 'size': 'small'}, {'shape': 'square', 'color': 'yellow', 'size': 'large'}, {'shape': 'triangle', 'color': 'red', 'size': 'small'}]}"
"0/000119.png",9,False,True,"{'side_by_side': [{'shape': 'circle', 'color': 'blue', 'size': 'large'}, {'shape': 'square', 'color': 'red', 'size': 'large'}]}"
"0/000120.png",2,False,True,"{'side_by_side': [{'shape': 'square', 'color': 'magenta', 'size': 'small'}, {'shape': 'triangle', 'color': 'green', 'size': 'large'}, {'shape': 'triangle', 'color': 'cyan', 'size': 'small'}, {'shape': 'triangle', 'color': 'cyan', 'size': 'large'}, {'shape': 'square', 'color': 'red', 'size': 'large'}, {'shape': 'square', 'color': 'cyan', 'size': 'large'}]}"
"0/000121.png",11,True,True,"{'side_by_side': [{'shape': 'triangle', 'color': 'magenta', 'size': 'small'}, {'shape': 'circle', 'color': 'blue', 'size': 'large'}, {'shape': 'square', 'color': 'green', 'size': 'large'}, {'shape': 'triangle', 'color': 'red', 'size': 'large'}]}"
"0/000122.png",1,True,True,"{'quadrant_lr': [{'shape': 'square', 'color': 'blue', 'size': 'large'}]}"
"0/000123.png",1,False,True,"{'quadrant_ur': [{'side_by_side': [{'shape': 'circle', 'color': 'green', 'size': 'small'}, {'shape': 'triangle', 'color': 'blue', 'size': 'large'}, {'shape': 'circle', 'color': 'blue', 'size': 'small'}]}]}"
"0/000124.png",18,True,True,"{'quadrant_ur': [{'side_by_side': [{'shape': 'square', 'color': 'magenta', 'size': 'large'}, {'shape': 'square', 'color': 'red', 'size': 'large'}, {'shape': 'square', 'color': 'cyan', 'size': 'large'}]}]}"
"0/000125.png",3,False,True,"{'quadrant_ur': [{'diag_ll_ur': [{'shape': 'circle', 'color': 'cyan', 'size': 'large'}, {'shape': 'triangle', 'color': 'yellow', 'size': 'small'}]}]}"
"0/000126.png",2,False,True,"{'in': [{'stack': [{'shape': 'square', 'color': 'yellow', 'size': 'large'}, {'shape': 'square', 'color': 'red', 'size': 'large'}]}]}"
"0/000127.png",8,True,True,"{'quadrant_ll': [{'shape': 'triangle', 'color': 'magenta', 'size': 'large'}]}"
"0/000128.png",10,True,True,"{'side_by_side': [{'shape': 'square', 'color': 'red', 'size': 'small'}, {'shape': 'triangle', 'color': 'red', 'size': 'small'}, {'shape': 'triangle', 'color': 'red', 'size': 'large'}]}"
"0/000129.png",19,False,True,"{'quadrant_ur': [{'stack': [{'shape': 'circle', 'color': 'blue', 'size': 'large'}, {'shape': 'circle', 'color': 'cyan', 'size': 'small'}, {'shape': 'circle', 'color': 'green', 'size': 'large'}]}]}"
"0/000130.png",16,True,True,"{'quadrant_lr': [{'side_by_side': [{'shape': 'circle', 'color': 'blue', 'size': 'large'}, {'shape': 'circle', 'color': 'blue', 'size': 'large'}]}]}"
"0/000131.png",18,True,True,"{'in': [{'side_by_side': [{'shape': 'square', 'color': 'magenta', 'size': 'large'}, {'shape': 'square', 'color': 'green', 'size': 'large'}]}]}"
"0/000132.png",17,True,True,"{'quadrant_ll': [{'shape': 'circle', 'color': 'cyan', 'size': 'large'}]}"
"0/000133.png",9,False,True,"{'side_by_side': [{'shape': 'circle', 'color': 'blue', 'size': 'large'}, {'shape': 'circle', 'color': 'blue', 'size': 'large'}]}"
"0/000134.png",15,False,True,"{'side_by_side': [{'shape': 'square', 'color': 'green', 'size': 'small'}, {'shape': 'circle', 'color': 'green', 'size': 'large'}, {'shape': 'circle', 'color': 'cyan', 'size': 'large'}, {'shape': 'square', 'color': 'magenta', 'size': 'small'}, {'shape': 'triangle', 'color': 'blue', 'size': 'large'}]}"
"0/000135.png",9,False,True,"{'side_by_side': [{'shape': 'circle', 'color': 'green', 'size': 'large'}, {'shape': 'triangle', 'color': 'blue', 'size': 'small'}]}"
"0/000136.png",11,False,True,"{'side_by_side': [{'shape': 'triangle', 'color': 'red', 'size': 'large'}, {'shape': 'triangle', 'color': 'blue', 'size': 'small'}, {'shape': 'circle', 'color': 'green', 'size': 'small'}]}"
"0/000137.png",16,False,True,"{'quadrant_ll': [{'side_by_side': [{'shape': 'circle', 'color': 'green', 'size': 'small'}, {'shape': 'circle', 'color': 'cyan', 'size': 'large'}]}]}"
"0/000138.png",8,False,True,"{'in': [{'shape': 'square', 'color': 'cyan', 'size': 'small'}]}"
"0/000139.png",13,False,True,"{'in': [{'shape': 'square', 'color': 'red', 'size': 'small'}]}"
"0/000140.png",18,False,True,"{'side_by_side': [{'shape': 'triangle', 'color': 'red', 'size': 'large'}, {'shape': 'square', 'color': 'blue', 'size': 'large'}, {'shape': 'circle', 'color': 'magenta', 'size': 'large'}]}"
"0/000141.png",5,False,True,"{'side_by_side': [{'shape': 'triangle', 'color': 'red', 'size': 'small'}, {'shape': 'square', 'color': 'green', 'size': 'small'}]}"
"0/000142.png",15,False,True,"{'in': [{'stack': [{'shape': 'triangle', 'color': 'red', 'size': 'small'}, {'shape': 'square', 'color': 'magenta', 'size': 'large'}]}]}"
"0/000143.png",19,False,True,"{'quadrant_lr': [{'shape': 'circle', 'color': 'yellow', 'size': 'large'}]}"
"0/000144.png",1,False,True,"{'quadrant_ur': [{'shape': 'circle', 'color': 'cyan', 'size': 'large'}]}"
"0/000145.png",18,False,True,"{'quadrant_lr': [{'shape': 'circle', 'color': 'cyan', 'size': 'large'}]}"
"0/000146.png",16,True,True,"{'quadrant_ll': [{'stack': [{'shape': 'triangle', 'color': 'yellow', 'size': 'small'}, {'shape': 'square', 'color': 'magenta', 'size': 'small'}]}]}"
"0/000147.png",16,False,True,"{'quadrant_lr': [{'side_by_side': [{'shape': 'triangle', 'color': 'blue', 'size': 'large'}, {'shape': 'triangle', 'color': 'blue', 'size': 'large'}]}]}"
"0/000148.png",17,True,True,"{'quadrant_ur': [{'stack': [{'shape': 'square', 'color': 'red', 'size': 'small'}, {'shape': 'square', 'color': 'red', 'size': 'small'}, {'shape': 'square', 'color': 'red', 'size': 'small'}]}]}"
"0/000149.png",10,True,True,"{'side_by_side': [{'shape': 'circle', 'color': 'blue', 'size': 'large'}, {'shape': 'square', 'color': 'magenta', 'size': 'large'}, {'shape': 'triangle', 'color': 'red', 'size': 'large'}]}"
"0/000150.png",8,False,True,"{'quadrant_ur': [{'shape': 'circle', 'color': 'green', 'size': 'large'}]}"
"0/000151.png",3,True,True,"{'quadrant_ur': [{'shape': 'circle', 'color': 'red', 'size': 'small'}]}"
"0/000152.png",2,False,True,"{'in': [{'shape': 'triangle', 'color': 'blue', 'size': 'small'}]}"
"0/000153.png",4,True,True,"{'quadrant_ul': [{'shape': 'triangle', 'color': 'green', 'size': 'large'}]}"
"0/000154.png",5,False,True,"{'quadrant_ul': [{'shape': 'triangle', 'color': 'green', 'size': 'large'}]}"
"0/000155.png",5,False,True,"{'quadrant_ll': [{'shape': 'square', 'color': 'magenta', 'size': 'large'}]}"
"0/000156.png",9,False,True,"{'side_by_side': [{'shape': 'circle', 'color': 'magenta', 'size': 'large'}, {'shape': 'circle', 'color': 'cyan', 'size': 'large'}]}"
"0/000157.png",3,False,True,"{'in': [{'shape': 'triangle', 'color': 'blue', 'size': 'large'}]}"
"0/000158.png",13,True,True,"{'quadrant_ur': [{'stack_reduce_bb': [{'shape': 'triangle', 'color': 'blue', 'size': 'large'}, {'shape': 'square', 'color': 'blue', 'size': 'large'}]}]}"
"0/000159.png",14,True,True,"{'side_by_side': [{'shape': 'circle', 'color': 'magenta', 'size': 'large'}, {'shape': 'triangle', 'color': 'red', 'size': 'large'}, {'shape': 'circle', 'color': 'magenta', 'size': 'large'}]}"
"0/000160.png",6,False,True,"{'side_by_side': [{'shape': 'square', 'color': 'cyan', 'size': 'small'}, {'shape': 'square', 'color': 'yellow', 'size': 'small'}, {'shape': 'circle', 'color': 'yellow', 'size': 'large'}, {'shape': 'circle', 'color': 'red', 'size': 'small'}, {'shape': 'triangle', 'color': 'yellow', 'size': 'large'}, {'shape': 'triangle', 'color': 'red', 'size': 'small'}]}"
"0/000161.png",11,True,True,"{'side_by_side': [{'shape': 'circle', 'color': 'green', 'size': 'small'}, {'shape': 'triangle', 'color': 'red', 'size': 'large'}, {'shape': 'triangle', 'color': 'red', 'size': 'small'}]}"
"0/000162.png",15,True,True,"{'quadrant_ul': [{'stack': [{'shape': 'triangle', 'color': 'cyan', 'size': 'small'}, {'shape': 'square', 'color': 'yellow', 'size': 'small'}]}]}"
"0/000163.png",12,False,True,"{'side_by_side': [{'shape': 'square', 'color': 'cyan', 'size': 'small'}, {'shape': 'square', 'color': 'magenta', 'size': 'small'}, {'shape': 'circle', 'color': 'green', 'size': 'large'}, {'shape': 'circle', 'color': 'green', 'size': 'small'}, {'shape': 'triangle', 'color': 'cyan', 'size': 'large'}, {'shape': 'triangle', 'color': 'magenta', 'size': 'large'}]}"
"0/000164.png",13,True,True,"{'quadrant_ur': [{'grid': [{'shape': 'triangle', 'color': 'cyan', 'size': 'small'}, {'shape': 'square', 'color': 'cyan', 'size': 'small'}]}]}"
"0/000165.png",18,False,True,"{'in': [{'side_by_side': [{'shape': 'square', 'color': 'yellow', 'size': 'large'}, {'shape': 'circle', 'color': 'red', 'size': 'large'}, {'shape': 'circle', 'color': 'yellow', 'size': 'large'}]}]}"
"0/000166.png",14,False,True,"{'side_by_side': [{'shape': 'triangle', 'color': 'cyan', 'size': 'small'}, {'shape': 'circle', 'color': 'cyan', 'size': 'large'}, {'shape': 'circle', 'color': 'cyan', 'size': 'large'}]}"
"0/000167.png",1,True,True,"{'quadrant_ur': [{'shape': 'square', 'color': 'cyan', 'size': 'small'}]}"
"0/000168.png",0,True,True,"{'side_by_side': [{'shape': 'circle', 'color': 'green', 'size': 'large'}, {'shape': 'circle', 'color': 'green', 'size': 'large'}, {'shape': 'circle', 'color': 'green', 'size': 'large'}]}"
"0/000169.png",16,False,True,"{'side_by_side': [{'shape': 'square', 'color': 'red', 'size': 'large'}, {'shape': 'triangle', 'color': 'yellow', 'size': 'large'}]}"
"0/000170.png",7,False,True,"{'quadrant_ll': [{'shape': 'circle', 'color': 'blue', 'size': 'large'}]}"
"0/000171.png",9,False,True,"{'side_by_side': [{'shape': 'square', 'color': 'cyan', 'size': 'small'}, {'shape': 'triangle', 'color': 'cyan', 'size': 'large'}]}"
"0/000172.png",14,False,True,"{'side_by_side': [{'shape': 'circle', 'color': 'blue', 'size': 'large'}, {'shape': 'triangle', 'color': 'green', 'size': 'small'}, {'shape': 'triangle', 'color': 'green', 'size': 'small'}]}"
"0/000173.png",4,False,True,"{'quadrant_ul': [{'shape': 'circle', 'color': 'magenta', 'size': 'small'}]}"
"0/000174.png",11,False,True,"{'side_by_side': [{'shape': 'square', 'color': 'yellow', 'size': 'small'}, {'shape': 'square', 'color': 'magenta', 'size': 'large'}, {'shape': 'square', 'color': 'magenta', 'size': 'small'}, {'shape': 'triangle', 'color': 'cyan', 'size': 'small'}]}"
"0/000175.png",4,False,True,"{'quadrant_ur': [{'shape': 'triangle', 'color': 'blue', 'size': 'small'}]}"
"0/000176.png",8,False,True,"{'quadrant_ur': [{'shape': 'square', 'color': 'green', 'size': 'small'}]}"
"0/000177.png",2,False,True,"{'quadrant_ul': [{'shape': 'triangle', 'color': 'red', 'size': 'large'}]}"
"0/000178.png",0,False,True,"{'quadrant_ll': [{'stack': [{'shape': 'circle', 'color': 'green', 'size': 'small'}, {'shape': 'circle', 'color': 'magenta', 'size': 'small'}, {'shape': 'circle', 'color': 'cyan', 'size': 'small'}]}]}"
"0/000179.png",4,False,True,"{'side_by_side': [{'shape': 'square', 'color': 'yellow', 'size': 'large'}, {'shape': 'square', 'color': 'magenta', 'size': 'small'}, {'shape': 'square', 'color': 'magenta', 'size': 'small'}]}"
"0/000180.png",12,True,True,"{'side_by_side': [{'shape': 'circle', 'color': 'blue', 'size': 'small'}, {'shape': 'triangle', 'color': 'green', 'size': 'small'}, {'shape': 'triangle', 'color': 'red', 'size': 'small'}]}"
"0/000181.png",18,True,True,"{'side_by_side': [{'shape': 'circle', 'color': 'magenta', 'size': 'small'}, {'shape': 'circle', 'color': 'blue', 'size': 'small'}, {'shape': 'circle', 'color': 'cyan', 'size': 'small'}, {'shape': 'square', 'color': 'green', 'size': 'large'}, {'shape': 'triangle', 'color': 'red', 'size': 'small'}]}"
"0/000182.png",15,False,True,"{'quadrant_lr': [{'stack': [{'shape': 'square', 'color': 'green', 'size': 'small'}, {'shape': 'square', 'color': 'magenta', 'size': 'large'}]}]}"
"0/000183.png",12,False,True,"{'side_by_side': [{'shape': 'circle', 'color': 'yellow', 'size': 'small'}, {'shape': 'square', 'color': 'magenta', 'size': 'small'}, {'shape': 'triangle', 'color': 'blue', 'size': 'small'}]}"
"0/000184.png",1,True,True,"{'in': [{'shape': 'square', 'color': 'green', 'size': 'small'}]}"
"0/000185.png",6,True,True,"{'quadrant_ll': [{'shape': 'circle', 'color': 'cyan', 'size': 'small'}]}"
"0/000186.png",11,True,True,"{'side_by_side': [{'shape': 'circle', 'color': 'yellow', 'size': 'small'}, {'shape': 'triangle', 'color': 'red', 'size': 'large'}, {'shape': 'triangle', 'color': 'red', 'size': 'large'}]}"
"0/000187.png",18,True,True,"{'quadrant_lr': [{'side_by_side': [{'shape': 'square', 'color': 'cyan', 'size': 'small'}, {'shape': 'square', 'color': 'red', 'size': 'small'}, {'shape': 'square', 'color': 'green', 'size': 'small'}]}]}"
"0/000188.png",16,False,True,"{'side_by_side': [{'shape': 'square', 'color': 'blue', 'size': 'large'}, {'shape': 'triangle', 'color': 'cyan', 'size': 'large'}, {'shape': 'triangle', 'color': 'cyan', 'size': 'large'}]}"
"0/000189.png",3,False,True,"{'quadrant_ll': [{'shape': 'square', 'color': 'yellow', 'size': 'small'}]}"
"0/000190.png",3,False,True,"{'quadrant_ul': [{'shape': 'circle', 'color': 'yellow', 'size': 'small'}]}"
"0/000191.png",6,False,True,"{'quadrant_ur': [{'shape': 'triangle', 'color': 'yellow', 'size': 'small'}]}"
"0/000192.png",9,False,True,"{'side_by_side': [{'shape': 'square', 'color': 'blue', 'size': 'small'}, {'shape': 'square', 'color': 'green', 'size': 'small'}]}"
"0/000193.png",8,False,True,"{'in': [{'shape': 'circle', 'color': 'red', 'size': 'small'}]}"
"0/000194.png",17,True,True,"{'quadrant_lr': [{'shape': 'square', 'color': 'green', 'size': 'large'}]}"
"0/000195.png",18,True,True,"{'quadrant_ul': [{'side_by_side': [{'shape': 'square', 'color': 'yellow', 'size': 'large'}, {'shape': 'square', 'color': 'magenta', 'size': 'large'}, {'shape': 'square', 'color': 'blue', 'size': 'large'}]}]}"
"0/000196.png",18,False,True,"{'quadrant_ur': [{'side_by_side': [{'shape': 'circle', 'color': 'yellow', 'size': 'large'}, {'shape': 'triangle', 'color': 'red', 'size': 'large'}, {'shape': 'triangle', 'color': 'blue', 'size': 'large'}]}]}"
"0/000197.png",11,True,True,"{'side_by_side': [{'shape': 'circle', 'color': 'green', 'size': 'small'}, {'shape': 'triangle', 'color': 'green', 'size': 'large'}, {'shape': 'triangle', 'color': 'red', 'size': 'small'}]}"
"0/000198.png",14,True,True,"{'side_by_side': [{'shape': 'circle', 'color': 'cyan', 'size': 'large'}, {'shape': 'circle', 'color': 'red', 'size': 'small'}, {'shape': 'circle', 'color': 'cyan', 'size': 'large'}]}"
"0/000199.png",0,False,True,"{'quadrant_ur': [{'shape': 'square', 'color': 'yellow', 'size': 'large'}]}"
"0/000200.png",1,False,True,"{'quadrant_ul': [{'shape': 'circle', 'color': 'green', 'size': 'small'}]}"
"0/000201.png",3,False,True,"{'quadrant_ur': [{'shape': 'circle', 'color': 'cyan', 'size': 'small'}]}"
"0/000202.png",11,True,True,"{'side_by_side': [{'shape': 'circle', 'color': 'yellow', 'size': 'large'}, {'shape': 'circle', 'color': 'cyan', 'size': 'small'}, {'shape': 'triangle', 'color': 'red', 'size': 'large'}, {'shape': 'circle', 'color': 'blue', 'size': 'small'}, {'shape': 'triangle', 'color': 'red', 'size': 'large'}]}"
"0/000203.png",16,True,True,"{'quadrant_ll': [{'side_by_side': [{'shape': 'circle', 'color': 'blue', 'size': 'small'}, {'shape': 'circle', 'color': 'blue', 'size': 'small'}]}]}"
"0/000204.png",19,False,True,"{'quadrant_lr': [{'stack': [{'shape': 'circle', 'color': 'magenta', 'size': 'small'}, {'shape': 'circle', 'color': 'blue', 'size': 'small'}, {'shape': 'circle', 'color': 'blue', 'size': 'large'}]}]}"
"0/000205.png",13,True,True,"{'quadrant_lr': [{'stack': [{'shape': 'triangle', 'color': 'yellow', 'size': 'small'}, {'shape': 'square', 'color': 'yellow', 'size': 'small'}]}]}"
"0/000206.png",7,True,True,"{'quadrant_ur': [{'shape': 'circle', 'color': 'magenta', 'size': 'small'}]}"
"0/000207.png",14,False,True,"{'side_by_side': [{'shape': 'triangle', 'color': 'cyan', 'size': 'small'}, {'shape': 'triangle', 'color': 'cyan', 'size': 'small'}, {'shape': 'triangle', 'color': 'green', 'size': 'large'}]}"
"0/000208.png",12,True,True,"{'in': [{'stack': [{'shape': 'square', 'color': 'blue', 'size': 'large'}, {'shape': 'square', 'color': 'green', 'size': 'large'}]}]}"
"0/000209.png",0,True,True,"{'quadrant_ll': [{'shape': 'triangle', 'color': 'blue', 'size': 'large'}]}"
"0/000210.png",10,True,True,"{'side_by_side': [{'shape': 'square', 'color': 'cyan', 'size': 'large'}, {'shape': 'triangle', 'color': 'blue', 'size': 'large'}, {'shape': 'circle', 'color': 'blue', 'size': 'small'}, {'shape': 'triangle', 'color': 'yellow', 'size': 'large'}, {'shape': 'square', 'color': 'red', 'size': 'large'}, {'shape': 'triangle', 'color': 'red', 'size': 'small'}]}"
"0/000211.png",3,False,True,"{'quadrant_ur': [{'shape': 'square', 'color': 'magenta', 'size': 'large'}]}"
"0/000212.png",3,False,True,"{'quadrant_ll': [{'shape': 'triangle', 'color': 'red', 'size': 'small'}]}"
"0/000213.png",6,False,True,"{'in': [{'side_by_side_reduce_bb': [{'shape': 'triangle', 'color': 'magenta', 'size': 'large'}, {'shape': 'triangle', 'color': 'green', 'size': 'small'}]}]}"
"0/000214.png",13,True,True,"{'in': [{'side_by_side_reduce_bb': [{'shape': 'triangle', 'color': 'green', 'size': 'large'}, {'shape': 'square', 'color': 'green', 'size': 'large'}]}]}"
"0/000215.png",19,True,True,"{'in': [{'stack': [{'shape': 'circle', 'color': 'red', 'size': 'small'}, {'shape': 'circle', 'color': 'yellow', 'size': 'small'}, {'shape': 'circle', 'color': 'green', 'size': 'small'}]}]}"
"0/000216.png",19,False,True,"{'quadrant_ul': [{'stack': [{'shape': 'circle', 'color': 'yellow', 'size': 'large'}, {'shape': 'circle', 'color': 'yellow', 'size': 'small'}, {'shape': 'circle', 'color': 'magenta', 'size': 'small'}]}]}"
"0/000217.png",10,False,True,"{'side_by_side': [{'shape': 'square', 'color': 'red', 'size': 'small'}, {'shape': 'triangle', 'color': 'red', 'size': 'small'}, {'shape': 'square', 'color': 'red', 'size': 'small'}, {'shape': 'square', 'color': 'magenta', 'size': 'large'}, {'shape': 'triangle', 'color': 'green', 'size': 'small'}, {'shape': 'square', 'color': 'green', 'size': 'small'}]}"
"0/000218.png",6,False,True,"{'quadrant_lr': [{'shape': 'triangle', 'color': 'yellow', 'size': 'small'}]}"
"0/000219.png",4,False,True,"{'quadrant_ur': [{'shape': 'triangle', 'color': 'yellow', 'size': 'large'}]}"
"0/000220.png",3,False,True,"{'in': [{'shape': 'triangle', 'color': 'cyan', 'size': 'small'}]}"
"0/000221.png",16,True,True,"{'quadrant_ll': [{'grid': [{'shape': 'triangle', 'color': 'blue', 'size': 'large'}, {'shape': 'square', 'color': 'blue', 'size': 'small'}]}]}"
"0/000222.png",2,True,True,"{'quadrant_ul': [{'shape': 'circle', 'color': 'yellow', 'size': 'small'}]}"
"0/000223.png",9,True,True,"{'side_by_side': [{'shape': 'circle', 'color': 'yellow', 'size': 'small'}, {'shape': 'triangle', 'color': 'red', 'size': 'small'}]}"
"0/000224.png",5,True,True,"{'in': [{'side_by_side': [{'shape': 'square', 'color': 'green', 'size': 'large'}, {'shape': 'square', 'color': 'green', 'size': 'large'}]}]}"
"0/000225.png",3,False,True,"{'side_by_side': [{'shape': 'triangle', 'color': 'red', 'size': 'large'}, {'shape': 'circle', 'color': 'cyan', 'size': 'small'}, {'shape': 'circle', 'color': 'green', 'size': 'small'}]}"
"0/000226.png",14,True,True,"{'side_by_side': [{'shape': 'circle', 'color': 'magenta', 'size': 'large'}, {'shape': 'square', 'color': 'green', 'size': 'large'}, {'shape': 'circle', 'color': 'magenta', 'size': 'large'}]}"
"0/000227.png",18,False,True,"{'quadrant_ur': [{'side_by_side': [{'shape': 'square', 'color': 'cyan', 'size': 'large'}, {'shape': 'square', 'color': 'green', 'size': 'small'}]}]}"
"0/000228.png",15,True,True,"{'quadrant_lr': [{'stack': [{'shape': 'triangle', 'color': 'green', 'size': 'large'}, {'shape': 'square', 'color': 'blue', 'size': 'large'}]}]}"
"0/000229.png",4,False,True,"{'side_by_side': [{'shape': 'square', 'color': 'red', 'size': 'large'}, {'shape': 'triangle', 'color': 'green', 'size': 'large'}]}"
"0/000230.png",5,False,True,"{'quadrant_ul': [{'shape': 'circle', 'color': 'green', 'size': 'large'}]}"
"0/000231.png",16,False,True,"{'quadrant_ur': [{'shape': 'circle', 'color': 'yellow', 'size': 'large'}]}"
"0/000232.png",17,True,True,"{'quadrant_lr': [{'stack': [{'shape': 'square', 'color': 'magenta', 'size': 'small'}, {'shape': 'square', 'color': 'red', 'size': 'small'}]}]}"
"0/000233.png",18,False,True,"{'in': [{'side_by_side': [{'shape': 'circle', 'color': 'magenta', 'size': 'small'}, {'shape': 'circle', 'color': 'green', 'size': 'large'}, {'shape': 'triangle', 'color': 'magenta', 'size': 'large'}]}]}"
"0/000234.png",12,True,True,"{'side_by_side': [{'shape': 'circle', 'color': 'red', 'size': 'large'}, {'shape': 'circle', 'color': 'blue', 'size': 'small'}, {'shape': 'triangle', 'color': 'red', 'size': 'small'}]}"
"0/000235.png",0,False,True,"{'quadrant_ul': [{'shape': 'square', 'color': 'cyan', 'size': 'small'}]}"
"0/000236.png",8,False,True,"{'in': [{'shape': 'square', 'color': 'blue', 'size': 'large'}]}"
"0/000237.png",7,False,True,"{'in': [{'shape': 'triangle', 'color': 'blue', 'size': 'small'}]}"
"0/000238.png",11,False,True,"{'in': [{'side_by_side': [{'shape': 'square', 'color': 'blue', 'size': 'large'}, {'shape': 'circle', 'color': 'blue', 'size': 'small'}]}]}"
"0/000239.png",15,False,True,"{'quadrant_ll': [{'stack': [{'shape': 'square', 'color': 'red', 'size': 'large'}, {'shape': 'square', 'color': 'magenta', 'size': 'large'}]}]}"
"0/000240.png",10,False,True,"{'quadrant_lr': [{'shape': 'triangle', 'color': 'yellow', 'size': 'large'}]}"
"0/000241.png",3,False,True,"{'in': [{'shape': 'square', 'color': 'yellow', 'size': 'small'}]}"
"0/000242.png",15,False,True,"{'quadrant_ur': [{'stack': [{'shape': 'square', 'color': 'cyan', 'size': 'small'}, {'shape': 'square', 'color': 'red', 'size': 'small'}]}]}"
"0/000243.png",19,True,True,"{'quadrant_ll': [{'stack': [{'shape': 'circle', 'color': 'red', 'size': 'large'}, {'shape': 'circle', 'color': 'yellow', 'size': 'large'}, {'shape': 'circle', 'color': 'green', 'size': 'large'}]}]}"
"0/000244.png",5,True,True,"{'in': [{'shape': 'square', 'color': 'blue', 'size': 'small'}]}"
"0/000245.png",5,True,True,"{'in': [{'shape': 'circle', 'color': 'blue', 'size': 'large'}]}"
"0/000246.png",1,False,True,"{'quadrant_ul': [{'shape': 'circle', 'color': 'cyan', 'size': 'large'}]}"
"0/000247.png",3,True,True,"{'quadrant_ul': [{'shape': 'square', 'color': 'red', 'size': 'small'}]}"
"0/000248.png",0,True,True,"{'quadrant_ul': [{'shape': 'triangle', 'color': 'magenta', 'size': 'large'}]}"
"0/000249.png",13,True,True,"{'side_by_side': [{'shape': 'triangle', 'color': 'green', 'size': 'small'}, {'shape': 'circle', 'color': 'cyan', 'size': 'large'}, {'shape': 'triangle', 'color': 'magenta', 'size': 'large'}, {'shape': 'triangle', 'color': 'red', 'size': 'large'}]}"
"0/000250.png",0,True,True,"{'quadrant_ur': [{'stack': [{'shape': 'triangle', 'color': 'magenta', 'size': 'large'}, {'shape': 'square', 'color': 'cyan', 'size': 'large'}]}]}"
"0/000251.png",7,True,True,"{'quadrant_lr': [{'shape': 'square', 'color': 'magenta', 'size': 'small'}]}"
"0/000252.png",7,False,True,"{'quadrant_ur': [{'shape': 'circle', 'color': 'green', 'size': 'small'}]}"
"0/000253.png",14,True,True,"{'side_by_side': [{'shape': 'triangle', 'color': 'cyan', 'size': 'large'}, {'shape': 'square', 'color': 'cyan', 'size': 'small'}, {'shape': 'circle', 'color': 'magenta', 'size': 'large'}, {'shape': 'triangle', 'color': 'red', 'size': 'small'}]}"
"0/000254.png",0,False,True,"{'quadrant_ul': [{'shape': 'circle', 'color': 'magenta', 'size': 'large'}]}"
"0/000255.png",4,False,True,"{'quadrant_ll': [{'shape': 'circle', 'color': 'blue', 'size': 'small'}]}"
"0/000256.png",17,True,True,"{'quadrant_ul': [{'stack': [{'shape': 'square', 'color': 'magenta', 'size': 'large'}, {'shape': 'square', 'color': 'yellow', 'size': 'large'}]}]}"
"0/000257.png",2,True,True,"{'quadrant_ur': [{'shape': 'circle', 'color': 'blue', 'size': 'large'}]}"
"0/000258.png",13,False,True,"{'in': [{'shape': 'triangle', 'color': 'cyan', 'size': 'large'}]}"
"0/000259.png",8,True,True,"{'side_by_side': [{'shape': 'circle', 'color': 'blue', 'size': 'small'}, {'shape': 'square', 'color': 'magenta', 'size': 'large'}, {'shape': 'circle', 'color': 'cyan', 'size': 'small'}, {'shape': 'square', 'color': 'magenta', 'size': 'large'}, {'shape': 'triangle', 'color': 'red', 'size': 'small'}]}"
"0/000260.png",15,True,True,"{'quadrant_ll': [{'stack': [{'shape': 'triangle', 'color': 'green', 'size': 'small'}, {'shape': 'square', 'color': 'red', 'size': 'small'}]}]}"
"0/000261.png",16,False,True,"{'quadrant_ul': [{'side_by_side': [{'shape': 'circle', 'color': 'cyan', 'size': 'large'}, {'shape': 'circle', 'color': 'red', 'size': 'large'}]}]}"
"0/000262.png",16,True,True,"{'in': [{'side_by_side': [{'shape': 'circle', 'color': 'cyan', 'size': 'small'}, {'shape': 'circle', 'color': 'cyan', 'size': 'small'}]}]}"
"0/000263.png",6,False,True,"{'quadrant_ll': [{'shape': 'triangle', 'color': 'yellow', 'size': 'small'}]}"
"0/000264.png",17,False,True,"{'quadrant_ur': [{'stack': [{'shape': 'square', 'color': 'cyan', 'size': 'large'}, {'shape': 'triangle', 'color': 'green', 'size': 'large'}, {'shape': 'square', 'color': 'magenta', 'size': 'large'}]}]}"
"0/000265.png",4,False,True,"{'quadrant_ll': [{'shape': 'square', 'color': 'red', 'size': 'small'}]}"
"0/000266.png",9,False,True,"{'quadrant_ul': [{'side_by_side': [{'shape': 'triangle', 'color': 'blue', 'size': 'small'}, {'shape': 'circle', 'color': 'green', 'size': 'small'}]}]}"
"0/000267.png",0,False,True,"{'quadrant_ur': [{'shape': 'square', 'color': 'magenta', 'size': 'small'}]}"
"0/000268.png",6,False,True,"{'quadrant_ll': [{'shape': 'circle', 'color': 'red', 'size': 'small'}]}"
"0/000269.png",19,False,True,"{'quadrant_ll': [{'stack': [{'shape': 'circle', 'color': 'green', 'size': 'large'}, {'shape': 'circle', 'color': 'green', 'size': 'large'}, {'shape': 'circle', 'color': 'red', 'size': 'large'}]}]}"
"0/000270.png",12,False,True,"{'side_by_side': [{'shape': 'triangle', 'color': 'green', 'size': 'large'}, {'shape': 'square', 'color': 'yellow', 'size': 'small'}, {'shape': 'triangle', 'color': 'red', 'size': 'small'}]}"
"0/000271.png",10,True,True,"{'side_by_side': [{'shape': 'square', 'color': 'red', 'size': 'small'}, {'shape': 'square', 'color': 'cyan', 'size': 'small'}, {'shape': 'triangle', 'color': 'blue', 'size': 'small'}, {'shape': 'square', 'color': 'yellow', 'size': 'small'}, {'shape': 'triangle', 'color': 'red', 'size': 'large'}]}"
"0/000272.png",8,True,True,"{'quadrant_lr': [{'shape': 'triangle', 'color': 'blue', 'size': 'small'}]}"
"0/000273.png",1,False,True,"{'quadrant_ul': [{'shape': 'triangle', 'color': 'red', 'size': 'small'}]}"
"0/000274.png",5,False,True,"{'quadrant_ul': [{'shape': 'triangle', 'color': 'cyan', 'size': 'large'}]}"
"0/000275.png",11,False,True,"{'quadrant_ur': [{'shape': 'triangle', 'color': 'yellow', 'size': 'large'}]}"
"0/000276.png",6,False,True,"{'quadrant_lr': [{'shape': 'square', 'color': 'magenta', 'size': 'large'}]}"
"0/000277.png",7,True,True,"{'in': [{'shape': 'square', 'color': 'green', 'size': 'small'}]}"
"0/000278.png",2,True,True,"{'in': [{'shape': 'circle', 'color': 'yellow', 'size': 'large'}]}"
"0/000279.png",14,True,True,"{'side_by_side': [{'shape': 'circle', 'color': 'red', 'size': 'small'}, {'shape': 'triangle', 'color': 'green', 'size': 'large'}, {'shape': 'circle', 'color': 'red', 'size': 'small'}]}"
"0/000280.png",19,False,True,"{'quadrant_ur': [{'shape': 'circle', 'color': 'green', 'size': 'large'}]}"
"0/000281.png",14,True,True,"{'side_by_side': [{'shape': 'square', 'color': 'cyan', 'size': 'large'}, {'shape': 'circle', 'color': 'yellow', 'size': 'large'}, {'shape': 'square', 'color': 'cyan', 'size': 'large'}]}"
"0/000282.png",2,True,True,"{'quadrant_ll': [{'shape': 'circle', 'color': 'magenta', 'size': 'small'}]}"
"0/000283.png",2,False,True,"{'quadrant_ll': [{'shape': 'square', 'color': 'blue', 'size': 'small'}]}"
"0/000284.png",13,True,True,"{'quadrant_ul': [{'shape': 'circle', 'color': 'yellow', 'size': 'small'}]}"
"0/000285.png",19,False,True,"{'in': [{'stack': [{'shape': 'circle', 'color': 'green', 'size': 'large'}, {'shape': 'circle', 'color': 'cyan', 'size': 'small'}, {'shape': 'circle', 'color': 'green', 'size': 'large'}]}]}"
"0/000286.png",11,True,True,"{'quadrant_ul': [{'stack_reduce_bb': [{'shape': 'triangle', 'color': 'red', 'size': 'large'}, {'shape': 'square', 'color': 'red', 'size': 'large'}]}]}"
"0/000287.png",11,True,True,"{'side_by_side': [{'shape': 'circle', 'color': 'yellow', 'size': 'small'}, {'shape': 'circle', 'color': 'yellow', 'size': 'small'}, {'shape': 'triangle', 'color': 'green', 'size': 'large'}, {'shape': 'circle', 'color': 'yellow', 'size': 'small'}, {'shape': 'square', 'color': 'blue', 'size': 'large'}, {'shape': 'triangle', 'color': 'red', 'size': 'large'}]}"
"0/000288.png",12,False,True,"{'side_by_side': [{'shape': 'square', 'color': 'yellow', 'size': 'small'}, {'shape': 'triangle', 'color': 'cyan', 'size': 'large'}, {'shape': 'triangle', 'color': 'red', 'size': 'large'}]}"
"0/000289.png",3,False,True,"{'quadrant_ur': [{'shape': 'square', 'color': 'magenta', 'size': 'large'}]}"
"0/000290.png",11,True,True,"{'quadrant_ul': [{'shape': 'circle', 'color': 'cyan', 'size': 'small'}]}"
"0/000291.png",10,True,True,"{'side_by_side': [{'shape': 'square', 'color': 'red', 'size': 'small'}, {'shape': 'square', 'color': 'magenta', 'size': 'small'}, {'shape': 'triangle', 'color': 'red', 'size': 'large'}]}"
"0/000292.png",10,True,True,"{'side_by_side': [{'shape': 'triangle', 'color': 'yellow', 'size': 'small'}, {'shape': 'triangle', 'color': 'green', 'size': 'large'}, {'shape': 'triangle', 'color': 'red', 'size': 'large'}]}"
"0/000293.png",14,False,True,"{'in': [{'shape': 'square', 'color': 'blue', 'size': 'small'}]}"
"0/000294.png",11,False,True,"{'side_by_side': [{'shape': 'triangle', 'color': 'magenta', 'size': 'large'}, {'shape': 'square', 'color': 'yellow', 'size': 'large'}, {'shape': 'triangle', 'color': 'yellow', 'size': 'small'}]}"
"0/000295.png",2,True,True,"{'quadrant_ll': [{'shape': 'circle', 'color': 'red', 'size': 'large'}]}"
"0/000296.png",13,True,True,"{'in': [{'side_by_side_reduce_bb': [{'shape': 'triangle', 'color': 'yellow', 'size': 'large'}, {'shape': 'square', 'color': 'yellow', 'size': 'small'}]}]}"
"0/000297.png",3,False,True,"{'side_by_side': [{'shape': 'square', 'color': 'yellow', 'size': 'small'}, {'shape': 'triangle', 'color': 'blue', 'size': 'large'}, {'shape': 'circle', 'color': 'yellow', 'size': 'large'}, {'shape': 'circle', 'color': 'cyan', 'size': 'small'}, {'shape': 'square', 'color': 'cyan', 'size': 'small'}]}"
"0/000298.png",18,True,True,"{'quadrant_ur': [{'side_by_side': [{'shape': 'circle', 'color': 'yellow', 'size': 'small'}, {'shape': 'circle', 'color': 'yellow', 'size': 'small'}]}]}"
"0/000299.png",19,False,True,"{'quadrant_ul': [{'stack': [{'shape': 'circle', 'color': 'magenta', 'size': 'small'}, {'shape': 'circle', 'color': 'red', 'size': 'small'}, {'shape': 'circle', 'color': 'magenta', 'size': 'large'}]}]}"
"0/000300.png",0,False,True,"{'quadrant_lr': [{'shape': 'square', 'color': 'green', 'size': 'small'}]}"
"0/000301.png",15,True,True,"{'quadrant_lr': [{'shape': 'triangle', 'color': 'red', 'size': 'small'}]}"
"0/000302.png",6,False,True,"{'quadrant_ul': [{'shape': 'square', 'color': 'magenta', 'size': 'large'}]}"
"0/000303.png",0,True,True,"{'quadrant_ur': [{'shape': 'triangle', 'color': 'blue', 'size': 'small'}]}"
"0/000304.png",10,False,True,"{'quadrant_ul': [{'stack': [{'shape': 'square', 'color': 'magenta', 'size': 'large'}, {'shape': 'circle', 'color': 'magenta', 'size': 'large'}]}]}"
"0/000305.png",3,False,True,"{'quadrant_ur': [{'shape': 'circle', 'color': 'cyan', 'size': 'large'}]}"
"0/000306.png",13,True,True,"{'in': [{'stack': [{'shape': 'triangle', 'color': 'green', 'size': 'large'}, {'shape': 'square', 'color': 'green', 'size': 'small'}]}]}"
"0/000307.png",6,True,True,"{'quadrant_ur': [{'shape': 'circle', 'color': 'yellow', 'size': 'large'}]}"
"0/000308.png",6,False,True,"{'quadrant_ul': [{'shape': 'square', 'color': 'red', 'size': 'large'}]}"
"0/000309.png",11,False,True,"{'side_by_side': [{'shape': 'square', 'color': 'blue', 'size': 'large'}, {'shape': 'triangle', 'color': 'red', 'size': 'small'}, {'shape': 'circle', 'color': 'blue', 'size': 'large'}, {'shape': 'circle', 'color': 'magenta', 'size': 'large'}]}"
"0/000310.png",17,False,True,"{'in': [{'stack': [{'shape': 'circle', 'color': 'yellow', 'size': 'small'}, {'shape': 'square', 'color': 'red', 'size': 'small'}, {'shape': 'triangle', 'color': 'green', 'size': 'small'}]}]}"
"0/000311.png",19,False,True,"{'quadrant_ur': [{'stack': [{'shape': 'circle', 'color': 'blue', 'size': 'large'}, {'shape': 'circle', 'color': 'red', 'size': 'large'}, {'shape': 'circle', 'color': 'yellow', 'size': 'large'}]}]}"
"0/000312.png",18,True,True,"{'in': [{'side_by_side': [{'shape': 'square', 'color': 'red', 'size': 'large'}, {'shape': 'square', 'color': 'green', 'size': 'large'}]}]}"
"0/000313.png",2,True,True,"{'quadrant_ur': [{'shape': 'circle', 'color': 'green', 'size': 'small'}]}"
"0/000314.png",16,True,True,"{'quadrant_lr': [{'side_by_side': [{'shape': 'circle', 'color': 'blue', 'size': 'small'}, {'shape': 'circle', 'color': 'blue', 'size': 'small'}]}]}"
"0/000315.png",7,True,True,"{'quadrant_ll': [{'stack': [{'shape': 'circle', 'color': 'red', 'size': 'small'}, {'shape': 'circle', 'color': 'yellow', 'size': 'small'}, {'shape': 'circle', 'color': 'green', 'size': 'small'}]}]}"
"0/000316.png",10,True,True,"{'side_by_side': [{'shape': 'square', 'color': 'yellow', 'size': 'large'}, {'shape': 'triangle', 'color': 'green', 'size': 'small'}, {'shape': 'triangle', 'color': 'red', 'size': 'small'}]}"
"0/000317.png",5,True,True,"{'quadrant_ur': [{'shape': 'square', 'color': 'blue', 'size': 'large'}]}"
"0/000318.png",17,False,True,"{'quadrant_lr': [{'stack': [{'shape': 'triangle', 'color': 'cyan', 'size': 'large'}, {'shape': 'square', 'color': 'blue', 'size': 'large'}, {'shape': 'square', 'color': 'red', 'size': 'large'}]}]}"
"0/000319.png",5,True,True,"{'quadrant_ul': [{'shape': 'square', 'color': 'blue', 'size': 'large'}]}"
"0/000320.png",3,False,True,"{'in': [{'shape': 'circle', 'color': 'cyan', 'size': 'large'}]}"
"0/000321.png",11,True,True,"{'side_by_side': [{'shape': 'triangle', 'color': 'green', 'size': 'small'}, {'shape': 'triangle', 'color': 'blue', 'size': 'large'}, {'shape': 'circle', 'color': 'green', 'size': 'large'}, {'shape': 'triangle', 'color': 'red', 'size': 'large'}]}"
"0/000322.png",11,True,True,"{'side_by_side': [{'shape': 'circle', 'color': 'magenta', 'size': 'small'}, {'shape': 'circle', 'color': 'blue', 'size': 'small'}, {'shape': 'triangle', 'color': 'blue', 'size': 'small'}, {'shape': 'triangle', 'color': 'red', 'size': 'large'}]}"
"0/000323.png",5,False,True,"{'quadrant_ll': [{'stack_reduce_bb': [{'shape': 'triangle', 'color': 'green', 'size': 'small'}, {'shape': 'circle', 'color': 'magenta', 'size': 'large'}]}]}"
"0/000324.png",17,True,True,"{'side_by_side': [{'shape': 'circle', 'color': 'green', 'size': 'large'}, {'shape': 'square', 'color': 'green', 'size': 'large'}, {'shape': 'circle', 'color': 'green', 'size': 'large'}]}"
"0/000325.png",5,False,True,"{'quadrant_ul': [{'shape': 'square', 'color': 'cyan', 'size': 'large'}]}"
"0/000326.png",19,False,True,"{'quadrant_lr': [{'stack': [{'shape': 'circle', 'color': 'cyan', 'size': 'large'}, {'shape': 'circle', 'color': 'blue', 'size': 'large'}, {'shape': 'circle', 'color': 'blue', 'size': 'large'}]}]}"
"0/000327.png",4,False,True,"{'quadrant_ur': [{'shape': 'circle', 'color': 'yellow', 'size': 'small'}]}"
"0/000328.png",13,False,True,"{'quadrant_ll': [{'shape': 'square', 'color': 'yellow', 'size': 'small'}]}"
"0/000329.png",15,False,True,"{'quadrant_ll': [{'stack': [{'shape': 'square', 'color': 'cyan', 'size': 'large'}, {'shape': 'square', 'color': 'magenta', 'size': 'large'}]}]}"
"0/000330.png",18,False,True,"{'quadrant_ur': [{'side_by_side': [{'shape': 'triangle', 'color': 'red', 'size': 'small'}, {'shape': 'circle', 'color': 'magenta', 'size': 'large'}, {'shape': 'square', 'color': 'red', 'size': 'large'}]}]}"
"0/000331.png",0,False,True,"{'quadrant_lr': [{'shape': 'square', 'color': 'red', 'size': 'large'}]}"
"0/000332.png",2,True,True,"{'quadrant_ll': [{'shape': 'circle', 'color': 'cyan', 'size': 'small'}]}"
"0/000333.png",4,False,True,"{'quadrant_ul': [{'stack': [{'shape': 'circle', 'color': 'cyan', 'size': 'large'}, {'shape': 'square', 'color': 'blue', 'size': 'small'}, {'shape': 'square', 'color': 'magenta', 'size': 'large'}]}]}"
"0/000334.png",13,False,True,"{'quadrant_ur': [{'side_by_side': [{'shape': 'square', 'color': 'cyan', 'size': 'small'}, {'shape': 'circle', 'color': 'cyan', 'size': 'small'}]}]}"
"0/000335.png",13,False,True,"{'quadrant_ll': [{'stack': [{'shape': 'circle', 'color': 'magenta', 'size': 'large'}, {'shape': 'circle', 'color': 'cyan', 'size': 'large'}, {'shape': 'circle', 'color': 'yellow', 'size': 'large'}]}]}"
"0/000336.png",12,True,True,"{'side_by_side': [{'shape': 'triangle', 'color': 'green', 'size': 'large'}, {'shape': 'triangle', 'color': 'green', 'size': 'large'}, {'shape': 'circle', 'color': 'blue', 'size': 'large'}, {'shape': 'square', 'color': 'blue', 'size': 'large'}, {'shape': 'triangle', 'color': 'blue', 'size': 'small'}, {'shape': 'triangle', 'color': 'red', 'size': 'small'}]}"
"0/000337.png",1,True,True,"{'quadrant_ll': [{'shape': 'triangle', 'color': 'cyan', 'size': 'large'}]}"
"0/000338.png",18,False,True,"{'quadrant_lr': [{'side_by_side': [{'shape': 'circle', 'color': 'blue', 'size': 'small'}, {'shape': 'circle', 'color': 'magenta', 'size': 'small'}]}]}"
"0/000339.png",13,True,True,"{'quadrant_ll': [{'diag_ll_ur': [{'shape': 'triangle', 'color': 'yellow', 'size': 'small'}, {'shape': 'square', 'color': 'yellow', 'size': 'large'}]}]}"
"0/000340.png",19,False,True,"{'quadrant_ur': [{'shape': 'circle', 'color': 'yellow', 'size': 'small'}]}"
"0/000341.png",6,True,True,"{'quadrant_ul': [{'shape': 'triangle', 'color': 'yellow', 'size': 'large'}]}"
"0/000342.png",18,True,True,"{'quadrant_ul': [{'side_by_side': [{'shape': 'square', 'color': 'green', 'size': 'large'}, {'shape': 'square', 'color': 'yellow', 'size': 'large'}]}]}"
"0/000343.png",12,True,True,"{'side_by_side': [{'shape': 'circle', 'color': 'green', 'size': 'large'}, {'shape': 'triangle', 'color': 'blue', 'size': 'small'}, {'shape': 'circle', 'color': 'blue', 'size': 'small'}, {'shape': 'triangle', 'color': 'red', 'size': 'large'}, {'shape': 'circle', 'color': 'red', 'size': 'small'}, {'shape': 'triangle', 'color': 'red', 'size': 'large'}]}"
"0/000344.png",0,False,True,"{'quadrant_ur': [{'shape': 'circle', 'color': 'blue', 'size': 'large'}]}"
"0/000345.png",3,False,True,"{'quadrant_lr': [{'shape': 'square', 'color': 'blue', 'size': 'small'}]}"
"0/000346.png",0,True,True,"{'side_by_side': [{'shape': 'circle', 'color': 'green', 'size': 'large'}, {'shape': 'square', 'color': 'yellow', 'size': 'small'}, {'shape': 'triangle', 'color': 'yellow', 'size': 'small'}, {'shape': 'triangle', 'color': 'red', 'size': 'small'}]}"
"0/000347.png",3,False,True,"{'quadrant_ul': [{'stack': [{'shape': 'triangle', 'color': 'magenta', 'size': 'small'}, {'shape': 'triangle', 'color': 'yellow', 'size': 'small'}, {'shape': 'circle', 'color': 'cyan', 'size': 'small'}]}]}"
"0/000348.png",17,False,True,"{'quadrant_ul': [{'shape': 'triangle', 'color': 'yellow', 'size': 'large'}]}"
"0/000349.png",15,True,True,"{'in': [{'side_by_side': [{'shape': 'triangle', 'color': 'blue', 'size': 'small'}, {'shape': 'square', 'color': 'blue', 'size': 'large'}]}]}"
"0/000350.png",5,True,True,"{'quadrant_ul': [{'shape': 'circle', 'color': 'magenta', 'size': 'large'}]}"
"0/000351.png",10,True,True,"{'quadrant_lr': [{'shape': 'circle', 'color': 'magenta', 'size': 'small'}]}"
"0/000352.png",15,True,True,"{'quadrant_ul': [{'stack': [{'shape': 'triangle', 'color': 'green', 'size': 'small'}, {'shape': 'square', 'color': 'cyan', 'size': 'small'}]}]}"
"0/000353.png",10,False,True,"{'side_by_side': [{'shape': 'square', 'color': 'red', 'size': 'large'}, {'shape': 'square', 'color': 'red', 'size': 'large'}, {'shape': 'circle', 'color': 'cyan', 'size': 'small'}, {'shape': 'square', 'color': 'yellow', 'size': 'small'}]}"
"0/000354.png",13,False,True,"{'quadrant_ul': [{'shape': 'square', 'color': 'magenta', 'size': 'large'}]}"
"0/000355.png",1,False,True,"{'quadrant_ll': [{'shape': 'circle', 'color': 'yellow', 'size': 'small'}]}"
"0/000356.png",16,False,True,"{'side_by_side': [{'shape': 'triangle', 'color': 'red', 'size': 'small'}, {'shape': 'circle', 'color': 'cyan', 'size': 'large'}, {'shape': 'square', 'color': 'magenta', 'size': 'large'}, {'shape': 'square', 'color': 'cyan', 'size': 'small'}, {'shape': 'triangle', 'color': 'red', 'size': 'small'}, {'shape': 'triangle', 'color': 'red', 'size': 'large'}]}"
"0/000357.png",18,True,True,"{'quadrant_ul': [{'side_by_side': [{'shape': 'square', 'color': 'red', 'size': 'large'}, {'shape': 'square', 'color': 'green', 'size': 'large'}]}]}"
"0/000358.png",10,True,True,"{'quadrant_ur': [{'stack': [{'shape': 'triangle', 'color': 'blue', 'size': 'large'}, {'shape': 'square', 'color': 'red', 'size': 'large'}]}]}"
"0/000359.png",11,True,True,"{'side_by_side': [{'shape': 'triangle', 'color': 'red', 'size': 'small'}, {'shape': 'circle', 'color': 'cyan', 'size': 'large'}, {'shape': 'triangle', 'color': 'blue', 'size': 'small'}, {'shape': 'square', 'color': 'red', 'size': 'large'}, {'shape': 'triangle', 'color': 'yellow', 'size': 'small'}, {'shape': 'triangle', 'color': 'red', 'size': 'small'}]}"
"0/000360.png",15,False,True,"{'quadrant_ur': [{'stack': [{'shape': 'circle', 'color': 'cyan', 'size': 'small'}, {'shape': 'square', 'color': 'yellow', 'size': 'small'}]}]}"
"0/000361.png",12,False,True,"{'side_by_side': [{'shape': 'circle', 'color': 'yellow', 'size': 'small'}, {'shape': 'square', 'color': 'cyan', 'size': 'large'}, {'shape': 'square', 'color': 'magenta', 'size': 'large'}, {'shape': 'triangle', 'color': 'yellow', 'size': 'small'}, {'shape': 'square', 'color': 'magenta', 'size': 'large'}, {'shape': 'triangle', 'color': 'red', 'size': 'small'}]}"
"0/000362.png",16,False,True,"{'quadrant_ll': [{'side_by_side': [{'shape': 'triangle', 'color': 'cyan', 'size': 'large'}, {'shape': 'circle', 'color': 'green', 'size': 'large'}]}]}"
"0/000363.png",9,False,True,"{'side_by_side': [{'shape': 'triangle', 'color': 'magenta', 'size': 'small'}, {'shape': 'square', 'color': 'blue', 'size': 'large'}]}"
"0/000364.png",6,False,True,"{'quadrant_lr': [{'stack': [{'shape': 'circle', 'color': 'green', 'size': 'large'}, {'shape': 'circle', 'color': 'magenta', 'size': 'small'}, {'shape': 'circle', 'color': 'blue', 'size': 'large'}]}]}"
"0/000365.png",0,False,True,"{'quadrant_ur': [{'shape': 'circle', 'color': 'green', 'size': 'small'}]}"
"0/000366.png",13,False,True,"{'in': [{'diag_ul_lr': [{'shape': 'square', 'color': 'magenta', 'size': 'small'}, {'shape': 'circle', 'color': 'green', 'size': 'large'}]}]}"
"0/000367.png",17,False,True,"{'quadrant_lr': [{'stack': [{'shape': 'triangle', 'color': 'magenta', 'size': 'large'}, {'shape': 'circle', 'color': 'green', 'size': 'small'}, {'shape': 'circle', 'color': 'cyan', 'size': 'large'}]}]}"
"0/000368.png",2,False,True,"{'quadrant_lr': [{'shape': 'square', 'color': 'green', 'size': 'small'}]}"
"0/000369.png",12,True,True,"{'side_by_side': [{'shape': 'circle', 'color': 'cyan', 'size': 'small'}, {'shape': 'circle', 'color': 'red', 'size': 'large'}, {'shape': 'circle', 'color': 'blue', 'size': 'large'}, {'shape': 'triangle', 'color': 'red', 'size': 'small'}]}"
"0/000370.png",19,False,True,"{'quadrant_lr': [{'stack': [{'shape': 'circle', 'color': 'blue', 'size': 'small'}, {'shape': 'circle', 'color': 'green', 'size': 'large'}, {'shape': 'circle', 'color': 'magenta', 'size': 'large'}]}]}"
"0/000371.png",16,False,True,"{'in': [{'side_by_side': [{'shape': 'circle', 'color': 'green', 'size': 'small'}, {'shape': 'triangle', 'color': 'yellow', 'size': 'small'}]}]}"
"0/000372.png",11,True,True,"{'quadrant_ll': [{'side_by_side': [{'shape': 'circle', 'color': 'blue', 'size': 'large'}, {'shape': 'circle', 'color': 'blue', 'size': 'large'}]}]}"
"0/000373.png",18,True,True,"{'in': [{'side_by_side': [{'shape': 'square', 'color': 'magenta', 'size': 'small'}, {'shape': 'square', 'color': 'green', 'size': 'small'}]}]}"
"0/000374.png",3,False,True,"{'quadrant_ul': [{'shape': 'square', 'color': 'cyan', 'size': 'large'}]}"
"0/000375.png",16,False,True,"{'quadrant_ul': [{'side_by_side': [{'shape': 'circle', 'color': 'red', 'size': 'small'}, {'shape': 'square', 'color': 'red', 'size': 'small'}]}]}"
"0/000376.png",6,False,True,"{'quadrant_ur': [{'shape': 'triangle', 'color': 'yellow', 'size': 'large'}]}"
"0/000377.png",15,True,True,"{'quadrant_lr': [{'stack': [{'shape': 'triangle', 'color': 'yellow', 'size': 'small'}, {'shape': 'square', 'color': 'green', 'size': 'small'}]}]}"
"0/000378.png",0,True,True,"{'quadrant_ur': [{'shape': 'triangle', 'color': 'cyan', 'size': 'small'}]}"
"0/000379.png",4,True,True,"{'quadrant_lr': [{'shape': 'triangle', 'color': 'green', 'size': 'large'}]}"
"0/000380.png",14,False,True,"{'side_by_side': [{'shape': 'square', 'color': 'green', 'size': 'large'}, {'shape': 'circle', 'color': 'blue', 'size': 'large'}, {'shape': 'triangle', 'color': 'red', 'size': 'large'}, {'shape': 'circle', 'color': 'yellow', 'size': 'large'}, {'shape': 'square', 'color': 'blue', 'size': 'small'}, {'shape': 'triangle', 'color': 'blue', 'size': 'small'}]}"
"0/000381.png",2,True,True,"{'in': [{'shape': 'circle', 'color': 'cyan', 'size': 'large'}]}"
"0/000382.png",15,True,True,"{'quadrant_ul': [{'stack': [{'shape': 'triangle', 'color': 'cyan', 'size': 'small'}, {'shape': 'square', 'color': 'red', 'size': 'small'}]}]}"
"0/000383.png",0,False,True,"{'in': [{'shape': 'circle', 'color': 'red', 'size': 'small'}]}"
"0/000384.png",18,False,True,"{'quadrant_ll': [{'side_by_side': [{'shape': 'square', 'color': 'cyan', 'size': 'small'}, {'shape': 'circle', 'color': 'magenta', 'size': 'small'}, {'shape': 'circle', 'color': 'yellow', 'size': 'large'}]}]}"
"0/000385.png",8,False,True,"{'quadrant_lr': [{'shape': 'triangle', 'color': 'magenta', 'size': 'small'}]}"
"0/000386.png",15,True,True,"{'in': [{'stack': [{'shape': 'triangle', 'color': 'magenta', 'size': 'large'}, {'shape': 'square', 'color': 'magenta', 'size': 'large'}]}]}"
"0/000387.png",0,True,True,"{'quadrant_lr': [{'shape': 'triangle', 'color': 'cyan', 'size': 'large'}]}"
"0/000388.png",3,False,True,"{'quadrant_ur': [{'shape': 'circle', 'color': 'green', 'size': 'small'}]}"
"0/000389.png",6,True,True,"{'in': [{'shape': 'triangle', 'color': 'cyan', 'size': 'large'}]}"
"0/000390.png",9,True,True,"{'side_by_side': [{'shape': 'square', 'color': 'green', 'size': 'large'}, {'shape': 'triangle', 'color': 'red', 'size': 'small'}]}"
"0/000391.png",1,True,True,"{'quadrant_ll': [{'shape': 'square', 'color': 'red', 'size': 'small'}]}"
"0/000392.png",8,True,True,"{'quadrant_ur': [{'shape': 'triangle', 'color': 'yellow', 'size': 'large'}]}"
"0/000393.png",14,False,True,"{'side_by_side': [{'shape': 'triangle', 'color': 'red', 'size': 'large'}, {'shape': 'triangle', 'color': 'red', 'size': 'large'}, {'shape': 'circle', 'color': 'green', 'size': 'large'}]}"
"0/000394.png",0,True,True,"{'quadrant_lr': [{'shape': 'triangle', 'color': 'red', 'size': 'small'}]}"
"0/000395.png",3,False,True,"{'in': [{'shape': 'circle', 'color': 'green', 'size': 'large'}]}"
"0/000396.png",0,False,True,"{'quadrant_ul': [{'shape': 'circle', 'color': 'magenta', 'size': 'small'}]}"
"0/000397.png",2,True,True,"{'quadrant_ll': [{'shape': 'circle', 'color': 'cyan', 'size': 'large'}]}"
"0/000398.png",7,False,True,"{'quadrant_ul': [{'shape': 'circle', 'color': 'red', 'size': 'large'}]}"
"0/000399.png",3,False,True,"{'quadrant_lr': [{'shape': 'circle', 'color': 'blue', 'size': 'large'}]}"
"0/000400.png",6,False,True,"{'quadrant_ll': [{'shape': 'square', 'color': 'red', 'size': 'small'}]}"
"0/000401.png",18,True,True,"{'quadrant_lr': [{'side_by_side': [{'shape': 'square', 'color': 'magenta', 'size': 'small'}, {'shape': 'square', 'color': 'green', 'size': 'small'}]}]}"
"0/000402.png",5,False,True,"{'quadrant_ur': [{'shape': 'square', 'color': 'yellow', 'size': 'small'}]}"
"0/000403.png",5,False,True,"{'quadrant_lr': [{'shape': 'square', 'color': 'yellow', 'size': 'large'}]}"
"0/000404.png",12,True,True,"{'side_by_side': [{'shape': 'square', 'color': 'blue', 'size': 'small'}, {'shape': 'square', 'color': 'cyan', 'size': 'small'}, {'shape': 'triangle', 'color': 'red', 'size': 'large'}]}"
"0/000405.png",11,True,True,"{'side_by_side': [{'shape': 'circle', 'color': 'magenta', 'size': 'small'}, {'shape': 'square', 'color': 'green', 'size': 'large'}, {'shape': 'circle', 'color': 'green', 'size': 'small'}, {'shape': 'circle', 'color': 'red', 'size': 'large'}, {'shape': 'triangle', 'color': 'red', 'size': 'small'}]}"
"0/000406.png",13,True,True,"{'quadrant_ul': [{'stack_reduce_bb': [{'shape': 'triangle', 'color': 'blue', 'size': 'small'}, {'shape': 'square', 'color': 'blue', 'size': 'large'}]}]}"
"0/000407.png",4,True,True,"{'quadrant_ul': [{'shape': 'circle', 'color': 'green', 'size': 'small'}]}"
"0/000408.png",10,True,True,"{'side_by_side': [{'shape': 'square', 'color': 'cyan', 'size': 'large'}, {'shape': 'square', 'color': 'red', 'size': 'small'}, {'shape': 'circle', 'color': 'green', 'size': 'small'}, {'shape': 'triangle', 'color': 'red', 'size': 'small'}]}"
"0/000409.png",18,False,True,"{'quadrant_lr': [{'stack': [{'shape': 'circle', 'color': 'cyan', 'size': 'large'}, {'shape': 'circle', 'color': 'cyan', 'size': 'small'}, {'shape': 'circle', 'color': 'magenta', 'size': 'large'}]}]}"
"0/000410.png",1,False,True,"{'quadrant_ur': [{'shape': 'circle', 'color': 'green', 'size': 'small'}]}"
"0/000411.png",8,False,True,"{'quadrant_lr': [{'shape': 'triangle', 'color': 'red', 'size': 'small'}]}"
"0/000412.png",17,True,True,"{'quadrant_ll': [{'stack': [{'shape': 'square', 'color': 'cyan', 'size': 'large'}, {'shape': 'square', 'color': 'green', 'size': 'large'}, {'shape': 'square', 'color': 'green', 'size': 'large'}]}]}"
"0/000413.png",17,True,True,"{'in': [{'stack': [{'shape': 'square', 'color': 'green', 'size': 'large'}, {'shape': 'square', 'color': 'blue', 'size': 'large'}, {'shape': 'square', 'color': 'blue', 'size': 'large'}]}]}"
"0/000414.png",2,True,True,"{'in': [{'shape': 'circle', 'color': 'green', 'size': 'small'}]}"
"0/000415.png",6,False,True,"{'quadrant_ul': [{'side_by_side': [{'shape': 'square', 'color': 'green', 'size': 'small'}, {'shape': 'circle', 'color': 'red', 'size': 'small'}]}]}"
"0/000416.png",10,True,True,"{'side_by_side': [{'shape': 'circle', 'color': 'yellow', 'size': 'large'}, {'shape': 'square', 'color': 'blue', 'size': 'small'}, {'shape': 'triangle', 'color': 'red', 'size': 'small'}]}"
"0/000417.png",9,True,True,"{'side_by_side': [{'shape': 'triangle', 'color': 'green', 'size': 'large'}, {'shape': 'triangle', 'color': 'red', 'size': 'large'}]}"
"0/000418.png",5,True,True,"{'quadrant_ul': [{'shape': 'triangle', 'color': 'blue', 'size': 'large'}]}"
"0/000419.png",8,False,True,"{'quadrant_ur': [{'shape': 'square', 'color': 'red', 'size': 'small'}]}"
"0/000420.png",6,True,True,"{'side_by_side': [{'shape': 'square', 'color': 'blue', 'size': 'large'}, {'shape': 'square', 'color': 'red', 'size': 'small'}, {'shape': 'circle', 'color': 'cyan', 'size': 'small'}, {'shape': 'circle', 'color': 'red', 'size': 'small'}, {'shape': 'triangle', 'color': 'red', 'size': 'small'}]}"
"0/000421.png",4,True,True,"{'quadrant_ur': [{'shape': 'circle', 'color': 'green', 'size': 'large'}]}"
"0/000422.png",1,True,True,"{'quadrant_ur': [{'shape': 'square', 'color': 'yellow', 'size': 'small'}]}"
"0/000423.png",10,True,True,"{'side_by_side': [{'shape': 'circle', 'color': 'cyan', 'size': 'small'}, {'shape': 'circle', 'color': 'blue', 'size': 'large'}, {'shape': 'square', 'color': 'yellow', 'size': 'small'}, {'shape': 'square', 'color': 'cyan', 'size': 'large'}, {'shape': 'square', 'color': 'green', 'size': 'small'}, {'shape': 'triangle', 'color': 'red', 'size': 'large'}]}"
"0/000424.png",9,True,True,"{'quadrant_ul': [{'shape': 'square', 'color': 'cyan', 'size': 'small'}]}"
"0/000425.png",3,True,True,"{'quadrant_ul': [{'side_by_side': [{'shape': 'square', 'color': 'cyan', 'size': 'small'}, {'shape': 'square', 'color': 'blue', 'size': 'small'}, {'shape': 'square', 'color': 'cyan', 'size': 'small'}]}]}"
"0/000426.png",19,True,True,"{'side_by_side': [{'shape': 'square', 'color': 'blue', 'size': 'large'}, {'shape': 'square', 'color': 'magenta', 'size': 'small'}, {'shape': 'circle', 'color': 'magenta', 'size': 'large'}, {'shape': 'triangle', 'color': 'cyan', 'size': 'small'}, {'shape': 'triangle', 'color': 'cyan', 'size': 'large'}, {'shape': 'triangle', 'color': 'red', 'size': 'large'}]}"
"0/000427.png",10,True,True,"{'side_by_side': [{'shape': 'square', 'color': 'blue', 'size': 'small'}, {'shape': 'circle', 'color': 'blue', 'size': 'small'}, {'shape': 'square', 'color': 'red', 'size': 'small'}, {'shape': 'triangle', 'color': 'red', 'size': 'large'}]}"
"0/000428.png",6,False,True,"{'quadrant_lr': [{'stack': [{'shape': 'square', 'color': 'yellow', 'size': 'large'}, {'shape': 'triangle', 'color': 'red', 'size': 'small'}]}]}"
"0/000429.png",19,True,True,"{'quadrant_ul': [{'stack': [{'shape': 'square', 'color': 'cyan', 'size': 'large'}, {'shape': 'square', 'color': 'red', 'size': 'large'}]}]}"
"0/000430.png",17,False,True,"{'quadrant_ur': [{'stack': [{'shape': 'triangle', 'color': 'cyan', 'size': 'large'}, {'shape': 'triangle', 'color': 'red', 'size': 'large'}]}]}"
"0/000431.png",12,True,True,"{'side_by_side': [{'shape': 'circle', 'color': 'blue', 'size': 'large'}, {'shape': 'triangle', 'color': 'magenta', 'size': 'large'}, {'shape': 'circle', 'color': 'yellow', 'size': 'large'}, {'shape': 'triangle', 'color': 'red', 'size': 'large'}]}"
"0/000432.png",5,False,True,"{'quadrant_ur': [{'shape': 'circle', 'color': 'magenta', 'size': 'large'}]}"
"0/000433.png",5,False,True,"{'quadrant_ll': [{'shape': 'square', 'color': 'green', 'size': 'large'}]}"
"0/000434.png",7,False,True,"{'quadrant_ll': [{'shape': 'square', 'color': 'blue', 'size': 'large'}]}"
"0/000435.png",7,True,True,"{'quadrant_ul': [{'shape': 'circle', 'color': 'magenta', 'size': 'large'}]}"
"0/000436.png",4,False,True,"{'quadrant_ul': [{'shape': 'circle', 'color': 'red', 'size': 'small'}]}"
"0/000437.png",6,True,True,"{'quadrant_lr': [{'shape': 'circle', 'color': 'cyan', 'size': 'large'}]}"
"0/000438.png",18,True,True,"{'quadrant_ur': [{'side_by_side': [{'shape': 'square', 'color': 'blue', 'size': 'small'}, {'shape': 'square', 'color': 'blue', 'size': 'small'}]}]}"
"0/000439.png",5,True,True,"{'quadrant_ul': [{'shape': 'triangle', 'color': 'blue', 'size': 'small'}]}"
"0/000440.png",2,True,True,"{'in': [{'shape': 'circle', 'color': 'blue', 'size': 'large'}]}"
"0/000441.png",6,True,True,"{'side_by_side': [{'shape': 'square', 'color': 'blue', 'size': 'small'}, {'shape': 'triangle', 'color': 'red', 'size': 'large'}]}"
"0/000442.png",1,False,True,"{'quadrant_ll': [{'shape': 'triangle', 'color': 'magenta', 'size': 'small'}]}"
"0/000443.png",12,True,True,"{'side_by_side': [{'shape': 'square', 'color': 'yellow', 'size': 'small'}, {'shape': 'triangle', 'color': 'blue', 'size': 'large'}, {'shape': 'triangle', 'color': 'blue', 'size': 'large'}, {'shape': 'square', 'color': 'magenta', 'size': 'small'}, {'shape': 'triangle', 'color': 'red', 'size': 'large'}]}"
"0/000444.png",4,False,True,"{'quadrant_ur': [{'stack': [{'shape': 'circle', 'color': 'blue', 'size': 'small'}, {'shape': 'circle', 'color': 'red', 'size': 'small'}, {'shape': 'circle', 'color': 'green', 'size': 'large'}]}]}"
"0/000445.png",12,False,True,"{'quadrant_ll': [{'stack': [{'shape': 'circle', 'color': 'yellow', 'size': 'large'}, {'shape': 'triangle', 'color': 'red', 'size': 'small'}, {'shape': 'square', 'color': 'yellow', 'size': 'small'}]}]}"
"0/000446.png",16,False,True,"{'quadrant_ur': [{'side_by_side': [{'shape': 'triangle', 'color': 'magenta', 'size': 'large'}, {'shape': 'circle', 'color': 'blue', 'size': 'small'}]}]}"
"0/000447.png",6,False,True,"{'in': [{'shape': 'triangle', 'color': 'yellow', 'size': 'small'}]}"
"0/000448.png",18,False,True,"{'quadrant_ll': [{'side_by_side': [{'shape': 'square', 'color': 'green', 'size': 'small'}, {'shape': 'circle', 'color': 'yellow', 'size': 'small'}, {'shape': 'circle', 'color': 'blue', 'size': 'large'}]}]}"
"0/000449.png",4,True,True,"{'side_by_side': [{'shape': 'triangle', 'color': 'cyan', 'size': 'large'}, {'shape': 'triangle', 'color': 'red', 'size': 'large'}, {'shape': 'triangle', 'color': 'cyan', 'size': 'large'}]}"
"0/000450.png",18,False,True,"{'quadrant_lr': [{'side_by_side': [{'shape': 'square', 'color': 'cyan', 'size': 'small'}, {'shape': 'circle', 'color': 'green', 'size': 'large'}, {'shape': 'triangle', 'color': 'red', 'size': 'large'}]}]}"
"0/000451.png",2,True,True,"{'quadrant_ul': [{'shape': 'circle', 'color': 'blue', 'size': 'small'}]}"
"0/000452.png",1,True,True,"{'quadrant_lr': [{'shape': 'square', 'color': 'blue', 'size': 'small'}]}"
"0/000453.png",2,False,True,"{'quadrant_ur': [{'shape': 'triangle', 'color': 'blue', 'size': 'small'}]}"
"0/000454.png",18,False,True,"{'quadrant_ur': [{'side_by_side': [{'shape': 'circle', 'color': 'red', 'size': 'small'}, {'shape': 'circle', 'color': 'green', 'size': 'large'}]}]}"
"0/000455.png",4,False,True,"{'in': [{'shape': 'square', 'color': 'yellow', 'size': 'large'}]}"
"0/000456.png",2,False,True,"{'quadrant_ur': [{'shape': 'triangle', 'color': 'magenta', 'size': 'large'}]}"
"0/000457.png",0,True,True,"{'in': [{'shape': 'triangle', 'color': 'yellow', 'size': 'large'}]}"
"0/000458.png",3,False,True,"{'quadrant_ul': [{'diag_ul_lr': [{'shape': 'triangle', 'color': 'magenta', 'size': 'small'}, {'shape': 'triangle', 'color': 'magenta', 'size': 'small'}]}]}"
"0/000459.png",16,True,True,"{'side_by_side': [{'shape': 'triangle', 'color': 'yellow', 'size': 'large'}, {'shape': 'triangle', 'color': 'red', 'size': 'large'}]}"
"0/000460.png",1,True,True,"{'side_by_side': [{'shape': 'circle', 'color': 'blue', 'size': 'large'}, {'shape': 'square', 'color': 'red', 'size': 'large'}, {'shape': 'circle', 'color': 'blue', 'size': 'large'}]}"
"0/000461.png",6,True,True,"{'quadrant_ur': [{'shape': 'triangle', 'color': 'cyan', 'size': 'small'}]}"
"0/000462.png",6,False,True,"{'quadrant_ll': [{'shape': 'square', 'color': 'red', 'size': 'large'}]}"
"0/000463.png",19,False,True,"{'quadrant_lr': [{'shape': 'circle', 'color': 'magenta', 'size': 'small'}]}"
"0/000464.png",6,False,True,"{'in': [{'shape': 'square', 'color': 'red', 'size': 'small'}]}"
"0/000465.png",0,True,True,"{'quadrant_ul': [{'shape': 'triangle', 'color': 'cyan', 'size': 'large'}]}"
"0/000466.png",4,False,True,"{'quadrant_ur': [{'shape': 'triangle', 'color': 'red', 'size': 'small'}]}"
"0/000467.png",10,True,True,"{'side_by_side': [{'shape': 'square', 'color': 'blue', 'size': 'small'}, {'shape': 'circle', 'color': 'red', 'size': 'small'}, {'shape': 'triangle', 'color': 'red', 'size': 'large'}]}"
"0/000468.png",12,False,True,"{'side_by_side': [{'shape': 'square', 'color': 'blue', 'size': 'small'}, {'shape': 'square', 'color': 'green', 'size': 'small'}, {'shape': 'square', 'color': 'blue', 'size': 'small'}, {'shape': 'circle', 'color': 'blue', 'size': 'small'}]}"
"0/000469.png",14,False,True,"{'quadrant_ll': [{'stack': [{'shape': 'circle', 'color': 'blue', 'size': 'large'}, {'shape': 'circle', 'color': 'blue', 'size': 'small'}, {'shape': 'circle', 'color': 'green', 'size': 'large'}]}]}"
"0/000470.png",3,False,True,"{'quadrant_ll': [{'shape': 'circle', 'color': 'yellow', 'size': 'small'}]}"
"0/000471.png",8,True,True,"{'side_by_side': [{'shape': 'triangle', 'color': 'yellow', 'size': 'small'}, {'shape': 'square', 'color': 'green', 'size': 'small'}, {'shape': 'square', 'color': 'blue', 'size': 'small'}, {'shape': 'circle', 'color': 'magenta', 'size': 'large'}, {'shape': 'square', 'color': 'green', 'size': 'small'}, {'shape': 'triangle', 'color': 'red', 'size': 'small'}]}"
"0/000472.png",8,True,True,"{'in': [{'shape': 'square', 'color': 'yellow', 'size': 'large'}]}"
"0/000473.png",9,True,True,"{'side_by_side': [{'shape': 'circle', 'color': 'blue', 'size': 'small'}, {'shape': 'triangle', 'color': 'red', 'size': 'large'}]}"
"0/000474.png",19,False,True,"{'quadrant_lr': [{'stack': [{'shape': 'circle', 'color': 'magenta', 'size': 'small'}, {'shape': 'circle', 'color': 'red', 'size': 'small'}, {'shape': 'circle', 'color': 'green', 'size': 'large'}]}]}"
"0/000475.png",6,False,True,"{'quadrant_ll': [{'shape': 'square', 'color': 'cyan', 'size': 'small'}]}"
"0/000476.png",1,False,True,"{'in': [{'shape': 'circle', 'color': 'yellow', 'size': 'small'}]}"
"0/000477.png",16,False,True,"{'quadrant_ll': [{'side_by_side': [{'shape': 'circle', 'color': 'magenta', 'size': 'large'}, {'shape': 'square', 'color': 'cyan', 'size': 'large'}]}]}"
"0/000478.png",19,False,True,"{'quadrant_ur': [{'stack': [{'shape': 'circle', 'color': 'red', 'size': 'large'}, {'shape': 'circle', 'color': 'magenta', 'size': 'large'}, {'shape': 'circle', 'color': 'green', 'size': 'small'}]}]}"
"0/000479.png",3,True,True,"{'quadrant_ul': [{'shape': 'circle', 'color': 'red', 'size': 'small'}]}"
"0/000480.png",2,False,True,"{'quadrant_ur': [{'shape': 'triangle', 'color': 'green', 'size': 'small'}]}"
"0/000481.png",19,True,True,"{'quadrant_ul': [{'shape': 'square', 'color': 'red', 'size': 'large'}]}"
"0/000482.png",14,True,True,"{'side_by_side': [{'shape': 'circle', 'color': 'red', 'size': 'large'}, {'shape': 'triangle', 'color': 'cyan', 'size': 'small'}, {'shape': 'circle', 'color': 'red', 'size': 'large'}]}"
"0/000483.png",17,False,True,"{'quadrant_ll': [{'stack': [{'shape': 'circle', 'color': 'red', 'size': 'large'}, {'shape': 'triangle', 'color': 'blue', 'size': 'small'}]}]}"
"0/000484.png",12,False,True,"{'side_by_side': [{'shape': 'circle', 'color': 'green', 'size': 'large'}, {'shape': 'square', 'color': 'green', 'size': 'large'}, {'shape': 'square', 'color': 'red', 'size': 'small'}, {'shape': 'circle', 'color': 'magenta', 'size': 'large'}, {'shape': 'circle', 'color': 'yellow', 'size': 'large'}, {'shape': 'triangle', 'color': 'red', 'size': 'small'}]}"
"0/000485.png",3,True,True,"{'in': [{'shape': 'square', 'color': 'red', 'size': 'small'}]}"
"0/000486.png",7,True,True,"{'quadrant_ll': [{'shape': 'square', 'color': 'magenta', 'size': 'large'}]}"
"0/000487.png",6,False,True,"{'quadrant_ur': [{'shape': 'square', 'color': 'yellow', 'size': 'small'}]}"
"0/000488.png",19,False,True,"{'quadrant_ur': [{'stack': [{'shape': 'circle', 'color': 'blue', 'size': 'large'}, {'shape': 'circle', 'color': 'cyan', 'size': 'small'}, {'shape': 'circle', 'color': 'red', 'size': 'small'}]}]}"
"0/000489.png",18,True,True,"{'quadrant_ul': [{'shape': 'triangle', 'color': 'cyan', 'size': 'large'}]}"
"0/000490.png",17,False,True,"{'quadrant_ur': [{'stack': [{'shape': 'circle', 'color': 'yellow', 'size': 'small'}, {'shape': 'square', 'color': 'green', 'size': 'large'}]}]}"
"0/000491.png",16,False,True,"{'quadrant_ul': [{'stack': [{'shape': 'triangle', 'color': 'magenta', 'size': 'small'}, {'shape': 'square', 'color': 'blue', 'size': 'large'}]}]}"
"0/000492.png",6,False,True,"{'quadrant_ur': [{'shape': 'square', 'color': 'magenta', 'size': 'small'}]}"
"0/000493.png",7,False,True,"{'quadrant_ll': [{'shape': 'square', 'color': 'yellow', 'size': 'large'}]}"
"0/000494.png",5,False,True,"{'in': [{'shape': 'triangle', 'color': 'cyan', 'size': 'small'}]}"
"0/000495.png",12,False,True,"{'quadrant_ll': [{'stack': [{'shape': 'square', 'color': 'green', 'size': 'small'}, {'shape': 'circle', 'color': 'cyan', 'size': 'large'}]}]}"
"0/000496.png",8,True,True,"{'quadrant_ll': [{'side_by_side': [{'shape': 'circle', 'color': 'green', 'size': 'small'}, {'shape': 'circle', 'color': 'green', 'size': 'small'}]}]}"
"0/000497.png",14,True,True,"{'side_by_side': [{'shape': 'square', 'color': 'blue', 'size': 'small'}, {'shape': 'triangle', 'color': 'green', 'size': 'small'}, {'shape': 'square', 'color': 'blue', 'size': 'small'}]}"
"0/000498.png",5,True,True,"{'quadrant_ur': [{'side_by_side_reduce_bb': [{'shape': 'triangle', 'color': 'cyan', 'size': 'large'}, {'shape': 'square', 'color': 'cyan', 'size': 'small'}]}]}"
"0/000499.png",19,False,True,"{'quadrant_ul': [{'stack': [{'shape': 'circle', 'color': 'green', 'size': 'small'}, {'shape': 'circle', 'color': 'cyan', 'size': 'large'}, {'shape': 'circle', 'color': 'red', 'size': 'large'}]}]}"
"0/000500.png",19,False,True,"{'quadrant_ll': [{'stack': [{'shape': 'circle', 'color': 'red', 'size': 'large'}, {'shape': 'circle', 'color': 'cyan', 'size': 'large'}, {'shape': 'circle', 'color': 'cyan', 'size': 'small'}]}]}"
"0/000501.png",12,True,True,"{'in': [{'side_by_side': [{'shape': 'square', 'color': 'blue', 'size': 'large'}, {'shape': 'square', 'color': 'green', 'size': 'large'}]}]}"
"0/000502.png",6,False,True,"{'quadrant_ul': [{'stack': [{'shape': 'circle', 'color': 'cyan', 'size': 'small'}, {'shape': 'circle', 'color': 'blue', 'size': 'large'}, {'shape': 'circle', 'color': 'magenta', 'size': 'large'}]}]}"
"0/000503.png",9,False,True,"{'quadrant_ur': [{'shape': 'circle', 'color': 'red', 'size': 'large'}]}"
"0/000504.png",7,False,True,"{'quadrant_lr': [{'shape': 'circle', 'color': 'green', 'size': 'small'}]}"
"0/000505.png",12,False,True,"{'side_by_side': [{'shape': 'circle', 'color': 'yellow', 'size': 'small'}, {'shape': 'triangle', 'color': 'yellow', 'size': 'large'}, {'shape': 'circle', 'color': 'yellow', 'size': 'small'}, {'shape': 'triangle', 'color': 'red', 'size': 'small'}, {'shape': 'triangle', 'color': 'blue', 'size': 'large'}, {'shape': 'circle', 'color': 'blue', 'size': 'large'}]}"
"0/000506.png",19,False,True,"{'quadrant_ul': [{'stack': [{'shape': 'circle', 'color': 'cyan', 'size': 'small'}, {'shape': 'circle', 'color': 'green', 'size': 'small'}, {'shape': 'circle', 'color': 'cyan', 'size': 'large'}]}]}"
"0/000507.png",1,False,True,"{'quadrant_ur': [{'shape': 'triangle', 'color': 'red', 'size': 'large'}]}"
"0/000508.png",5,False,True,"{'quadrant_ul': [{'shape': 'square', 'color': 'yellow', 'size': 'large'}]}"
"0/000509.png",17,True,True,"{'quadrant_ll': [{'shape': 'circle', 'color': 'green', 'size': 'small'}]}"
"0/000510.png",16,True,True,"{'in': [{'side_by_side': [{'shape': 'circle', 'color': 'magenta', 'size': 'large'}, {'shape': 'circle', 'color': 'magenta', 'size': 'large'}]}]}"
"0/000511.png",14,False,True,"{'quadrant_ur': [{'shape': 'square', 'color': 'red', 'size': 'small'}]}"
"0/000512.png",8,False,True,"{'side_by_side': [{'shape': 'circle', 'color': 'magenta', 'size': 'small'}, {'shape': 'triangle', 'color': 'yellow', 'size': 'large'}, {'shape': 'square', 'color': 'blue', 'size': 'large'}]}"
"0/000513.png",16,False,True,"{'quadrant_ll': [{'side_by_side': [{'shape': 'triangle', 'color': 'green', 'size': 'large'}, {'shape': 'square', 'color': 'green', 'size': 'large'}]}]}"
"0/000514.png",14,True,True,"{'side_by_side': [{'shape': 'triangle', 'color': 'magenta', 'size': 'large'}, {'shape': 'triangle', 'color': 'red', 'size': 'large'}]}"
"0/000515.png",2,True,True,"{'in': [{'shape': 'circle', 'color': 'yellow', 'size': 'small'}]}"
"0/000516.png",15,False,True,"{'quadrant_ul': [{'shape': 'square', 'color': 'green', 'size': 'large'}]}"
"0/000517.png",9,False,True,"{'in': [{'shape': 'square', 'color': 'green', 'size': 'large'}]}"
"0/000518.png",10,False,True,"{'side_by_side': [{'shape': 'triangle', 'color': 'red', 'size': 'small'}, {'shape': 'square', 'color': 'magenta', 'size': 'large'}, {'shape': 'triangle', 'color': 'magenta', 'size': 'large'}, {'shape': 'circle', 'color': 'green', 'size': 'small'}]}"
"0/000519.png",11,True,True,"{'side_by_side': [{'shape': 'square', 'color': 'yellow', 'size': 'large'}, {'shape': 'circle', 'color': 'magenta', 'size': 'small'}, {'shape': 'circle', 'color': 'magenta', 'size': 'small'}, {'shape': 'triangle', 'color': 'magenta', 'size': 'small'}, {'shape': 'triangle', 'color': 'green', 'size': 'small'}, {'shape': 'triangle', 'color': 'red', 'size': 'large'}]}"
"0/000520.png",10,False,True,"{'in': [{'shape': 'triangle', 'color': 'red', 'size': 'large'}]}"
"0/000521.png",11,False,True,"{'side_by_side': [{'shape': 'square', 'color': 'red', 'size': 'large'}, {'shape': 'square', 'color': 'blue', 'size': 'large'}, {'shape': 'circle', 'color': 'blue', 'size': 'large'}, {'shape': 'circle', 'color': 'red', 'size': 'small'}, {'shape': 'circle', 'color': 'yellow', 'size': 'large'}, {'shape': 'triangle', 'color': 'blue', 'size': 'small'}]}"
"0/000522.png",19,False,True,"{'quadrant_ul': [{'stack': [{'shape': 'triangle', 'color': 'red', 'size': 'small'}, {'shape': 'triangle', 'color': 'blue', 'size': 'large'}, {'shape': 'square', 'color': 'red', 'size': 'large'}]}]}"
"0/000523.png",11,False,True,"{'side_by_side': [{'shape': 'triangle', 'color': 'green', 'size': 'small'}, {'shape': 'triangle', 'color': 'cyan', 'size': 'small'}, {'shape': 'triangle', 'color': 'red', 'size': 'small'}, {'shape': 'triangle', 'color': 'cyan', 'size': 'small'}, {'shape': 'triangle', 'color': 'red', 'size': 'small'}]}"
"0/000524.png",13,False,True,"{'quadrant_ur': [{'diag_ll_ur': [{'shape': 'square', 'color': 'blue', 'size': 'small'}, {'shape': 'square', 'color': 'blue', 'size': 'small'}]}]}"
"0/000525.png",9,True,True,"{'side_by_side': [{'shape': 'circle', 'color': 'red', 'size': 'small'}, {'shape': 'triangle', 'color': 'red', 'size': 'large'}]}"
"0/000526.png",7,False,True,"{'quadrant_ul': [{'shape': 'circle', 'color': 'cyan', 'size': 'large'}]}"
"0/000527.png",5,True,True,"{'quadrant_lr': [{'shape': 'square', 'color': 'blue', 'size': 'large'}]}"
"0/000528.png",3,False,True,"{'quadrant_ll': [{'shape': 'triangle', 'color': 'green', 'size': 'large'}]}"
"0/000529.png",11,True,True,"{'side_by_side': [{'shape': 'triangle', 'color': 'cyan', 'size': 'large'}, {'shape': 'circle', 'color': 'yellow', 'size': 'small'}, {'shape': 'square', 'color': 'cyan', 'size': 'small'}, {'shape': 'circle', 'color': 'yellow', 'size': 'large'}, {'shape': 'triangle', 'color': 'red', 'size': 'small'}]}"
"0/000530.png",7,False,True,"{'side_by_side': [{'shape': 'circle', 'color': 'blue', 'size': 'small'}, {'shape': 'triangle', 'color': 'cyan', 'size': 'small'}]}"
"0/000531.png",13,True,True,"{'in': [{'diag_ul_lr': [{'shape': 'triangle', 'color': 'green', 'size': 'small'}, {'shape': 'square', 'color': 'green', 'size': 'large'}]}]}"
"0/000532.png",19,False,True,"{'quadrant_ul': [{'stack': [{'shape': 'circle', 'color': 'magenta', 'size': 'small'}, {'shape': 'circle', 'color': 'red', 'size': 'small'}, {'shape': 'circle', 'color': 'green', 'size': 'large'}]}]}"
"0/000533.png",0,True,True,"{'in': [{'shape': 'triangle', 'color': 'cyan', 'size': 'small'}]}"
"0/000534.png",15,False,True,"{'in': [{'stack': [{'shape': 'triangle', 'color': 'cyan', 'size': 'small'}, {'shape': 'square', 'color': 'cyan', 'size': 'large'}]}]}"
"0/000535.png",9,False,True,"{'quadrant_ul': [{'shape': 'square', 'color': 'red', 'size': 'small'}]}"
"0/000536.png",17,True,True,"{'side_by_side': [{'shape': 'circle', 'color': 'cyan', 'size': 'small'}, {'shape': 'circle', 'color': 'blue', 'size': 'large'}, {'shape': 'triangle', 'color': 'red', 'size': 'large'}]}"
"0/000537.png",10,True,True,"{'side_by_side': [{'shape': 'triangle', 'color': 'green', 'size': 'large'}, {'shape': 'square', 'color': 'yellow', 'size': 'large'}, {'shape': 'triangle', 'color': 'blue', 'size': 'small'}, {'shape': 'triangle', 'color': 'yellow', 'size': 'small'}, {'shape': 'square', 'color': 'yellow', 'size': 'small'}, {'shape': 'triangle', 'color': 'red', 'size': 'small'}]}"
"0/000538.png",0,False,True,"{'side_by_side': [{'shape': 'triangle', 'color': 'red', 'size': 'small'}, {'shape': 'triangle', 'color': 'red', 'size': 'small'}, {'shape': 'triangle', 'color': 'cyan', 'size': 'large'}]}"
"0/000539.png",11,False,True,"{'quadrant_lr': [{'shape': 'square', 'color': 'green', 'size': 'large'}]}"
"0/000540.png",7,False,True,"{'quadrant_ul': [{'shape': 'square', 'color': 'red', 'size': 'large'}]}"
"0/000541.png",8,False,True,"{'quadrant_ul': [{'shape': 'triangle', 'color': 'magenta', 'size': 'large'}]}"
"0/000542.png",19,False,True,"{'quadrant_ul': [{'stack': [{'shape': 'circle', 'color': 'red', 'size': 'large'}, {'shape': 'circle', 'color': 'cyan', 'size': 'large'}, {'shape': 'circle', 'color': 'yellow', 'size': 'small'}]}]}"
"0/000543.png",6,False,True,"{'quadrant_ur': [{'shape': 'square', 'color': 'green', 'size': 'large'}]}"
"0/000544.png",15,False,True,"{'quadrant_ul': [{'stack': [{'shape': 'triangle', 'color': 'green', 'size': 'large'}, {'shape': 'triangle', 'color': 'magenta', 'size': 'small'}]}]}"
"0/000545.png",13,True,True,"{'in': [{'side_by_side': [{'shape': 'triangle', 'color': 'green', 'size': 'small'}, {'shape': 'square', 'color': 'green', 'size': 'small'}]}]}"
"0/000546.png",12,False,True,"{'side_by_side': [{'shape': 'circle', 'color': 'cyan', 'size': 'large'}, {'shape': 'square', 'color': 'yellow', 'size': 'large'}, {'shape': 'triangle', 'color': 'yellow', 'size': 'large'}, {'shape': 'circle', 'color': 'magenta', 'size': 'small'}, {'shape': 'circle', 'color': 'yellow', 'size': 'small'}, {'shape': 'circle', 'color': 'cyan', 'size': 'small'}]}"
"0/000547.png",0,True,True,"{'quadrant_ur': [{'shape': 'triangle', 'color': 'cyan', 'size': 'large'}]}"
"0/000548.png",8,False,True,"{'in': [{'shape': 'circle', 'color': 'blue', 'size': 'large'}]}"
"0/000549.png",16,False,True,"{'in': [{'side_by_side': [{'shape': 'triangle', 'color': 'green', 'size': 'small'}, {'shape': 'square', 'color': 'cyan', 'size': 'small'}]}]}"
"0/000550.png",5,False,True,"{'quadrant_ul': [{'stack': [{'shape': 'circle', 'color': 'red', 'size': 'small'}, {'shape': 'circle', 'color': 'cyan', 'size': 'small'}]}]}"
"0/000551.png",13,False,True,"{'quadrant_ll': [{'grid': [{'shape': 'triangle', 'color': 'red', 'size': 'large'}, {'shape': 'square', 'color': 'cyan', 'size': 'large'}]}]}"
"0/000552.png",2,False,True,"{'quadrant_lr': [{'shape': 'triangle', 'color': 'blue', 'size': 'small'}]}"
"0/000553.png",19,True,True,"{'in': [{'stack': [{'shape': 'square', 'color': 'cyan', 'size': 'large'}, {'shape': 'square', 'color': 'blue', 'size': 'large'}]}]}"
"0/000554.png",16,False,True,"{'quadrant_ul': [{'shape': 'circle', 'color': 'green', 'size': 'small'}]}"
"0/000555.png",7,False,True,"{'in': [{'shape': 'circle', 'color': 'blue', 'size': 'large'}]}"
"0/000556.png",8,False,True,"{'quadrant_ur': [{'stack': [{'shape': 'circle', 'color': 'yellow', 'size': 'small'}, {'shape': 'circle', 'color': 'cyan', 'size': 'large'}, {'shape': 'circle', 'color': 'cyan', 'size': 'small'}]}]}"
"0/000557.png",13,False,True,"{'quadrant_ll': [{'shape': 'triangle', 'color': 'magenta', 'size': 'large'}]}"
"0/000558.png",13,False,True,"{'quadrant_lr': [{'side_by_side': [{'shape': 'circle', 'color': 'yellow', 'size': 'large'}, {'shape': 'square', 'color': 'yellow', 'size': 'small'}]}]}"
"0/000559.png",11,True,True,"{'side_by_side': [{'shape': 'triangle', 'color': 'magenta', 'size': 'small'}, {'shape': 'triangle', 'color': 'red', 'size': 'small'}, {'shape': 'square', 'color': 'blue', 'size': 'large'}, {'shape': 'circle', 'color': 'cyan', 'size': 'large'}, {'shape': 'triangle', 'color': 'red', 'size': 'small'}]}"
"0/000560.png",10,False,True,"{'side_by_side': [{'shape': 'square', 'color': 'green', 'size': 'small'}, {'shape': 'circle', 'color': 'blue', 'size': 'small'}, {'shape': 'circle', 'color': 'cyan', 'size': 'large'}, {'shape': 'circle', 'color': 'green', 'size': 'large'}, {'shape': 'square', 'color': 'red', 'size': 'small'}]}"
"0/000561.png",12,True,True,"{'side_by_side': [{'shape': 'circle', 'color': 'magenta', 'size': 'large'}, {'shape': 'square', 'color': 'blue', 'size': 'small'}, {'shape': 'square', 'color': 'blue', 'size': 'large'}, {'shape': 'circle', 'color': 'magenta', 'size': 'large'}, {'shape': 'triangle', 'color': 'red', 'size': 'large'}]}"
"0/000562.png",2,False,True,"{'quadrant_ur': [{'shape': 'square', 'color': 'blue', 'size': 'large'}]}"
"0/000563.png",18,False,True,"{'in': [{'side_by_side': [{'shape': 'circle', 'color': 'yellow', 'size': 'large'}, {'shape': 'triangle', 'color': 'magenta', 'size': 'small'}]}]}"
"0/000564.png",7,True,True,"{'quadrant_ul': [{'shape': 'triangle', 'color': 'magenta', 'size': 'large'}]}"
"0/000565.png",4,False,True,"{'quadrant_ul': [{'shape': 'square', 'color': 'yellow', 'size': 'large'}]}"
"0/000566.png",19,False,True,"{'quadrant_ll': [{'stack': [{'shape': 'circle', 'color': 'yellow', 'size': 'large'}, {'shape': 'circle', 'color': 'cyan', 'size': 'small'}, {'shape': 'circle', 'color': 'blue', 'size': 'large'}]}]}"
"0/000567.png",2,False,True,"{'quadrant_ll': [{'shape': 'triangle', 'color': 'green', 'size': 'large'}]}"
"0/000568.png",4,False,True,"{'quadrant_ll': [{'shape': 'triangle', 'color': 'magenta', 'size': 'small'}]}"
"0/000569.png",8,False,True,"{'quadrant_ur': [{'shape': 'triangle', 'color': 'blue', 'size': 'small'}]}"
"0/000570.png",16,False,True,"{'side_by_side': [{'shape': 'circle', 'color': 'magenta', 'size': 'large'}, {'shape': 'circle', 'color': 'magenta', 'size': 'large'}]}"
"0/000571.png",10,False,True,"{'side_by_side': [{'shape': 'triangle', 'color': 'blue', 'size': 'large'}, {'shape': 'square', 'color': 'blue', 'size': 'large'}, {'shape': 'square', 'color': 'yellow', 'size': 'large'}, {'shape': 'triangle', 'color': 'yellow', 'size': 'small'}, {'shape': 'square', 'color': 'green', 'size': 'small'}, {'shape': 'square', 'color': 'green', 'size': 'small'}]}"
"0/000572.png",4,True,True,"{'quadrant_ll': [{'stack': [{'shape': 'triangle', 'color': 'green', 'size': 'large'}, {'shape': 'square', 'color': 'yellow', 'size': 'large'}]}]}"
"0/000573.png",5,False,True,"{'side_by_side': [{'shape': 'triangle', 'color': 'yellow', 'size': 'small'}, {'shape': 'triangle', 'color': 'red', 'size': 'large'}, {'shape': 'circle', 'color': 'cyan', 'size': 'small'}, {'shape': 'triangle', 'color': 'cyan', 'size': 'small'}]}"
"0/000574.png",1,False,True,"{'quadrant_lr': [{'shape': 'circle', 'color': 'red', 'size': 'small'}]}"
"0/000575.png",9,True,True,"{'quadrant_ur': [{'shape': 'triangle', 'color': 'green', 'size': 'large'}]}"
"0/000576.png",16,False,True,"{'in': [{'shape': 'square', 'color': 'cyan', 'size': 'small'}]}"
"0/000577.png",11,True,True,"{'side_by_side': [{'shape': 'triangle', 'color': 'magenta', 'size': 'small'}, {'shape': 'circle', 'color': 'blue', 'size': 'large'}, {'shape': 'triangle', 'color': 'red', 'size': 'large'}]}"
"0/000578.png",17,False,True,"{'in': [{'stack': [{'shape': 'triangle', 'color': 'yellow', 'size': 'large'}, {'shape': 'square', 'color': 'cyan', 'size': 'small'}]}]}"
"0/000579.png",17,False,True,"{'quadrant_ll': [{'stack': [{'shape': 'square', 'color': 'green', 'size': 'large'}, {'shape': 'circle', 'color': 'green', 'size': 'small'}]}]}"
"0/000580.png",0,True,True,"{'quadrant_ur': [{'shape': 'triangle', 'color': 'yellow', 'size': 'small'}]}"
"0/000581.png",10,False,True,"{'in': [{'stack': [{'shape': 'circle', 'color': 'yellow', 'size': 'small'}, {'shape': 'circle', 'color': 'green', 'size': 'small'}, {'shape': 'circle', 'color': 'yellow', 'size': 'large'}]}]}"
"0/000582.png",18,True,True,"{'quadrant_ll': [{'side_by_side': [{'shape': 'square', 'color': 'green', 'size': 'large'}, {'shape': 'square', 'color': 'cyan', 'size': 'large'}]}]}"
"0/000583.png",18,False,True,"{'quadrant_ul': [{'side_by_side': [{'shape': 'triangle', 'color': 'blue', 'size': 'large'}, {'shape': 'square', 'color': 'cyan', 'size': 'large'}]}]}"
"0/000584.png",10,False,True,"{'side_by_side': [{'shape': 'square', 'color': 'red', 'size': 'small'}, {'shape': 'circle', 'color': 'red', 'size': 'small'}, {'shape': 'triangle', 'color': 'red', 'size': 'large'}, {'shape': 'circle', 'color': 'red', 'size': 'large'}]}"
"0/000585.png",16,True,True,"{'quadrant_ll': [{'shape': 'square', 'color': 'cyan', 'size': 'small'}]}"
"0/000586.png",12,False,True,"{'side_by_side': [{'shape': 'square', 'color': 'blue', 'size': 'large'}, {'shape': 'triangle', 'color': 'cyan', 'size': 'large'}, {'shape': 'triangle', 'color': 'cyan', 'size': 'small'}, {'shape': 'square', 'color': 'green', 'size': 'small'}]}"
"0/000587.png",14,True,True,"{'side_by_side': [{'shape': 'triangle', 'color': 'cyan', 'size': 'small'}, {'shape': 'square', 'color': 'red', 'size': 'large'}, {'shape': 'triangle', 'color': 'cyan', 'size': 'small'}]}"
"0/000588.png",4,False,True,"{'quadrant_ur': [{'shape': 'triangle', 'color': 'yellow', 'size': 'small'}]}"
"0/000589.png",15,True,True,"{'side_by_side': [{'shape': 'square', 'color': 'yellow', 'size': 'large'}, {'shape': 'square', 'color': 'yellow', 'size': 'large'}, {'shape': 'square', 'color': 'yellow', 'size': 'large'}]}"
"0/000590.png",6,False,True,"{'quadrant_ul': [{'shape': 'triangle', 'color': 'yellow', 'size': 'small'}]}"
"0/000591.png",16,False,True,"{'in': [{'side_by_side': [{'shape': 'triangle', 'color': 'green', 'size': 'small'}, {'shape': 'triangle', 'color': 'blue', 'size': 'large'}]}]}"
"0/000592.png",9,True,True,"{'side_by_side': [{'shape': 'circle', 'color': 'cyan', 'size': 'large'}, {'shape': 'circle', 'color': 'green', 'size': 'small'}, {'shape': 'circle', 'color': 'magenta', 'size': 'small'}, {'shape': 'triangle', 'color': 'red', 'size': 'small'}]}"
"0/000593.png",7,True,True,"{'in': [{'shape': 'circle', 'color': 'magenta', 'size': 'small'}]}"
"0/000594.png",18,False,True,"{'in': [{'shape': 'square', 'color': 'blue', 'size': 'large'}]}"
"0/000595.png",10,True,True,"{'quadrant_ur': [{'shape': 'circle', 'color': 'yellow', 'size': 'large'}]}"
"0/000596.png",12,False,True,"{'side_by_side': [{'shape': 'square', 'color': 'blue', 'size': 'large'}, {'shape': 'triangle', 'color': 'blue', 'size': 'large'}, {'shape': 'triangle', 'color': 'magenta', 'size': 'large'}, {'shape': 'triangle', 'color': 'yellow', 'size': 'small'}, {'shape': 'square', 'color': 'yellow', 'size': 'small'}]}"
"0/000597.png",14,True,True,"{'side_by_side': [{'shape': 'circle', 'color': 'blue', 'size': 'large'}, {'shape': 'square', 'color': 'cyan', 'size': 'small'}, {'shape': 'circle', 'color': 'blue', 'size': 'large'}]}"
"0/000598.png",19,False,True,"{'side_by_side': [{'shape': 'square', 'color': 'yellow', 'size': 'large'}, {'shape': 'triangle', 'color': 'magenta', 'size': 'large'}, {'shape': 'circle', 'color': 'green', 'size': 'large'}, {'shape': 'square', 'color': 'cyan', 'size': 'large'}, {'shape': 'circle', 'color': 'yellow', 'size': 'small'}, {'shape': 'triangle', 'color': 'yellow', 'size': 'large'}]}"
"0/000599.png",18,False,True,"{'quadrant_ul': [{'side_by_side': [{'shape': 'circle', 'color': 'cyan', 'size': 'large'}, {'shape': 'circle', 'color': 'yellow', 'size': 'large'}, {'shape': 'square', 'color': 'yellow', 'size': 'large'}]}]}"
"0/000600.png",6,False,True,"{'in': [{'shape': 'triangle', 'color': 'green', 'size': 'small'}]}"
"0/000601.png",4,False,True,"{'quadrant_lr': [{'shape': 'square', 'color': 'blue', 'size': 'large'}]}"
"0/000602.png",9,False,True,"{'side_by_side': [{'shape': 'triangle', 'color': 'blue', 'size': 'large'}, {'shape': 'square', 'color': 'magenta', 'size': 'large'}]}"
"0/000603.png",19,False,True,"{'quadrant_ll': [{'stack': [{'shape': 'circle', 'color': 'yellow', 'size': 'small'}, {'shape': 'circle', 'color': 'magenta', 'size': 'large'}, {'shape': 'circle', 'color': 'green', 'size': 'small'}]}]}"
"0/000604.png",11,False,True,"{'side_by_side': [{'shape': 'triangle', 'color': 'blue', 'size': 'small'}, {'shape': 'triangle', 'color': 'magenta', 'size': 'small'}, {'shape': 'square', 'color': 'magenta', 'size': 'small'}, {'shape': 'square', 'color': 'magenta', 'size': 'large'}, {'shape': 'triangle', 'color': 'yellow', 'size': 'small'}]}"
"0/000605.png",3,False,True,"{'quadrant_ur': [{'shape': 'square', 'color': 'cyan', 'size': 'large'}]}"
"0/000606.png",18,True,True,"{'in': [{'side_by_side': [{'shape': 'square', 'color': 'green', 'size': 'large'}, {'shape': 'square', 'color': 'cyan', 'size': 'large'}, {'shape': 'square', 'color': 'cyan', 'size': 'large'}]}]}"
"0/000607.png",11,True,True,"{'quadrant_ul': [{'shape': 'circle', 'color': 'blue', 'size': 'large'}]}"
"0/000608.png",11,True,True,"{'side_by_side': [{'shape': 'triangle', 'color': 'red', 'size': 'small'}, {'shape': 'circle', 'color': 'blue', 'size': 'small'}, {'shape': 'square', 'color': 'magenta', 'size': 'small'}, {'shape': 'triangle', 'color': 'red', 'size': 'large'}]}"
"0/000609.png",1,True,True,"{'in': [{'shape': 'square', 'color': 'red', 'size': 'small'}]}"
"0/000610.png",7,False,True,"{'side_by_side': [{'shape': 'square', 'color': 'yellow', 'size': 'small'}, {'shape': 'triangle', 'color': 'magenta', 'size': 'large'}, {'shape': 'triangle', 'color': 'red', 'size': 'small'}, {'shape': 'triangle', 'color': 'blue', 'size': 'large'}, {'shape': 'square', 'color': 'green', 'size': 'small'}, {'shape': 'circle', 'color': 'yellow', 'size': 'large'}]}"
"0/000611.png",3,True,True,"{'side_by_side': [{'shape': 'triangle', 'color': 'blue', 'size': 'small'}, {'shape': 'triangle', 'color': 'red', 'size': 'small'}, {'shape': 'triangle', 'color': 'magenta', 'size': 'large'}, {'shape': 'square', 'color': 'cyan', 'size': 'large'}, {'shape': 'square', 'color': 'magenta', 'size': 'large'}, {'shape': 'triangle', 'color': 'red', 'size': 'small'}]}"
"0/000612.png",2,False,True,"{'quadrant_ur': [{'shape': 'square', 'color': 'green', 'size': 'small'}]}"
"0/000613.png",3,True,True,"{'quadrant_ll': [{'stack': [{'shape': 'triangle', 'color': 'red', 'size': 'small'}, {'shape': 'square', 'color': 'cyan', 'size': 'small'}]}]}"
"0/000614.png",14,True,True,"{'side_by_side': [{'shape': 'circle', 'color': 'magenta', 'size': 'small'}, {'shape': 'circle', 'color': 'yellow', 'size': 'small'}, {'shape': 'square', 'color': 'yellow', 'size': 'large'}, {'shape': 'triangle', 'color': 'red', 'size': 'small'}]}"
"0/000615.png",14,False,True,"{'side_by_side': [{'shape': 'triangle', 'color': 'blue', 'size': 'small'}, {'shape': 'triangle', 'color': 'blue', 'size': 'small'}, {'shape': 'square', 'color': 'magenta', 'size': 'small'}]}"
"0/000616.png",18,False,True,"{'quadrant_lr': [{'shape': 'triangle', 'color': 'red', 'size': 'large'}]}"
"0/000617.png",9,True,True,"{'side_by_side': [{'shape': 'circle', 'color': 'cyan', 'size': 'small'}, {'shape': 'triangle', 'color': 'red', 'size': 'large'}]}"
"0/000618.png",2,True,True,"{'quadrant_lr': [{'diag_ll_ur': [{'shape': 'triangle', 'color': 'cyan', 'size': 'small'}, {'shape': 'square', 'color': 'cyan', 'size': 'small'}]}]}"
"0/000619.png",5,False,True,"{'quadrant_ll': [{'shape': 'circle', 'color': 'yellow', 'size': 'small'}]}"
"0/000620.png",13,False,True,"{'quadrant_ur': [{'shape': 'triangle', 'color': 'red', 'size': 'small'}]}"
"0/000621.png",6,False,True,"{'quadrant_ll': [{'shape': 'circle', 'color': 'yellow', 'size': 'small'}]}"
"0/000622.png",4,False,True,"{'quadrant_lr': [{'shape': 'circle', 'color': 'yellow', 'size': 'small'}]}"
"0/000623.png",6,False,True,"{'quadrant_ul': [{'shape': 'circle', 'color': 'red', 'size': 'large'}]}"
"0/000624.png",1,False,True,"{'quadrant_lr': [{'shape': 'triangle', 'color': 'blue', 'size': 'large'}]}"
"0/000625.png",7,True,True,"{'quadrant_ul': [{'shape': 'square', 'color': 'magenta', 'size': 'small'}]}"
"0/000626.png",3,False,True,"{'quadrant_ur': [{'shape': 'triangle', 'color': 'magenta', 'size': 'small'}]}"
"0/000627.png",2,False,True,"{'quadrant_lr': [{'shape': 'square', 'color': 'yellow', 'size': 'small'}]}"
"0/000628.png",13,True,True,"{'quadrant_ul': [{'stack': [{'shape': 'triangle', 'color': 'blue', 'size': 'small'}, {'shape': 'square', 'color': 'blue', 'size': 'large'}]}]}"
"0/000629.png",15,True,True,"{'quadrant_lr': [{'stack': [{'shape': 'triangle', 'color': 'cyan', 'size': 'small'}, {'shape': 'square', 'color': 'blue', 'size': 'small'}]}]}"
"0/000630.png",13,True,True,"{'in': [{'stack_reduce_bb': [{'shape': 'triangle', 'color': 'magenta', 'size': 'large'}, {'shape': 'square', 'color': 'magenta', 'size': 'large'}]}]}"
"0/000631.png",2,False,True,"{'quadrant_lr': [{'shape': 'triangle', 'color': 'green', 'size': 'large'}]}"
"0/000632.png",3,True,True,"{'quadrant_ur': [{'shape': 'square', 'color': 'red', 'size': 'large'}]}"
"0/000633.png",13,False,True,"{'quadrant_lr': [{'stack': [{'shape': 'triangle', 'color': 'magenta', 'size': 'large'}, {'shape': 'square', 'color': 'cyan', 'size': 'small'}]}]}"
"0/000634.png",17,False,True,"{'quadrant_ur': [{'stack': [{'shape': 'square', 'color': 'blue', 'size': 'small'}, {'shape': 'circle', 'color': 'magenta', 'size': 'small'}, {'shape': 'triangle', 'color': 'green', 'size': 'small'}]}]}"
"0/000635.png",0,False,True,"{'in': [{'shape': 'square', 'color': 'yellow', 'size': 'large'}]}"
"0/000636.png",17,True,True,"{'quadrant_ur': [{'stack': [{'shape': 'triangle', 'color': 'red', 'size': 'small'}, {'shape': 'square', 'color': 'blue', 'size': 'small'}]}]}"
"0/000637.png",18,True,True,"{'in': [{'side_by_side': [{'shape': 'square', 'color': 'red', 'size': 'large'}, {'shape': 'square', 'color': 'blue', 'size': 'large'}]}]}"
"0/000638.png",3,False,True,"{'quadrant_ul': [{'shape': 'square', 'color': 'cyan', 'size': 'small'}]}"
"0/000639.png",12,False,True,"{'in': [{'side_by_side': [{'shape': 'triangle', 'color': 'red', 'size': 'large'}, {'shape': 'circle', 'color': 'blue', 'size': 'small'}]}]}"
"0/000640.png",4,False,True,"{'in': [{'shape': 'triangle', 'color': 'blue', 'size': 'small'}]}"
"0/000641.png",13,True,True,"{'quadrant_ur': [{'stack_reduce_bb': [{'shape': 'triangle', 'color': 'cyan', 'size': 'large'}, {'shape': 'square', 'color': 'cyan', 'size': 'small'}]}]}"
"0/000642.png",17,True,True,"{'quadrant_ur': [{'stack': [{'shape': 'square', 'color': 'cyan', 'size': 'large'}, {'shape': 'square', 'color': 'red', 'size': 'large'}]}]}"
"0/000643.png",19,False,True,"{'side_by_side': [{'shape': 'triangle', 'color': 'red', 'size': 'large'}, {'shape': 'square', 'color': 'cyan', 'size': 'large'}, {'shape': 'square', 'color': 'green', 'size': 'small'}]}"
"0/000644.png",17,True,True,"{'quadrant_ll': [{'stack': [{'shape': 'square', 'color': 'yellow', 'size': 'small'}, {'shape': 'square', 'color': 'green', 'size': 'small'}, {'shape': 'square', 'color': 'magenta', 'size': 'small'}]}]}"
"0/000645.png",14,False,True,"{'side_by_side': [{'shape': 'square', 'color': 'cyan', 'size': 'small'}, {'shape': 'square', 'color': 'cyan', 'size': 'small'}, {'shape': 'triangle', 'color': 'blue', 'size': 'large'}]}"
"0/000646.png",16,False,True,"{'in': [{'shape': 'circle', 'color': 'cyan', 'size': 'small'}]}"
"0/000647.png",10,False,True,"{'side_by_side': [{'shape': 'circle', 'color': 'magenta', 'size': 'small'}, {'shape': 'square', 'color': 'blue', 'size': 'small'}, {'shape': 'triangle', 'color': 'magenta', 'size': 'small'}, {'shape': 'triangle', 'color': 'magenta', 'size': 'small'}, {'shape': 'triangle', 'color': 'green', 'size': 'large'}, {'shape': 'circle', 'color': 'magenta', 'size': 'small'}]}"
"0/000648.png",14,False,True,"{'quadrant_ul': [{'stack': [{'shape': 'circle', 'color': 'red', 'size': 'large'}, {'shape': 'circle', 'color': 'cyan', 'size': 'small'}]}]}"
"0/000649.png",19,False,True,"{'quadrant_lr': [{'stack': [{'shape': 'circle', 'color': 'yellow', 'size': 'large'}, {'shape': 'circle', 'color': 'green', 'size': 'small'}, {'shape': 'circle', 'color': 'red', 'size': 'large'}]}]}"
"0/000650.png",18,False,True,"{'side_by_side': [{'shape': 'triangle', 'color': 'magenta', 'size': 'large'}, {'shape': 'triangle', 'color': 'blue', 'size': 'small'}, {'shape': 'square', 'color': 'magenta', 'size': 'small'}, {'shape': 'triangle', 'color': 'green', 'size': 'large'}, {'shape': 'circle', 'color': 'yellow', 'size': 'large'}]}"
"0/000651.png",3,True,True,"{'in': [{'shape': 'square', 'color': 'red', 'size': 'large'}]}"
"0/000652.png",3,True,True,"{'quadrant_ul': [{'shape': 'square', 'color': 'cyan', 'size': 'small'}]}"
"0/000653.png",14,True,True,"{'in': [{'shape': 'circle', 'color': 'green', 'size': 'large'}]}"
"0/000654.png",8,False,True,"{'in': [{'shape': 'square', 'color': 'magenta', 'size': 'small'}]}"
"0/000655.png",17,False,True,"{'quadrant_ll': [{'side_by_side_reduce_bb': [{'shape': 'circle', 'color': 'cyan', 'size': 'large'}, {'shape': 'square', 'color': 'cyan', 'size': 'large'}]}]}"
"0/000656.png",18,False,True,"{'quadrant_ul': [{'side_by_side': [{'shape': 'circle', 'color': 'red', 'size': 'small'}, {'shape': 'triangle', 'color': 'red', 'size': 'small'}, {'shape': 'triangle', 'color': 'magenta', 'size': 'small'}]}]}"
"0/000657.png",6,False,True,"{'quadrant_ul': [{'shape': 'triangle', 'color': 'magenta', 'size': 'large'}]}"
"0/000658.png",7,False,True,"{'quadrant_ur': [{'shape': 'circle', 'color': 'green', 'size': 'large'}]}"
"0/000659.png",5,False,True,"{'quadrant_lr': [{'shape': 'circle', 'color': 'cyan', 'size': 'large'}]}"
"0/000660.png",13,False,True,"{'quadrant_ul': [{'shape': 'circle', 'color': 'magenta', 'size': 'large'}]}"
"0/000661.png",9,False,True,"{'side_by_side': [{'shape': 'square', 'color': 'yellow', 'size': 'large'}, {'shape': 'circle', 'color': 'red', 'size': 'large'}]}"
"0/000662.png",1,False,True,"{'in': [{'shape': 'circle', 'color': 'red', 'size': 'large'}]}"
"0/000663.png",7,False,True,"{'quadrant_ur': [{'shape': 'square', 'color': 'yellow', 'size': 'large'}]}"
"0/000664.png",11,True,True,"{'side_by_side': [{'shape': 'square', 'color': 'yellow', 'size': 'large'}, {'shape': 'circle', 'color': 'yellow', 'size': 'small'}, {'shape': 'triangle', 'color': 'cyan', 'size': 'large'}, {'shape': 'triangle', 'color': 'cyan', 'size': 'small'}, {'shape': 'circle', 'color': 'red', 'size': 'small'}, {'shape': 'triangle', 'color': 'red', 'size': 'small'}]}"
"0/000665.png",6,False,True,"{'quadrant_lr': [{'shape': 'circle', 'color': 'red', 'size': 'large'}]}"
"0/000666.png",17,False,True,"{'quadrant_ll': [{'stack': [{'shape': 'square', 'color': 'magenta', 'size': 'small'}, {'shape': 'triangle', 'color': 'magenta', 'size': 'small'}, {'shape': 'square', 'color': 'yellow', 'size': 'small'}]}]}"
"0/000667.png",9,True,True,"{'quadrant_lr': [{'side_by_side': [{'shape': 'circle', 'color': 'magenta', 'size': 'large'}, {'shape': 'circle', 'color': 'magenta', 'size': 'large'}]}]}"
"0/000668.png",8,False,True,"{'quadrant_ur': [{'stack': [{'shape': 'circle', 'color': 'green', 'size': 'small'}, {'shape': 'circle', 'color': 'cyan', 'size': 'large'}, {'shape': 'circle', 'color': 'magenta', 'size': 'large'}]}]}"
"0/000669.png",18,True,True,"{'quadrant_ul': [{'side_by_side': [{'shape': 'square', 'color': 'yellow', 'size': 'small'}, {'shape': 'square', 'color': 'magenta', 'size': 'small'}, {'shape': 'square', 'color': 'magenta', 'size': 'small'}]}]}"
"0/000670.png",5,False,True,"{'quadrant_ur': [{'shape': 'square', 'color': 'magenta', 'size': 'small'}]}"
"0/000671.png",3,True,True,"{'quadrant_ll': [{'shape': 'circle', 'color': 'red', 'size': 'small'}]}"
"0/000672.png",9,True,True,"{'side_by_side': [{'shape': 'square', 'color': 'magenta', 'size': 'small'}, {'shape': 'triangle', 'color': 'red', 'size': 'large'}]}"
"0/000673.png",6,False,True,"{'quadrant_ul': [{'shape': 'square', 'color': 'blue', 'size': 'large'}]}"
"0/000674.png",2,True,True,"{'quadrant_lr': [{'shape': 'circle', 'color': 'magenta', 'size': 'large'}]}"
"0/000675.png",14,False,True,"{'quadrant_ur': [{'shape': 'triangle', 'color': 'cyan', 'size': 'small'}]}"
"0/000676.png",5,False,True,"{'quadrant_ll': [{'shape': 'circle', 'color': 'red', 'size': 'small'}]}"
"0/000677.png",5,True,True,"{'quadrant_ll': [{'shape': 'square', 'color': 'blue', 'size': 'large'}]}"
"0/000678.png",16,False,True,"{'in': [{'side_by_side': [{'shape': 'triangle', 'color': 'red', 'size': 'large'}, {'shape': 'circle', 'color': 'yellow', 'size': 'large'}]}]}"
"0/000679.png",17,True,True,"{'quadrant_lr': [{'stack': [{'shape': 'square', 'color': 'red', 'size': 'small'}, {'shape': 'square', 'color': 'magenta', 'size': 'small'}]}]}"
"0/000680.png",5,False,True,"{'in': [{'shape': 'square', 'color': 'cyan', 'size': 'small'}]}"
"0/000681.png",14,True,True,"{'side_by_side': [{'shape': 'triangle', 'color': 'cyan', 'size': 'small'}, {'shape': 'circle', 'color': 'green', 'size': 'small'}, {'shape': 'triangle', 'color': 'red', 'size': 'small'}]}"
"0/000682.png",12,True,True,"{'side_by_side': [{'shape': 'triangle', 'color': 'blue', 'size': 'small'}, {'shape': 'square', 'color': 'green', 'size': 'large'}, {'shape': 'triangle', 'color': 'red', 'size': 'large'}]}"
"0/000683.png",3,False,True,"{'quadrant_ur': [{'shape': 'triangle', 'color': 'cyan', 'size': 'large'}]}"
"0/000684.png",5,True,True,"{'quadrant_ll': [{'shape': 'square', 'color': 'blue', 'size': 'small'}]}"
"0/000685.png",6,False,True,"{'quadrant_ur': [{'shape': 'square', 'color': 'red', 'size': 'large'}]}"
"0/000686.png",18,True,True,"{'quadrant_ur': [{'side_by_side': [{'shape': 'square', 'color': 'yellow', 'size': 'small'}, {'shape': 'square', 'color': 'blue', 'size': 'small'}, {'shape': 'square', 'color': 'magenta', 'size': 'small'}]}]}"
"0/000687.png",10,True,True,"{'side_by_side': [{'shape': 'circle', 'color': 'red', 'size': 'large'}, {'shape': 'square', 'color': 'red', 'size': 'small'}, {'shape': 'triangle', 'color': 'yellow', 'size': 'small'}, {'shape': 'square', 'color': 'red', 'size': 'large'}, {'shape': 'triangle', 'color': 'red', 'size': 'small'}]}"
"0/000688.png",10,True,True,"{'side_by_side': [{'shape': 'circle', 'color': 'red', 'size': 'small'}, {'shape': 'square', 'color': 'blue', 'size': 'small'}, {'shape': 'triangle', 'color': 'red', 'size': 'small'}]}"
"0/000689.png",7,False,True,"{'quadrant_lr': [{'shape': 'triangle', 'color': 'red', 'size': 'small'}]}"
"0/000690.png",11,True,True,"{'quadrant_lr': [{'stack': [{'shape': 'square', 'color': 'blue', 'size': 'large'}, {'shape': 'square', 'color': 'magenta', 'size': 'large'}, {'shape': 'square', 'color': 'green', 'size': 'large'}]}]}"
"0/000691.png",7,False,True,"{'quadrant_lr': [{'shape': 'circle', 'color': 'green', 'size': 'large'}]}"
"0/000692.png",4,True,True,"{'quadrant_ll': [{'shape': 'square', 'color': 'green', 'size': 'large'}]}"
"0/000693.png",15,True,True,"{'in': [{'stack': [{'shape': 'triangle', 'color': 'red', 'size': 'large'}, {'shape': 'square', 'color': 'blue', 'size': 'large'}]}]}"
"0/000694.png",8,False,True,"{'quadrant_ur': [{'shape': 'square', 'color': 'magenta', 'size': 'small'}]}"
"0/000695.png",18,True,True,"{'quadrant_ll': [{'side_by_side': [{'shape': 'square', 'color': 'green', 'size': 'large'}, {'shape': 'square', 'color': 'cyan', 'size': 'large'}, {'shape': 'square', 'color': 'blue', 'size': 'large'}]}]}"
"0/000696.png",2,False,True,"{'quadrant_ur': [{'shape': 'circle', 'color': 'cyan', 'size': 'large'}]}"
"0/000697.png",17,False,True,"{'quadrant_ul': [{'shape': 'square', 'color': 'magenta', 'size': 'large'}]}"
"0/000698.png",13,True,True,"{'quadrant_ul': [{'stack_reduce_bb': [{'shape': 'triangle', 'color': 'green', 'size': 'large'}, {'shape': 'square', 'color': 'green', 'size': 'large'}]}]}"
"0/000699.png",3,True,True,"{'quadrant_lr': [{'stack': [{'shape': 'triangle', 'color': 'cyan', 'size': 'large'}, {'shape': 'square', 'color': 'magenta', 'size': 'large'}]}]}"
"0/000700.png",11,False,True,"{'side_by_side': [{'shape': 'square', 'color': 'green', 'size': 'small'}, {'shape': 'triangle', 'color': 'magenta', 'size': 'small'}, {'shape': 'square', 'color': 'magenta', 'size': 'large'}, {'shape': 'triangle', 'color': 'magenta', 'size': 'small'}, {'shape': 'square', 'color': 'magenta', 'size': 'small'}, {'shape': 'square', 'color': 'cyan', 'size': 'large'}]}"
"0/000701.png",10,True,True,"{'quadrant_lr': [{'shape': 'square', 'color': 'green', 'size': 'small'}]}"
"0/000702.png",4,False,True,"{'quadrant_ll': [{'shape': 'square', 'color': 'blue', 'size': 'small'}]}"
"0/000703.png",5,False,True,"{'quadrant_ll': [{'shape': 'square', 'color': 'cyan', 'size': 'large'}]}"
"0/000704.png",11,True,True,"{'side_by_side': [{'shape': 'triangle', 'color': 'yellow', 'size': 'large'}, {'shape': 'circle', 'color': 'yellow', 'size': 'small'}, {'shape': 'triangle', 'color': 'red', 'size': 'small'}]}"
"0/000705.png",19,False,True,"{'quadrant_ll': [{'stack': [{'shape': 'circle', 'color': 'cyan', 'size': 'large'}, {'shape': 'circle', 'color': 'red', 'size': 'large'}, {'shape': 'circle', 'color': 'magenta', 'size': 'large'}]}]}"
"0/000706.png",13,False,True,"{'quadrant_ll': [{'grid': [{'shape': 'triangle', 'color': 'cyan', 'size': 'large'}, {'shape': 'square', 'color': 'blue', 'size': 'large'}]}]}"
"0/000707.png",16,True,True,"{'quadrant_ul': [{'side_by_side': [{'shape': 'circle', 'color': 'red', 'size': 'large'}, {'shape': 'circle', 'color': 'red', 'size': 'large'}]}]}"
"0/000708.png",1,False,True,"{'quadrant_ul': [{'shape': 'triangle', 'color': 'cyan', 'size': 'large'}]}"
"0/000709.png",0,False,True,"{'quadrant_lr': [{'shape': 'square', 'color': 'yellow', 'size': 'large'}]}"
"0/000710.png",8,True,True,"{'quadrant_lr': [{'shape': 'square', 'color': 'yellow', 'size': 'large'}]}"
"0/000711.png",4,False,True,"{'in': [{'shape': 'circle', 'color': 'red', 'size': 'large'}]}"
"0/000712.png",6,False,True,"{'quadrant_ll': [{'shape': 'square', 'color': 'green', 'size': 'large'}]}"
"0/000713.png",1,False,True,"{'quadrant_ll': [{'shape': 'circle', 'color': 'magenta', 'size': 'large'}]}"
"0/000714.png",0,True,True,"{'in': [{'shape': 'triangle', 'color': 'red', 'size': 'large'}]}"
"0/000715.png",1,True,True,"{'quadrant_ll': [{'shape': 'square', 'color': 'green', 'size': 'large'}]}"
"0/000716.png",9,True,True,"{'side_by_side': [{'shape': 'triangle', 'color': 'cyan', 'size': 'small'}, {'shape': 'triangle', 'color': 'red', 'size': 'small'}]}"
"0/000717.png",4,True,True,"{'quadrant_ul': [{'shape': 'square', 'color': 'green', 'size': 'small'}]}"
"0/000718.png",16,False,True,"{'quadrant_ur': [{'side_by_side': [{'shape': 'triangle', 'color': 'yellow', 'size': 'large'}, {'shape': 'circle', 'color': 'yellow', 'size': 'small'}]}]}"
"0/000719.png",1,False,True,"{'quadrant_ur': [{'shape': 'triangle', 'color': 'green', 'size': 'small'}]}"
"0/000720.png",11,True,True,"{'side_by_side': [{'shape': 'circle', 'color': 'green', 'size': 'small'}, {'shape': 'triangle', 'color': 'green', 'size': 'large'}, {'shape': 'triangle', 'color': 'red', 'size': 'large'}]}"
"0/000721.png",15,True,True,"{'side_by_side': [{'shape': 'square', 'color': 'cyan', 'size': 'small'}, {'shape': 'circle', 'color': 'blue', 'size': 'small'}, {'shape': 'square', 'color': 'red', 'size': 'small'}, {'shape': 'square', 'color': 'red', 'size': 'large'}, {'shape': 'triangle', 'color': 'red', 'size': 'small'}]}"
"0/000722.png",5,False,True,"{'quadrant_lr': [{'shape': 'square', 'color': 'red', 'size': 'large'}]}"
"0/000723.png",15,False,True,"{'side_by_side': [{'shape': 'square', 'color': 'magenta', 'size': 'large'}, {'shape': 'circle', 'color': 'red', 'size': 'large'}, {'shape': 'circle', 'color': 'red', 'size': 'large'}]}"
"0/000724.png",14,False,True,"{'quadrant_ll': [{'shape': 'circle', 'color': 'yellow', 'size': 'small'}]}"
"0/000725.png",14,False,True,"{'side_by_side': [{'shape': 'square', 'color': 'blue', 'size': 'small'}, {'shape': 'triangle', 'color': 'green', 'size': 'large'}, {'shape': 'triangle', 'color': 'green', 'size': 'large'}]}"
"0/000726.png",14,True,True,"{'side_by_side': [{'shape': 'circle', 'color': 'yellow', 'size': 'small'}, {'shape': 'square', 'color': 'green', 'size': 'small'}, {'shape': 'circle', 'color': 'yellow', 'size': 'small'}]}"
"0/000727.png",17,True,True,"{'quadrant_ur': [{'stack': [{'shape': 'square', 'color': 'red', 'size': 'large'}, {'shape': 'square', 'color': 'yellow', 'size': 'large'}]}]}"
"0/000728.png",2,True,True,"{'quadrant_ur': [{'shape': 'circle', 'color': 'red', 'size': 'large'}]}"
"0/000729.png",4,False,True,"{'quadrant_ll': [{'shape': 'circle', 'color': 'green', 'size': 'small'}]}"
"0/000730.png",4,False,True,"{'quadrant_lr': [{'shape': 'triangle', 'color': 'blue', 'size': 'large'}]}"
"0/000731.png",9,False,True,"{'side_by_side': [{'shape': 'triangle', 'color': 'magenta', 'size': 'small'}, {'shape': 'circle', 'color': 'red', 'size': 'large'}]}"
"0/000732.png",17,False,True,"{'in': [{'side_by_side': [{'shape': 'square', 'color': 'magenta', 'size': 'large'}, {'shape': 'circle', 'color': 'blue', 'size': 'small'}, {'shape': 'circle', 'color': 'green', 'size': 'large'}]}]}"
"0/000733.png",11,True,True,"{'side_by_side': [{'shape': 'circle', 'color': 'yellow', 'size': 'large'}, {'shape': 'triangle', 'color': 'yellow', 'size': 'large'}, {'shape': 'triangle', 'color': 'red', 'size': 'small'}]}"
"0/000734.png",19,False,True,"{'quadrant_ul': [{'stack': [{'shape': 'circle', 'color': 'cyan', 'size': 'large'}, {'shape': 'circle', 'color': 'green', 'size': 'large'}, {'shape': 'circle', 'color': 'yellow', 'size': 'large'}]}]}"
"0/000735.png",5,False,True,"{'quadrant_ll': [{'shape': 'triangle', 'color': 'green', 'size': 'large'}]}"
"0/000736.png",3,False,True,"{'quadrant_ll': [{'shape': 'square', 'color': 'green', 'size': 'small'}]}"
"0/000737.png",1,True,True,"{'side_by_side': [{'shape': 'square', 'color': 'blue', 'size': 'large'}, {'shape': 'triangle', 'color': 'red', 'size': 'large'}, {'shape': 'circle', 'color': 'cyan', 'size': 'small'}, {'shape': 'triangle', 'color': 'red', 'size': 'small'}]}"
"0/000738.png",11,True,True,"{'side_by_side': [{'shape': 'circle', 'color': 'green', 'size': 'small'}, {'shape': 'square', 'color': 'red', 'size': 'large'}, {'shape': 'circle', 'color': 'blue', 'size': 'large'}, {'shape': 'triangle', 'color': 'red', 'size': 'large'}]}"
"0/000739.png",17,True,True,"{'quadrant_ll': [{'stack': [{'shape': 'square', 'color': 'red', 'size': 'large'}, {'shape': 'square', 'color': 'yellow', 'size': 'large'}, {'shape': 'square', 'color': 'blue', 'size': 'large'}]}]}"
"0/000740.png",12,False,True,"{'quadrant_ul': [{'stack': [{'shape': 'circle', 'color': 'yellow', 'size': 'large'}, {'shape': 'circle', 'color': 'yellow', 'size': 'large'}, {'shape': 'circle', 'color': 'cyan', 'size': 'small'}]}]}"
"0/000741.png",3,False,True,"{'quadrant_lr': [{'shape': 'triangle', 'color': 'cyan', 'size': 'large'}]}"
"0/000742.png",17,False,True,"{'quadrant_lr': [{'stack': [{'shape': 'circle', 'color': 'magenta', 'size': 'large'}, {'shape': 'circle', 'color': 'blue', 'size': 'large'}]}]}"
"0/000743.png",4,False,True,"{'quadrant_ul': [{'shape': 'triangle', 'color': 'magenta', 'size': 'large'}]}"
"0/000744.png",12,True,True,"{'side_by_side': [{'shape': 'square', 'color': 'red', 'size': 'small'}, {'shape': 'circle', 'color': 'blue', 'size': 'small'}, {'shape': 'square', 'color': 'magenta', 'size': 'large'}, {'shape': 'triangle', 'color': 'red', 'size': 'small'}]}"
"0/000745.png",3,False,True,"{'in': [{'stack': [{'shape': 'circle', 'color': 'green', 'size': 'small'}, {'shape': 'circle', 'color': 'cyan', 'size': 'large'}, {'shape': 'circle', 'color': 'blue', 'size': 'large'}]}]}"
"0/000746.png",19,True,True,"{'side_by_side': [{'shape': 'square', 'color': 'cyan', 'size': 'large'}, {'shape': 'triangle', 'color': 'blue', 'size': 'large'}, {'shape': 'triangle', 'color': 'magenta', 'size': 'small'}, {'shape': 'square', 'color': 'green', 'size': 'small'}, {'shape': 'triangle', 'color': 'red', 'size': 'small'}]}"
"0/000747.png",19,False,True,"{'quadrant_ll': [{'stack': [{'shape': 'circle', 'color': 'magenta', 'size': 'small'}, {'shape': 'circle', 'color': 'cyan', 'size': 'large'}, {'shape': 'circle', 'color': 'blue', 'size': 'large'}]}]}"
"0/000748.png",13,False,True,"{'quadrant_ul': [{'stack_reduce_bb': [{'shape': 'triangle', 'color': 'magenta', 'size': 'small'}, {'shape': 'square', 'color': 'red', 'size': 'large'}]}]}"
"0/000749.png",11,True,True,"{'side_by_side': [{'shape': 'circle', 'color': 'green', 'size': 'large'}, {'shape': 'circle', 'color': 'yellow', 'size': 'small'}, {'shape': 'square', 'color': 'yellow', 'size': 'large'}, {'shape': 'triangle', 'color': 'cyan', 'size': 'small'}, {'shape': 'square', 'color': 'cyan', 'size': 'small'}, {'shape': 'triangle', 'color': 'red', 'size': 'large'}]}"
"0/000750.png",18,False,True,"{'quadrant_ll': [{'side_by_side': [{'shape': 'triangle', 'color': 'blue', 'size': 'small'}, {'shape': 'square', 'color': 'magenta', 'size': 'small'}, {'shape': 'square', 'color': 'green', 'size': 'large'}]}]}"
"0/000751.png",13,True,True,"{'in': [{'side_by_side': [{'shape': 'triangle', 'color': 'cyan', 'size': 'small'}, {'shape': 'square', 'color': 'cyan', 'size': 'small'}]}]}"
"0/000752.png",8,False,True,"{'quadrant_ll': [{'shape': 'circle', 'color': 'green', 'size': 'large'}]}"
"0/000753.png",16,True,True,"{'quadrant_lr': [{'side_by_side': [{'shape': 'circle', 'color': 'cyan', 'size': 'large'}, {'shape': 'circle', 'color': 'cyan', 'size': 'large'}]}]}"
"0/000754.png",7,True,True,"{'quadrant_ur': [{'shape': 'circle', 'color': 'magenta', 'size': 'large'}]}"
"0/000755.png",0,False,True,"{'quadrant_ur': [{'shape': 'square', 'color': 'cyan', 'size': 'small'}]}"
"0/000756.png",15,True,True,"{'in': [{'stack': [{'shape': 'triangle', 'color': 'magenta', 'size': 'large'}, {'shape': 'square', 'color': 'green', 'size': 'large'}]}]}"
"0/000757.png",17,False,True,"{'in': [{'stack': [{'shape': 'circle', 'color': 'magenta', 'size': 'small'}, {'shape': 'triangle', 'color': 'magenta', 'size': 'large'}, {'shape': 'square', 'color': 'blue', 'size': 'small'}]}]}"
"0/000758.png",15,False,True,"{'quadrant_ll': [{'stack': [{'shape': 'square', 'color': 'magenta', 'size': 'small'}, {'shape': 'circle', 'color': 'cyan', 'size': 'large'}]}]}"
"0/000759.png",18,False,True,"{'quadrant_ll': [{'side_by_side': [{'shape': 'square', 'color': 'cyan', 'size': 'small'}, {'shape': 'circle', 'color': 'cyan', 'size': 'large'}]}]}"
"0/000760.png",17,False,True,"{'quadrant_ur': [{'side_by_side_reduce_bb': [{'shape': 'circle', 'color': 'blue', 'size': 'large'}, {'shape': 'square', 'color': 'blue', 'size': 'small'}]}]}"
"0/000761.png",18,False,True,"{'quadrant_ur': [{'side_by_side': [{'shape': 'triangle', 'color': 'yellow', 'size': 'small'}, {'shape': 'square', 'color': 'magenta', 'size': 'small'}]}]}"
"0/000762.png",4,False,True,"{'quadrant_ur': [{'shape': 'triangle', 'color': 'magenta', 'size': 'small'}]}"
"0/000763.png",10,True,True,"{'side_by_side': [{'shape': 'circle', 'color': 'green', 'size': 'small'}, {'shape': 'triangle', 'color': 'magenta', 'size': 'large'}, {'shape': 'circle', 'color': 'blue', 'size': 'large'}, {'shape': 'triangle', 'color': 'red', 'size': 'large'}]}"
"0/000764.png",4,False,True,"{'in': [{'shape': 'triangle', 'color': 'yellow', 'size': 'small'}]}"
"0/000765.png",2,False,True,"{'in': [{'shape': 'triangle', 'color': 'cyan', 'size': 'large'}]}"
"0/000766.png",4,True,True,"{'quadrant_ll': [{'shape': 'circle', 'color': 'green', 'size': 'large'}]}"
"0/000767.png",1,False,True,"{'in': [{'shape': 'triangle', 'color': 'red', 'size': 'large'}]}"
"0/000768.png",0,False,True,"{'quadrant_lr': [{'shape': 'circle', 'color': 'green', 'size': 'large'}]}"
"0/000769.png",2,True,True,"{'quadrant_lr': [{'shape': 'circle', 'color': 'cyan', 'size': 'small'}]}"
"0/000770.png",3,False,True,"{'quadrant_lr': [{'shape': 'triangle', 'color': 'blue', 'size': 'large'}]}"
"0/000771.png",2,True,True,"{'in': [{'shape': 'circle', 'color': 'red', 'size': 'small'}]}"
"0/000772.png",13,False,True,"{'quadrant_ul': [{'side_by_side': [{'shape': 'circle', 'color': 'yellow', 'size': 'small'}, {'shape': 'square', 'color': 'magenta', 'size': 'small'}, {'shape': 'square', 'color': 'green', 'size': 'small'}]}]}"
"0/000773.png",10,False,True,"{'side_by_side': [{'shape': 'circle', 'color': 'green', 'size': 'small'}, {'shape': 'circle', 'color': 'red', 'size': 'small'}, {'shape': 'triangle', 'color': 'magenta', 'size': 'large'}, {'shape': 'triangle', 'color': 'magenta', 'size': 'small'}, {'shape': 'square', 'color': 'cyan', 'size': 'large'}]}"
"0/000774.png",6,False,True,"{'quadrant_ll': [{'shape': 'triangle', 'color': 'yellow', 'size': 'large'}]}"
"0/000775.png",16,False,True,"{'in': [{'side_by_side': [{'shape': 'square', 'color': 'magenta', 'size': 'small'}, {'shape': 'circle', 'color': 'cyan', 'size': 'large'}]}]}"
"0/000776.png",3,False,True,"{'quadrant_ll': [{'shape': 'triangle', 'color': 'red', 'size': 'small'}]}"
"0/000777.png",4,False,True,"{'in': [{'shape': 'triangle', 'color': 'magenta', 'size': 'small'}]}"
"0/000778.png",10,False,True,"{'side_by_side': [{'shape': 'circle', 'color': 'red', 'size': 'small'}, {'shape': 'triangle', 'color': 'blue', 'size': 'large'}, {'shape': 'circle', 'color': 'red', 'size': 'small'}]}"
"0/000779.png",9,True,True,"{'side_by_side': [{'shape': 'triangle', 'color': 'cyan', 'size': 'small'}, {'shape': 'triangle', 'color': 'red', 'size': 'large'}]}"
"0/000780.png",8,True,True,"{'quadrant_lr': [{'shape': 'circle', 'color': 'yellow', 'size': 'large'}]}"
"0/000781.png",12,False,True,"{'side_by_side': [{'shape': 'triangle', 'color': 'green', 'size': 'small'}, {'shape': 'square', 'color': 'green', 'size': 'large'}, {'shape': 'circle', 'color': 'magenta', 'size': 'large'}]}"
"0/000782.png",3,False,True,"{'in': [{'shape': 'square', 'color': 'magenta', 'size': 'large'}]}"
"0/000783.png",14,False,True,"{'quadrant_lr': [{'shape': 'square', 'color': 'red', 'size': 'small'}]}"
"0/000784.png",13,True,True,"{'quadrant_lr': [{'side_by_side': [{'shape': 'triangle', 'color': 'cyan', 'size': 'large'}, {'shape': 'square', 'color': 'cyan', 'size': 'large'}]}]}"
"0/000785.png",8,False,True,"{'quadrant_ur': [{'shape': 'circle', 'color': 'blue', 'size': 'small'}]}"
"0/000786.png",4,False,True,"{'quadrant_ll': [{'shape': 'square', 'color': 'magenta', 'size': 'large'}]}"
"0/000787.png",4,False,True,"{'quadrant_ur': [{'shape': 'square', 'color': 'red', 'size': 'large'}]}"
"0/000788.png",1,True,True,"{'quadrant_ll': [{'shape': 'square', 'color': 'yellow', 'size': 'small'}]}"
"0/000789.png",4,True,True,"{'quadrant_ll': [{'shape': 'triangle', 'color': 'green', 'size': 'small'}]}"
"0/000790.png",14,False,True,"{'side_by_side': [{'shape': 'square', 'color': 'green', 'size': 'large'}, {'shape': 'square', 'color': 'green', 'size': 'large'}, {'shape': 'circle', 'color': 'green', 'size': 'large'}]}"
"0/000791.png",5,True,True,"{'quadrant_lr': [{'stack': [{'shape': 'square', 'color': 'blue', 'size': 'small'}, {'shape': 'square', 'color': 'green', 'size': 'small'}, {'shape': 'square', 'color': 'yellow', 'size': 'small'}]}]}"
"0/000792.png",5,False,True,"{'side_by_side': [{'shape': 'square', 'color': 'red', 'size': 'large'}, {'shape': 'square', 'color': 'red', 'size': 'large'}]}"
"0/000793.png",19,False,True,"{'quadrant_ur': [{'stack': [{'shape': 'circle', 'color': 'blue', 'size': 'large'}, {'shape': 'circle', 'color': 'yellow', 'size': 'small'}, {'shape': 'circle', 'color': 'red', 'size': 'small'}]}]}"
"0/000794.png",6,True,True,"{'quadrant_ur': [{'shape': 'circle', 'color': 'cyan', 'size': 'large'}]}"
"0/000795.png",17,False,True,"{'in': [{'stack': [{'shape': 'triangle', 'color': 'blue', 'size': 'small'}, {'shape': 'square', 'color': 'red', 'size': 'large'}, {'shape': 'square', 'color': 'blue', 'size': 'small'}]}]}"
"0/000796.png",12,False,True,"{'side_by_side': [{'shape': 'triangle', 'color': 'magenta', 'size': 'large'}, {'shape': 'square', 'color': 'green', 'size': 'large'}, {'shape': 'circle', 'color': 'green', 'size': 'small'}, {'shape': 'square', 'color': 'yellow', 'size': 'large'}, {'shape': 'triangle', 'color': 'magenta', 'size': 'small'}, {'shape': 'triangle', 'color': 'green', 'size': 'large'}]}"
"0/000797.png",4,False,True,"{'quadrant_lr': [{'shape': 'triangle', 'color': 'yellow', 'size': 'small'}]}"
"0/000798.png",3,True,True,"{'quadrant_ll': [{'shape': 'triangle', 'color': 'red', 'size': 'large'}]}"
"0/000799.png",2,True,True,"{'quadrant_ul': [{'shape': 'circle', 'color': 'magenta', 'size': 'small'}]}"
"0/000800.png",15,False,True,"{'quadrant_ul': [{'stack': [{'shape': 'square', 'color': 'blue', 'size': 'small'}, {'shape': 'square', 'color': 'yellow', 'size': 'small'}]}]}"
"0/000801.png",17,True,True,"{'quadrant_ul': [{'stack': [{'shape': 'square', 'color': 'blue', 'size': 'large'}, {'shape': 'square', 'color': 'cyan', 'size': 'large'}, {'shape': 'square', 'color': 'blue', 'size': 'large'}]}]}"
"0/000802.png",17,False,True,"{'quadrant_ur': [{'stack': [{'shape': 'circle', 'color': 'green', 'size': 'small'}, {'shape': 'circle', 'color': 'green', 'size': 'small'}, {'shape': 'triangle', 'color': 'red', 'size': 'small'}]}]}"
"0/000803.png",3,False,True,"{'in': [{'shape': 'square', 'color': 'green', 'size': 'small'}]}"
"0/000804.png",8,False,True,"{'quadrant_ll': [{'shape': 'circle', 'color': 'magenta', 'size': 'small'}]}"
"0/000805.png",4,False,True,"{'in': [{'shape': 'square', 'color': 'magenta', 'size': 'large'}]}"
"0/000806.png",8,True,True,"{'in': [{'shape': 'circle', 'color': 'yellow', 'size': 'small'}]}"
"0/000807.png",7,False,True,"{'quadrant_lr': [{'shape': 'triangle', 'color': 'blue', 'size': 'small'}]}"
"0/000808.png",9,False,True,"{'quadrant_ll': [{'shape': 'triangle', 'color': 'yellow', 'size': 'large'}]}"
"0/000809.png",13,False,True,"{'quadrant_ur': [{'side_by_side': [{'shape': 'circle', 'color': 'magenta', 'size': 'small'}, {'shape': 'circle', 'color': 'magenta', 'size': 'small'}]}]}"
"0/000810.png",13,False,True,"{'quadrant_ll': [{'diag_ll_ur': [{'shape': 'triangle', 'color': 'green', 'size': 'large'}, {'shape': 'square', 'color': 'red', 'size': 'small'}]}]}"
"0/000811.png",9,True,True,"{'side_by_side': [{'shape': 'circle', 'color': 'blue', 'size': 'large'}, {'shape': 'triangle', 'color': 'red', 'size': 'small'}]}"
"0/000812.png",15,False,True,"{'quadrant_lr': [{'shape': 'circle', 'color': 'red', 'size': 'large'}]}"
"0/000813.png",2,True,True,"{'in': [{'shape': 'circle', 'color': 'magenta', 'size': 'large'}]}"
"0/000814.png",8,True,True,"{'quadrant_ur': [{'shape': 'circle', 'color': 'yellow', 'size': 'small'}]}"
"0/000815.png",17,False,True,"{'quadrant_ul': [{'shape': 'circle', 'color': 'cyan', 'size': 'large'}]}"
"0/000816.png",6,False,True,"{'quadrant_lr': [{'shape': 'triangle', 'color': 'cyan', 'size': 'small'}]}"
"0/000817.png",15,False,True,"{'quadrant_ul': [{'stack': [{'shape': 'square', 'color': 'blue', 'size': 'small'}, {'shape': 'triangle', 'color': 'yellow', 'size': 'small'}]}]}"
"0/000818.png",1,False,True,"{'quadrant_ur': [{'shape': 'triangle', 'color': 'red', 'size': 'small'}]}"
"0/000819.png",12,False,True,"{'quadrant_lr': [{'shape': 'square', 'color': 'magenta', 'size': 'large'}]}"
"0/000820.png",1,True,True,"{'quadrant_ul': [{'shape': 'square', 'color': 'cyan', 'size': 'large'}]}"
"0/000821.png",2,False,True,"{'quadrant_ll': [{'shape': 'triangle', 'color': 'blue', 'size': 'large'}]}"
"0/000822.png",8,True,True,"{'quadrant_lr': [{'shape': 'square', 'color': 'red', 'size': 'large'}]}"
"0/000823.png",16,False,True,"{'quadrant_lr': [{'side_by_side': [{'shape': 'circle', 'color': 'magenta', 'size': 'small'}, {'shape': 'square', 'color': 'magenta', 'size': 'large'}]}]}"
"0/000824.png",2,False,True,"{'in': [{'diag_ll_ur': [{'shape': 'triangle', 'color': 'yellow', 'size': 'small'}, {'shape': 'square', 'color': 'cyan', 'size': 'large'}]}]}"
"0/000825.png",3,True,True,"{'side_by_side': [{'shape': 'square', 'color': 'cyan', 'size': 'small'}, {'shape': 'triangle', 'color': 'red', 'size': 'large'}]}"
"0/000826.png",0,True,True,"{'in': [{'shape': 'triangle', 'color': 'green', 'size': 'large'}]}"
"0/000827.png",4,False,True,"{'quadrant_ll': [{'shape': 'square', 'color': 'blue', 'size': 'large'}]}"
"0/000828.png",14,True,True,"{'side_by_side': [{'shape': 'square', 'color': 'magenta', 'size': 'small'}, {'shape': 'circle', 'color': 'red', 'size': 'large'}, {'shape': 'square', 'color': 'magenta', 'size': 'small'}]}"
"0/000829.png",19,False,True,"{'side_by_side': [{'shape': 'circle', 'color': 'blue', 'size': 'large'}, {'shape': 'circle', 'color': 'blue', 'size': 'large'}, {'shape': 'square', 'color': 'blue', 'size': 'small'}]}"
"0/000830.png",12,True,True,"{'side_by_side': [{'shape': 'triangle', 'color': 'green', 'size': 'large'}, {'shape': 'circle', 'color': 'blue', 'size': 'small'}, {'shape': 'square', 'color': 'blue', 'size': 'small'}, {'shape': 'circle', 'color': 'magenta', 'size': 'small'}, {'shape': 'triangle', 'color': 'red', 'size': 'large'}]}"
"0/000831.png",0,False,True,"{'quadrant_ur': [{'shape': 'square', 'color': 'green', 'size': 'large'}]}"
"0/000832.png",1,False,True,"{'in': [{'shape': 'circle', 'color': 'cyan', 'size': 'small'}]}"
"0/000833.png",2,True,True,"{'quadrant_ur': [{'shape': 'circle', 'color': 'green', 'size': 'large'}]}"
"0/000834.png",6,True,True,"{'quadrant_lr': [{'stack': [{'shape': 'triangle', 'color': 'green', 'size': 'small'}, {'shape': 'square', 'color': 'cyan', 'size': 'small'}]}]}"
"0/000835.png",10,True,True,"{'side_by_side': [{'shape': 'circle', 'color': 'red', 'size': 'large'}, {'shape': 'circle', 'color': 'green', 'size': 'large'}, {'shape': 'circle', 'color': 'blue', 'size': 'small'}, {'shape': 'triangle', 'color': 'cyan', 'size': 'small'}, {'shape': 'triangle', 'color': 'red', 'size': 'large'}]}"
"0/000836.png",3,True,True,"{'quadrant_ul': [{'shape': 'triangle', 'color': 'red', 'size': 'small'}]}"
"0/000837.png",4,False,True,"{'quadrant_ur': [{'shape': 'triangle', 'color': 'blue', 'size': 'large'}]}"
"0/000838.png",1,False,True,"{'quadrant_ll': [{'shape': 'triangle', 'color': 'cyan', 'size': 'small'}]}"
"0/000839.png",8,False,True,"{'quadrant_ll': [{'shape': 'triangle', 'color': 'cyan', 'size': 'large'}]}"
"0/000840.png",16,False,True,"{'in': [{'shape': 'triangle', 'color': 'magenta', 'size': 'small'}]}"
"0/000841.png",10,False,True,"{'side_by_side': [{'shape': 'triangle', 'color': 'magenta', 'size': 'large'}, {'shape': 'triangle', 'color': 'magenta', 'size': 'large'}, {'shape': 'circle', 'color': 'blue', 'size': 'small'}, {'shape': 'square', 'color': 'blue', 'size': 'small'}, {'shape': 'circle', 'color': 'cyan', 'size': 'small'}, {'shape': 'circle', 'color': 'cyan', 'size': 'small'}]}"
"0/000842.png",14,True,True,"{'side_by_side': [{'shape': 'square', 'color': 'magenta', 'size': 'small'}, {'shape': 'circle', 'color': 'cyan', 'size': 'small'}, {'shape': 'square', 'color': 'magenta', 'size': 'small'}]}"
"0/000843.png",3,False,True,"{'quadrant_ll': [{'shape': 'triangle', 'color': 'blue', 'size': 'small'}]}"
"0/000844.png",13,True,True,"{'quadrant_lr': [{'side_by_side_reduce_bb': [{'shape': 'triangle', 'color': 'blue', 'size': 'large'}, {'shape': 'square', 'color': 'blue', 'size': 'small'}]}]}"
"0/000845.png",7,False,True,"{'quadrant_ul': [{'shape': 'triangle', 'color': 'yellow', 'size': 'large'}]}"
"0/000846.png",18,False,True,"{'side_by_side': [{'shape': 'triangle', 'color': 'cyan', 'size': 'small'}, {'shape': 'triangle', 'color': 'yellow', 'size': 'large'}, {'shape': 'circle', 'color': 'green', 'size': 'small'}, {'shape': 'square', 'color': 'green', 'size': 'large'}, {'shape': 'circle', 'color': 'red', 'size': 'small'}, {'shape': 'triangle', 'color': 'red', 'size': 'large'}]}"
"0/000847.png",12,False,True,"{'side_by_side': [{'shape': 'square', 'color': 'magenta', 'size': 'small'}, {'shape': 'square', 'color': 'blue', 'size': 'large'}, {'shape': 'square', 'color': 'magenta', 'size': 'small'}, {'shape': 'triangle', 'color': 'blue', 'size': 'small'}]}"
"0/000848.png",0,True,True,"{'quadrant_ul': [{'shape': 'circle', 'color': 'yellow', 'size': 'large'}]}"
"0/000849.png",10,False,True,"{'side_by_side': [{'shape': 'circle', 'color': 'yellow', 'size': 'large'}, {'shape': 'circle', 'color': 'magenta', 'size': 'large'}, {'shape': 'circle', 'color': 'magenta', 'size': 'small'}, {'shape': 'circle', 'color': 'magenta', 'size': 'small'}]}"
"0/000850.png",8,True,True,"{'side_by_side': [{'shape': 'square', 'color': 'red', 'size': 'large'}, {'shape': 'circle', 'color': 'green', 'size': 'large'}, {'shape': 'triangle', 'color': 'yellow', 'size': 'large'}, {'shape': 'square', 'color': 'green', 'size': 'small'}, {'shape': 'triangle', 'color': 'cyan', 'size': 'large'}, {'shape': 'triangle', 'color': 'red', 'size': 'large'}]}"
"0/000851.png",14,True,True,"{'side_by_side': [{'shape': 'circle', 'color': 'magenta', 'size': 'large'}, {'shape': 'square', 'color': 'yellow', 'size': 'small'}, {'shape': 'circle', 'color': 'magenta', 'size': 'large'}]}"
"0/000852.png",10,False,True,"{'quadrant_lr': [{'shape': 'triangle', 'color': 'magenta', 'size': 'small'}]}"
"0/000853.png",6,False,True,"{'quadrant_ul': [{'shape': 'square', 'color': 'magenta', 'size': 'small'}]}"
"0/000854.png",9,False,True,"{'side_by_side': [{'shape': 'circle', 'color': 'cyan', 'size': 'small'}, {'shape': 'triangle', 'color': 'green', 'size': 'large'}]}"
"0/000855.png",0,False,True,"{'quadrant_ul': [{'shape': 'circle', 'color': 'yellow', 'size': 'small'}]}"
"0/000856.png",6,False,True,"{'quadrant_ul': [{'stack': [{'shape': 'circle', 'color': 'green', 'size': 'large'}, {'shape': 'circle', 'color': 'blue', 'size': 'large'}, {'shape': 'circle', 'color': 'red', 'size': 'large'}]}]}"
"0/000857.png",17,True,True,"{'quadrant_ur': [{'stack': [{'shape': 'square', 'color': 'green', 'size': 'large'}, {'shape': 'square', 'color': 'yellow', 'size': 'large'}]}]}"
"0/000858.png",3,True,True,"{'quadrant_lr': [{'shape': 'square', 'color': 'red', 'size': 'large'}]}"
"0/000859.png",3,False,True,"{'quadrant_ul': [{'shape': 'circle', 'color': 'blue', 'size': 'large'}]}"
"0/000860.png",1,False,True,"{'quadrant_ul': [{'shape': 'circle', 'color': 'green', 'size': 'small'}]}"
"0/000861.png",3,False,True,"{'quadrant_ul': [{'shape': 'square', 'color': 'yellow', 'size': 'small'}]}"
"0/000862.png",11,True,True,"{'side_by_side': [{'shape': 'circle', 'color': 'red', 'size': 'large'}, {'shape': 'circle', 'color': 'green', 'size': 'large'}, {'shape': 'square', 'color': 'cyan', 'size': 'small'}, {'shape': 'triangle', 'color': 'red', 'size': 'large'}]}"
"0/000863.png",3,False,True,"{'quadrant_ll': [{'stack': [{'shape': 'circle', 'color': 'red', 'size': 'large'}, {'shape': 'triangle', 'color': 'green', 'size': 'small'}]}]}"
"0/000864.png",15,True,True,"{'in': [{'stack': [{'shape': 'triangle', 'color': 'cyan', 'size': 'large'}, {'shape': 'square', 'color': 'green', 'size': 'large'}]}]}"
"0/000865.png",0,False,True,"{'in': [{'shape': 'square', 'color': 'red', 'size': 'large'}]}"
"0/000866.png",7,True,True,"{'quadrant_ul': [{'shape': 'square', 'color': 'magenta', 'size': 'large'}]}"
"0/000867.png",13,False,True,"{'quadrant_ul': [{'side_by_side': [{'shape': 'circle', 'color': 'red', 'size': 'large'}, {'shape': 'triangle', 'color': 'cyan', 'size': 'small'}]}]}"
"0/000868.png",15,True,True,"{'in': [{'stack': [{'shape': 'triangle', 'color': 'cyan', 'size': 'small'}, {'shape': 'square', 'color': 'magenta', 'size': 'small'}]}]}"
"0/000869.png",8,False,True,"{'quadrant_ll': [{'stack': [{'shape': 'triangle', 'color': 'green', 'size': 'large'}, {'shape': 'triangle', 'color': 'green', 'size': 'large'}, {'shape': 'circle', 'color': 'red', 'size': 'large'}]}]}"
"0/000870.png",12,True,True,"{'side_by_side': [{'shape': 'triangle', 'color': 'blue', 'size': 'large'}, {'shape': 'triangle', 'color': 'green', 'size': 'large'}, {'shape': 'triangle', 'color': 'blue', 'size': 'small'}, {'shape': 'triangle', 'color': 'yellow', 'size': 'large'}, {'shape': 'triangle', 'color': 'blue', 'size': 'large'}, {'shape': 'triangle', 'color': 'red', 'size': 'large'}]}"
"0/000871.png",15,False,True,"{'quadrant_ll': [{'stack': [{'shape': 'square', 'color': 'blue', 'size': 'large'}, {'shape': 'square', 'color': 'green', 'size': 'small'}]}]}"
"0/000872.png",3,False,True,"{'quadrant_lr': [{'shape': 'square', 'color': 'magenta', 'size': 'small'}]}"
"0/000873.png",19,False,True,"{'quadrant_ur': [{'stack': [{'shape': 'circle', 'color': 'cyan', 'size': 'small'}, {'shape': 'circle', 'color': 'green', 'size': 'large'}, {'shape': 'circle', 'color': 'magenta', 'size': 'large'}]}]}"
"0/000874.png",9,True,True,"{'quadrant_ul': [{'shape': 'square', 'color': 'yellow', 'size': 'large'}]}"
"0/000875.png",14,False,True,"{'quadrant_ul': [{'stack': [{'shape': 'circle', 'color': 'magenta', 'size': 'small'}, {'shape': 'circle', 'color': 'yellow', 'size': 'large'}, {'shape': 'circle', 'color': 'green', 'size': 'small'}]}]}"
"0/000876.png",9,False,True,"{'side_by_side': [{'shape': 'triangle', 'color': 'blue', 'size': 'small'}, {'shape': 'triangle', 'color': 'cyan', 'size': 'small'}]}"
"0/000877.png",8,False,True,"{'quadrant_lr': [{'shape': 'triangle', 'color': 'magenta', 'size': 'large'}]}"
"0/000878.png",13,False,True,"{'quadrant_ur': [{'side_by_side': [{'shape': 'square', 'color': 'yellow', 'size': 'large'}, {'shape': 'triangle', 'color': 'green', 'size': 'small'}]}]}"
"0/000879.png",2,True,True,"{'in': [{'stack': [{'shape': 'triangle', 'color': 'red', 'size': 'small'}, {'shape': 'square', 'color': 'blue', 'size': 'small'}]}]}"
"0/000880.png",6,False,True,"{'in': [{'shape': 'circle', 'color': 'green', 'size': 'large'}]}"
"0/000881.png",4,False,True,"{'side_by_side': [{'shape': 'circle', 'color': 'blue', 'size': 'small'}, {'shape': 'square', 'color': 'magenta', 'size': 'large'}]}"
"0/000882.png",3,False,True,"{'in': [{'shape': 'triangle', 'color': 'magenta', 'size': 'large'}]}"
"0/000883.png",7,False,True,"{'quadrant_lr': [{'shape': 'circle', 'color': 'yellow', 'size': 'small'}]}"
"0/000884.png",7,False,True,"{'side_by_side': [{'shape': 'triangle', 'color': 'green', 'size': 'small'}, {'shape': 'square', 'color': 'green', 'size': 'small'}, {'shape': 'triangle', 'color': 'red', 'size': 'small'}, {'shape': 'square', 'color': 'magenta', 'size': 'small'}, {'shape': 'circle', 'color': 'blue', 'size': 'large'}, {'shape': 'square', 'color': 'yellow', 'size': 'large'}]}"
"0/000885.png",7,False,True,"{'quadrant_ll': [{'shape': 'triangle', 'color': 'green', 'size': 'large'}]}"
"0/000886.png",7,False,True,"{'quadrant_ul': [{'shape': 'circle', 'color': 'cyan', 'size': 'small'}]}"
"0/000887.png",13,True,True,"{'quadrant_ll': [{'side_by_side': [{'shape': 'triangle', 'color': 'blue', 'size': 'small'}, {'shape': 'square', 'color': 'blue', 'size': 'large'}]}]}"
"0/000888.png",6,False,True,"{'quadrant_ur': [{'stack': [{'shape': 'circle', 'color': 'red', 'size': 'large'}, {'shape': 'circle', 'color': 'red', 'size': 'small'}, {'shape': 'circle', 'color': 'green', 'size': 'large'}]}]}"
"0/000889.png",7,False,True,"{'quadrant_ul': [{'shape': 'circle', 'color': 'blue', 'size': 'small'}]}"
"0/000890.png",8,False,True,"{'quadrant_ll': [{'shape': 'square', 'color': 'magenta', 'size': 'large'}]}"
"0/000891.png",17,True,True,"{'quadrant_lr': [{'stack': [{'shape': 'square', 'color': 'green', 'size': 'small'}, {'shape': 'square', 'color': 'red', 'size': 'small'}]}]}"
"0/000892.png",12,True,True,"{'quadrant_ul': [{'shape': 'square', 'color': 'red', 'size': 'small'}]}"
"0/000893.png",13,False,True,"{'quadrant_ur': [{'diag_ll_ur': [{'shape': 'triangle', 'color': 'magenta', 'size': 'large'}, {'shape': 'triangle', 'color': 'red', 'size': 'large'}]}]}"
"0/000894.png",6,True,True,"{'quadrant_ul': [{'shape': 'circle', 'color': 'cyan', 'size': 'small'}]}"
"0/000895.png",16,True,True,"{'quadrant_lr': [{'side_by_side': [{'shape': 'circle', 'color': 'yellow', 'size': 'small'}, {'shape': 'circle', 'color': 'yellow', 'size': 'small'}]}]}"
"0/000896.png",11,True,True,"{'side_by_side': [{'shape': 'circle', 'color': 'cyan', 'size': 'small'}, {'shape': 'circle', 'color': 'yellow', 'size': 'small'}, {'shape': 'triangle', 'color': 'red', 'size': 'small'}]}"
"0/000897.png",9,False,True,"{'side_by_side': [{'shape': 'triangle', 'color': 'blue', 'size': 'large'}, {'shape': 'triangle', 'color': 'green', 'size': 'large'}]}"
"0/000898.png",6,False,True,"{'quadrant_ul': [{'shape': 'square', 'color': 'red', 'size': 'small'}]}"
"0/000899.png",8,False,True,"{'in': [{'shape': 'triangle', 'color': 'red', 'size': 'small'}]}"
"0/000900.png",1,True,True,"{'quadrant_lr': [{'shape': 'square', 'color': 'red', 'size': 'small'}]}"
"0/000901.png",11,False,True,"{'side_by_side': [{'shape': 'square', 'color': 'magenta', 'size': 'large'}, {'shape': 'triangle', 'color': 'yellow', 'size': 'small'}, {'shape': 'triangle', 'color': 'yellow', 'size': 'small'}, {'shape': 'triangle', 'color': 'blue', 'size': 'small'}, {'shape': 'circle', 'color': 'blue', 'size': 'small'}]}"
"0/000902.png",19,False,True,"{'quadrant_ur': [{'stack': [{'shape': 'circle', 'color': 'yellow', 'size': 'small'}, {'shape': 'circle', 'color': 'green', 'size': 'small'}, {'shape': 'circle', 'color': 'blue', 'size': 'large'}]}]}"
"0/000903.png",13,False,True,"{'in': [{'stack': [{'shape': 'circle', 'color': 'magenta', 'size': 'large'}, {'shape': 'circle', 'color': 'yellow', 'size': 'small'}]}]}"
"0/000904.png",6,True,True,"{'quadrant_ur': [{'shape': 'triangle', 'color': 'cyan', 'size': 'large'}]}"
"0/000905.png",11,False,True,"{'side_by_side': [{'shape': 'triangle', 'color': 'yellow', 'size': 'large'}, {'shape': 'triangle', 'color': 'cyan', 'size': 'small'}, {'shape': 'triangle', 'color': 'blue', 'size': 'large'}, {'shape': 'triangle', 'color': 'red', 'size': 'small'}]}"
"0/000906.png",1,False,True,"{'quadrant_lr': [{'shape': 'circle', 'color': 'red', 'size': 'large'}]}"
"0/000907.png",8,True,True,"{'quadrant_lr': [{'shape': 'square', 'color': 'yellow', 'size': 'small'}]}"
"0/000908.png",11,True,True,"{'side_by_side': [{'shape': 'square', 'color': 'red', 'size': 'small'}, {'shape': 'circle', 'color': 'blue', 'size': 'small'}, {'shape': 'triangle', 'color': 'yellow', 'size': 'small'}, {'shape': 'triangle', 'color': 'red', 'size': 'small'}]}"
"0/000909.png",1,True,True,"{'in': [{'shape': 'square', 'color': 'yellow', 'size': 'small'}]}"
"0/000910.png",15,True,True,"{'quadrant_ul': [{'stack': [{'shape': 'triangle', 'color': 'magenta', 'size': 'small'}, {'shape': 'square', 'color': 'green', 'size': 'small'}]}]}"
"0/000911.png",7,False,True,"{'quadrant_ll': [{'shape': 'circle', 'color': 'green', 'size': 'large'}]}"
"0/000912.png",15,False,True,"{'in': [{'stack': [{'shape': 'circle', 'color': 'yellow', 'size': 'small'}, {'shape': 'triangle', 'color': 'blue', 'size': 'small'}]}]}"
"0/000913.png",0,False,True,"{'side_by_side': [{'shape': 'triangle', 'color': 'yellow', 'size': 'large'}, {'shape': 'circle', 'color': 'green', 'size': 'small'}]}"
"0/000914.png",17,False,True,"{'in': [{'shape': 'square', 'color': 'blue', 'size': 'large'}]}"
"0/000915.png",7,False,True,"{'in': [{'shape': 'square', 'color': 'magenta', 'size': 'large'}]}"
"0/000916.png",14,False,True,"{'side_by_side': [{'shape': 'square', 'color': 'cyan', 'size': 'small'}, {'shape': 'square', 'color': 'cyan', 'size': 'small'}, {'shape': 'triangle', 'color': 'red', 'size': 'large'}]}"
"0/000917.png",14,False,True,"{'in': [{'shape': 'square', 'color': 'cyan', 'size': 'large'}]}"
"0/000918.png",10,False,True,"{'side_by_side': [{'shape': 'circle', 'color': 'cyan', 'size': 'small'}, {'shape': 'square', 'color': 'red', 'size': 'large'}, {'shape': 'square', 'color': 'red', 'size': 'small'}, {'shape': 'circle', 'color': 'red', 'size': 'large'}]}"
"0/000919.png",14,True,True,"{'quadrant_lr': [{'shape': 'square', 'color': 'yellow', 'size': 'small'}]}"
"0/000920.png",14,True,True,"{'side_by_side': [{'shape': 'circle', 'color': 'blue', 'size': 'large'}, {'shape': 'triangle', 'color': 'blue', 'size': 'small'}, {'shape': 'circle', 'color': 'blue', 'size': 'large'}]}"
"0/000921.png",10,True,True,"{'side_by_side': [{'shape': 'triangle', 'color': 'red', 'size': 'large'}, {'shape': 'triangle', 'color': 'green', 'size': 'large'}, {'shape': 'triangle', 'color': 'red', 'size': 'small'}]}"
"0/000922.png",6,False,True,"{'quadrant_ll': [{'shape': 'square', 'color': 'yellow', 'size': 'small'}]}"
"0/000923.png",9,False,True,"{'side_by_side': [{'shape': 'square', 'color': 'blue', 'size': 'large'}, {'shape': 'triangle', 'color': 'green', 'size': 'small'}]}"
"0/000924.png",10,False,True,"{'side_by_side': [{'shape': 'triangle', 'color': 'green', 'size': 'small'}, {'shape': 'triangle', 'color': 'yellow', 'size': 'small'}, {'shape': 'circle', 'color': 'cyan', 'size': 'small'}, {'shape': 'triangle', 'color': 'cyan', 'size': 'large'}, {'shape': 'triangle', 'color': 'green', 'size': 'large'}, {'shape': 'circle', 'color': 'blue', 'size': 'small'}]}"
"0/000925.png",11,True,True,"{'side_by_side': [{'shape': 'circle', 'color': 'magenta', 'size': 'small'}, {'shape': 'circle', 'color': 'yellow', 'size': 'small'}, {'shape': 'triangle', 'color': 'red', 'size': 'large'}]}"
"0/000926.png",11,False,True,"{'side_by_side': [{'shape': 'circle', 'color': 'green', 'size': 'large'}, {'shape': 'circle', 'color': 'green', 'size': 'large'}]}"
"0/000927.png",1,False,True,"{'quadrant_ur': [{'shape': 'circle', 'color': 'magenta', 'size': 'large'}]}"
"0/000928.png",16,False,True,"{'in': [{'side_by_side': [{'shape': 'circle', 'color': 'yellow', 'size': 'large'}, {'shape': 'triangle', 'color': 'magenta', 'size': 'small'}]}]}"
"0/000929.png",14,False,True,"{'side_by_side': [{'shape': 'circle', 'color': 'cyan', 'size': 'small'}, {'shape': 'triangle', 'color': 'magenta', 'size': 'large'}, {'shape': 'triangle', 'color': 'magenta', 'size': 'large'}]}"
"0/000930.png",17,True,True,"{'quadrant_ul': [{'stack': [{'shape': 'square', 'color': 'cyan', 'size': 'large'}, {'shape': 'square', 'color': 'yellow', 'size': 'large'}]}]}"
"0/000931.png",2,False,True,"{'quadrant_ll': [{'shape': 'triangle', 'color': 'yellow', 'size': 'large'}]}"
"0/000932.png",10,True,True,"{'side_by_side': [{'shape': 'triangle', 'color': 'blue', 'size': 'small'}, {'shape': 'triangle', 'color': 'red', 'size': 'small'}, {'shape': 'triangle', 'color': 'red', 'size': 'large'}]}"
"0/000933.png",14,False,True,"{'side_by_side': [{'shape': 'circle', 'color': 'blue', 'size': 'small'}, {'shape': 'circle', 'color': 'blue', 'size': 'small'}, {'shape': 'circle', 'color': 'yellow', 'size': 'small'}]}"
"0/000934.png",2,True,True,"{'quadrant_ll': [{'shape': 'circle', 'color': 'green', 'size': 'small'}]}"
"0/000935.png",14,True,True,"{'side_by_side': [{'shape': 'square', 'color': 'blue', 'size': 'small'}, {'shape': 'triangle', 'color': 'red', 'size': 'small'}]}"
"0/000936.png",16,False,True,"{'quadrant_lr': [{'side_by_side': [{'shape': 'circle', 'color': 'red', 'size': 'small'}, {'shape': 'triangle', 'color': 'yellow', 'size': 'large'}]}]}"
"0/000937.png",16,True,True,"{'quadrant_ul': [{'side_by_side': [{'shape': 'circle', 'color': 'blue', 'size': 'large'}, {'shape': 'circle', 'color': 'blue', 'size': 'large'}]}]}"
"0/000938.png",7,False,True,"{'quadrant_ll': [{'shape': 'square', 'color': 'green', 'size': 'large'}]}"
"0/000939.png",2,True,True,"{'quadrant_ul': [{'shape': 'circle', 'color': 'green', 'size': 'small'}]}"
"0/000940.png",17,True,True,"{'side_by_side': [{'shape': 'triangle', 'color': 'blue', 'size': 'small'}, {'shape': 'triangle', 'color': 'red', 'size': 'small'}]}"
"0/000941.png",14,False,True,"{'side_by_side': [{'shape': 'circle', 'color': 'red', 'size': 'large'}, {'shape': 'square', 'color': 'yellow', 'size': 'large'}, {'shape': 'square', 'color': 'yellow', 'size': 'large'}]}"
"0/000942.png",7,False,True,"{'quadrant_ul': [{'shape': 'square', 'color': 'yellow', 'size': 'small'}]}"
"0/000943.png",14,True,True,"{'quadrant_lr': [{'grid': [{'shape': 'triangle', 'color': 'blue', 'size': 'large'}, {'shape': 'square', 'color': 'blue', 'size': 'small'}]}]}"
"0/000944.png",11,False,True,"{'side_by_side': [{'shape': 'square', 'color': 'blue', 'size': 'small'}, {'shape': 'triangle', 'color': 'yellow', 'size': 'large'}, {'shape': 'circle', 'color': 'green', 'size': 'large'}]}"
"0/000945.png",16,False,True,"{'quadrant_lr': [{'side_by_side': [{'shape': 'circle', 'color': 'cyan', 'size': 'small'}, {'shape': 'circle', 'color': 'cyan', 'size': 'large'}]}]}"
"0/000946.png",11,False,True,"{'side_by_side': [{'shape': 'square', 'color': 'yellow', 'size': 'small'}, {'shape': 'triangle', 'color': 'red', 'size': 'small'}, {'shape': 'square', 'color': 'magenta', 'size': 'large'}, {'shape': 'square', 'color': 'blue', 'size': 'small'}, {'shape': 'triangle', 'color': 'magenta', 'size': 'large'}]}"
"0/000947.png",9,False,True,"{'side_by_side': [{'shape': 'triangle', 'color': 'yellow', 'size': 'large'}, {'shape': 'circle', 'color': 'cyan', 'size': 'large'}]}"
"0/000948.png",2,True,True,"{'quadrant_ul': [{'shape': 'circle', 'color': 'red', 'size': 'small'}]}"
"0/000949.png",9,True,True,"{'side_by_side': [{'shape': 'circle', 'color': 'green', 'size': 'small'}, {'shape': 'triangle', 'color': 'red', 'size': 'small'}]}"
"0/000950.png",7,False,True,"{'quadrant_ur': [{'shape': 'square', 'color': 'blue', 'size': 'large'}]}"
"0/000951.png",15,False,True,"{'quadrant_ll': [{'stack': [{'shape': 'square', 'color': 'cyan', 'size': 'large'}, {'shape': 'circle', 'color': 'yellow', 'size': 'large'}]}]}"
"0/000952.png",14,True,True,"{'side_by_side': [{'shape': 'triangle', 'color': 'red', 'size': 'small'}, {'shape': 'circle', 'color': 'yellow', 'size': 'large'}, {'shape': 'triangle', 'color': 'red', 'size': 'small'}]}"
"0/000953.png",14,False,True,"{'quadrant_lr': [{'stack': [{'shape': 'circle', 'color': 'yellow', 'size': 'small'}, {'shape': 'square', 'color': 'blue', 'size': 'large'}]}]}"
"0/000954.png",1,True,True,"{'quadrant_ur': [{'shape': 'square', 'color': 'red', 'size': 'large'}]}"
"0/000955.png",16,True,True,"{'quadrant_ur': [{'side_by_side': [{'shape': 'circle', 'color': 'cyan', 'size': 'large'}, {'shape': 'circle', 'color': 'cyan', 'size': 'large'}]}]}"
"0/000956.png",14,False,True,"{'side_by_side': [{'shape': 'triangle', 'color': 'magenta', 'size': 'small'}, {'shape': 'triangle', 'color': 'magenta', 'size': 'small'}, {'shape': 'circle', 'color': 'magenta', 'size': 'large'}]}"
"0/000957.png",17,True,True,"{'quadrant_ul': [{'stack': [{'shape': 'square', 'color': 'green', 'size': 'large'}, {'shape': 'square', 'color': 'red', 'size': 'large'}, {'shape': 'square', 'color': 'yellow', 'size': 'large'}]}]}"
"0/000958.png",11,True,True,"{'side_by_side': [{'shape': 'triangle', 'color': 'green', 'size': 'small'}, {'shape': 'circle', 'color': 'yellow', 'size': 'large'}, {'shape': 'circle', 'color': 'red', 'size': 'large'}, {'shape': 'circle', 'color': 'yellow', 'size': 'large'}, {'shape': 'triangle', 'color': 'red', 'size': 'large'}]}"
"0/000959.png",13,False,True,"{'quadrant_lr': [{'diag_ll_ur': [{'shape': 'square', 'color': 'red', 'size': 'small'}, {'shape': 'circle', 'color': 'cyan', 'size': 'small'}]}]}"
"0/000960.png",10,False,True,"{'side_by_side': [{'shape': 'circle', 'color': 'cyan', 'size': 'small'}, {'shape': 'circle', 'color': 'yellow', 'size': 'small'}, {'shape': 'square', 'color': 'green', 'size': 'large'}, {'shape': 'circle', 'color': 'green', 'size': 'small'}, {'shape': 'circle', 'color': 'yellow', 'size': 'small'}]}"
"0/000961.png",14,True,True,"{'side_by_side': [{'shape': 'circle', 'color': 'blue', 'size': 'small'}, {'shape': 'circle', 'color': 'magenta', 'size': 'large'}, {'shape': 'circle', 'color': 'blue', 'size': 'small'}]}"
"0/000962.png",1,False,True,"{'quadrant_ur': [{'shape': 'circle', 'color': 'green', 'size': 'large'}]}"
"0/000963.png",11,False,True,"{'quadrant_ul': [{'stack': [{'shape': 'triangle', 'color': 'cyan', 'size': 'small'}, {'shape': 'circle', 'color': 'green', 'size': 'large'}]}]}"
"0/000964.png",14,True,True,"{'side_by_side': [{'shape': 'triangle', 'color': 'yellow', 'size': 'large'}, {'shape': 'square', 'color': 'cyan', 'size': 'small'}, {'shape': 'triangle', 'color': 'yellow', 'size': 'large'}]}"
"0/000965.png",6,True,True,"{'quadrant_ur': [{'shape': 'square', 'color': 'cyan', 'size': 'small'}]}"
"0/000966.png",9,False,True,"{'side_by_side': [{'shape': 'circle', 'color': 'cyan', 'size': 'large'}, {'shape': 'triangle', 'color': 'green', 'size': 'large'}]}"
"0/000967.png",9,True,True,"{'side_by_side': [{'shape': 'square', 'color': 'yellow', 'size': 'small'}, {'shape': 'triangle', 'color': 'red', 'size': 'large'}]}"
"0/000968.png",17,True,True,"{'side_by_side': [{'shape': 'circle', 'color': 'green', 'size': 'large'}, {'shape': 'triangle', 'color': 'red', 'size': 'small'}, {'shape': 'circle', 'color': 'green', 'size': 'large'}]}"
"0/000969.png",11,False,True,"{'side_by_side': [{'shape': 'circle', 'color': 'red', 'size': 'small'}, {'shape': 'square', 'color': 'green', 'size': 'small'}, {'shape': 'triangle', 'color': 'blue', 'size': 'large'}, {'shape': 'triangle', 'color': 'blue', 'size': 'small'}]}"
"0/000970.png",15,False,True,"{'quadrant_ul': [{'stack': [{'shape': 'triangle', 'color': 'cyan', 'size': 'small'}, {'shape': 'circle', 'color': 'red', 'size': 'large'}]}]}"
"0/000971.png",1,True,True,"{'quadrant_lr': [{'shape': 'square', 'color': 'green', 'size': 'large'}]}"
"0/000972.png",6,False,True,"{'quadrant_ll': [{'shape': 'circle', 'color': 'blue', 'size': 'small'}]}"
"0/000973.png",7,False,True,"{'quadrant_ll': [{'shape': 'triangle', 'color': 'red', 'size': 'large'}]}"
"0/000974.png",13,False,True,"{'in': [{'shape': 'circle', 'color': 'blue', 'size': 'small'}]}"
"0/000975.png",15,True,True,"{'quadrant_ll': [{'stack': [{'shape': 'triangle', 'color': 'blue', 'size': 'small'}, {'shape': 'square', 'color': 'blue', 'size': 'small'}]}]}"
"0/000976.png",6,False,True,"{'quadrant_ul': [{'shape': 'triangle', 'color': 'red', 'size': 'large'}]}"
"0/000977.png",0,False,True,"{'quadrant_ur': [{'shape': 'triangle', 'color': 'blue', 'size': 'large'}]}"
"0/000978.png",11,False,True,"{'quadrant_ul': [{'side_by_side': [{'shape': 'circle', 'color': 'red', 'size': 'large'}, {'shape': 'square', 'color': 'magenta', 'size': 'large'}]}]}"
"0/000979.png",8,False,True,"{'quadrant_lr': [{'side_by_side': [{'shape': 'triangle', 'color': 'red', 'size': 'large'}, {'shape': 'triangle', 'color': 'cyan', 'size': 'small'}]}]}"
"0/000980.png",7,False,True,"{'quadrant_ul': [{'shape': 'triangle', 'color': 'cyan', 'size': 'small'}]}"
"0/000981.png",17,False,True,"{'quadrant_ul': [{'stack': [{'shape': 'square', 'color': 'yellow', 'size': 'large'}, {'shape': 'triangle', 'color': 'green', 'size': 'small'}, {'shape': 'triangle', 'color': 'blue', 'size': 'large'}]}]}"
"0/000982.png",1,False,True,"{'quadrant_ur': [{'stack': [{'shape': 'circle', 'color': 'red', 'size': 'small'}, {'shape': 'circle', 'color': 'yellow', 'size': 'large'}]}]}"
"0/000983.png",7,False,True,"{'quadrant_ul': [{'shape': 'circle', 'color': 'blue', 'size': 'small'}]}"
"0/000984.png",16,False,True,"{'quadrant_ul': [{'side_by_side': [{'shape': 'square', 'color': 'cyan', 'size': 'small'}, {'shape': 'triangle', 'color': 'red', 'size': 'large'}]}]}"
"0/000985.png",7,False,True,"{'quadrant_ur': [{'shape': 'square', 'color': 'red', 'size': 'small'}]}"
"0/000986.png",2,True,True,"{'quadrant_ll': [{'side_by_side': [{'shape': 'circle', 'color': 'red', 'size': 'large'}, {'shape': 'circle', 'color': 'red', 'size': 'large'}]}]}"
"0/000987.png",9,True,True,"{'quadrant_ur': [{'stack': [{'shape': 'square', 'color': 'cyan', 'size': 'large'}, {'shape': 'square', 'color': 'yellow', 'size': 'large'}]}]}"
"0/000988.png",16,False,True,"{'quadrant_ll': [{'side_by_side': [{'shape': 'circle', 'color': 'red', 'size': 'small'}, {'shape': 'triangle', 'color': 'red', 'size': 'large'}]}]}"
"0/000989.png",7,False,True,"{'quadrant_lr': [{'shape': 'square', 'color': 'blue', 'size': 'large'}]}"
"0/000990.png",7,True,True,"{'quadrant_lr': [{'shape': 'triangle', 'color': 'magenta', 'size': 'small'}]}"
"0/000991.png",16,True,True,"{'quadrant_ll': [{'side_by_side': [{'shape': 'circle', 'color': 'cyan', 'size': 'small'}, {'shape': 'circle', 'color': 'cyan', 'size': 'small'}]}]}"
"0/000992.png",15,True,True,"{'quadrant_ll': [{'side_by_side': [{'shape': 'circle', 'color': 'yellow', 'size': 'small'}, {'shape': 'circle', 'color': 'yellow', 'size': 'small'}]}]}"
"0/000993.png",5,True,True,"{'quadrant_ul': [{'side_by_side': [{'shape': 'circle', 'color': 'cyan', 'size': 'small'}, {'shape': 'circle', 'color': 'cyan', 'size': 'small'}]}]}"
"0/000994.png",14,False,True,"{'quadrant_ur': [{'shape': 'triangle', 'color': 'green', 'size': 'large'}]}"
"0/000995.png",7,False,True,"{'in': [{'shape': 'circle', 'color': 'green', 'size': 'large'}]}"
"0/000996.png",16,False,True,"{'in': [{'side_by_side': [{'shape': 'circle', 'color': 'magenta', 'size': 'small'}, {'shape': 'circle', 'color': 'magenta', 'size': 'large'}]}]}"
"0/000997.png",16,False,True,"{'in': [{'side_by_side': [{'shape': 'triangle', 'color': 'yellow', 'size': 'large'}, {'shape': 'circle', 'color': 'yellow', 'size': 'small'}]}]}"
"0/000998.png",16,True,True,"{'quadrant_ll': [{'side_by_side': [{'shape': 'circle', 'color': 'red', 'size': 'small'}, {'shape': 'circle', 'color': 'red', 'size': 'small'}]}]}"
"0/000999.png",6,False,True,"{'quadrant_lr': [{'side_by_side': [{'shape': 'square', 'color': 'green', 'size': 'small'}, {'shape': 'triangle', 'color': 'red', 'size': 'large'}]}]}"
