channel,concept,correlation,abs_correlation
0,has_triangle,-0.17236216338530772,0.17236216338530772
0,has_square,0.36031706264714675,0.36031706264714675
0,has_circle,-0.1762630344405798,0.1762630344405798
0,has_red,-0.23458630080319484,0.23458630080319484
0,has_green,-0.24002177831301036,0.24002177831301036
0,has_blue,-0.0007817845716015523,0.0007817845716015523
0,has_cyan,0.6672261163785256,0.6672261163785256
0,has_magenta,-0.062077392738118915,0.062077392738118915
0,has_yellow,-0.48173819947242164,0.48173819947242164
1,has_triangle,-0.1714195556760147,0.1714195556760147
1,has_square,0.26042430565466934,0.26042430565466934
1,has_circle,-0.16332890879786252,0.16332890879786252
1,has_red,-0.14353301149809058,0.14353301149809058
1,has_green,-0.13425278726101922,0.13425278726101922
1,has_blue,-0.17599111178021382,0.17599111178021382
1,has_cyan,0.463768992228803,0.463768992228803
1,has_magenta,-0.15921324500875278,0.15921324500875278
1,has_yellow,-0.38833430060233065,0.38833430060233065
2,has_triangle,-0.1657867804552359,0.1657867804552359
2,has_square,-0.030022999360166964,0.030022999360166964
2,has_circle,0.20559653766317626,0.20559653766317626
2,has_red,0.055128627909588175,0.055128627909588175
2,has_green,-0.021050939896830077,0.021050939896830077
2,has_blue,-0.008547228700499782,0.008547228700499782
2,has_cyan,0.0677288984453891,0.0677288984453891
2,has_magenta,-0.110951163391421,0.110951163391421
2,has_yellow,0.08405357319826351,0.08405357319826351
3,has_triangle,-0.13594627605248208,0.13594627605248208
3,has_square,0.2686567679074895,0.2686567679074895
3,has_circle,0.055047362492222904,0.055047362492222904
3,has_red,-0.1007524518462693,0.1007524518462693
3,has_green,-0.051884395509596185,0.051884395509596185
3,has_blue,0.05034429604147571,0.05034429604147571
3,has_cyan,0.1312012274520915,0.1312012274520915
3,has_magenta,-0.0491883451205197,0.0491883451205197
3,has_yellow,-0.27927851891494926,0.27927851891494926
4,has_triangle,-0.12653600077359317,0.12653600077359317
4,has_square,-0.2076565606626947,0.2076565606626947
4,has_circle,0.16119244120622087,0.16119244120622087
4,has_red,0.17529439596547555,0.17529439596547555
4,has_green,-0.05401340475457611,0.05401340475457611
4,has_blue,-0.1254408728122319,0.1254408728122319
4,has_cyan,0.09675657250883309,0.09675657250883309
4,has_magenta,-0.0820606433936315,0.0820606433936315
4,has_yellow,-0.01720963537901874,0.01720963537901874
5,has_triangle,-0.17216376661526767,0.17216376661526767
5,has_square,-0.019540050412819292,0.019540050412819292
5,has_circle,0.0637065164243831,0.0637065164243831
5,has_red,0.08743460148159318,0.08743460148159318
5,has_green,-0.29261408405136696,0.29261408405136696
5,has_blue,0.031622868780236145,0.031622868780236145
5,has_cyan,0.30344312406193935,0.30344312406193935
5,has_magenta,-0.027311644856440487,0.027311644856440487
5,has_yellow,-0.07770724747297289,0.07770724747297289
6,has_triangle,0.18923984885050188,0.18923984885050188
6,has_square,-0.1480525695043867,0.1480525695043867
6,has_circle,-0.17046945275721714,0.17046945275721714
6,has_red,0.08141851800511044,0.08141851800511044
6,has_green,-0.13360314042398932,0.13360314042398932
6,has_blue,-0.057081658015454874,0.057081658015454874
6,has_cyan,0.03539815135951661,0.03539815135951661
6,has_magenta,-0.0007705807271562928,0.0007705807271562928
6,has_yellow,-0.17219605793266185,0.17219605793266185
7,has_triangle,0.022748546807220524,0.022748546807220524
7,has_square,0.33502817001890395,0.33502817001890395
7,has_circle,-0.154567037438881,0.154567037438881
7,has_red,-0.08653621176523228,0.08653621176523228
7,has_green,-0.2602062575011262,0.2602062575011262
7,has_blue,0.22579982957868416,0.22579982957868416
7,has_cyan,0.27195533839515407,0.27195533839515407
7,has_magenta,-0.08996279278960148,0.08996279278960148
7,has_yellow,-0.10322858972169015,0.10322858972169015
8,has_triangle,0.15310801887382164,0.15310801887382164
8,has_square,0.10611646015343808,0.10611646015343808
8,has_circle,-0.299856493571298,0.299856493571298
8,has_red,0.25259384082816894,0.25259384082816894
8,has_green,-0.17809004930473887,0.17809004930473887
8,has_blue,-0.20307893962778595,0.20307893962778595
8,has_cyan,0.029349875382359374,0.029349875382359374
8,has_magenta,-0.11455957337614386,0.11455957337614386
8,has_yellow,-0.1847905677505217,0.1847905677505217
9,has_triangle,-0.24956697987184184,0.24956697987184184
9,has_square,-0.12931030741482974,0.12931030741482974
9,has_circle,0.28226957520952906,0.28226957520952906
9,has_red,0.20336651449005932,0.20336651449005932
9,has_green,-0.1634181320608976,0.1634181320608976
9,has_blue,0.032583982389937996,0.032583982389937996
9,has_cyan,0.040102478925250276,0.040102478925250276
9,has_magenta,0.08247520549352269,0.08247520549352269
9,has_yellow,-0.06352616380397312,0.06352616380397312
10,has_triangle,-0.1519286420722346,0.1519286420722346
10,has_square,-0.2420259639282618,0.2420259639282618
10,has_circle,0.18231815504368215,0.18231815504368215
10,has_red,0.13716219031001356,0.13716219031001356
10,has_green,-0.04516541070661835,0.04516541070661835
10,has_blue,0.03521833425048077,0.03521833425048077
10,has_cyan,-0.022307727618190568,0.022307727618190568
10,has_magenta,0.12666849637727018,0.12666849637727018
10,has_yellow,0.25445100713036023,0.25445100713036023
11,has_triangle,0.17870579526747024,0.17870579526747024
11,has_square,0.22923204699145808,0.22923204699145808
11,has_circle,-0.23920094511867598,0.23920094511867598
11,has_red,-0.06501261888276565,0.06501261888276565
11,has_green,-0.12243531601320722,0.12243531601320722
11,has_blue,0.14029483930199546,0.14029483930199546
11,has_cyan,-0.005955223079717447,0.005955223079717447
11,has_magenta,-0.11943419737780661,0.11943419737780661
11,has_yellow,-0.22558665377503834,0.22558665377503834
12,has_triangle,-0.048262087775745886,0.048262087775745886
12,has_square,-0.022653143292728103,0.022653143292728103
12,has_circle,0.019388336694037694,0.019388336694037694
12,has_red,-0.10207385695166653,0.10207385695166653
12,has_green,-0.2805707341521416,0.2805707341521416
12,has_blue,0.19164973412022926,0.19164973412022926
12,has_cyan,0.41259165565488287,0.41259165565488287
12,has_magenta,0.2193643347190746,0.2193643347190746
12,has_yellow,-0.20837187554094416,0.20837187554094416
13,has_triangle,-0.20922791771381302,0.20922791771381302
13,has_square,0.08185368035154364,0.08185368035154364
13,has_circle,0.1333177876903757,0.1333177876903757
13,has_red,0.11062351708310227,0.11062351708310227
13,has_green,-0.0008488143925606619,0.0008488143925606619
13,has_blue,0.061358461399285164,0.061358461399285164
13,has_cyan,0.15621635040843673,0.15621635040843673
13,has_magenta,-0.16962869753245002,0.16962869753245002
13,has_yellow,0.2414002382617993,0.2414002382617993
14,has_triangle,-0.05229570374930115,0.05229570374930115
14,has_square,0.16132317632217855,0.16132317632217855
14,has_circle,0.09017118682442202,0.09017118682442202
14,has_red,-0.0642040416905199,0.0642040416905199
14,has_green,0.029672349229102578,0.029672349229102578
14,has_blue,0.20199724509651437,0.20199724509651437
14,has_cyan,-0.15335791504433588,0.15335791504433588
14,has_magenta,-0.25160720734685094,0.25160720734685094
14,has_yellow,0.036204712434858406,0.036204712434858406
15,has_triangle,0.0597183869793952,0.0597183869793952
15,has_square,-0.164467410805507,0.164467410805507
15,has_circle,-0.07371294706077926,0.07371294706077926
15,has_red,0.1632232235710806,0.1632232235710806
15,has_green,-0.09016509333187396,0.09016509333187396
15,has_blue,-0.059447193781845896,0.059447193781845896
15,has_cyan,0.02379349854225596,0.02379349854225596
15,has_magenta,-0.15405816684211984,0.15405816684211984
15,has_yellow,0.00809120310428991,0.00809120310428991
16,has_triangle,0.23599338907807726,0.23599338907807726
16,has_square,-0.0450399851811565,0.0450399851811565
16,has_circle,-0.17244843242417818,0.17244843242417818
16,has_red,0.3007499912697417,0.3007499912697417
16,has_green,-0.08799567605286208,0.08799567605286208
16,has_blue,-0.18226881627046762,0.18226881627046762
16,has_cyan,-0.20677782706812514,0.20677782706812514
16,has_magenta,-0.20854808387145302,0.20854808387145302
16,has_yellow,0.07998525582531481,0.07998525582531481
17,has_triangle,0.026304625731753635,0.026304625731753635
17,has_square,0.1550131651885121,0.1550131651885121
17,has_circle,-0.13195248607153381,0.13195248607153381
17,has_red,0.06540877326585727,0.06540877326585727
17,has_green,-0.3203737256967308,0.3203737256967308
17,has_blue,0.08379326393770195,0.08379326393770195
17,has_cyan,0.27052064600770453,0.27052064600770453
17,has_magenta,0.1830006107037719,0.1830006107037719
17,has_yellow,-0.2108796033740445,0.2108796033740445
18,has_triangle,-0.37618178050080403,0.37618178050080403
18,has_square,-0.25229032778998295,0.25229032778998295
18,has_circle,0.4083948045607483,0.4083948045607483
18,has_red,0.28708294975929355,0.28708294975929355
18,has_green,0.07850971284735493,0.07850971284735493
18,has_blue,-0.09300397640271928,0.09300397640271928
18,has_cyan,-0.05972102041215199,0.05972102041215199
18,has_magenta,-0.161000599716414,0.161000599716414
18,has_yellow,0.5363409306742932,0.5363409306742932
19,has_triangle,0.047823898298294594,0.047823898298294594
19,has_square,-0.1751881304633804,0.1751881304633804
19,has_circle,-0.050412978439924164,0.050412978439924164
19,has_red,0.15404436977862462,0.15404436977862462
19,has_green,-0.09143531014673643,0.09143531014673643
19,has_blue,-0.08057779193332162,0.08057779193332162
19,has_cyan,0.03560004016684576,0.03560004016684576
19,has_magenta,-0.13138289590270208,0.13138289590270208
19,has_yellow,0.014822947862962222,0.014822947862962222
20,has_triangle,-0.14060974019749317,0.14060974019749317
20,has_square,-0.028860350221299885,0.028860350221299885
20,has_circle,0.033632301533996566,0.033632301533996566
20,has_red,0.1171691892911454,0.1171691892911454
20,has_green,-0.04772993475261664,0.04772993475261664
20,has_blue,0.014873449540445241,0.014873449540445241
20,has_cyan,0.18173243336434072,0.18173243336434072
20,has_magenta,-0.1036498889140802,0.1036498889140802
20,has_yellow,-0.15062184890094893,0.15062184890094893
21,has_triangle,0.07014821684968033,0.07014821684968033
21,has_square,-0.03450012852654464,0.03450012852654464
21,has_circle,-0.16373346378174852,0.16373346378174852
21,has_red,0.012668285810194047,0.012668285810194047
21,has_green,-0.19597521346692306,0.19597521346692306
21,has_blue,0.09375174538698725,0.09375174538698725
21,has_cyan,0.16140167297230784,0.16140167297230784
21,has_magenta,-0.06524974770300708,0.06524974770300708
21,has_yellow,-0.28496627360185006,0.28496627360185006
22,has_triangle,0.09704889327317,0.09704889327317
22,has_square,-0.16123327005684537,0.16123327005684537
22,has_circle,-0.23143635224911363,0.23143635224911363
22,has_red,0.16772477015968695,0.16772477015968695
22,has_green,-0.1835740705097366,0.1835740705097366
22,has_blue,-0.1716617710178457,0.1716617710178457
22,has_cyan,0.17106608985548263,0.17106608985548263
22,has_magenta,-0.10928311502327968,0.10928311502327968
22,has_yellow,-0.04436250876322558,0.04436250876322558
23,has_triangle,0.148180901472663,0.148180901472663
23,has_square,0.15186295733913913,0.15186295733913913
23,has_circle,-0.24856359453929736,0.24856359453929736
23,has_red,-0.06144807477609988,0.06144807477609988
23,has_green,-0.1921768934312657,0.1921768934312657
23,has_blue,-0.015610383737986195,0.015610383737986195
23,has_cyan,0.2131737488615214,0.2131737488615214
23,has_magenta,-0.27450675751604187,0.27450675751604187
23,has_yellow,-0.2744746463048464,0.2744746463048464
24,has_triangle,-0.03140219119308061,0.03140219119308061
24,has_square,-0.02403119623158156,0.02403119623158156
24,has_circle,0.024327553857187077,0.024327553857187077
24,has_red,0.3831316672297218,0.3831316672297218
24,has_green,-0.025095141971176217,0.025095141971176217
24,has_blue,-0.1123183164919739,0.1123183164919739
24,has_cyan,-0.15019136865851068,0.15019136865851068
24,has_magenta,-0.29867936652332233,0.29867936652332233
24,has_yellow,0.34616280559008505,0.34616280559008505
25,has_triangle,0.1431239408241786,0.1431239408241786
25,has_square,-0.2565178634783123,0.2565178634783123
25,has_circle,-0.09381701272924196,0.09381701272924196
25,has_red,0.21226225700059104,0.21226225700059104
25,has_green,-0.10843550241727766,0.10843550241727766
25,has_blue,-0.08677873034609672,0.08677873034609672
25,has_cyan,-0.11628144859071841,0.11628144859071841
25,has_magenta,-0.08740786028847687,0.08740786028847687
25,has_yellow,0.05748217073537059,0.05748217073537059
26,has_triangle,-0.12432182363392999,0.12432182363392999
26,has_square,-0.2934922982015448,0.2934922982015448
26,has_circle,0.2250103246141124,0.2250103246141124
26,has_red,0.026428778606743083,0.026428778606743083
26,has_green,-0.34826224725326915,0.34826224725326915
26,has_blue,0.13758864842904808,0.13758864842904808
26,has_cyan,0.14321193462735676,0.14321193462735676
26,has_magenta,0.4609677003043377,0.4609677003043377
26,has_yellow,-0.28662766506371584,0.28662766506371584
27,has_triangle,-0.06935246878955359,0.06935246878955359
27,has_square,-0.39294707523447586,0.39294707523447586
27,has_circle,0.164640032917821,0.164640032917821
27,has_red,0.14959738044877888,0.14959738044877888
27,has_green,-0.10870269064695312,0.10870269064695312
27,has_blue,-0.05396705823048786,0.05396705823048786
27,has_cyan,0.058007828056522756,0.058007828056522756
27,has_magenta,0.09011686732538053,0.09011686732538053
27,has_yellow,0.18465311053633124,0.18465311053633124
28,has_triangle,0.03876894876601932,0.03876894876601932
28,has_square,0.26983112955257127,0.26983112955257127
28,has_circle,-0.28089791393380714,0.28089791393380714
28,has_red,-0.009494867600590887,0.009494867600590887
28,has_green,0.002534807715254413,0.002534807715254413
28,has_blue,0.11159990838696147,0.11159990838696147
28,has_cyan,-0.08345681145171704,0.08345681145171704
28,has_magenta,-0.2901218963301575,0.2901218963301575
28,has_yellow,-0.26194772641251995,0.26194772641251995
29,has_triangle,-0.2805817788292256,0.2805817788292256
29,has_square,-0.17931811764742292,0.17931811764742292
29,has_circle,0.16944396214712212,0.16944396214712212
29,has_red,0.2873737396656363,0.2873737396656363
29,has_green,-0.3284571918845667,0.3284571918845667
29,has_blue,0.09576990561036748,0.09576990561036748
29,has_cyan,0.12813804837344142,0.12813804837344142
29,has_magenta,0.21093311465352554,0.21093311465352554
29,has_yellow,-0.07488984375250393,0.07488984375250393
30,has_triangle,-0.125721861454116,0.125721861454116
30,has_square,-0.12398463516678773,0.12398463516678773
30,has_circle,0.1098828844388283,0.1098828844388283
30,has_red,-0.09584190847351182,0.09584190847351182
30,has_green,-0.2128411641291773,0.2128411641291773
30,has_blue,0.14753804831894335,0.14753804831894335
30,has_cyan,0.30759330140707314,0.30759330140707314
30,has_magenta,0.15067325881806862,0.15067325881806862
30,has_yellow,-0.2196289672240491,0.2196289672240491
31,has_triangle,-0.1400507934732735,0.1400507934732735
31,has_square,-0.05762068382723857,0.05762068382723857
31,has_circle,0.16919944822806793,0.16919944822806793
31,has_red,0.023377777916621517,0.023377777916621517
31,has_green,-0.11368391154050582,0.11368391154050582
31,has_blue,0.12655029399135198,0.12655029399135198
31,has_cyan,0.0047524478557297,0.0047524478557297
31,has_magenta,-0.049741938246170736,0.049741938246170736
31,has_yellow,-0.3209445472264529,0.3209445472264529
32,has_triangle,-0.16422213897987395,0.16422213897987395
32,has_square,0.06740013314592695,0.06740013314592695
32,has_circle,0.20139498321006022,0.20139498321006022
32,has_red,-0.21501887934323757,0.21501887934323757
32,has_green,-0.10778301978210991,0.10778301978210991
32,has_blue,0.41161392937997976,0.41161392937997976
32,has_cyan,0.17829052840565165,0.17829052840565165
32,has_magenta,0.08473709354797057,0.08473709354797057
32,has_yellow,-0.2939603563880299,0.2939603563880299
33,has_triangle,-0.07618705002823777,0.07618705002823777
33,has_square,0.11694705984058386,0.11694705984058386
33,has_circle,0.03318777429224851,0.03318777429224851
33,has_red,0.12077923065527488,0.12077923065527488
33,has_green,-0.13667408746856952,0.13667408746856952
33,has_blue,0.08899615326735717,0.08899615326735717
33,has_cyan,-0.0393383897183772,0.0393383897183772
33,has_magenta,-0.15140240773130778,0.15140240773130778
33,has_yellow,-0.08334250446069591,0.08334250446069591
34,has_triangle,0.06828486891576964,0.06828486891576964
34,has_square,-0.1878880816967108,0.1878880816967108
34,has_circle,-0.12206356328740246,0.12206356328740246
34,has_red,0.4168361112684394,0.4168361112684394
34,has_green,-0.09261206883264021,0.09261206883264021
34,has_blue,-0.22669120298280046,0.22669120298280046
34,has_cyan,-0.13289416801828355,0.13289416801828355
34,has_magenta,-0.1715324854642598,0.1715324854642598
34,has_yellow,0.05539458695922411,0.05539458695922411
35,has_triangle,-0.04224266259035583,0.04224266259035583
35,has_square,-0.042417625546426335,0.042417625546426335
35,has_circle,0.037772607792443486,0.037772607792443486
35,has_red,0.2800061973437222,0.2800061973437222
35,has_green,-0.012579024342456994,0.012579024342456994
35,has_blue,-0.019238869639299935,0.019238869639299935
35,has_cyan,-0.20172843247271305,0.20172843247271305
35,has_magenta,-0.27571104911369687,0.27571104911369687
35,has_yellow,-0.027372626512719368,0.027372626512719368
36,has_triangle,0.0806324483489357,0.0806324483489357
36,has_square,-0.09978938782048329,0.09978938782048329
36,has_circle,0.026287924754638155,0.026287924754638155
36,has_red,-0.00702592227253285,0.00702592227253285
36,has_green,-0.07889001526503588,0.07889001526503588
36,has_blue,-0.20621551820573622,0.20621551820573622
36,has_cyan,0.16557310026625474,0.16557310026625474
36,has_magenta,0.20052718004023865,0.20052718004023865
36,has_yellow,0.13351889591037644,0.13351889591037644
37,has_triangle,-0.11950023547334393,0.11950023547334393
37,has_square,-0.12563074966009496,0.12563074966009496
37,has_circle,-0.10334127535005316,0.10334127535005316
37,has_red,0.06595934201874926,0.06595934201874926
37,has_green,0.08934017209226115,0.08934017209226115
37,has_blue,-0.13080231714741852,0.13080231714741852
37,has_cyan,0.02202002521137504,0.02202002521137504
37,has_magenta,-0.10830014292135315,0.10830014292135315
37,has_yellow,0.11533127414965468,0.11533127414965468
38,has_triangle,-0.2789715627927854,0.2789715627927854
38,has_square,0.14219577314254409,0.14219577314254409
38,has_circle,0.15068672042563988,0.15068672042563988
38,has_red,0.17663881686830726,0.17663881686830726
38,has_green,0.07271071566026395,0.07271071566026395
38,has_blue,-0.06865808677987231,0.06865808677987231
38,has_cyan,-0.0798508652616735,0.0798508652616735
38,has_magenta,-0.37388353643824823,0.37388353643824823
38,has_yellow,0.2273532887162951,0.2273532887162951
39,has_triangle,-0.19655395794448882,0.19655395794448882
39,has_square,0.04540234630528431,0.04540234630528431
39,has_circle,0.12528960783791296,0.12528960783791296
39,has_red,0.08951440025531825,0.08951440025531825
39,has_green,-0.015685137072065744,0.015685137072065744
39,has_blue,0.11744805637211583,0.11744805637211583
39,has_cyan,0.10069017450597902,0.10069017450597902
39,has_magenta,-0.12475618303431103,0.12475618303431103
39,has_yellow,-0.1404604417965393,0.1404604417965393
40,has_triangle,0.06638347609038525,0.06638347609038525
40,has_square,-0.05020914219852091,0.05020914219852091
40,has_circle,0.08391730587735216,0.08391730587735216
40,has_red,0.13023891564307785,0.13023891564307785
40,has_green,-0.1704707150881035,0.1704707150881035
40,has_blue,0.1292608288043624,0.1292608288043624
40,has_cyan,-0.12457090467167783,0.12457090467167783
40,has_magenta,0.0639089528301334,0.0639089528301334
40,has_yellow,0.22897916194297907,0.22897916194297907
41,has_triangle,-0.1393848361775839,0.1393848361775839
41,has_square,-0.1505956657591161,0.1505956657591161
41,has_circle,0.24161879813473033,0.24161879813473033
41,has_red,-0.10373822710142117,0.10373822710142117
41,has_green,-0.0032967647222088615,0.0032967647222088615
41,has_blue,-0.057281301806557466,0.057281301806557466
41,has_cyan,0.31046350752259216,0.31046350752259216
41,has_magenta,0.3752619803609454,0.3752619803609454
41,has_yellow,-0.039204668716900114,0.039204668716900114
42,has_triangle,0.09530912070049015,0.09530912070049015
42,has_square,0.18640719855443022,0.18640719855443022
42,has_circle,-0.28816733933660793,0.28816733933660793
42,has_red,-0.10386710024380925,0.10386710024380925
42,has_green,-0.15217887813076905,0.15217887813076905
42,has_blue,0.033812640095825304,0.033812640095825304
42,has_cyan,0.14268029111353528,0.14268029111353528
42,has_magenta,-0.18310129674792114,0.18310129674792114
42,has_yellow,-0.22382209744275533,0.22382209744275533
43,has_triangle,-0.31870760544189064,0.31870760544189064
43,has_square,-0.02174757935655279,0.02174757935655279
43,has_circle,0.22333363118578958,0.22333363118578958
43,has_red,0.22978348846321797,0.22978348846321797
43,has_green,-0.037977131682955766,0.037977131682955766
43,has_blue,-0.09182371060697994,0.09182371060697994
43,has_cyan,-0.02004251474003368,0.02004251474003368
43,has_magenta,-0.2280335976941419,0.2280335976941419
43,has_yellow,0.002462910954064801,0.002462910954064801
44,has_triangle,-0.02090911747623858,0.02090911747623858
44,has_square,-0.31837343579485794,0.31837343579485794
44,has_circle,0.024984636344597706,0.024984636344597706
44,has_red,0.3113533609115687,0.3113533609115687
44,has_green,0.009244481497569451,0.009244481497569451
44,has_blue,-0.07057143609793731,0.07057143609793731
44,has_cyan,-0.19172621331082604,0.19172621331082604
44,has_magenta,-0.24321924158455824,0.24321924158455824
44,has_yellow,0.24280237560932488,0.24280237560932488
45,has_triangle,0.16303419615033074,0.16303419615033074
45,has_square,-0.13790648589244783,0.13790648589244783
45,has_circle,-0.18928871573200035,0.18928871573200035
45,has_red,0.10718230105258483,0.10718230105258483
45,has_green,-0.13275405683776637,0.13275405683776637
45,has_blue,-0.15412645306941636,0.15412645306941636
45,has_cyan,0.03188694037652658,0.03188694037652658
45,has_magenta,-0.01721823151131375,0.01721823151131375
45,has_yellow,-0.1542849239759979,0.1542849239759979
46,has_triangle,-0.2008370664124951,0.2008370664124951
46,has_square,0.19283245755252373,0.19283245755252373
46,has_circle,0.0901801055509938,0.0901801055509938
46,has_red,0.11512312959334838,0.11512312959334838
46,has_green,0.023518137776234332,0.023518137776234332
46,has_blue,-0.0006079003093632253,0.0006079003093632253
46,has_cyan,0.011321025822711436,0.011321025822711436
46,has_magenta,-0.2519202895815673,0.2519202895815673
46,has_yellow,-0.07679521572867529,0.07679521572867529
47,has_triangle,0.09337316256614991,0.09337316256614991
47,has_square,-0.18245049811169564,0.18245049811169564
47,has_circle,-0.09143588328839698,0.09143588328839698
47,has_red,0.2782143892465534,0.2782143892465534
47,has_green,-0.18355687948269947,0.18355687948269947
47,has_blue,-0.1726146386566977,0.1726146386566977
47,has_cyan,0.01157267502432512,0.01157267502432512
47,has_magenta,-0.06433541405754907,0.06433541405754907
47,has_yellow,0.15049281191552705,0.15049281191552705
48,has_triangle,-0.058015554128405596,0.058015554128405596
48,has_square,-0.22349591148971562,0.22349591148971562
48,has_circle,0.16490666047090574,0.16490666047090574
48,has_red,0.540760552680844,0.540760552680844
48,has_green,0.01180782902627946,0.01180782902627946
48,has_blue,-0.12574451863337677,0.12574451863337677
48,has_cyan,-0.3025371700790955,0.3025371700790955
48,has_magenta,-0.11850456082402845,0.11850456082402845
48,has_yellow,0.38287295324764326,0.38287295324764326
49,has_triangle,0.06706963467370149,0.06706963467370149
49,has_square,0.017611106471324744,0.017611106471324744
49,has_circle,-0.1389594159338905,0.1389594159338905
49,has_red,0.13711724778847306,0.13711724778847306
49,has_green,-0.1457796577993164,0.1457796577993164
49,has_blue,0.05303896287019071,0.05303896287019071
49,has_cyan,0.08485038031513376,0.08485038031513376
49,has_magenta,-0.12502435751130345,0.12502435751130345
49,has_yellow,-0.035539567492937366,0.035539567492937366
50,has_triangle,0.10760688027598539,0.10760688027598539
50,has_square,0.2176292844676849,0.2176292844676849
50,has_circle,-0.2276389816993415,0.2276389816993415
50,has_red,-0.03698560802869755,0.03698560802869755
50,has_green,-0.220259971879766,0.220259971879766
50,has_blue,-0.036657236515637,0.036657236515637
50,has_cyan,0.2507945336496446,0.2507945336496446
50,has_magenta,-0.17537094937670644,0.17537094937670644
50,has_yellow,-0.1997392030219276,0.1997392030219276
51,has_triangle,-0.18832060058597458,0.18832060058597458
51,has_square,-0.06131550600053001,0.06131550600053001
51,has_circle,0.16327930336488894,0.16327930336488894
51,has_red,-0.08661025530520314,0.08661025530520314
51,has_green,-0.09485476650772706,0.09485476650772706
51,has_blue,0.13439672410266515,0.13439672410266515
51,has_cyan,0.3183345942017252,0.3183345942017252
51,has_magenta,0.15250518003296604,0.15250518003296604
51,has_yellow,-0.17855269035890495,0.17855269035890495
52,has_triangle,-0.3852652283661595,0.3852652283661595
52,has_square,-0.025619273521297305,0.025619273521297305
52,has_circle,0.11277034012783871,0.11277034012783871
52,has_red,0.17282468137298732,0.17282468137298732
52,has_green,-0.029145578093723208,0.029145578093723208
52,has_blue,-0.09903134834330353,0.09903134834330353
52,has_cyan,0.1140788166984384,0.1140788166984384
52,has_magenta,-0.11216583609492634,0.11216583609492634
52,has_yellow,-0.15490881199031273,0.15490881199031273
53,has_triangle,-0.24322371135453524,0.24322371135453524
53,has_square,-0.4331353065374995,0.4331353065374995
53,has_circle,0.21792276868684718,0.21792276868684718
53,has_red,0.2335397679700192,0.2335397679700192
53,has_green,0.24071813902073294,0.24071813902073294
53,has_blue,-0.19070779249429146,0.19070779249429146
53,has_cyan,-0.0966302147986199,0.0966302147986199
53,has_magenta,-0.11853258396860837,0.11853258396860837
53,has_yellow,0.46863622469419475,0.46863622469419475
54,has_triangle,-0.08779488849155657,0.08779488849155657
54,has_square,0.162563919024704,0.162563919024704
54,has_circle,0.02426439685973872,0.02426439685973872
54,has_red,-0.3525061917581156,0.3525061917581156
54,has_green,-0.058927963536042134,0.058927963536042134
54,has_blue,0.3038037701264926,0.3038037701264926
54,has_cyan,0.3247226414625113,0.3247226414625113
54,has_magenta,0.14016697433949227,0.14016697433949227
54,has_yellow,-0.44466680676252207,0.44466680676252207
55,has_triangle,-0.2155107296843704,0.2155107296843704
55,has_square,-0.05111900278311415,0.05111900278311415
55,has_circle,0.23528383643575823,0.23528383643575823
55,has_red,0.007311968693689678,0.007311968693689678
55,has_green,-0.20202116455098246,0.20202116455098246
55,has_blue,0.30055536929746673,0.30055536929746673
55,has_cyan,0.2168273427163911,0.2168273427163911
55,has_magenta,0.11482372345514973,0.11482372345514973
55,has_yellow,-0.08657572833804135,0.08657572833804135
56,has_triangle,0.004072529193697698,0.004072529193697698
56,has_square,-0.10645022118829305,0.10645022118829305
56,has_circle,-0.1525148183715068,0.1525148183715068
56,has_red,0.15114268533015324,0.15114268533015324
56,has_green,-0.09635466172621188,0.09635466172621188
56,has_blue,-0.1642201919088461,0.1642201919088461
56,has_cyan,0.10460645044526552,0.10460645044526552
56,has_magenta,-0.3082022373683814,0.3082022373683814
56,has_yellow,-0.0653549324080915,0.0653549324080915
57,has_triangle,-0.17148481216114891,0.17148481216114891
57,has_square,0.27062532504882614,0.27062532504882614
57,has_circle,0.05825516561597689,0.05825516561597689
57,has_red,0.03374871153085722,0.03374871153085722
57,has_green,-0.1438983204560305,0.1438983204560305
57,has_blue,0.18194878344845064,0.18194878344845064
57,has_cyan,0.2065811772838482,0.2065811772838482
57,has_magenta,-0.08633919386282336,0.08633919386282336
57,has_yellow,-0.29211148047611935,0.29211148047611935
58,has_triangle,0.091251651689948,0.091251651689948
58,has_square,-0.0071223639384872545,0.0071223639384872545
58,has_circle,-0.24396188693753068,0.24396188693753068
58,has_red,0.06490693126775908,0.06490693126775908
58,has_green,-0.05598481124346628,0.05598481124346628
58,has_blue,-0.18750764605297798,0.18750764605297798
58,has_cyan,0.26303090358874254,0.26303090358874254
58,has_magenta,-0.16905450904139208,0.16905450904139208
58,has_yellow,-0.12060408623258209,0.12060408623258209
59,has_triangle,0.11539813702132831,0.11539813702132831
59,has_square,-0.14988767310606194,0.14988767310606194
59,has_circle,-0.1317034262401235,0.1317034262401235
59,has_red,0.19799802605592245,0.19799802605592245
59,has_green,-0.12044909693047058,0.12044909693047058
59,has_blue,-0.11624285637514352,0.11624285637514352
59,has_cyan,-0.01899574147609461,0.01899574147609461
59,has_magenta,-0.23618461786436304,0.23618461786436304
59,has_yellow,-0.026370873385460382,0.026370873385460382
60,has_triangle,0.1010088416694884,0.1010088416694884
60,has_square,0.44423151692319635,0.44423151692319635
60,has_circle,-0.21665076795375543,0.21665076795375543
60,has_red,-0.11191929511025525,0.11191929511025525
60,has_green,-0.26777239499791994,0.26777239499791994
60,has_blue,-0.09944315352485877,0.09944315352485877
60,has_cyan,0.35163227074399456,0.35163227074399456
60,has_magenta,-0.1187152715108646,0.1187152715108646
60,has_yellow,-0.3444205493107219,0.3444205493107219
61,has_triangle,-0.007196972390533583,0.007196972390533583
61,has_square,-0.11897558200377693,0.11897558200377693
61,has_circle,0.01409052157398295,0.01409052157398295
61,has_red,0.03543486562749879,0.03543486562749879
61,has_green,-0.3036846724867497,0.3036846724867497
61,has_blue,0.15619245829777534,0.15619245829777534
61,has_cyan,0.2616245269167516,0.2616245269167516
61,has_magenta,0.03152614617638763,0.03152614617638763
61,has_yellow,-0.21783624789204192,0.21783624789204192
62,has_triangle,-0.06520031677199019,0.06520031677199019
62,has_square,-0.24100518731975554,0.24100518731975554
62,has_circle,0.19837485353169226,0.19837485353169226
62,has_red,0.04172340834091827,0.04172340834091827
62,has_green,-0.12216144493471488,0.12216144493471488
62,has_blue,-0.011864760312116002,0.011864760312116002
62,has_cyan,0.0008856458686279111,0.0008856458686279111
62,has_magenta,0.07480911864161228,0.07480911864161228
62,has_yellow,0.021524490907615604,0.021524490907615604
63,has_triangle,-0.1534069074639395,0.1534069074639395
63,has_square,-0.04052116257671623,0.04052116257671623
63,has_circle,-0.05042446123541471,0.05042446123541471
63,has_red,-0.18718479988487494,0.18718479988487494
63,has_green,-0.1463723228922649,0.1463723228922649
63,has_blue,0.1958221693342446,0.1958221693342446
63,has_cyan,0.3530662447027377,0.3530662447027377
63,has_magenta,0.22949045746520796,0.22949045746520796
63,has_yellow,-0.447920069744081,0.447920069744081
64,has_triangle,0.006185710679614392,0.006185710679614392
64,has_square,-0.06647262668543862,0.06647262668543862
64,has_circle,-0.07305019489846772,0.07305019489846772
64,has_red,0.2053534324514297,0.2053534324514297
64,has_green,0.017829445293021856,0.017829445293021856
64,has_blue,-0.20431724316986768,0.20431724316986768
64,has_cyan,-0.10804445547189113,0.10804445547189113
64,has_magenta,-0.25116332828950905,0.25116332828950905
64,has_yellow,0.10365663169497065,0.10365663169497065
65,has_triangle,0.1505279949738231,0.1505279949738231
65,has_square,0.09094413800539482,0.09094413800539482
65,has_circle,-0.33412842009055,0.33412842009055
65,has_red,-0.2335234935311326,0.2335234935311326
65,has_green,-0.32013398660044573,0.32013398660044573
65,has_blue,0.10779877727377447,0.10779877727377447
65,has_cyan,0.5176731589699022,0.5176731589699022
65,has_magenta,0.14889225793893443,0.14889225793893443
65,has_yellow,-0.4033670480293892,0.4033670480293892
66,has_triangle,-0.08060987689037889,0.08060987689037889
66,has_square,-0.08199120073921408,0.08199120073921408
66,has_circle,0.020917525905492885,0.020917525905492885
66,has_red,0.17258166172483336,0.17258166172483336
66,has_green,-0.07599909522005453,0.07599909522005453
66,has_blue,-0.17184186805182103,0.17184186805182103
66,has_cyan,0.015517188429890694,0.015517188429890694
66,has_magenta,0.0009179532016155048,0.0009179532016155048
66,has_yellow,0.36554457205806834,0.36554457205806834
67,has_triangle,-0.00201241720629341,0.00201241720629341
67,has_square,0.23545035942099116,0.23545035942099116
67,has_circle,-0.15442937055905404,0.15442937055905404
67,has_red,-0.0971838527337922,0.0971838527337922
67,has_green,-0.10206267801018915,0.10206267801018915
67,has_blue,0.2893614307394092,0.2893614307394092
67,has_cyan,0.19232879195425026,0.19232879195425026
67,has_magenta,-0.08174926834551513,0.08174926834551513
67,has_yellow,-0.11558425269208088,0.11558425269208088
68,has_triangle,-0.17202743774120965,0.17202743774120965
68,has_square,0.034113791529480506,0.034113791529480506
68,has_circle,0.2388540734642451,0.2388540734642451
68,has_red,-0.051759819527432915,0.051759819527432915
68,has_green,0.2844007431058277,0.2844007431058277
68,has_blue,-0.0944309771963552,0.0944309771963552
68,has_cyan,-0.061284479574390156,0.061284479574390156
68,has_magenta,-0.1137425605665041,0.1137425605665041
68,has_yellow,-0.05622693876382275,0.05622693876382275
69,has_triangle,-0.12340247677845745,0.12340247677845745
69,has_square,0.11286334966356794,0.11286334966356794
69,has_circle,-0.04359750578776658,0.04359750578776658
69,has_red,0.07706240068624243,0.07706240068624243
69,has_green,-0.2509697027459925,0.2509697027459925
69,has_blue,-0.058884066776730436,0.058884066776730436
69,has_cyan,0.27418406758887315,0.27418406758887315
69,has_magenta,-0.2637744397078878,0.2637744397078878
69,has_yellow,-0.1105549607483711,0.1105549607483711
70,has_triangle,-0.10133155642714416,0.10133155642714416
70,has_square,0.024912759098055147,0.024912759098055147
70,has_circle,0.12724694588768062,0.12724694588768062
70,has_red,-0.2163866118639944,0.2163866118639944
70,has_green,-0.26465188176611604,0.26465188176611604
70,has_blue,0.3061963223356299,0.3061963223356299
70,has_cyan,0.43730548213375525,0.43730548213375525
70,has_magenta,0.41063510200688363,0.41063510200688363
70,has_yellow,-0.3488998051592375,0.3488998051592375
71,has_triangle,-0.33368112188969345,0.33368112188969345
71,has_square,-0.32621343462166313,0.32621343462166313
71,has_circle,0.34189423206681013,0.34189423206681013
71,has_red,0.12221620477581005,0.12221620477581005
71,has_green,0.18273567108488747,0.18273567108488747
71,has_blue,-0.18845956364176233,0.18845956364176233
71,has_cyan,0.15464360529348595,0.15464360529348595
71,has_magenta,0.0029426693668942127,0.0029426693668942127
71,has_yellow,0.3293350881824807,0.3293350881824807
72,has_triangle,-0.262948045855667,0.262948045855667
72,has_square,0.16960585152975563,0.16960585152975563
72,has_circle,-0.0707895733639233,0.0707895733639233
72,has_red,-0.17805304042573178,0.17805304042573178
72,has_green,-0.2735949911789569,0.2735949911789569
72,has_blue,-0.08451685549107245,0.08451685549107245
72,has_cyan,0.583999350631341,0.583999350631341
72,has_magenta,0.012178490732485798,0.012178490732485798
72,has_yellow,-0.26112915861119057,0.26112915861119057
73,has_triangle,0.02572868862816477,0.02572868862816477
73,has_square,-0.26647609402988404,0.26647609402988404
73,has_circle,0.06843954790871386,0.06843954790871386
73,has_red,-0.06987885852402627,0.06987885852402627
73,has_green,-0.15412731889616196,0.15412731889616196
73,has_blue,0.302327090443109,0.302327090443109
73,has_cyan,0.2451331967765329,0.2451331967765329
73,has_magenta,0.22768923723135354,0.22768923723135354
73,has_yellow,-0.20140386185259812,0.20140386185259812
74,has_triangle,0.2507306124685081,0.2507306124685081
74,has_square,0.14772876394034956,0.14772876394034956
74,has_circle,-0.37253596161215297,0.37253596161215297
74,has_red,-0.01982847741916991,0.01982847741916991
74,has_green,-0.2340569784647752,0.2340569784647752
74,has_blue,-0.11551737350374221,0.11551737350374221
74,has_cyan,0.1562505441927912,0.1562505441927912
74,has_magenta,-0.17191813613058518,0.17191813613058518
74,has_yellow,-0.22866669478917329,0.22866669478917329
75,has_triangle,0.11816193673956678,0.11816193673956678
75,has_square,0.06849953233289881,0.06849953233289881
75,has_circle,-0.18660626266577668,0.18660626266577668
75,has_red,0.09125586372152025,0.09125586372152025
75,has_green,-0.26369498129132146,0.26369498129132146
75,has_blue,-0.16478601099188556,0.16478601099188556
75,has_cyan,0.10293494221221018,0.10293494221221018
75,has_magenta,-0.060375990885721854,0.060375990885721854
75,has_yellow,0.08109852391245745,0.08109852391245745
76,has_triangle,-0.05775914256723467,0.05775914256723467
76,has_square,-0.08648998873739952,0.08648998873739952
76,has_circle,0.0008893166727455883,0.0008893166727455883
76,has_red,0.13096720311857402,0.13096720311857402
76,has_green,-0.15809794587704507,0.15809794587704507
76,has_blue,0.13703223923643623,0.13703223923643623
76,has_cyan,-0.0037502575422935247,0.0037502575422935247
76,has_magenta,-0.06754880593910313,0.06754880593910313
76,has_yellow,0.12007321361734277,0.12007321361734277
77,has_triangle,-0.08930227326903487,0.08930227326903487
77,has_square,0.2281044751636019,0.2281044751636019
77,has_circle,-0.07038088002400457,0.07038088002400457
77,has_red,0.10517995733329423,0.10517995733329423
77,has_green,0.039967650456647984,0.039967650456647984
77,has_blue,-0.04842620006640644,0.04842620006640644
77,has_cyan,0.07880909144102523,0.07880909144102523
77,has_magenta,-0.31386174650816606,0.31386174650816606
77,has_yellow,-0.09631662943279634,0.09631662943279634
78,has_triangle,0.2964963667163322,0.2964963667163322
78,has_square,0.14877265544293763,0.14877265544293763
78,has_circle,-0.2985566253707947,0.2985566253707947
78,has_red,0.18668188919595127,0.18668188919595127
78,has_green,-0.1282904144828795,0.1282904144828795
78,has_blue,-0.17520548369177927,0.17520548369177927
78,has_cyan,-0.10837520759579224,0.10837520759579224
78,has_magenta,-0.1602246013687852,0.1602246013687852
78,has_yellow,-0.2187802884142676,0.2187802884142676
79,has_triangle,-0.205260669388534,0.205260669388534
79,has_square,-0.15126192492130508,0.15126192492130508
79,has_circle,0.2516850113063744,0.2516850113063744
79,has_red,0.31082217089253794,0.31082217089253794
79,has_green,0.11666680065952491,0.11666680065952491
79,has_blue,-0.16464327770814385,0.16464327770814385
79,has_cyan,-0.2457240915820724,0.2457240915820724
79,has_magenta,-0.19861014139940286,0.19861014139940286
79,has_yellow,0.479595484224849,0.479595484224849
80,has_triangle,-0.2391989064418099,0.2391989064418099
80,has_square,0.0024931144847612375,0.0024931144847612375
80,has_circle,0.1933712645622337,0.1933712645622337
80,has_red,0.13759252384814474,0.13759252384814474
80,has_green,0.19917252473447666,0.19917252473447666
80,has_blue,-0.20187697776310226,0.20187697776310226
80,has_cyan,0.06473725634175533,0.06473725634175533
80,has_magenta,-0.027401934853061683,0.027401934853061683
80,has_yellow,0.20643956017331974,0.20643956017331974
81,has_triangle,-0.424543711332355,0.424543711332355
81,has_square,-0.23473944555252665,0.23473944555252665
81,has_circle,0.38577297263683463,0.38577297263683463
81,has_red,0.1067562589556922,0.1067562589556922
81,has_green,-0.06526399827748931,0.06526399827748931
81,has_blue,0.055493907151578176,0.055493907151578176
81,has_cyan,0.3312855614523432,0.3312855614523432
81,has_magenta,0.11788328677574013,0.11788328677574013
81,has_yellow,0.13326257770153369,0.13326257770153369
82,has_triangle,-0.25057379768278165,0.25057379768278165
82,has_square,0.10712373950610288,0.10712373950610288
82,has_circle,0.0994591034090272,0.0994591034090272
82,has_red,0.2229180837283639,0.2229180837283639
82,has_green,-0.011536012697419247,0.011536012697419247
82,has_blue,-0.06521801391143012,0.06521801391143012
82,has_cyan,0.1383044458493786,0.1383044458493786
82,has_magenta,-0.03692244657491298,0.03692244657491298
82,has_yellow,0.1192423175065754,0.1192423175065754
83,has_triangle,0.001353757167789639,0.001353757167789639
83,has_square,-0.3173712469779863,0.3173712469779863
83,has_circle,-0.10224641723561706,0.10224641723561706
83,has_red,0.16457422097397742,0.16457422097397742
83,has_green,-0.20203871965875395,0.20203871965875395
83,has_blue,-0.04794487816810738,0.04794487816810738
83,has_cyan,0.03600557686970254,0.03600557686970254
83,has_magenta,-0.10777826586413473,0.10777826586413473
83,has_yellow,-0.11369281441640615,0.11369281441640615
84,has_triangle,-0.1702084793677137,0.1702084793677137
84,has_square,-0.18673804210901757,0.18673804210901757
84,has_circle,0.06860384634858109,0.06860384634858109
84,has_red,-0.21620087353406733,0.21620087353406733
84,has_green,-0.07588234754732053,0.07588234754732053
84,has_blue,0.18780690434176311,0.18780690434176311
84,has_cyan,0.30868067586153153,0.30868067586153153
84,has_magenta,0.22466844489819474,0.22466844489819474
84,has_yellow,-0.30699324263181527,0.30699324263181527
85,has_triangle,0.10381129052212136,0.10381129052212136
85,has_square,-0.0017319824214474691,0.0017319824214474691
85,has_circle,-0.16665803181600955,0.16665803181600955
85,has_red,-0.015013249297035168,0.015013249297035168
85,has_green,-0.19431430567011346,0.19431430567011346
85,has_blue,0.03037843832598537,0.03037843832598537
85,has_cyan,0.25221753281700066,0.25221753281700066
85,has_magenta,-0.09952374406643928,0.09952374406643928
85,has_yellow,-0.09951691455375551,0.09951691455375551
86,has_triangle,-0.3685429284332544,0.3685429284332544
86,has_square,-0.43444615584545543,0.43444615584545543
86,has_circle,0.4005955242666804,0.4005955242666804
86,has_red,0.3241833869223718,0.3241833869223718
86,has_green,0.262386012334574,0.262386012334574
86,has_blue,-0.10103496466479736,0.10103496466479736
86,has_cyan,-0.1580252944659064,0.1580252944659064
86,has_magenta,-0.13685399679538154,0.13685399679538154
86,has_yellow,0.6471728609658591,0.6471728609658591
87,has_triangle,-0.12834352150828288,0.12834352150828288
87,has_square,-0.00024770945094107125,0.00024770945094107125
87,has_circle,-0.011177265901335618,0.011177265901335618
87,has_red,-0.00760065698050205,0.00760065698050205
87,has_green,-0.1443284172669854,0.1443284172669854
87,has_blue,0.21670198889170156,0.21670198889170156
87,has_cyan,0.08673646746288599,0.08673646746288599
87,has_magenta,-0.15885994952732557,0.15885994952732557
87,has_yellow,-0.23029153838050664,0.23029153838050664
88,has_triangle,0.10342375341589756,0.10342375341589756
88,has_square,-0.15140235427316237,0.15140235427316237
88,has_circle,-0.1628289171486133,0.1628289171486133
88,has_red,0.18107426979391034,0.18107426979391034
88,has_green,-0.1518531943492957,0.1518531943492957
88,has_blue,-0.11775085540643172,0.11775085540643172
88,has_cyan,0.034356579183508554,0.034356579183508554
88,has_magenta,-0.1404711045472002,0.1404711045472002
88,has_yellow,-0.0920440195702012,0.0920440195702012
89,has_triangle,0.15269128536017504,0.15269128536017504
89,has_square,0.19039066600419471,0.19039066600419471
89,has_circle,-0.22464849093336028,0.22464849093336028
89,has_red,-0.16516483605823154,0.16516483605823154
89,has_green,-0.2559816101142481,0.2559816101142481
89,has_blue,0.17016267126203094,0.17016267126203094
89,has_cyan,0.47739403825509186,0.47739403825509186
89,has_magenta,0.09611089097240766,0.09611089097240766
89,has_yellow,-0.3330365496417248,0.3330365496417248
90,has_triangle,-0.1476322872750304,0.1476322872750304
90,has_square,-0.19421489320110175,0.19421489320110175
90,has_circle,0.22595284045677477,0.22595284045677477
90,has_red,0.3008162272805363,0.3008162272805363
90,has_green,-0.04697745104465428,0.04697745104465428
90,has_blue,-0.1681730063354668,0.1681730063354668
90,has_cyan,-0.3157490755407802,0.3157490755407802
90,has_magenta,-0.25208682587677683,0.25208682587677683
90,has_yellow,0.2941237771039061,0.2941237771039061
91,has_triangle,0.19282120458816437,0.19282120458816437
91,has_square,-0.047639893768047316,0.047639893768047316
91,has_circle,-0.215245277951151,0.215245277951151
91,has_red,0.05799875266017652,0.05799875266017652
91,has_green,-0.16203067863034273,0.16203067863034273
91,has_blue,-0.055776158936033125,0.055776158936033125
91,has_cyan,0.05411231400565305,0.05411231400565305
91,has_magenta,-0.12073564509893299,0.12073564509893299
91,has_yellow,-0.19734930931505962,0.19734930931505962
92,has_triangle,0.1497894217651924,0.1497894217651924
92,has_square,-0.050461735073418036,0.050461735073418036
92,has_circle,-0.1523753643372244,0.1523753643372244
92,has_red,0.15151981903604922,0.15151981903604922
92,has_green,-0.11196586985339471,0.11196586985339471
92,has_blue,-0.07493860850102875,0.07493860850102875
92,has_cyan,0.06847713585065282,0.06847713585065282
92,has_magenta,-0.10665512349825147,0.10665512349825147
92,has_yellow,0.06344152845170237,0.06344152845170237
93,has_triangle,0.0006656422490885805,0.0006656422490885805
93,has_square,-0.009121106911987358,0.009121106911987358
93,has_circle,-0.12532156519394339,0.12532156519394339
93,has_red,0.2229886823078173,0.2229886823078173
93,has_green,-0.3191374968835004,0.3191374968835004
93,has_blue,-0.030700902196472056,0.030700902196472056
93,has_cyan,0.28158869961274297,0.28158869961274297
93,has_magenta,0.1679895562487501,0.1679895562487501
93,has_yellow,-0.14742101523151946,0.14742101523151946
94,has_triangle,0.08306718562176929,0.08306718562176929
94,has_square,0.010556643252798896,0.010556643252798896
94,has_circle,-0.11494449793552715,0.11494449793552715
94,has_red,-0.05796057954626482,0.05796057954626482
94,has_green,-0.14551588480774055,0.14551588480774055
94,has_blue,0.08389160476606701,0.08389160476606701
94,has_cyan,0.16627337060046893,0.16627337060046893
94,has_magenta,-0.023974749193980828,0.023974749193980828
94,has_yellow,-0.15495216498225609,0.15495216498225609
95,has_triangle,-0.11750250727739069,0.11750250727739069
95,has_square,0.3601579665144729,0.3601579665144729
95,has_circle,-0.17290927348614107,0.17290927348614107
95,has_red,0.001958945882779411,0.001958945882779411
95,has_green,0.009690264770630634,0.009690264770630634
95,has_blue,0.013122178967180494,0.013122178967180494
95,has_cyan,0.22552263319739949,0.22552263319739949
95,has_magenta,-0.19467089186700595,0.19467089186700595
95,has_yellow,-0.2358080306339453,0.2358080306339453
96,has_triangle,-0.1575445301848965,0.1575445301848965
96,has_square,0.011149119066827683,0.011149119066827683
96,has_circle,0.08378442194966362,0.08378442194966362
96,has_red,0.16938483303605567,0.16938483303605567
96,has_green,-0.07031411886256078,0.07031411886256078
96,has_blue,-0.17647484226818455,0.17647484226818455
96,has_cyan,0.09359988381876559,0.09359988381876559
96,has_magenta,-0.18905117343284933,0.18905117343284933
96,has_yellow,-0.2070162299557707,0.2070162299557707
97,has_triangle,0.2168220945310671,0.2168220945310671
97,has_square,0.014688918325904129,0.014688918325904129
97,has_circle,-0.294849334693,0.294849334693
97,has_red,0.10709411440960724,0.10709411440960724
97,has_green,-0.08890100720069719,0.08890100720069719
97,has_blue,-0.04091091921595409,0.04091091921595409
97,has_cyan,-0.12633323422418752,0.12633323422418752
97,has_magenta,-0.26939563443617465,0.26939563443617465
97,has_yellow,0.08368259744232914,0.08368259744232914
98,has_triangle,0.2140072548223999,0.2140072548223999
98,has_square,0.2514711292850376,0.2514711292850376
98,has_circle,-0.28114082066336477,0.28114082066336477
98,has_red,-0.07305107970195474,0.07305107970195474
98,has_green,-0.22474496070360925,0.22474496070360925
98,has_blue,0.054759738836110246,0.054759738836110246
98,has_cyan,0.04636710667711675,0.04636710667711675
98,has_magenta,-0.04518900806010706,0.04518900806010706
98,has_yellow,-0.09916642977024101,0.09916642977024101
99,has_triangle,0.06898053121671963,0.06898053121671963
99,has_square,-0.19061690763162648,0.19061690763162648
99,has_circle,0.04786727579865261,0.04786727579865261
99,has_red,0.07418856076019155,0.07418856076019155
99,has_green,0.013348965739470413,0.013348965739470413
99,has_blue,0.02431272299332889,0.02431272299332889
99,has_cyan,-0.03173125361721515,0.03173125361721515
99,has_magenta,-0.0777083706369661,0.0777083706369661
99,has_yellow,0.01010828393238168,0.01010828393238168
100,has_triangle,0.16558533352824512,0.16558533352824512
100,has_square,-0.1847197674748516,0.1847197674748516
100,has_circle,-0.151819706556256,0.151819706556256
100,has_red,0.1381831999836385,0.1381831999836385
100,has_green,-0.031694146607493714,0.031694146607493714
100,has_blue,-0.026474673571245194,0.026474673571245194
100,has_cyan,0.0491953571698247,0.0491953571698247
100,has_magenta,-0.06019575256020409,0.06019575256020409
100,has_yellow,0.019342908626465666,0.019342908626465666
101,has_triangle,-0.05957570652511281,0.05957570652511281
101,has_square,0.1603052253470946,0.1603052253470946
101,has_circle,-0.010500894083914813,0.010500894083914813
101,has_red,0.12168144840206539,0.12168144840206539
101,has_green,-0.045236963134566495,0.045236963134566495
101,has_blue,-0.08139183124404718,0.08139183124404718
101,has_cyan,0.09354201089476812,0.09354201089476812
101,has_magenta,-0.12883376838083813,0.12883376838083813
101,has_yellow,0.10030408938277342,0.10030408938277342
102,has_triangle,-0.12480647484519831,0.12480647484519831
102,has_square,-0.2727234227814061,0.2727234227814061
102,has_circle,0.22294007238310498,0.22294007238310498
102,has_red,-0.006964054767300101,0.006964054767300101
102,has_green,-0.14345051102440362,0.14345051102440362
102,has_blue,0.3216518576541154,0.3216518576541154
102,has_cyan,0.20183947932202526,0.20183947932202526
102,has_magenta,0.2325036448799311,0.2325036448799311
102,has_yellow,0.04729688694615798,0.04729688694615798
103,has_triangle,-0.314902492300522,0.314902492300522
103,has_square,-0.24900227722070878,0.24900227722070878
103,has_circle,0.3446568858279171,0.3446568858279171
103,has_red,0.31021345364144565,0.31021345364144565
103,has_green,-0.1118480395525016,0.1118480395525016
103,has_blue,-0.12498485209528232,0.12498485209528232
103,has_cyan,-0.048810555950893134,0.048810555950893134
103,has_magenta,0.06583486748013025,0.06583486748013025
103,has_yellow,0.19060290934967497,0.19060290934967497
104,has_triangle,-0.14850491378863925,0.14850491378863925
104,has_square,0.3220003876250905,0.3220003876250905
104,has_circle,-0.13075775169629855,0.13075775169629855
104,has_red,-0.015136826119039529,0.015136826119039529
104,has_green,-0.296771496990882,0.296771496990882
104,has_blue,-0.17891521879584743,0.17891521879584743
104,has_cyan,0.48260897264414077,0.48260897264414077
104,has_magenta,0.08289727623582024,0.08289727623582024
104,has_yellow,-0.44094796185530893,0.44094796185530893
105,has_triangle,-0.4598850215127148,0.4598850215127148
105,has_square,0.00711205974370585,0.00711205974370585
105,has_circle,0.07384820702620284,0.07384820702620284
105,has_red,0.10018345444245409,0.10018345444245409
105,has_green,-0.22390646352785895,0.22390646352785895
105,has_blue,-0.25469413467814783,0.25469413467814783
105,has_cyan,0.33425265953573885,0.33425265953573885
105,has_magenta,-0.043402645974538225,0.043402645974538225
105,has_yellow,-0.3908602805884286,0.3908602805884286
106,has_triangle,-0.43238115151052,0.43238115151052
106,has_square,-0.17035355178408992,0.17035355178408992
106,has_circle,0.3537929735291155,0.3537929735291155
106,has_red,0.04708413237469303,0.04708413237469303
106,has_green,0.09156726768082679,0.09156726768082679
106,has_blue,0.05246681744495533,0.05246681744495533
106,has_cyan,0.24799668174068315,0.24799668174068315
106,has_magenta,-0.004302710948772966,0.004302710948772966
106,has_yellow,0.03429181159818573,0.03429181159818573
107,has_triangle,0.23732823793673663,0.23732823793673663
107,has_square,-0.05184989011548426,0.05184989011548426
107,has_circle,-0.25926157393189203,0.25926157393189203
107,has_red,0.06929930151216515,0.06929930151216515
107,has_green,-0.2381154202771213,0.2381154202771213
107,has_blue,0.1369037983250341,0.1369037983250341
107,has_cyan,0.11153935966724626,0.11153935966724626
107,has_magenta,-0.04022380242913214,0.04022380242913214
107,has_yellow,-0.09925535932710948,0.09925535932710948
108,has_triangle,-0.23428262468367575,0.23428262468367575
108,has_square,-0.3499025780679131,0.3499025780679131
108,has_circle,0.33322623903165455,0.33322623903165455
108,has_red,0.13955706994203274,0.13955706994203274
108,has_green,-0.02773834949679702,0.02773834949679702
108,has_blue,-0.0034445077884431353,0.0034445077884431353
108,has_cyan,-0.17222596806255452,0.17222596806255452
108,has_magenta,0.015115103700786328,0.015115103700786328
108,has_yellow,0.2315392781330753,0.2315392781330753
109,has_triangle,-0.056808761063213115,0.056808761063213115
109,has_square,-0.3221875348452781,0.3221875348452781
109,has_circle,-0.005100621010908649,0.005100621010908649
109,has_red,0.16082352749969306,0.16082352749969306
109,has_green,-0.12480072675341397,0.12480072675341397
109,has_blue,-0.10229634334325553,0.10229634334325553
109,has_cyan,0.0646781529432044,0.0646781529432044
109,has_magenta,-0.09019721889356125,0.09019721889356125
109,has_yellow,-0.0853698228258035,0.0853698228258035
110,has_triangle,-0.10319611566063269,0.10319611566063269
110,has_square,-0.16678059905795198,0.16678059905795198
110,has_circle,-0.05281251155726827,0.05281251155726827
110,has_red,0.2254053225507547,0.2254053225507547
110,has_green,-0.08655157356199408,0.08655157356199408
110,has_blue,-0.03062013415340425,0.03062013415340425
110,has_cyan,0.10789685678234259,0.10789685678234259
110,has_magenta,-0.26619515299957064,0.26619515299957064
110,has_yellow,-0.19291747462308992,0.19291747462308992
111,has_triangle,-0.1558719180506406,0.1558719180506406
111,has_square,0.20010909134504376,0.20010909134504376
111,has_circle,0.011202375556071311,0.011202375556071311
111,has_red,0.1250178730652862,0.1250178730652862
111,has_green,-0.054223837969303516,0.054223837969303516
111,has_blue,-0.1384765819404726,0.1384765819404726
111,has_cyan,0.22775405839296511,0.22775405839296511
111,has_magenta,-0.011404809825714658,0.011404809825714658
111,has_yellow,0.04798966327786365,0.04798966327786365
112,has_triangle,-0.2460204678779215,0.2460204678779215
112,has_square,0.08794395835284624,0.08794395835284624
112,has_circle,-0.0350191979596795,0.0350191979596795
112,has_red,0.020530634689592014,0.020530634689592014
112,has_green,-0.1832578230290169,0.1832578230290169
112,has_blue,0.1721397556867276,0.1721397556867276
112,has_cyan,0.3180964506931408,0.3180964506931408
112,has_magenta,-0.15610284192592933,0.15610284192592933
112,has_yellow,-0.24967042862178646,0.24967042862178646
113,has_triangle,-0.1268464549147807,0.1268464549147807
113,has_square,-0.030080865285642244,0.030080865285642244
113,has_circle,0.10640132317581692,0.10640132317581692
113,has_red,0.1173717080723381,0.1173717080723381
113,has_green,0.03093058692574081,0.03093058692574081
113,has_blue,0.03440155573027735,0.03440155573027735
113,has_cyan,-0.015442849098461104,0.015442849098461104
113,has_magenta,-0.3373123137198863,0.3373123137198863
113,has_yellow,0.05941401773694169,0.05941401773694169
114,has_triangle,0.4177881773920331,0.4177881773920331
114,has_square,-0.024065012612705595,0.024065012612705595
114,has_circle,-0.38189929873669914,0.38189929873669914
114,has_red,0.011987954178067526,0.011987954178067526
114,has_green,-0.24594143901541152,0.24594143901541152
114,has_blue,-0.09405062483979683,0.09405062483979683
114,has_cyan,0.054722686713116385,0.054722686713116385
114,has_magenta,0.11080662134093408,0.11080662134093408
114,has_yellow,-0.12757185013485536,0.12757185013485536
115,has_triangle,0.17847098787515797,0.17847098787515797
115,has_square,-0.25816428404149205,0.25816428404149205
115,has_circle,-0.20156272170000097,0.20156272170000097
115,has_red,0.02719634571575836,0.02719634571575836
115,has_green,-0.11639195577614588,0.11639195577614588
115,has_blue,-0.03451699926663434,0.03451699926663434
115,has_cyan,0.04145654667718661,0.04145654667718661
115,has_magenta,-0.007991915653923841,0.007991915653923841
115,has_yellow,-0.1733464909306775,0.1733464909306775
116,has_triangle,-0.0385386639756012,0.0385386639756012
116,has_square,0.07651939070953886,0.07651939070953886
116,has_circle,-0.03798973381115038,0.03798973381115038
116,has_red,-0.1931566830468024,0.1931566830468024
116,has_green,-0.31991458192444394,0.31991458192444394
116,has_blue,-0.07211857280395317,0.07211857280395317
116,has_cyan,0.374226344457684,0.374226344457684
116,has_magenta,0.2878095915517585,0.2878095915517585
116,has_yellow,-0.294371185224367,0.294371185224367
117,has_triangle,0.08686531659444703,0.08686531659444703
117,has_square,-0.11379734432442984,0.11379734432442984
117,has_circle,-0.08965898612386908,0.08965898612386908
117,has_red,0.20165210259823113,0.20165210259823113
117,has_green,-0.05793310379539818,0.05793310379539818
117,has_blue,-0.07366314813448993,0.07366314813448993
117,has_cyan,-0.009989755964784705,0.009989755964784705
117,has_magenta,-0.1451386996079737,0.1451386996079737
117,has_yellow,0.012905293161263376,0.012905293161263376
118,has_triangle,0.1151482269043351,0.1151482269043351
118,has_square,-0.08980396847514954,0.08980396847514954
118,has_circle,-0.10478084209455032,0.10478084209455032
118,has_red,0.26884218171165786,0.26884218171165786
118,has_green,-0.12110866567728246,0.12110866567728246
118,has_blue,0.039445059069170445,0.039445059069170445
118,has_cyan,-0.07986046606417145,0.07986046606417145
118,has_magenta,-0.181253423661498,0.181253423661498
118,has_yellow,0.3329568461862483,0.3329568461862483
119,has_triangle,-0.012894463169241267,0.012894463169241267
119,has_square,0.4865258948404332,0.4865258948404332
119,has_circle,-0.2047180265757059,0.2047180265757059
119,has_red,-0.016341447462408235,0.016341447462408235
119,has_green,-0.0991506703766037,0.0991506703766037
119,has_blue,-0.11190679126590108,0.11190679126590108
119,has_cyan,0.2838355205151022,0.2838355205151022
119,has_magenta,-0.2182231923324037,0.2182231923324037
119,has_yellow,-0.13076599771290384,0.13076599771290384
120,has_triangle,-0.17564804652729055,0.17564804652729055
120,has_square,0.10345248633685512,0.10345248633685512
120,has_circle,0.05952345566376882,0.05952345566376882
120,has_red,0.16696618624524048,0.16696618624524048
120,has_green,-0.18576134700242936,0.18576134700242936
120,has_blue,0.08923199919123448,0.08923199919123448
120,has_cyan,0.07587216631034792,0.07587216631034792
120,has_magenta,-0.1910118028285343,0.1910118028285343
120,has_yellow,-0.04285604170163556,0.04285604170163556
121,has_triangle,0.04787227440604342,0.04787227440604342
121,has_square,0.11978260932862718,0.11978260932862718
121,has_circle,-0.22167380842181073,0.22167380842181073
121,has_red,0.022363679492800492,0.022363679492800492
121,has_green,-0.027447757991347025,0.027447757991347025
121,has_blue,-0.1747760439764085,0.1747760439764085
121,has_cyan,0.22506748864330545,0.22506748864330545
121,has_magenta,-0.24805943930014923,0.24805943930014923
121,has_yellow,-0.07651442017153122,0.07651442017153122
122,has_triangle,0.21453786213809983,0.21453786213809983
122,has_square,-0.17439838674419192,0.17439838674419192
122,has_circle,-0.2438943550568928,0.2438943550568928
122,has_red,0.18017120365972716,0.18017120365972716
122,has_green,-0.12895512055352779,0.12895512055352779
122,has_blue,-0.153325737475306,0.153325737475306
122,has_cyan,-0.1764872289389192,0.1764872289389192
122,has_magenta,-0.13819213398972277,0.13819213398972277
122,has_yellow,-0.14374326059626813,0.14374326059626813
123,has_triangle,-0.1702949549114967,0.1702949549114967
123,has_square,0.24373518204256917,0.24373518204256917
123,has_circle,-0.03609209126637278,0.03609209126637278
123,has_red,-0.1323127022293658,0.1323127022293658
123,has_green,-0.22477005392854524,0.22477005392854524
123,has_blue,-0.09474953088420522,0.09474953088420522
123,has_cyan,0.6043734097210853,0.6043734097210853
123,has_magenta,0.11706157601543916,0.11706157601543916
123,has_yellow,-0.214990182836347,0.214990182836347
124,has_triangle,7.418166999147247e-05,7.418166999147247e-05
124,has_square,0.021071005112971435,0.021071005112971435
124,has_circle,-0.20231432714375988,0.20231432714375988
124,has_red,0.05415047745066944,0.05415047745066944
124,has_green,-0.20470745247315938,0.20470745247315938
124,has_blue,-0.06383598016147846,0.06383598016147846
124,has_cyan,0.38798934271326,0.38798934271326
124,has_magenta,-0.20032336529185504,0.20032336529185504
124,has_yellow,-0.023268004522939194,0.023268004522939194
125,has_triangle,-0.19314482654786785,0.19314482654786785
125,has_square,0.23871662508321723,0.23871662508321723
125,has_circle,-0.07340624738106215,0.07340624738106215
125,has_red,-0.06885050519832248,0.06885050519832248
125,has_green,-0.11652916218246835,0.11652916218246835
125,has_blue,0.11116398347903995,0.11116398347903995
125,has_cyan,0.2954544219117964,0.2954544219117964
125,has_magenta,-0.24323907794177477,0.24323907794177477
125,has_yellow,-0.29668464134321093,0.29668464134321093
126,has_triangle,0.11070799169997973,0.11070799169997973
126,has_square,0.02265089826350806,0.02265089826350806
126,has_circle,-0.17008064205814433,0.17008064205814433
126,has_red,-0.009083010201728395,0.009083010201728395
126,has_green,-0.194505553334583,0.194505553334583
126,has_blue,0.064947933806318,0.064947933806318
126,has_cyan,0.20392143181097738,0.20392143181097738
126,has_magenta,-0.048287825919461465,0.048287825919461465
126,has_yellow,-0.21489511720078794,0.21489511720078794
127,has_triangle,-0.15456359286119112,0.15456359286119112
127,has_square,0.08490738169077534,0.08490738169077534
127,has_circle,0.018585419048665792,0.018585419048665792
127,has_red,0.26967824200819873,0.26967824200819873
127,has_green,-0.07145405045357724,0.07145405045357724
127,has_blue,-0.07924262686210459,0.07924262686210459
127,has_cyan,-0.0758030220352756,0.0758030220352756
127,has_magenta,-0.3002330590636969,0.3002330590636969
127,has_yellow,0.009140831392703408,0.009140831392703408
128,has_triangle,-0.0460800331552508,0.0460800331552508
128,has_square,-0.11831327836885594,0.11831327836885594
128,has_circle,0.02129075840396714,0.02129075840396714
128,has_red,0.33399208885156173,0.33399208885156173
128,has_green,-0.16586433290616073,0.16586433290616073
128,has_blue,-0.14977341332651284,0.14977341332651284
128,has_cyan,-0.18033098839321796,0.18033098839321796
128,has_magenta,-0.14692621937524594,0.14692621937524594
128,has_yellow,0.005780261488977039,0.005780261488977039
129,has_triangle,-0.2536024432290632,0.2536024432290632
129,has_square,-0.297331834944771,0.297331834944771
129,has_circle,0.16156922545756103,0.16156922545756103
129,has_red,0.16133033968926733,0.16133033968926733
129,has_green,0.10165738605359169,0.10165738605359169
129,has_blue,0.037090115265408445,0.037090115265408445
129,has_cyan,0.02089528619675453,0.02089528619675453
129,has_magenta,0.004765957866751636,0.004765957866751636
129,has_yellow,0.1961119314048616,0.1961119314048616
130,has_triangle,-0.01443758692744081,0.01443758692744081
130,has_square,-0.22254503387389046,0.22254503387389046
130,has_circle,0.01724547307785855,0.01724547307785855
130,has_red,0.046750506743593906,0.046750506743593906
130,has_green,-0.24450825211493796,0.24450825211493796
130,has_blue,0.15877885593093127,0.15877885593093127
130,has_cyan,0.17831617033741404,0.17831617033741404
130,has_magenta,0.03506844647147329,0.03506844647147329
130,has_yellow,-0.10153403203594166,0.10153403203594166
131,has_triangle,0.1323179092064404,0.1323179092064404
131,has_square,-0.1080479459888841,0.1080479459888841
131,has_circle,-0.16004958177742057,0.16004958177742057
131,has_red,0.08445311600501582,0.08445311600501582
131,has_green,-0.21784048389285188,0.21784048389285188
131,has_blue,0.10380875706390766,0.10380875706390766
131,has_cyan,0.09693393728608261,0.09693393728608261
131,has_magenta,0.01727853113933815,0.01727853113933815
131,has_yellow,-0.11003694541490526,0.11003694541490526
132,has_triangle,0.09105168924157242,0.09105168924157242
132,has_square,-0.08821277293036321,0.08821277293036321
132,has_circle,-0.10091462564094904,0.10091462564094904
132,has_red,0.08316879528480192,0.08316879528480192
132,has_green,-0.11603488329618356,0.11603488329618356
132,has_blue,0.05851203350316006,0.05851203350316006
132,has_cyan,-0.029923246917426965,0.029923246917426965
132,has_magenta,-0.16074590807039507,0.16074590807039507
132,has_yellow,-0.20186548179801375,0.20186548179801375
133,has_triangle,-0.1031914202469625,0.1031914202469625
133,has_square,0.18065734743807899,0.18065734743807899
133,has_circle,0.007181141656787863,0.007181141656787863
133,has_red,-0.07338032057508236,0.07338032057508236
133,has_green,-0.21295914184580833,0.21295914184580833
133,has_blue,0.12557508414382487,0.12557508414382487
133,has_cyan,0.48300428339254503,0.48300428339254503
133,has_magenta,0.07714339716958975,0.07714339716958975
133,has_yellow,-0.09210670771152647,0.09210670771152647
134,has_triangle,-0.2199906447999207,0.2199906447999207
134,has_square,0.0019709707445004013,0.0019709707445004013
134,has_circle,0.06643931808418592,0.06643931808418592
134,has_red,0.10024779398986232,0.10024779398986232
134,has_green,-0.2153920819454486,0.2153920819454486
134,has_blue,0.03037917100771524,0.03037917100771524
134,has_cyan,0.12364427732282898,0.12364427732282898
134,has_magenta,0.17508418988730148,0.17508418988730148
134,has_yellow,-0.42238957787753123,0.42238957787753123
135,has_triangle,-0.1754224401521338,0.1754224401521338
135,has_square,0.007371352581742894,0.007371352581742894
135,has_circle,0.09858316734691894,0.09858316734691894
135,has_red,-0.3083611414528767,0.3083611414528767
135,has_green,-0.1085861908864895,0.1085861908864895
135,has_blue,0.06258790330783426,0.06258790330783426
135,has_cyan,0.27257980412375854,0.27257980412375854
135,has_magenta,0.2353454335088443,0.2353454335088443
135,has_yellow,-0.22284311884719057,0.22284311884719057
136,has_triangle,-0.2136672874989804,0.2136672874989804
136,has_square,0.07188219238751443,0.07188219238751443
136,has_circle,0.09652727886389913,0.09652727886389913
136,has_red,0.2815548830515102,0.2815548830515102
136,has_green,-0.08556181714093092,0.08556181714093092
136,has_blue,-0.1264394038767739,0.1264394038767739
136,has_cyan,-0.02857694695148267,0.02857694695148267
136,has_magenta,-0.2790570961725182,0.2790570961725182
136,has_yellow,0.010053390302322534,0.010053390302322534
137,has_triangle,-0.2727022565688818,0.2727022565688818
137,has_square,0.0034166477970421624,0.0034166477970421624
137,has_circle,0.1397706470129547,0.1397706470129547
137,has_red,0.27319523364791926,0.27319523364791926
137,has_green,-0.23381638557153853,0.23381638557153853
137,has_blue,-0.011707602155658825,0.011707602155658825
137,has_cyan,0.1443861090894087,0.1443861090894087
137,has_magenta,0.030602961279103485,0.030602961279103485
137,has_yellow,-0.18335577146027365,0.18335577146027365
138,has_triangle,-0.17424875750226754,0.17424875750226754
138,has_square,-0.1943031763327727,0.1943031763327727
138,has_circle,0.23625411867039134,0.23625411867039134
138,has_red,0.12422761358756369,0.12422761358756369
138,has_green,-0.0780881082274123,0.0780881082274123
138,has_blue,-0.13105535032872134,0.13105535032872134
138,has_cyan,0.05103220766468095,0.05103220766468095
138,has_magenta,-0.04051493240664919,0.04051493240664919
138,has_yellow,-0.055573963083224986,0.055573963083224986
139,has_triangle,0.049572319261917575,0.049572319261917575
139,has_square,-0.07623677131405093,0.07623677131405093
139,has_circle,0.028556728406124863,0.028556728406124863
139,has_red,0.09816445452927595,0.09816445452927595
139,has_green,-0.16791239339314873,0.16791239339314873
139,has_blue,0.06034265844227083,0.06034265844227083
139,has_cyan,0.22269823958593027,0.22269823958593027
139,has_magenta,0.11996883652488174,0.11996883652488174
139,has_yellow,0.03306978604113487,0.03306978604113487
140,has_triangle,-0.05548228422228865,0.05548228422228865
140,has_square,0.26565683901495085,0.26565683901495085
140,has_circle,-0.040814525544743796,0.040814525544743796
140,has_red,-0.3167158983616862,0.3167158983616862
140,has_green,-0.17326258373477257,0.17326258373477257
140,has_blue,0.36279880785415836,0.36279880785415836
140,has_cyan,0.34574005281354014,0.34574005281354014
140,has_magenta,-0.03279093349557405,0.03279093349557405
140,has_yellow,-0.4329338153102118,0.4329338153102118
141,has_triangle,-0.28363826394844893,0.28363826394844893
141,has_square,-0.03625203189812863,0.03625203189812863
141,has_circle,0.20414253363321877,0.20414253363321877
141,has_red,0.1386724165821437,0.1386724165821437
141,has_green,0.019713153248318068,0.019713153248318068
141,has_blue,-0.07624783958025329,0.07624783958025329
141,has_cyan,0.038599368658345845,0.038599368658345845
141,has_magenta,-0.2337601392049891,0.2337601392049891
141,has_yellow,-0.1103711032435965,0.1103711032435965
142,has_triangle,-0.08607811240944026,0.08607811240944026
142,has_square,0.18074560084605235,0.18074560084605235
142,has_circle,-0.06166312037371721,0.06166312037371721
142,has_red,0.1267873439028488,0.1267873439028488
142,has_green,-0.3338770761748827,0.3338770761748827
142,has_blue,-0.026277721608904472,0.026277721608904472
142,has_cyan,0.24414112419165432,0.24414112419165432
142,has_magenta,0.01362632306714858,0.01362632306714858
142,has_yellow,-0.23052185008083273,0.23052185008083273
143,has_triangle,-0.16334264304569554,0.16334264304569554
143,has_square,-0.020261745887629964,0.020261745887629964
143,has_circle,0.13438597340518785,0.13438597340518785
143,has_red,0.09001722410212015,0.09001722410212015
143,has_green,-0.11956937143509565,0.11956937143509565
143,has_blue,0.04423413705118222,0.04423413705118222
143,has_cyan,0.07826614407888685,0.07826614407888685
143,has_magenta,-0.12654494600697247,0.12654494600697247
143,has_yellow,-0.007688177573684261,0.007688177573684261
144,has_triangle,0.022410369431709123,0.022410369431709123
144,has_square,-0.24599278727872806,0.24599278727872806
144,has_circle,0.03935438441473556,0.03935438441473556
144,has_red,0.28120132993163044,0.28120132993163044
144,has_green,-0.06866623483657006,0.06866623483657006
144,has_blue,-0.09925474594904014,0.09925474594904014
144,has_cyan,-0.14670123894982873,0.14670123894982873
144,has_magenta,-0.06972201771468842,0.06972201771468842
144,has_yellow,0.055081971134668,0.055081971134668
145,has_triangle,0.14542384635269143,0.14542384635269143
145,has_square,0.0730476441596851,0.0730476441596851
145,has_circle,-0.17604031330597325,0.17604031330597325
145,has_red,0.012385169777408472,0.012385169777408472
145,has_green,-0.25721277654258,0.25721277654258
145,has_blue,0.14020114703492262,0.14020114703492262
145,has_cyan,0.09597877325407281,0.09597877325407281
145,has_magenta,-0.036042715311530256,0.036042715311530256
145,has_yellow,-0.04701562891089467,0.04701562891089467
146,has_triangle,0.19223895872553243,0.19223895872553243
146,has_square,-0.022003009492228307,0.022003009492228307
146,has_circle,-0.1780954607340162,0.1780954607340162
146,has_red,-0.0352100224147121,0.0352100224147121
146,has_green,-0.22901800644340134,0.22901800644340134
146,has_blue,0.07286296808219347,0.07286296808219347
146,has_cyan,0.20219622524253797,0.20219622524253797
146,has_magenta,0.11144123356262324,0.11144123356262324
146,has_yellow,-0.1972522347466909,0.1972522347466909
147,has_triangle,-0.37825156106231594,0.37825156106231594
147,has_square,-0.2759510612264808,0.2759510612264808
147,has_circle,0.3319957438023722,0.3319957438023722
147,has_red,0.011350933010723986,0.011350933010723986
147,has_green,-0.21200787840689558,0.21200787840689558
147,has_blue,-0.11222880051655022,0.11222880051655022
147,has_cyan,0.28661937238805907,0.28661937238805907
147,has_magenta,0.26098161628446753,0.26098161628446753
147,has_yellow,-0.027214863314918934,0.027214863314918934
148,has_triangle,0.1824907849112906,0.1824907849112906
148,has_square,-0.043710530282388915,0.043710530282388915
148,has_circle,-0.2834307861066533,0.2834307861066533
148,has_red,0.18243215136518307,0.18243215136518307
148,has_green,0.009469892185881942,0.009469892185881942
148,has_blue,-0.19064967056433654,0.19064967056433654
148,has_cyan,-0.10539978815436837,0.10539978815436837
148,has_magenta,-0.15546839034754653,0.15546839034754653
148,has_yellow,-0.177410741495315,0.177410741495315
149,has_triangle,-0.2601103050146352,0.2601103050146352
149,has_square,0.06129065053731343,0.06129065053731343
149,has_circle,0.12343570111626227,0.12343570111626227
149,has_red,-0.09513274063548995,0.09513274063548995
149,has_green,-0.0420486023273724,0.0420486023273724
149,has_blue,0.16371617011973938,0.16371617011973938
149,has_cyan,0.14957114695812967,0.14957114695812967
149,has_magenta,-0.2797704650067392,0.2797704650067392
149,has_yellow,-0.2432312900728069,0.2432312900728069
150,has_triangle,-0.02160472821416682,0.02160472821416682
150,has_square,0.03121881886472335,0.03121881886472335
150,has_circle,0.06563740547846404,0.06563740547846404
150,has_red,-0.023659037691336374,0.023659037691336374
150,has_green,-0.14060692741243466,0.14060692741243466
150,has_blue,-0.11564510423114163,0.11564510423114163
150,has_cyan,0.08451028185943744,0.08451028185943744
150,has_magenta,0.1827153838273016,0.1827153838273016
150,has_yellow,-0.21973570900772565,0.21973570900772565
151,has_triangle,-0.08511785388996129,0.08511785388996129
151,has_square,0.15366298875052464,0.15366298875052464
151,has_circle,-0.16412830299864248,0.16412830299864248
151,has_red,0.2879190260526746,0.2879190260526746
151,has_green,0.08967184873729586,0.08967184873729586
151,has_blue,-0.06740645068631913,0.06740645068631913
151,has_cyan,-0.19866177273012192,0.19866177273012192
151,has_magenta,-0.3787848345538677,0.3787848345538677
151,has_yellow,0.17830683365361807,0.17830683365361807
152,has_triangle,-0.010368879505848649,0.010368879505848649
152,has_square,0.04780867095687356,0.04780867095687356
152,has_circle,-0.1899816108729791,0.1899816108729791
152,has_red,0.3432915300463573,0.3432915300463573
152,has_green,0.04729251561722245,0.04729251561722245
152,has_blue,-0.22363283404013734,0.22363283404013734
152,has_cyan,-0.06289337853233953,0.06289337853233953
152,has_magenta,-0.4771637014922535,0.4771637014922535
152,has_yellow,0.04285720131512133,0.04285720131512133
153,has_triangle,-0.3175855123879244,0.3175855123879244
153,has_square,-0.14173334090537543,0.14173334090537543
153,has_circle,0.2374084357505257,0.2374084357505257
153,has_red,0.2908520651499018,0.2908520651499018
153,has_green,-0.14067869032543756,0.14067869032543756
153,has_blue,-0.05152988568751712,0.05152988568751712
153,has_cyan,0.18486747912193444,0.18486747912193444
153,has_magenta,-0.0989185617870097,0.0989185617870097
153,has_yellow,0.02360688363386499,0.02360688363386499
154,has_triangle,0.048399283975102146,0.048399283975102146
154,has_square,0.054387265822716115,0.054387265822716115
154,has_circle,-0.09160795043328279,0.09160795043328279
154,has_red,0.2433224560770471,0.2433224560770471
154,has_green,-0.08634335832027004,0.08634335832027004
154,has_blue,-0.13957823064607786,0.13957823064607786
154,has_cyan,0.012435318666906767,0.012435318666906767
154,has_magenta,-0.22226092709569062,0.22226092709569062
154,has_yellow,-0.03948077595914466,0.03948077595914466
155,has_triangle,0.24991144303068463,0.24991144303068463
155,has_square,-0.10647297936254668,0.10647297936254668
155,has_circle,-0.21025755545894,0.21025755545894
155,has_red,0.09845357295569108,0.09845357295569108
155,has_green,-0.07867243516485635,0.07867243516485635
155,has_blue,0.05241818084092846,0.05241818084092846
155,has_cyan,-0.19036840453919668,0.19036840453919668
155,has_magenta,-0.15166326762248364,0.15166326762248364
155,has_yellow,-0.004198617714124713,0.004198617714124713
156,has_triangle,0.0056292258675236465,0.0056292258675236465
156,has_square,0.3486315955383982,0.3486315955383982
156,has_circle,-0.07243055787104823,0.07243055787104823
156,has_red,-0.12546478199891378,0.12546478199891378
156,has_green,-0.16310794819326419,0.16310794819326419
156,has_blue,0.035952946496389006,0.035952946496389006
156,has_cyan,0.21256804854018016,0.21256804854018016
156,has_magenta,-0.09226545110243464,0.09226545110243464
156,has_yellow,-0.40172016001778804,0.40172016001778804
157,has_triangle,0.17168845551058923,0.17168845551058923
157,has_square,0.1056745749496092,0.1056745749496092
157,has_circle,-0.3544141061427345,0.3544141061427345
157,has_red,0.12417152946869117,0.12417152946869117
157,has_green,-0.2959121477923492,0.2959121477923492
157,has_blue,-0.18459798975566133,0.18459798975566133
157,has_cyan,0.204190690931319,0.204190690931319
157,has_magenta,-0.09068013709079219,0.09068013709079219
157,has_yellow,-0.178897867620089,0.178897867620089
158,has_triangle,0.026650182132312017,0.026650182132312017
158,has_square,-0.12214471856402992,0.12214471856402992
158,has_circle,-0.1575206349651127,0.1575206349651127
158,has_red,0.29169913975119843,0.29169913975119843
158,has_green,0.06125984864220576,0.06125984864220576
158,has_blue,-0.1716849762287037,0.1716849762287037
158,has_cyan,-0.06315678657018071,0.06315678657018071
158,has_magenta,-0.3473996214117794,0.3473996214117794
158,has_yellow,0.04729261666481752,0.04729261666481752
159,has_triangle,-0.19199865315481288,0.19199865315481288
159,has_square,-0.27923681230245095,0.27923681230245095
159,has_circle,0.24146390319886338,0.24146390319886338
159,has_red,0.1830942189567868,0.1830942189567868
159,has_green,-0.0953916663832211,0.0953916663832211
159,has_blue,-0.02669164012901697,0.02669164012901697
159,has_cyan,-0.14284251452382105,0.14284251452382105
159,has_magenta,-0.14253951351334554,0.14253951351334554
159,has_yellow,-0.1416392867790117,0.1416392867790117
160,has_triangle,-0.37473797594312086,0.37473797594312086
160,has_square,-0.18081514748096458,0.18081514748096458
160,has_circle,0.2691488300248773,0.2691488300248773
160,has_red,-0.02333317435618152,0.02333317435618152
160,has_green,-0.026593927232352543,0.026593927232352543
160,has_blue,0.11534644406506098,0.11534644406506098
160,has_cyan,0.11340262169027902,0.11340262169027902
160,has_magenta,-0.018199771245913123,0.018199771245913123
160,has_yellow,-0.3393746609171213,0.3393746609171213
161,has_triangle,-0.19715687385148278,0.19715687385148278
161,has_square,-0.09274282728438293,0.09274282728438293
161,has_circle,0.14542120054509816,0.14542120054509816
161,has_red,0.3157766353459791,0.3157766353459791
161,has_green,-0.3117945835998388,0.3117945835998388
161,has_blue,-0.13761406759368425,0.13761406759368425
161,has_cyan,0.11880563215673774,0.11880563215673774
161,has_magenta,0.0755287705658881,0.0755287705658881
161,has_yellow,-0.012737281780915195,0.012737281780915195
162,has_triangle,-0.1586624556659942,0.1586624556659942
162,has_square,0.2591846183319779,0.2591846183319779
162,has_circle,0.0358186702801979,0.0358186702801979
162,has_red,-0.06776186821062483,0.06776186821062483
162,has_green,0.06834445692891272,0.06834445692891272
162,has_blue,0.047652424248628915,0.047652424248628915
162,has_cyan,-0.038405667444778496,0.038405667444778496
162,has_magenta,-0.2695962749221391,0.2695962749221391
162,has_yellow,-0.40632732294987617,0.40632732294987617
163,has_triangle,-0.29753794773753994,0.29753794773753994
163,has_square,-0.08600028457162125,0.08600028457162125
163,has_circle,0.09971651698430466,0.09971651698430466
163,has_red,0.013351240896831242,0.013351240896831242
163,has_green,-0.24213661143640128,0.24213661143640128
163,has_blue,0.044462697417453845,0.044462697417453845
163,has_cyan,0.2728482150588347,0.2728482150588347
163,has_magenta,0.08032376202319728,0.08032376202319728
163,has_yellow,-0.3618085863918674,0.3618085863918674
164,has_triangle,0.028308658678744672,0.028308658678744672
164,has_square,0.2812379498685393,0.2812379498685393
164,has_circle,-0.2457320646061791,0.2457320646061791
164,has_red,-0.1703058201775417,0.1703058201775417
164,has_green,-0.3208325968449328,0.3208325968449328
164,has_blue,0.09149990845993251,0.09149990845993251
164,has_cyan,0.6035095702753713,0.6035095702753713
164,has_magenta,0.1409146974346027,0.1409146974346027
164,has_yellow,-0.4405027188991656,0.4405027188991656
165,has_triangle,-0.025462013400408223,0.025462013400408223
165,has_square,-0.2850258790400286,0.2850258790400286
165,has_circle,-0.03950186363036997,0.03950186363036997
165,has_red,0.24996962037853515,0.24996962037853515
165,has_green,0.07249415915691396,0.07249415915691396
165,has_blue,-0.22935841004910199,0.22935841004910199
165,has_cyan,-0.05825074985177288,0.05825074985177288
165,has_magenta,-0.15558080538322333,0.15558080538322333
165,has_yellow,0.06024829982555889,0.06024829982555889
166,has_triangle,-0.02951728158241311,0.02951728158241311
166,has_square,0.07201999422869917,0.07201999422869917
166,has_circle,-0.18578657296229653,0.18578657296229653
166,has_red,-0.2501859726363624,0.2501859726363624
166,has_green,-0.21676526098649584,0.21676526098649584
166,has_blue,0.1278272029739386,0.1278272029739386
166,has_cyan,0.689093453941891,0.689093453941891
166,has_magenta,0.07113136169666283,0.07113136169666283
166,has_yellow,-0.21967680560669295,0.21967680560669295
167,has_triangle,0.0038117119456402768,0.0038117119456402768
167,has_square,-0.26417473476698505,0.26417473476698505
167,has_circle,-0.08256029803060282,0.08256029803060282
167,has_red,0.36527481707908444,0.36527481707908444
167,has_green,0.14176020622850155,0.14176020622850155
167,has_blue,-0.23470468110030332,0.23470468110030332
167,has_cyan,-0.27378821535528,0.27378821535528
167,has_magenta,-0.2635374166645198,0.2635374166645198
167,has_yellow,0.30071245383200823,0.30071245383200823
168,has_triangle,0.09347481649909517,0.09347481649909517
168,has_square,-0.09834649682324965,0.09834649682324965
168,has_circle,-0.12476074047957382,0.12476074047957382
168,has_red,0.1927609814125494,0.1927609814125494
168,has_green,-0.10362068019975566,0.10362068019975566
168,has_blue,-0.12747755886080253,0.12747755886080253
168,has_cyan,-0.08567352392060137,0.08567352392060137
168,has_magenta,-0.12530007903227214,0.12530007903227214
168,has_yellow,-0.18766284659882737,0.18766284659882737
169,has_triangle,0.08188036628891376,0.08188036628891376
169,has_square,-0.0041002901112026525,0.0041002901112026525
169,has_circle,-0.14676195525048577,0.14676195525048577
169,has_red,0.282327615793426,0.282327615793426
169,has_green,-0.1665540619795456,0.1665540619795456
169,has_blue,-0.22020048044212903,0.22020048044212903
169,has_cyan,0.1001268729676535,0.1001268729676535
169,has_magenta,-0.05253511905488335,0.05253511905488335
169,has_yellow,-0.06372732259251866,0.06372732259251866
170,has_triangle,0.017314716215704396,0.017314716215704396
170,has_square,-0.007471352066274034,0.007471352066274034
170,has_circle,-0.07209592758147064,0.07209592758147064
170,has_red,-0.18595341539449645,0.18595341539449645
170,has_green,-0.19993578080052452,0.19993578080052452
170,has_blue,0.23018271761827316,0.23018271761827316
170,has_cyan,0.4090262067769879,0.4090262067769879
170,has_magenta,0.10194852990376468,0.10194852990376468
170,has_yellow,-0.31287295214410915,0.31287295214410915
171,has_triangle,0.10821783517013947,0.10821783517013947
171,has_square,-0.1425163866662607,0.1425163866662607
171,has_circle,-0.059693194762803915,0.059693194762803915
171,has_red,-0.033450429026633526,0.033450429026633526
171,has_green,-0.2311107276519181,0.2311107276519181
171,has_blue,0.1692562607293047,0.1692562607293047
171,has_cyan,0.22176720284947313,0.22176720284947313
171,has_magenta,0.1975171036861782,0.1975171036861782
171,has_yellow,0.01423603453877742,0.01423603453877742
172,has_triangle,-0.14048643297027236,0.14048643297027236
172,has_square,-0.15074837408908703,0.15074837408908703
172,has_circle,0.062872989898503,0.062872989898503
172,has_red,0.42907603189945087,0.42907603189945087
172,has_green,-0.003853186940838308,0.003853186940838308
172,has_blue,-0.24667327841502487,0.24667327841502487
172,has_cyan,-0.17710492469059935,0.17710492469059935
172,has_magenta,-0.07524775011851323,0.07524775011851323
172,has_yellow,0.16529992627087498,0.16529992627087498
173,has_triangle,-0.17957812485991848,0.17957812485991848
173,has_square,-0.06530955072950435,0.06530955072950435
173,has_circle,0.13435499049789915,0.13435499049789915
173,has_red,0.1812318168109505,0.1812318168109505
173,has_green,-0.13269114233998658,0.13269114233998658
173,has_blue,-0.14769397462105519,0.14769397462105519
173,has_cyan,0.017915367769110443,0.017915367769110443
173,has_magenta,-0.09970809685906618,0.09970809685906618
173,has_yellow,0.02070327332013587,0.02070327332013587
174,has_triangle,-0.17859843786970242,0.17859843786970242
174,has_square,0.19272479643036866,0.19272479643036866
174,has_circle,-0.04119716074259776,0.04119716074259776
174,has_red,-0.07671967255208115,0.07671967255208115
174,has_green,-0.21477164851646124,0.21477164851646124
174,has_blue,-0.02280045636034717,0.02280045636034717
174,has_cyan,0.5168832959194781,0.5168832959194781
174,has_magenta,0.019884951309552347,0.019884951309552347
174,has_yellow,-0.3342464608878553,0.3342464608878553
175,has_triangle,0.11747451815224687,0.11747451815224687
175,has_square,0.09329474856609542,0.09329474856609542
175,has_circle,-0.1686490572553625,0.1686490572553625
175,has_red,0.034802568215801744,0.034802568215801744
175,has_green,-0.05879525462157399,0.05879525462157399
175,has_blue,-0.09134580583786163,0.09134580583786163
175,has_cyan,0.15493259661248696,0.15493259661248696
175,has_magenta,-0.13872170729169203,0.13872170729169203
175,has_yellow,-0.21163503028313624,0.21163503028313624
176,has_triangle,-0.037622519145195515,0.037622519145195515
176,has_square,-0.02141938076045409,0.02141938076045409
176,has_circle,0.16338867323328632,0.16338867323328632
176,has_red,-0.16736396518515684,0.16736396518515684
176,has_green,-0.17945347333557443,0.17945347333557443
176,has_blue,0.3346571886464051,0.3346571886464051
176,has_cyan,0.11093357660833862,0.11093357660833862
176,has_magenta,0.07480348150583177,0.07480348150583177
176,has_yellow,-0.24447621098856076,0.24447621098856076
177,has_triangle,-0.054883071931049146,0.054883071931049146
177,has_square,-0.3206277082415722,0.3206277082415722
177,has_circle,0.12904229114247118,0.12904229114247118
177,has_red,-0.12152777514716509,0.12152777514716509
177,has_green,-0.27378534239077085,0.27378534239077085
177,has_blue,0.16655936598507623,0.16655936598507623
177,has_cyan,0.2552699059833912,0.2552699059833912
177,has_magenta,0.34533830949497907,0.34533830949497907
177,has_yellow,0.024699261082903757,0.024699261082903757
178,has_triangle,-0.021930567771706523,0.021930567771706523
178,has_square,0.07149541595888263,0.07149541595888263
178,has_circle,-0.04204397475376639,0.04204397475376639
178,has_red,-0.05777450819604042,0.05777450819604042
178,has_green,-0.16877260007646264,0.16877260007646264
178,has_blue,0.2887022327745417,0.2887022327745417
178,has_cyan,0.38269199614634436,0.38269199614634436
178,has_magenta,0.1405484713867212,0.1405484713867212
178,has_yellow,-0.20193694555318026,0.20193694555318026
179,has_triangle,0.009358395183087127,0.009358395183087127
179,has_square,-0.1899729968812841,0.1899729968812841
179,has_circle,-0.05090027410319925,0.05090027410319925
179,has_red,0.19573755941422338,0.19573755941422338
179,has_green,-0.3211124060608791,0.3211124060608791
179,has_blue,0.10251049932221257,0.10251049932221257
179,has_cyan,0.16504501736685817,0.16504501736685817
179,has_magenta,0.19986568399059912,0.19986568399059912
179,has_yellow,-0.10332281461959025,0.10332281461959025
180,has_triangle,0.04407423060237886,0.04407423060237886
180,has_square,0.010253295007988477,0.010253295007988477
180,has_circle,-0.07379342992084076,0.07379342992084076
180,has_red,0.4192381427886474,0.4192381427886474
180,has_green,-0.20619166657590635,0.20619166657590635
180,has_blue,-0.10908821538573465,0.10908821538573465
180,has_cyan,-0.13928986375250121,0.13928986375250121
180,has_magenta,-0.05688907489918777,0.05688907489918777
180,has_yellow,0.02248452300555838,0.02248452300555838
181,has_triangle,0.1082996463626787,0.1082996463626787
181,has_square,-0.13037960553916483,0.13037960553916483
181,has_circle,-0.12845244197883984,0.12845244197883984
181,has_red,0.2976311673239891,0.2976311673239891
181,has_green,0.0010300018498707846,0.0010300018498707846
181,has_blue,-0.18652910943933354,0.18652910943933354
181,has_cyan,-0.18071186890166577,0.18071186890166577
181,has_magenta,-0.22207253432348656,0.22207253432348656
181,has_yellow,0.2491271161887482,0.2491271161887482
182,has_triangle,0.10743700366121493,0.10743700366121493
182,has_square,0.5103972645737932,0.5103972645737932
182,has_circle,-0.3522534947761199,0.3522534947761199
182,has_red,-0.21638349134722942,0.21638349134722942
182,has_green,-0.28608912135440884,0.28608912135440884
182,has_blue,0.07142664066649437,0.07142664066649437
182,has_cyan,0.4616422330905591,0.4616422330905591
182,has_magenta,0.04747624564592083,0.04747624564592083
182,has_yellow,-0.4404073451321232,0.4404073451321232
183,has_triangle,-0.12803631460474235,0.12803631460474235
183,has_square,0.15723094121377493,0.15723094121377493
183,has_circle,0.05886872286663768,0.05886872286663768
183,has_red,0.08256509799493353,0.08256509799493353
183,has_green,-0.23634075545015104,0.23634075545015104
183,has_blue,0.05207171478289828,0.05207171478289828
183,has_cyan,0.2026543680287126,0.2026543680287126
183,has_magenta,-0.09590896825710268,0.09590896825710268
183,has_yellow,-0.15804418004065443,0.15804418004065443
184,has_triangle,-0.11022510937251957,0.11022510937251957
184,has_square,0.14930737694095988,0.14930737694095988
184,has_circle,-0.147260437128931,0.147260437128931
184,has_red,-0.13430012872281594,0.13430012872281594
184,has_green,-0.1798455556640568,0.1798455556640568
184,has_blue,-0.060013068051602836,0.060013068051602836
184,has_cyan,0.11723378365934252,0.11723378365934252
184,has_magenta,-0.14988772529850694,0.14988772529850694
184,has_yellow,-0.48029801508379316,0.48029801508379316
185,has_triangle,-0.049091053735686146,0.049091053735686146
185,has_square,0.21922204133041276,0.21922204133041276
185,has_circle,-0.09756588319711022,0.09756588319711022
185,has_red,0.2632199323919136,0.2632199323919136
185,has_green,-0.27353012052170317,0.27353012052170317
185,has_blue,-0.15508172386147004,0.15508172386147004
185,has_cyan,0.14524852730914264,0.14524852730914264
185,has_magenta,0.027485551129570882,0.027485551129570882
185,has_yellow,-0.2440302010106669,0.2440302010106669
186,has_triangle,0.42638451959263207,0.42638451959263207
186,has_square,-0.09448407711043158,0.09448407711043158
186,has_circle,-0.17246861719996143,0.17246861719996143
186,has_red,-0.1599989463049273,0.1599989463049273
186,has_green,-0.027008792058107613,0.027008792058107613
186,has_blue,-0.07787356410297895,0.07787356410297895
186,has_cyan,-0.06674392458520964,0.06674392458520964
186,has_magenta,0.05824625147360381,0.05824625147360381
186,has_yellow,-0.09092734603298984,0.09092734603298984
187,has_triangle,0.05142453951649133,0.05142453951649133
187,has_square,-0.04182564250953987,0.04182564250953987
187,has_circle,-0.0013820419436716626,0.0013820419436716626
187,has_red,0.0030876531273998464,0.0030876531273998464
187,has_green,-0.1474831295969693,0.1474831295969693
187,has_blue,0.35632985398675393,0.35632985398675393
187,has_cyan,0.05062868815543122,0.05062868815543122
187,has_magenta,0.09495905091237714,0.09495905091237714
187,has_yellow,-0.018806819158085592,0.018806819158085592
188,has_triangle,0.1360759116802167,0.1360759116802167
188,has_square,0.09856776698803708,0.09856776698803708
188,has_circle,-0.2624030353895215,0.2624030353895215
188,has_red,-0.019908311065814137,0.019908311065814137
188,has_green,-0.2681189118501108,0.2681189118501108
188,has_blue,0.05697122325275125,0.05697122325275125
188,has_cyan,0.4165895613379689,0.4165895613379689
188,has_magenta,0.03937134249876982,0.03937134249876982
188,has_yellow,-0.33535216750338376,0.33535216750338376
189,has_triangle,-0.22425802157620398,0.22425802157620398
189,has_square,-0.0768401651935783,0.0768401651935783
189,has_circle,0.08526662881989885,0.08526662881989885
189,has_red,0.0879061641650557,0.0879061641650557
189,has_green,-0.17617756198899168,0.17617756198899168
189,has_blue,-0.24319001176777502,0.24319001176777502
189,has_cyan,0.06879200095437925,0.06879200095437925
189,has_magenta,0.13294689696428016,0.13294689696428016
189,has_yellow,-0.18141322800822346,0.18141322800822346
190,has_triangle,-0.15165211383541352,0.15165211383541352
190,has_square,-0.010437919400322284,0.010437919400322284
190,has_circle,-0.07343450385972881,0.07343450385972881
190,has_red,-0.052702942318270954,0.052702942318270954
190,has_green,0.10521735747189542,0.10521735747189542
190,has_blue,-0.02213485373886963,0.02213485373886963
190,has_cyan,0.29349471076895983,0.29349471076895983
190,has_magenta,-0.008005620254452835,0.008005620254452835
190,has_yellow,0.0032723677157049636,0.0032723677157049636
191,has_triangle,0.045052764029077964,0.045052764029077964
191,has_square,-0.21843835151882124,0.21843835151882124
191,has_circle,0.00426229078748839,0.00426229078748839
191,has_red,0.3464211804027338,0.3464211804027338
191,has_green,-0.22083836722057124,0.22083836722057124
191,has_blue,-0.06782753862739352,0.06782753862739352
191,has_cyan,-0.18177339015268562,0.18177339015268562
191,has_magenta,-0.17667482915429544,0.17667482915429544
191,has_yellow,-0.043817245995185855,0.043817245995185855
192,has_triangle,0.18543545463679542,0.18543545463679542
192,has_square,0.14532319055319806,0.14532319055319806
192,has_circle,-0.23932974505017005,0.23932974505017005
192,has_red,0.14701157626272865,0.14701157626272865
192,has_green,-0.14234697070681968,0.14234697070681968
192,has_blue,-0.09693721085991443,0.09693721085991443
192,has_cyan,-0.10196343974758149,0.10196343974758149
192,has_magenta,-0.10840646068281558,0.10840646068281558
192,has_yellow,-0.2650537430511179,0.2650537430511179
193,has_triangle,-0.07668749179841308,0.07668749179841308
193,has_square,0.3905044801137469,0.3905044801137469
193,has_circle,-0.18534785565782114,0.18534785565782114
193,has_red,-0.13612376685156183,0.13612376685156183
193,has_green,-0.24964711623724672,0.24964711623724672
193,has_blue,-0.015601125759274649,0.015601125759274649
193,has_cyan,0.4167021019918,0.4167021019918
193,has_magenta,-0.06324762596698817,0.06324762596698817
193,has_yellow,-0.32808843257304915,0.32808843257304915
194,has_triangle,0.14398684982092436,0.14398684982092436
194,has_square,-0.10104601449286135,0.10104601449286135
194,has_circle,-0.21303978961109446,0.21303978961109446
194,has_red,0.07741182378830788,0.07741182378830788
194,has_green,-0.21494196068168095,0.21494196068168095
194,has_blue,-0.03188734794258364,0.03188734794258364
194,has_cyan,0.13661508517009835,0.13661508517009835
194,has_magenta,0.023927417079725635,0.023927417079725635
194,has_yellow,-0.2523833159980835,0.2523833159980835
195,has_triangle,-0.06780807179301719,0.06780807179301719
195,has_square,-0.05644419378088103,0.05644419378088103
195,has_circle,0.08174896303923918,0.08174896303923918
195,has_red,0.04987800830508232,0.04987800830508232
195,has_green,-0.24231538681147283,0.24231538681147283
195,has_blue,0.2301608551358967,0.2301608551358967
195,has_cyan,0.1727738601600315,0.1727738601600315
195,has_magenta,-0.013495385728233297,0.013495385728233297
195,has_yellow,-0.05479553507279406,0.05479553507279406
196,has_triangle,-0.07343674943232019,0.07343674943232019
196,has_square,0.22243189240567768,0.22243189240567768
196,has_circle,0.10855085669745729,0.10855085669745729
196,has_red,-0.13838979085339545,0.13838979085339545
196,has_green,-0.21753768483873867,0.21753768483873867
196,has_blue,0.15958366132566826,0.15958366132566826
196,has_cyan,0.17178077175207787,0.17178077175207787
196,has_magenta,-0.10139503047158198,0.10139503047158198
196,has_yellow,-0.14795800241462623,0.14795800241462623
197,has_triangle,-0.2139352105335138,0.2139352105335138
197,has_square,-0.10671770491686097,0.10671770491686097
197,has_circle,0.17983960492992562,0.17983960492992562
197,has_red,0.24236206281088268,0.24236206281088268
197,has_green,-0.14381039206299942,0.14381039206299942
197,has_blue,-0.1037837862200643,0.1037837862200643
197,has_cyan,0.04284315747096567,0.04284315747096567
197,has_magenta,-0.12585859564273918,0.12585859564273918
197,has_yellow,0.21946885656938958,0.21946885656938958
198,has_triangle,-0.19065231023891696,0.19065231023891696
198,has_square,0.06143453368730553,0.06143453368730553
198,has_circle,-0.007638197216462685,0.007638197216462685
198,has_red,0.16601685706475994,0.16601685706475994
198,has_green,-0.09918774142890902,0.09918774142890902
198,has_blue,-0.15950160224416585,0.15950160224416585
198,has_cyan,0.22902299447108088,0.22902299447108088
198,has_magenta,0.007442808809746992,0.007442808809746992
198,has_yellow,0.12233844190930519,0.12233844190930519
199,has_triangle,-0.3141285570696617,0.3141285570696617
199,has_square,-0.007226921479696019,0.007226921479696019
199,has_circle,0.08495889576480066,0.08495889576480066
199,has_red,0.02896138815428969,0.02896138815428969
199,has_green,0.09713052205231791,0.09713052205231791
199,has_blue,-0.39246484727603365,0.39246484727603365
199,has_cyan,0.2207790500929909,0.2207790500929909
199,has_magenta,0.026221384433011138,0.026221384433011138
199,has_yellow,0.07418518178456111,0.07418518178456111
200,has_triangle,0.12121028720287225,0.12121028720287225
200,has_square,0.19828226846665242,0.19828226846665242
200,has_circle,-0.2649214232868853,0.2649214232868853
200,has_red,0.21996954169099392,0.21996954169099392
200,has_green,0.10603914213172358,0.10603914213172358
200,has_blue,-0.20793309280548297,0.20793309280548297
200,has_cyan,-0.24400243139058395,0.24400243139058395
200,has_magenta,-0.36504676334572544,0.36504676334572544
200,has_yellow,-0.09981041819311191,0.09981041819311191
201,has_triangle,0.0756593520644761,0.0756593520644761
201,has_square,0.35716394629791903,0.35716394629791903
201,has_circle,-0.20105085536695189,0.20105085536695189
201,has_red,-0.12119682317203415,0.12119682317203415
201,has_green,-0.1598116124923313,0.1598116124923313
201,has_blue,-0.01985966994862134,0.01985966994862134
201,has_cyan,0.28486095279451257,0.28486095279451257
201,has_magenta,0.006761869664942069,0.006761869664942069
201,has_yellow,-0.21294652281051954,0.21294652281051954
202,has_triangle,-0.062127044231256784,0.062127044231256784
202,has_square,-0.06732050438522613,0.06732050438522613
202,has_circle,-0.009844353468717705,0.009844353468717705
202,has_red,0.08755654362041214,0.08755654362041214
202,has_green,-0.25703886754329536,0.25703886754329536
202,has_blue,0.1463261888989747,0.1463261888989747
202,has_cyan,0.1969233722405611,0.1969233722405611
202,has_magenta,-0.04531308773430667,0.04531308773430667
202,has_yellow,-0.2368558973016767,0.2368558973016767
203,has_triangle,-0.08314986111645312,0.08314986111645312
203,has_square,-0.0062343146615809674,0.0062343146615809674
203,has_circle,0.09449516825014764,0.09449516825014764
203,has_red,-0.030176105431451838,0.030176105431451838
203,has_green,0.08178545326848431,0.08178545326848431
203,has_blue,-0.16067042490855352,0.16067042490855352
203,has_cyan,0.22848311285819983,0.22848311285819983
203,has_magenta,0.026602435229939117,0.026602435229939117
203,has_yellow,0.05211322897111578,0.05211322897111578
204,has_triangle,0.04985015413921086,0.04985015413921086
204,has_square,-0.22501149591784791,0.22501149591784791
204,has_circle,-0.060898233805287465,0.060898233805287465
204,has_red,0.14626839676422915,0.14626839676422915
204,has_green,-0.22388676662743892,0.22388676662743892
204,has_blue,0.005160362942865642,0.005160362942865642
204,has_cyan,0.10354397151256486,0.10354397151256486
204,has_magenta,-0.037364768574727744,0.037364768574727744
204,has_yellow,-0.16333658890402494,0.16333658890402494
205,has_triangle,0.036207112672826204,0.036207112672826204
205,has_square,-0.10798213212408615,0.10798213212408615
205,has_circle,-0.030482600447401607,0.030482600447401607
205,has_red,0.17103908768901938,0.17103908768901938
205,has_green,-0.05272870359420695,0.05272870359420695
205,has_blue,0.025227895806598802,0.025227895806598802
205,has_cyan,-0.11893577810416354,0.11893577810416354
205,has_magenta,-0.18023376208861489,0.18023376208861489
205,has_yellow,0.10703288741176846,0.10703288741176846
206,has_triangle,-0.16164952906676022,0.16164952906676022
206,has_square,0.28453478530571535,0.28453478530571535
206,has_circle,-0.05393953173644312,0.05393953173644312
206,has_red,-0.058661081241322875,0.058661081241322875
206,has_green,-0.2578693945635987,0.2578693945635987
206,has_blue,0.0010811941598383062,0.0010811941598383062
206,has_cyan,0.2792184211208162,0.2792184211208162
206,has_magenta,-0.05800015856354592,0.05800015856354592
206,has_yellow,-0.3053613626841311,0.3053613626841311
207,has_triangle,-0.27970181681094586,0.27970181681094586
207,has_square,-0.3100367396938301,0.3100367396938301
207,has_circle,0.2950278539301173,0.2950278539301173
207,has_red,-0.041734582753102295,0.041734582753102295
207,has_green,-0.24220242063074315,0.24220242063074315
207,has_blue,0.24088049003142767,0.24088049003142767
207,has_cyan,0.3172798067786145,0.3172798067786145
207,has_magenta,0.2098734081507861,0.2098734081507861
207,has_yellow,-0.15175653119296165,0.15175653119296165
208,has_triangle,-0.1845727684427917,0.1845727684427917
208,has_square,-0.07056541376031591,0.07056541376031591
208,has_circle,0.10830230322667522,0.10830230322667522
208,has_red,0.19087934347579313,0.19087934347579313
208,has_green,-0.24463227944735216,0.24463227944735216
208,has_blue,0.08191491896028184,0.08191491896028184
208,has_cyan,0.12368466731620963,0.12368466731620963
208,has_magenta,-0.04729288463434849,0.04729288463434849
208,has_yellow,0.03269642487709787,0.03269642487709787
209,has_triangle,-0.2934930143883629,0.2934930143883629
209,has_square,-0.028097743086547847,0.028097743086547847
209,has_circle,0.1706452059189237,0.1706452059189237
209,has_red,0.3171167311638817,0.3171167311638817
209,has_green,-0.06789933566181644,0.06789933566181644
209,has_blue,-0.2342609702742655,0.2342609702742655
209,has_cyan,-0.0252079797020545,0.0252079797020545
209,has_magenta,-0.15442749543614812,0.15442749543614812
209,has_yellow,0.09955195773276239,0.09955195773276239
210,has_triangle,-0.0667645966306612,0.0667645966306612
210,has_square,-0.21486302952145123,0.21486302952145123
210,has_circle,0.27329659372856524,0.27329659372856524
210,has_red,0.3841400718267973,0.3841400718267973
210,has_green,0.18383186581856728,0.18383186581856728
210,has_blue,-0.2587020637176433,0.2587020637176433
210,has_cyan,-0.26341761276508413,0.26341761276508413
210,has_magenta,-0.15711321625441566,0.15711321625441566
210,has_yellow,0.4910942169211426,0.4910942169211426
211,has_triangle,0.1962706055424599,0.1962706055424599
211,has_square,-0.1163519800018893,0.1163519800018893
211,has_circle,-0.1668919264098393,0.1668919264098393
211,has_red,0.17381022488451248,0.17381022488451248
211,has_green,-0.1209412352148868,0.1209412352148868
211,has_blue,-0.02336320424484667,0.02336320424484667
211,has_cyan,-0.08546246445792023,0.08546246445792023
211,has_magenta,-0.1217843585904194,0.1217843585904194
211,has_yellow,-0.05478186866762527,0.05478186866762527
212,has_triangle,-0.26162928446600753,0.26162928446600753
212,has_square,-0.11555471060994713,0.11555471060994713
212,has_circle,0.22176025858245538,0.22176025858245538
212,has_red,0.22819214162980428,0.22819214162980428
212,has_green,-0.1967305714465078,0.1967305714465078
212,has_blue,0.10824349806355597,0.10824349806355597
212,has_cyan,0.04642708427608176,0.04642708427608176
212,has_magenta,-0.05611049757021601,0.05611049757021601
212,has_yellow,-0.08932893403535928,0.08932893403535928
213,has_triangle,-0.13828743244692918,0.13828743244692918
213,has_square,0.2721523276909899,0.2721523276909899
213,has_circle,-0.0688011770876079,0.0688011770876079
213,has_red,0.031333457871707854,0.031333457871707854
213,has_green,0.13896748594942368,0.13896748594942368
213,has_blue,-0.0015545323456109678,0.0015545323456109678
213,has_cyan,-0.08617481903340934,0.08617481903340934
213,has_magenta,-0.3930678514805253,0.3930678514805253
213,has_yellow,-0.06476476193174541,0.06476476193174541
214,has_triangle,-0.009247822194084331,0.009247822194084331
214,has_square,-0.15986397915318604,0.15986397915318604
214,has_circle,0.06576288461969354,0.06576288461969354
214,has_red,0.09769426364053994,0.09769426364053994
214,has_green,-0.19779497868282353,0.19779497868282353
214,has_blue,0.2789875884365066,0.2789875884365066
214,has_cyan,0.11007369273509542,0.11007369273509542
214,has_magenta,0.08384908246388743,0.08384908246388743
214,has_yellow,0.05271484546731426,0.05271484546731426
215,has_triangle,-0.11574092478811959,0.11574092478811959
215,has_square,0.15373337346948382,0.15373337346948382
215,has_circle,0.0021992822242838375,0.0021992822242838375
215,has_red,0.27664443734948757,0.27664443734948757
215,has_green,0.04823545291493056,0.04823545291493056
215,has_blue,-0.08217293773336272,0.08217293773336272
215,has_cyan,-0.09216386284437213,0.09216386284437213
215,has_magenta,-0.24125047589798435,0.24125047589798435
215,has_yellow,0.14569834321184613,0.14569834321184613
216,has_triangle,0.034112432386875835,0.034112432386875835
216,has_square,-0.19964770496698933,0.19964770496698933
216,has_circle,-0.07700162553161106,0.07700162553161106
216,has_red,-0.01122778252880175,0.01122778252880175
216,has_green,-0.16000527064061715,0.16000527064061715
216,has_blue,0.14289854137277122,0.14289854137277122
216,has_cyan,0.20644827690854045,0.20644827690854045
216,has_magenta,0.07379367360992736,0.07379367360992736
216,has_yellow,-0.17741963433399746,0.17741963433399746
217,has_triangle,0.03955621644593085,0.03955621644593085
217,has_square,0.19220821729058726,0.19220821729058726
217,has_circle,-0.19424633501557528,0.19424633501557528
217,has_red,-0.015458416383822674,0.015458416383822674
217,has_green,-0.2290821505341709,0.2290821505341709
217,has_blue,-0.03127661550317174,0.03127661550317174
217,has_cyan,0.1402326602472738,0.1402326602472738
217,has_magenta,-0.10097795881953413,0.10097795881953413
217,has_yellow,-0.013239642212177665,0.013239642212177665
218,has_triangle,-0.0716337882909059,0.0716337882909059
218,has_square,-0.06493177304156936,0.06493177304156936
218,has_circle,-0.10373778507429543,0.10373778507429543
218,has_red,0.0861871849505433,0.0861871849505433
218,has_green,-0.15112154171529632,0.15112154171529632
218,has_blue,0.12747796588761606,0.12747796588761606
218,has_cyan,0.24364555856721415,0.24364555856721415
218,has_magenta,-0.17485326720747646,0.17485326720747646
218,has_yellow,-0.20712189522696556,0.20712189522696556
219,has_triangle,0.1632263392869551,0.1632263392869551
219,has_square,0.09230460140406618,0.09230460140406618
219,has_circle,-0.22866208987375164,0.22866208987375164
219,has_red,-0.0468544792999388,0.0468544792999388
219,has_green,-0.1632051305794642,0.1632051305794642
219,has_blue,-0.11829917701609789,0.11829917701609789
219,has_cyan,0.2546578733604334,0.2546578733604334
219,has_magenta,0.04833309006542021,0.04833309006542021
219,has_yellow,-0.19168710747722953,0.19168710747722953
220,has_triangle,0.08347923242631132,0.08347923242631132
220,has_square,-0.2729629354298781,0.2729629354298781
220,has_circle,-0.06918992658088685,0.06918992658088685
220,has_red,0.2596769007742065,0.2596769007742065
220,has_green,-0.09961148131033952,0.09961148131033952
220,has_blue,-0.03638137117607294,0.03638137117607294
220,has_cyan,-0.11646384913024684,0.11646384913024684
220,has_magenta,-0.16592094930831056,0.16592094930831056
220,has_yellow,0.11201207293740459,0.11201207293740459
221,has_triangle,0.13633926769128055,0.13633926769128055
221,has_square,-0.007146054765744201,0.007146054765744201
221,has_circle,-0.008119539213078873,0.008119539213078873
221,has_red,-0.12393521475381705,0.12393521475381705
221,has_green,-0.05158588545867199,0.05158588545867199
221,has_blue,0.24861500713561144,0.24861500713561144
221,has_cyan,0.19696162027617684,0.19696162027617684
221,has_magenta,-0.017240700252482286,0.017240700252482286
221,has_yellow,0.031934359523478846,0.031934359523478846
222,has_triangle,-0.044386965354711,0.044386965354711
222,has_square,0.2669685343764067,0.2669685343764067
222,has_circle,-0.14712804518740205,0.14712804518740205
222,has_red,-0.0690516826260564,0.0690516826260564
222,has_green,-0.31188800711206144,0.31188800711206144
222,has_blue,0.08619475791241712,0.08619475791241712
222,has_cyan,0.5756014907254599,0.5756014907254599
222,has_magenta,-0.10497016134435527,0.10497016134435527
222,has_yellow,-0.28002191166755325,0.28002191166755325
223,has_triangle,-0.16311339918780907,0.16311339918780907
223,has_square,-0.12279580167483597,0.12279580167483597
223,has_circle,0.27082111501530814,0.27082111501530814
223,has_red,-0.28294307996992957,0.28294307996992957
223,has_green,-0.23984672177704403,0.23984672177704403
223,has_blue,0.34304417293371087,0.34304417293371087
223,has_cyan,0.36795192075738675,0.36795192075738675
223,has_magenta,0.2853048703831209,0.2853048703831209
223,has_yellow,-0.22124574272477432,0.22124574272477432
224,has_triangle,-0.09300095756250767,0.09300095756250767
224,has_square,-0.22043140360886185,0.22043140360886185
224,has_circle,0.11672517336086902,0.11672517336086902
224,has_red,0.3468963712429618,0.3468963712429618
224,has_green,-0.07763648557933757,0.07763648557933757
224,has_blue,-0.028277759945297173,0.028277759945297173
224,has_cyan,-0.28859497939321005,0.28859497939321005
224,has_magenta,-0.1533755715349966,0.1533755715349966
224,has_yellow,0.4170744895719094,0.4170744895719094
225,has_triangle,-0.02732110690183961,0.02732110690183961
225,has_square,-0.13268879242168988,0.13268879242168988
225,has_circle,-0.061214691622831115,0.061214691622831115
225,has_red,0.17306890109046524,0.17306890109046524
225,has_green,-0.09923461125181658,0.09923461125181658
225,has_blue,-0.0671447409226655,0.0671447409226655
225,has_cyan,0.06016365515125826,0.06016365515125826
225,has_magenta,-0.13270408332769132,0.13270408332769132
225,has_yellow,-0.08387713740251158,0.08387713740251158
226,has_triangle,-0.25002519677228235,0.25002519677228235
226,has_square,0.10276124894079001,0.10276124894079001
226,has_circle,-0.0007321862095281833,0.0007321862095281833
226,has_red,-0.1868622241806771,0.1868622241806771
226,has_green,-0.04393551407188971,0.04393551407188971
226,has_blue,-0.23487084322002857,0.23487084322002857
226,has_cyan,0.4257698193955056,0.4257698193955056
226,has_magenta,-0.06987627845639152,0.06987627845639152
226,has_yellow,-0.07155612817529093,0.07155612817529093
227,has_triangle,-0.025248471280507924,0.025248471280507924
227,has_square,0.019362665621249667,0.019362665621249667
227,has_circle,0.05041542782920097,0.05041542782920097
227,has_red,-0.23371726462434866,0.23371726462434866
227,has_green,-0.20122865201754125,0.20122865201754125
227,has_blue,0.2594911062983921,0.2594911062983921
227,has_cyan,0.24685179376501082,0.24685179376501082
227,has_magenta,0.20722463344745337,0.20722463344745337
227,has_yellow,-0.22281691613047794,0.22281691613047794
228,has_triangle,-0.10456530265112622,0.10456530265112622
228,has_square,-0.2187185171062137,0.2187185171062137
228,has_circle,0.11198700045347287,0.11198700045347287
228,has_red,0.14310339335916686,0.14310339335916686
228,has_green,-0.15571506595113177,0.15571506595113177
228,has_blue,0.04686705890232937,0.04686705890232937
228,has_cyan,-0.07465848085793671,0.07465848085793671
228,has_magenta,-0.09050941157176708,0.09050941157176708
228,has_yellow,0.3137960620179333,0.3137960620179333
229,has_triangle,0.1701245219036306,0.1701245219036306
229,has_square,0.20220427848417463,0.20220427848417463
229,has_circle,-0.31763936279600374,0.31763936279600374
229,has_red,-0.05047327225386315,0.05047327225386315
229,has_green,-0.05072669563083909,0.05072669563083909
229,has_blue,-0.10312241995401847,0.10312241995401847
229,has_cyan,0.13108463015606514,0.13108463015606514
229,has_magenta,-0.23850256128235975,0.23850256128235975
229,has_yellow,-0.28687766174169516,0.28687766174169516
230,has_triangle,-0.03675605151660747,0.03675605151660747
230,has_square,0.11273945099846185,0.11273945099846185
230,has_circle,-0.1626756837193952,0.1626756837193952
230,has_red,-0.029569675349097314,0.029569675349097314
230,has_green,-0.054885782616183716,0.054885782616183716
230,has_blue,-0.11510057948254361,0.11510057948254361
230,has_cyan,0.2536420225319597,0.2536420225319597
230,has_magenta,-0.25029266460476934,0.25029266460476934
230,has_yellow,-0.21267080248008535,0.21267080248008535
231,has_triangle,-0.028217585674642748,0.028217585674642748
231,has_square,-0.024546930212908335,0.024546930212908335
231,has_circle,0.08569814355207314,0.08569814355207314
231,has_red,0.2577113195152074,0.2577113195152074
231,has_green,-0.032505135094215466,0.032505135094215466
231,has_blue,-0.08468550025725724,0.08468550025725724
231,has_cyan,-0.23765625718498246,0.23765625718498246
231,has_magenta,-0.1032138488932307,0.1032138488932307
231,has_yellow,0.2819188658688375,0.2819188658688375
232,has_triangle,-0.02373835849237528,0.02373835849237528
232,has_square,-0.16139906077660082,0.16139906077660082
232,has_circle,0.10769486812140659,0.10769486812140659
232,has_red,-0.10738427006599499,0.10738427006599499
232,has_green,-0.16554360608476726,0.16554360608476726
232,has_blue,0.28141483971567666,0.28141483971567666
232,has_cyan,0.3058600874542267,0.3058600874542267
232,has_magenta,0.15541756196654105,0.15541756196654105
232,has_yellow,0.13411639831066066,0.13411639831066066
233,has_triangle,-0.004661896733289366,0.004661896733289366
233,has_square,-0.23578070470515217,0.23578070470515217
233,has_circle,-0.03053929390341389,0.03053929390341389
233,has_red,0.294256799101172,0.294256799101172
233,has_green,-0.12300313387099554,0.12300313387099554
233,has_blue,-0.12677413947540817,0.12677413947540817
233,has_cyan,-0.10687381962423514,0.10687381962423514
233,has_magenta,-0.01594091776434789,0.01594091776434789
233,has_yellow,-0.10402684893745005,0.10402684893745005
234,has_triangle,0.18819779250399946,0.18819779250399946
234,has_square,0.15547828216402418,0.15547828216402418
234,has_circle,-0.4298354413590697,0.4298354413590697
234,has_red,-0.34258605304109685,0.34258605304109685
234,has_green,-0.07298075244895867,0.07298075244895867
234,has_blue,-0.14903924741557426,0.14903924741557426
234,has_cyan,0.38884298887047547,0.38884298887047547
234,has_magenta,0.017438550687120066,0.017438550687120066
234,has_yellow,-0.3338148596825553,0.3338148596825553
235,has_triangle,-0.04157512525073604,0.04157512525073604
235,has_square,-0.26029249347131905,0.26029249347131905
235,has_circle,0.027189904517020285,0.027189904517020285
235,has_red,0.33231181446244645,0.33231181446244645
235,has_green,-0.05940799047427776,0.05940799047427776
235,has_blue,-0.1591602492563128,0.1591602492563128
235,has_cyan,-0.0567883019979401,0.0567883019979401
235,has_magenta,-0.1211161904531015,0.1211161904531015
235,has_yellow,0.043856693943224966,0.043856693943224966
236,has_triangle,-0.08249007781562798,0.08249007781562798
236,has_square,-0.11995371531704344,0.11995371531704344
236,has_circle,-0.10720545404943288,0.10720545404943288
236,has_red,0.2695085641702182,0.2695085641702182
236,has_green,-0.023153234182673604,0.023153234182673604
236,has_blue,-0.17626427967196515,0.17626427967196515
236,has_cyan,0.007616923950861742,0.007616923950861742
236,has_magenta,-0.2920183518859444,0.2920183518859444
236,has_yellow,-0.03110836002494242,0.03110836002494242
237,has_triangle,0.1090570671785361,0.1090570671785361
237,has_square,-0.04796044192452908,0.04796044192452908
237,has_circle,-0.06452416925395751,0.06452416925395751
237,has_red,-0.12184111374546917,0.12184111374546917
237,has_green,-0.08095501918002998,0.08095501918002998
237,has_blue,0.12613349949010771,0.12613349949010771
237,has_cyan,0.16429244119712635,0.16429244119712635
237,has_magenta,0.07067707360739735,0.07067707360739735
237,has_yellow,-0.22793951615496583,0.22793951615496583
238,has_triangle,0.21785005171423155,0.21785005171423155
238,has_square,0.22952093814313834,0.22952093814313834
238,has_circle,-0.25900774885945943,0.25900774885945943
238,has_red,0.01484835632176043,0.01484835632176043
238,has_green,-0.29658844844527155,0.29658844844527155
238,has_blue,-0.1351992300230891,0.1351992300230891
238,has_cyan,0.30837058314810945,0.30837058314810945
238,has_magenta,0.23616126394660275,0.23616126394660275
238,has_yellow,-0.10805596999713922,0.10805596999713922
239,has_triangle,0.21736552985544916,0.21736552985544916
239,has_square,-0.121293008208236,0.121293008208236
239,has_circle,-0.21068916451202827,0.21068916451202827
239,has_red,0.11997412509325742,0.11997412509325742
239,has_green,-0.13000592899705593,0.13000592899705593
239,has_blue,-0.09046788076969053,0.09046788076969053
239,has_cyan,-0.09582017436129778,0.09582017436129778
239,has_magenta,-0.1456703116572501,0.1456703116572501
239,has_yellow,-0.16391799760107517,0.16391799760107517
240,has_triangle,-0.2738801106999165,0.2738801106999165
240,has_square,-0.13993178913127519,0.13993178913127519
240,has_circle,0.19111130692280232,0.19111130692280232
240,has_red,0.2810617818198892,0.2810617818198892
240,has_green,-0.14350932682728026,0.14350932682728026
240,has_blue,-0.015890466197802187,0.015890466197802187
240,has_cyan,0.0998634784500947,0.0998634784500947
240,has_magenta,-0.05886565724761403,0.05886565724761403
240,has_yellow,-0.08233668520546213,0.08233668520546213
241,has_triangle,-0.13296755170048058,0.13296755170048058
241,has_square,0.2968206273819365,0.2968206273819365
241,has_circle,-0.1183361205781708,0.1183361205781708
241,has_red,-0.4545630940049504,0.4545630940049504
241,has_green,-0.21778404503362048,0.21778404503362048
241,has_blue,0.06614510204778226,0.06614510204778226
241,has_cyan,0.7857260353852749,0.7857260353852749
241,has_magenta,0.1659570222467852,0.1659570222467852
241,has_yellow,-0.48586262060345947,0.48586262060345947
242,has_triangle,-0.25094072101935094,0.25094072101935094
242,has_square,0.03351883839748105,0.03351883839748105
242,has_circle,0.1696964663219871,0.1696964663219871
242,has_red,0.17083983963114888,0.17083983963114888
242,has_green,-0.09176224486081043,0.09176224486081043
242,has_blue,0.033479688843541675,0.033479688843541675
242,has_cyan,0.07491595680754241,0.07491595680754241
242,has_magenta,-0.26263938287020755,0.26263938287020755
242,has_yellow,-0.006230807476311758,0.006230807476311758
243,has_triangle,-0.252421811800595,0.252421811800595
243,has_square,0.04742964607435336,0.04742964607435336
243,has_circle,0.1436180565844588,0.1436180565844588
243,has_red,0.10650883670384753,0.10650883670384753
243,has_green,-0.31970025696530163,0.31970025696530163
243,has_blue,0.040225023502645674,0.040225023502645674
243,has_cyan,0.42213881403841763,0.42213881403841763
243,has_magenta,0.2766915746754565,0.2766915746754565
243,has_yellow,-0.3526983711279807,0.3526983711279807
244,has_triangle,0.10141622574122706,0.10141622574122706
244,has_square,-0.18518324373226872,0.18518324373226872
244,has_circle,-0.09110414488954012,0.09110414488954012
244,has_red,0.2257723413689374,0.2257723413689374
244,has_green,-0.14316161563425012,0.14316161563425012
244,has_blue,-0.03611163821639503,0.03611163821639503
244,has_cyan,-0.0589085394110714,0.0589085394110714
244,has_magenta,-0.09511811356070826,0.09511811356070826
244,has_yellow,-0.004635773313346248,0.004635773313346248
245,has_triangle,-0.10811669083063469,0.10811669083063469
245,has_square,-0.1062962775827446,0.1062962775827446
245,has_circle,0.12927126054409938,0.12927126054409938
245,has_red,0.12575229741873065,0.12575229741873065
245,has_green,-0.1698595847329698,0.1698595847329698
245,has_blue,0.20543785435207504,0.20543785435207504
245,has_cyan,0.15321816986986886,0.15321816986986886
245,has_magenta,0.08039894776770641,0.08039894776770641
245,has_yellow,0.00952854531848452,0.00952854531848452
246,has_triangle,-0.18790963937995808,0.18790963937995808
246,has_square,0.05261580246993673,0.05261580246993673
246,has_circle,0.09417648692380275,0.09417648692380275
246,has_red,-0.12548942430347262,0.12548942430347262
246,has_green,-0.050352955862734215,0.050352955862734215
246,has_blue,0.11043617430516446,0.11043617430516446
246,has_cyan,0.1902897244783408,0.1902897244783408
246,has_magenta,-0.35668823221337687,0.35668823221337687
246,has_yellow,0.060137689970158205,0.060137689970158205
247,has_triangle,-0.27986465434570057,0.27986465434570057
247,has_square,-0.14603580005959915,0.14603580005959915
247,has_circle,0.3756841081237563,0.3756841081237563
247,has_red,0.1614767071627982,0.1614767071627982
247,has_green,0.16843611306917639,0.16843611306917639
247,has_blue,-0.046112031082110906,0.046112031082110906
247,has_cyan,0.10307715003488584,0.10307715003488584
247,has_magenta,-0.0316019216521395,0.0316019216521395
247,has_yellow,0.23048856415907082,0.23048856415907082
248,has_triangle,0.33419830222358893,0.33419830222358893
248,has_square,-0.17207524994824555,0.17207524994824555
248,has_circle,-0.23372680874611654,0.23372680874611654
248,has_red,0.059753663412180254,0.059753663412180254
248,has_green,-0.17327959270680174,0.17327959270680174
248,has_blue,-0.00564910256862636,0.00564910256862636
248,has_cyan,-0.08006873111998329,0.08006873111998329
248,has_magenta,0.017374134973833402,0.017374134973833402
248,has_yellow,-0.17143162187863917,0.17143162187863917
249,has_triangle,0.09279457607086647,0.09279457607086647
249,has_square,0.022660111106220734,0.022660111106220734
249,has_circle,-0.20667832184370225,0.20667832184370225
249,has_red,-0.0179143707688528,0.0179143707688528
249,has_green,-0.24111778838069978,0.24111778838069978
249,has_blue,0.04169968345734252,0.04169968345734252
249,has_cyan,0.261793862268512,0.261793862268512
249,has_magenta,0.02534262276690834,0.02534262276690834
249,has_yellow,-0.37478330665872395,0.37478330665872395
250,has_triangle,-0.22544125919182498,0.22544125919182498
250,has_square,0.11803726219567409,0.11803726219567409
250,has_circle,0.03984508853716671,0.03984508853716671
250,has_red,0.030161322405231727,0.030161322405231727
250,has_green,-0.072967379431635,0.072967379431635
250,has_blue,-0.15457029784756351,0.15457029784756351
250,has_cyan,0.39311827291668927,0.39311827291668927
250,has_magenta,-0.16312886239209026,0.16312886239209026
250,has_yellow,0.1994993000433307,0.1994993000433307
251,has_triangle,-0.15734407342378914,0.15734407342378914
251,has_square,0.0634874095636857,0.0634874095636857
251,has_circle,0.035094087612132376,0.035094087612132376
251,has_red,0.03114300325783064,0.03114300325783064
251,has_green,-0.03543096977485133,0.03543096977485133
251,has_blue,-0.07359892134171192,0.07359892134171192
251,has_cyan,0.34441614475456894,0.34441614475456894
251,has_magenta,0.15088850262775796,0.15088850262775796
251,has_yellow,0.1771711759567723,0.1771711759567723
252,has_triangle,0.2045486880143656,0.2045486880143656
252,has_square,0.01800321727219691,0.01800321727219691
252,has_circle,-0.31617684558200004,0.31617684558200004
252,has_red,0.20445541134280087,0.20445541134280087
252,has_green,-0.15923702736509887,0.15923702736509887
252,has_blue,0.03901998255891631,0.03901998255891631
252,has_cyan,0.019273165773046396,0.019273165773046396
252,has_magenta,-0.19483612745485032,0.19483612745485032
252,has_yellow,-0.07888793781494993,0.07888793781494993
253,has_triangle,0.12625406514549503,0.12625406514549503
253,has_square,-0.20888219488643864,0.20888219488643864
253,has_circle,-0.060709580964779,0.060709580964779
253,has_red,0.11303186922086217,0.11303186922086217
253,has_green,-0.17438650656656732,0.17438650656656732
253,has_blue,0.16793566679399016,0.16793566679399016
253,has_cyan,-0.002624112109596008,0.002624112109596008
253,has_magenta,-0.0199795754668073,0.0199795754668073
253,has_yellow,-0.010558274074102088,0.010558274074102088
254,has_triangle,0.15139705052088995,0.15139705052088995
254,has_square,0.3072307444962483,0.3072307444962483
254,has_circle,-0.3920598283988936,0.3920598283988936
254,has_red,-0.1323152188052777,0.1323152188052777
254,has_green,-0.23968365216244633,0.23968365216244633
254,has_blue,-0.09091464218077762,0.09091464218077762
254,has_cyan,0.4477193943858008,0.4477193943858008
254,has_magenta,-0.08879060417078338,0.08879060417078338
254,has_yellow,-0.3438339750144892,0.3438339750144892
255,has_triangle,0.008884270201911725,0.008884270201911725
255,has_square,0.21551469541948196,0.21551469541948196
255,has_circle,-0.13761049031787456,0.13761049031787456
255,has_red,-0.16471536469814557,0.16471536469814557
255,has_green,-0.19872508197239908,0.19872508197239908
255,has_blue,0.23658788308110304,0.23658788308110304
255,has_cyan,0.41763288902791645,0.41763288902791645
255,has_magenta,-0.04075801543937085,0.04075801543937085
255,has_yellow,-0.3081517916396057,0.3081517916396057
256,has_triangle,-0.2534251693867187,0.2534251693867187
256,has_square,-0.24195344087553,0.24195344087553
256,has_circle,0.3235564554399856,0.3235564554399856
256,has_red,0.283638590246895,0.283638590246895
256,has_green,-0.11364954560772708,0.11364954560772708
256,has_blue,-0.022822173842145875,0.022822173842145875
256,has_cyan,-0.07600066271778416,0.07600066271778416
256,has_magenta,-0.013625774408792165,0.013625774408792165
256,has_yellow,0.12869913954773837,0.12869913954773837
257,has_triangle,0.09754111531968987,0.09754111531968987
257,has_square,-0.27723829772031483,0.27723829772031483
257,has_circle,-0.04976629664323856,0.04976629664323856
257,has_red,0.25346851069894233,0.25346851069894233
257,has_green,-0.04980468328512093,0.04980468328512093
257,has_blue,-0.13038008913243557,0.13038008913243557
257,has_cyan,-0.06760710885494361,0.06760710885494361
257,has_magenta,-0.016473873939675015,0.016473873939675015
257,has_yellow,0.04280650889498762,0.04280650889498762
258,has_triangle,-0.17741625401925026,0.17741625401925026
258,has_square,0.36956710372549056,0.36956710372549056
258,has_circle,-0.011783672334307847,0.011783672334307847
258,has_red,-0.0934258389915031,0.0934258389915031
258,has_green,-0.06955255963831099,0.06955255963831099
258,has_blue,0.17566220976965777,0.17566220976965777
258,has_cyan,0.3765512387066468,0.3765512387066468
258,has_magenta,-0.22739790974959562,0.22739790974959562
258,has_yellow,-0.09652255871490668,0.09652255871490668
259,has_triangle,-0.02867523699064663,0.02867523699064663
259,has_square,0.1894304699428872,0.1894304699428872
259,has_circle,-0.11713291380388095,0.11713291380388095
259,has_red,0.17523551243056046,0.17523551243056046
259,has_green,0.08526967017497557,0.08526967017497557
259,has_blue,-0.06226821762066698,0.06226821762066698
259,has_cyan,-0.15790849592415843,0.15790849592415843
259,has_magenta,-0.3602447875249696,0.3602447875249696
259,has_yellow,0.11526753090443526,0.11526753090443526
260,has_triangle,-0.031062334046227155,0.031062334046227155
260,has_square,-0.158500603828554,0.158500603828554
260,has_circle,-0.09976228741561034,0.09976228741561034
260,has_red,0.2991034251232805,0.2991034251232805
260,has_green,-0.2554322878289658,0.2554322878289658
260,has_blue,-0.20359878372913187,0.20359878372913187
260,has_cyan,0.021922916806766887,0.021922916806766887
260,has_magenta,-0.03271843466669318,0.03271843466669318
260,has_yellow,-0.07845739853991483,0.07845739853991483
261,has_triangle,-0.261749909685847,0.261749909685847
261,has_square,0.25657268141947953,0.25657268141947953
261,has_circle,-0.014786854972421107,0.014786854972421107
261,has_red,-0.05213421553268451,0.05213421553268451
261,has_green,-0.16346314501084527,0.16346314501084527
261,has_blue,0.14936746894251843,0.14936746894251843
261,has_cyan,0.4309839653859643,0.4309839653859643
261,has_magenta,0.003958743429617618,0.003958743429617618
261,has_yellow,-0.43895110797188963,0.43895110797188963
262,has_triangle,-0.04379263731694734,0.04379263731694734
262,has_square,0.4853973808496648,0.4853973808496648
262,has_circle,-0.10994439753263878,0.10994439753263878
262,has_red,-0.19278727364580528,0.19278727364580528
262,has_green,0.011574531809614147,0.011574531809614147
262,has_blue,0.18203613600064422,0.18203613600064422
262,has_cyan,0.24442629065689728,0.24442629065689728
262,has_magenta,-0.2043932360380962,0.2043932360380962
262,has_yellow,-0.15152443452716216,0.15152443452716216
263,has_triangle,-0.006161666086070475,0.006161666086070475
263,has_square,-0.07868199261908679,0.07868199261908679
263,has_circle,0.11690122396816222,0.11690122396816222
263,has_red,-0.02629973454559676,0.02629973454559676
263,has_green,0.08552469994845596,0.08552469994845596
263,has_blue,-0.09737895460035326,0.09737895460035326
263,has_cyan,0.18644673913903712,0.18644673913903712
263,has_magenta,0.23651142250986237,0.23651142250986237
263,has_yellow,0.11073428602066149,0.11073428602066149
264,has_triangle,0.12127202990427943,0.12127202990427943
264,has_square,0.0035411405859962827,0.0035411405859962827
264,has_circle,-0.1665511580287494,0.1665511580287494
264,has_red,0.17022445054080326,0.17022445054080326
264,has_green,-0.23239689466988717,0.23239689466988717
264,has_blue,0.08602311569661746,0.08602311569661746
264,has_cyan,0.01634452959846606,0.01634452959846606
264,has_magenta,-0.018537035035455295,0.018537035035455295
264,has_yellow,-0.135712087130646,0.135712087130646
265,has_triangle,0.14721318012819629,0.14721318012819629
265,has_square,0.07175722123635445,0.07175722123635445
265,has_circle,-0.31182212443471125,0.31182212443471125
265,has_red,-0.03732806601141173,0.03732806601141173
265,has_green,-0.24113314409845887,0.24113314409845887
265,has_blue,-0.017215673993894523,0.017215673993894523
265,has_cyan,0.35782163923471183,0.35782163923471183
265,has_magenta,0.08172850993687644,0.08172850993687644
265,has_yellow,-0.32081102639648873,0.32081102639648873
266,has_triangle,0.10351465548992225,0.10351465548992225
266,has_square,-0.04984240180344018,0.04984240180344018
266,has_circle,-0.13892439091901104,0.13892439091901104
266,has_red,0.1737158590801479,0.1737158590801479
266,has_green,-0.29594939926446223,0.29594939926446223
266,has_blue,-0.1196933700831716,0.1196933700831716
266,has_cyan,0.013658981414229695,0.013658981414229695
266,has_magenta,-0.06099042674104904,0.06099042674104904
266,has_yellow,-0.026899064294141368,0.026899064294141368
267,has_triangle,0.06710468012743216,0.06710468012743216
267,has_square,-0.12070882641450677,0.12070882641450677
267,has_circle,-0.2252485545337311,0.2252485545337311
267,has_red,0.0856753526798288,0.0856753526798288
267,has_green,-0.14583950457863434,0.14583950457863434
267,has_blue,0.01777002789340581,0.01777002789340581
267,has_cyan,0.1578346847361044,0.1578346847361044
267,has_magenta,-0.06780624329201615,0.06780624329201615
267,has_yellow,-0.07988657236561296,0.07988657236561296
268,has_triangle,0.025644152457047105,0.025644152457047105
268,has_square,0.2476779067790977,0.2476779067790977
268,has_circle,-0.07313293642601607,0.07313293642601607
268,has_red,-0.10903822639186544,0.10903822639186544
268,has_green,-0.23264194177520273,0.23264194177520273
268,has_blue,0.3459308708274013,0.3459308708274013
268,has_cyan,0.13574948210331833,0.13574948210331833
268,has_magenta,0.021628172268877807,0.021628172268877807
268,has_yellow,-0.14769231804187,0.14769231804187
269,has_triangle,-0.02306841565111359,0.02306841565111359
269,has_square,-0.2257144927315132,0.2257144927315132
269,has_circle,-0.03164749659492083,0.03164749659492083
269,has_red,0.2562607730502706,0.2562607730502706
269,has_green,-0.0809440997773299,0.0809440997773299
269,has_blue,-0.12569609981874377,0.12569609981874377
269,has_cyan,0.025477933072128325,0.025477933072128325
269,has_magenta,-0.07271662966172916,0.07271662966172916
269,has_yellow,-0.03513785122676433,0.03513785122676433
270,has_triangle,-0.11243184433475759,0.11243184433475759
270,has_square,-0.16310692103773033,0.16310692103773033
270,has_circle,0.18057605594440784,0.18057605594440784
270,has_red,0.11598016609139718,0.11598016609139718
270,has_green,-0.18878795960080064,0.18878795960080064
270,has_blue,-0.14004151846936627,0.14004151846936627
270,has_cyan,-0.044933498747925224,0.044933498747925224
270,has_magenta,-0.011551845366600734,0.011551845366600734
270,has_yellow,-0.04543599660904328,0.04543599660904328
271,has_triangle,-0.052528896194421505,0.052528896194421505
271,has_square,0.44795481686582306,0.44795481686582306
271,has_circle,-0.30633387219064606,0.30633387219064606
271,has_red,-0.0030662276230768145,0.0030662276230768145
271,has_green,-0.0772188856434588,0.0772188856434588
271,has_blue,-0.09491767155978187,0.09491767155978187
271,has_cyan,0.3076229699612525,0.3076229699612525
271,has_magenta,-0.4033582933476453,0.4033582933476453
271,has_yellow,-0.08890344477688347,0.08890344477688347
272,has_triangle,-0.18239260170320598,0.18239260170320598
272,has_square,-0.15158530637342144,0.15158530637342144
272,has_circle,0.23379671355563444,0.23379671355563444
272,has_red,0.2967415116085297,0.2967415116085297
272,has_green,-0.14232473155768152,0.14232473155768152
272,has_blue,0.00260326838258328,0.00260326838258328
272,has_cyan,-0.0846499452464232,0.0846499452464232
272,has_magenta,-0.19460700280567939,0.19460700280567939
272,has_yellow,0.1683026518053218,0.1683026518053218
273,has_triangle,0.05758465381755643,0.05758465381755643
273,has_square,0.10008225428818761,0.10008225428818761
273,has_circle,-0.1557626826524515,0.1557626826524515
273,has_red,-0.20401938348112114,0.20401938348112114
273,has_green,-0.19638305081372212,0.19638305081372212
273,has_blue,0.04687197975140108,0.04687197975140108
273,has_cyan,0.2979633827940663,0.2979633827940663
273,has_magenta,-0.011822659774142081,0.011822659774142081
273,has_yellow,-0.4273328396025084,0.4273328396025084
274,has_triangle,0.21197955965047735,0.21197955965047735
274,has_square,-0.17546708104592612,0.17546708104592612
274,has_circle,-0.17379335080854064,0.17379335080854064
274,has_red,0.21759193104073463,0.21759193104073463
274,has_green,-0.16644889344575423,0.16644889344575423
274,has_blue,-0.04678363989935155,0.04678363989935155
274,has_cyan,-0.1593214163343833,0.1593214163343833
274,has_magenta,-0.1483097644669057,0.1483097644669057
274,has_yellow,-0.03979653890968222,0.03979653890968222
275,has_triangle,-0.276643270342019,0.276643270342019
275,has_square,-0.006318415514135383,0.006318415514135383
275,has_circle,0.10713366583005811,0.10713366583005811
275,has_red,-0.14910271759453242,0.14910271759453242
275,has_green,0.01909588999499303,0.01909588999499303
275,has_blue,0.2696598653741262,0.2696598653741262
275,has_cyan,0.21369859397553134,0.21369859397553134
275,has_magenta,-0.15235918005986177,0.15235918005986177
275,has_yellow,-0.15567264973917355,0.15567264973917355
276,has_triangle,0.01453736282335826,0.01453736282335826
276,has_square,0.15365588620667547,0.15365588620667547
276,has_circle,-0.1809286989259919,0.1809286989259919
276,has_red,0.08121187338560538,0.08121187338560538
276,has_green,0.050191779593179456,0.050191779593179456
276,has_blue,-0.14584615532051654,0.14584615532051654
276,has_cyan,0.1823808559773012,0.1823808559773012
276,has_magenta,-0.3521443306546252,0.3521443306546252
276,has_yellow,0.05841109981470331,0.05841109981470331
277,has_triangle,0.0034929335832914066,0.0034929335832914066
277,has_square,-0.057331694054572835,0.057331694054572835
277,has_circle,0.05514072616223119,0.05514072616223119
277,has_red,0.08773215966814467,0.08773215966814467
277,has_green,-0.15876647179642023,0.15876647179642023
277,has_blue,0.13905317901671477,0.13905317901671477
277,has_cyan,-0.0044460730421619875,0.0044460730421619875
277,has_magenta,0.008219744011106023,0.008219744011106023
277,has_yellow,-0.2017643911532382,0.2017643911532382
278,has_triangle,-0.22467387921812837,0.22467387921812837
278,has_square,0.16239604176969982,0.16239604176969982
278,has_circle,0.12624722573655447,0.12624722573655447
278,has_red,0.086402752688008,0.086402752688008
278,has_green,0.1243695777178495,0.1243695777178495
278,has_blue,0.024642787050711677,0.024642787050711677
278,has_cyan,0.10528564756869542,0.10528564756869542
278,has_magenta,-0.30017709034964424,0.30017709034964424
278,has_yellow,-0.008601434521541617,0.008601434521541617
279,has_triangle,-0.1114976679909947,0.1114976679909947
279,has_square,0.017147561677038608,0.017147561677038608
279,has_circle,0.09300974740906509,0.09300974740906509
279,has_red,0.26817661367544626,0.26817661367544626
279,has_green,-0.13266370073123124,0.13266370073123124
279,has_blue,-0.061260468118784196,0.061260468118784196
279,has_cyan,-0.00605315117328991,0.00605315117328991
279,has_magenta,-0.18682969421045054,0.18682969421045054
279,has_yellow,-0.05700417181933244,0.05700417181933244
280,has_triangle,0.2563942808569208,0.2563942808569208
280,has_square,0.20293897530325877,0.20293897530325877
280,has_circle,-0.2888834540124581,0.2888834540124581
280,has_red,0.011275120947837086,0.011275120947837086
280,has_green,-0.262865459619094,0.262865459619094
280,has_blue,0.10607528644522282,0.10607528644522282
280,has_cyan,0.2548032584333421,0.2548032584333421
280,has_magenta,0.049968851437106436,0.049968851437106436
280,has_yellow,-0.11732585774166689,0.11732585774166689
281,has_triangle,0.14365905252512864,0.14365905252512864
281,has_square,-0.2024861800685427,0.2024861800685427
281,has_circle,-0.1388491696183185,0.1388491696183185
281,has_red,0.04278465170171498,0.04278465170171498
281,has_green,-0.15863686409353767,0.15863686409353767
281,has_blue,0.08051003678114427,0.08051003678114427
281,has_cyan,0.09156276671428663,0.09156276671428663
281,has_magenta,-0.0020302323654925484,0.0020302323654925484
281,has_yellow,-0.20882711918638103,0.20882711918638103
282,has_triangle,0.057999308397910135,0.057999308397910135
282,has_square,-0.28623535528774147,0.28623535528774147
282,has_circle,-0.027704579246504553,0.027704579246504553
282,has_red,0.19134996376091332,0.19134996376091332
282,has_green,-0.2601390976176348,0.2601390976176348
282,has_blue,0.054275676660100504,0.054275676660100504
282,has_cyan,0.0613963464591669,0.0613963464591669
282,has_magenta,0.021239944673988327,0.021239944673988327
282,has_yellow,0.022394494506872635,0.022394494506872635
283,has_triangle,-0.21626885480334931,0.21626885480334931
283,has_square,-0.001418449393406348,0.001418449393406348
283,has_circle,0.1917787981370684,0.1917787981370684
283,has_red,0.2862828999929698,0.2862828999929698
283,has_green,0.050113919116029054,0.050113919116029054
283,has_blue,-0.07912023758801083,0.07912023758801083
283,has_cyan,-0.08600400839000832,0.08600400839000832
283,has_magenta,-0.23652199808138527,0.23652199808138527
283,has_yellow,0.01115076446241208,0.01115076446241208
284,has_triangle,0.07340257067355883,0.07340257067355883
284,has_square,-0.12017011142057174,0.12017011142057174
284,has_circle,-0.21850886909005124,0.21850886909005124
284,has_red,0.25049385635262816,0.25049385635262816
284,has_green,-0.20241072754383024,0.20241072754383024
284,has_blue,-0.16048074851688715,0.16048074851688715
284,has_cyan,0.07394806032185038,0.07394806032185038
284,has_magenta,-0.06884491004034445,0.06884491004034445
284,has_yellow,-0.19424287365050402,0.19424287365050402
285,has_triangle,-0.05832533268820318,0.05832533268820318
285,has_square,0.19773950663806186,0.19773950663806186
285,has_circle,0.004567233234679688,0.004567233234679688
285,has_red,0.21122138097534102,0.21122138097534102
285,has_green,-0.11987312783775808,0.11987312783775808
285,has_blue,-0.02831484961160205,0.02831484961160205
285,has_cyan,0.008617144739610207,0.008617144739610207
285,has_magenta,-0.25941668185716643,0.25941668185716643
285,has_yellow,0.14467347058571475,0.14467347058571475
286,has_triangle,-0.0965450079774123,0.0965450079774123
286,has_square,0.08784829014721213,0.08784829014721213
286,has_circle,0.004196024689722413,0.004196024689722413
286,has_red,-0.20971880773899862,0.20971880773899862
286,has_green,-0.12057622956402889,0.12057622956402889
286,has_blue,0.2524044157195874,0.2524044157195874
286,has_cyan,0.4155768870502438,0.4155768870502438
286,has_magenta,0.17507237857321636,0.17507237857321636
286,has_yellow,-0.18372662205559398,0.18372662205559398
287,has_triangle,-0.3264867188497863,0.3264867188497863
287,has_square,-0.11647190605541173,0.11647190605541173
287,has_circle,0.24545520681845692,0.24545520681845692
287,has_red,0.09980665632699945,0.09980665632699945
287,has_green,-0.1803009648139989,0.1803009648139989
287,has_blue,0.10017940812144391,0.10017940812144391
287,has_cyan,0.1955421027781917,0.1955421027781917
287,has_magenta,-0.08283112576629797,0.08283112576629797
287,has_yellow,0.04318446601217567,0.04318446601217567
288,has_triangle,-0.19038772472949864,0.19038772472949864
288,has_square,0.08444059534231224,0.08444059534231224
288,has_circle,0.11246216479222565,0.11246216479222565
288,has_red,-0.05900966186207331,0.05900966186207331
288,has_green,0.010793501153240813,0.010793501153240813
288,has_blue,-0.13656960177646918,0.13656960177646918
288,has_cyan,0.1165767866847334,0.1165767866847334
288,has_magenta,-0.15383034163642098,0.15383034163642098
288,has_yellow,0.16204765063213575,0.16204765063213575
289,has_triangle,0.04056692562848724,0.04056692562848724
289,has_square,-0.2269710921048312,0.2269710921048312
289,has_circle,-0.04955284939617435,0.04955284939617435
289,has_red,0.08879310819190886,0.08879310819190886
289,has_green,-0.12952689863001096,0.12952689863001096
289,has_blue,0.09513571477083818,0.09513571477083818
289,has_cyan,0.09404164936560108,0.09404164936560108
289,has_magenta,-0.04667755464302023,0.04667755464302023
289,has_yellow,0.031451111310316984,0.031451111310316984
290,has_triangle,0.27917480593172594,0.27917480593172594
290,has_square,-0.003916909181319512,0.003916909181319512
290,has_circle,-0.3012632229338623,0.3012632229338623
290,has_red,0.02586928832652516,0.02586928832652516
290,has_green,-0.11420400167240338,0.11420400167240338
290,has_blue,-0.05983404303390154,0.05983404303390154
290,has_cyan,0.10860481292941945,0.10860481292941945
290,has_magenta,-0.06448003595511127,0.06448003595511127
290,has_yellow,-0.04344205924956055,0.04344205924956055
291,has_triangle,0.1286203369676746,0.1286203369676746
291,has_square,0.168010314333093,0.168010314333093
291,has_circle,-0.3188365159149774,0.3188365159149774
291,has_red,-0.039738503727948606,0.039738503727948606
291,has_green,-0.11832552265928811,0.11832552265928811
291,has_blue,0.03598604064679166,0.03598604064679166
291,has_cyan,0.2901555837651231,0.2901555837651231
291,has_magenta,-0.15802159620206052,0.15802159620206052
291,has_yellow,-0.17108886324611208,0.17108886324611208
292,has_triangle,-0.11033939588953125,0.11033939588953125
292,has_square,0.4796942394858775,0.4796942394858775
292,has_circle,-0.1579376358030459,0.1579376358030459
292,has_red,-0.2282717169390737,0.2282717169390737
292,has_green,-0.09372000395915059,0.09372000395915059
292,has_blue,0.17501158852120585,0.17501158852120585
292,has_cyan,0.3961223481866219,0.3961223481866219
292,has_magenta,-0.1692534891136322,0.1692534891136322
292,has_yellow,-0.3953641747356569,0.3953641747356569
293,has_triangle,-0.24811987757799006,0.24811987757799006
293,has_square,-0.16432135489729457,0.16432135489729457
293,has_circle,0.28626742040131786,0.28626742040131786
293,has_red,0.30661061173148013,0.30661061173148013
293,has_green,0.041960351854397386,0.041960351854397386
293,has_blue,-0.18760383503988742,0.18760383503988742
293,has_cyan,-0.1426831945987296,0.1426831945987296
293,has_magenta,-0.3150704635849633,0.3150704635849633
293,has_yellow,0.3027321712243933,0.3027321712243933
294,has_triangle,-0.16486057779074173,0.16486057779074173
294,has_square,-0.14113299425608827,0.14113299425608827
294,has_circle,0.20089565562647424,0.20089565562647424
294,has_red,0.26564508462495795,0.26564508462495795
294,has_green,-0.07379687722604282,0.07379687722604282
294,has_blue,0.17881683611893948,0.17881683611893948
294,has_cyan,-0.14419469806311347,0.14419469806311347
294,has_magenta,-0.2717581387054828,0.2717581387054828
294,has_yellow,0.1258966938782748,0.1258966938782748
295,has_triangle,-0.09311093425638409,0.09311093425638409
295,has_square,0.09279940622213437,0.09279940622213437
295,has_circle,-0.041510674568241826,0.041510674568241826
295,has_red,-0.27243594778817165,0.27243594778817165
295,has_green,-0.15197904871509055,0.15197904871509055
295,has_blue,0.37320348539407944,0.37320348539407944
295,has_cyan,0.3912870798588556,0.3912870798588556
295,has_magenta,0.15496215775431957,0.15496215775431957
295,has_yellow,-0.39010364220081867,0.39010364220081867
296,has_triangle,-0.09053321513493287,0.09053321513493287
296,has_square,0.17440276391389575,0.17440276391389575
296,has_circle,0.022456377193382955,0.022456377193382955
296,has_red,-0.042402298246972676,0.042402298246972676
296,has_green,-0.17370649289815895,0.17370649289815895
296,has_blue,-0.22459089001273713,0.22459089001273713
296,has_cyan,0.32848948666231603,0.32848948666231603
296,has_magenta,0.13105141326233338,0.13105141326233338
296,has_yellow,-0.08896610194019303,0.08896610194019303
297,has_triangle,-0.04643037291635758,0.04643037291635758
297,has_square,-0.045247903252362616,0.045247903252362616
297,has_circle,-0.057625291320601284,0.057625291320601284
297,has_red,0.020657429862638254,0.020657429862638254
297,has_green,-0.2082397605089774,0.2082397605089774
297,has_blue,0.18818904018945717,0.18818904018945717
297,has_cyan,0.3150287456827132,0.3150287456827132
297,has_magenta,-0.11176035694626085,0.11176035694626085
297,has_yellow,-0.1655630627471071,0.1655630627471071
298,has_triangle,-0.042607751647606926,0.042607751647606926
298,has_square,-0.08430418151533338,0.08430418151533338
298,has_circle,-0.13519702000406103,0.13519702000406103
298,has_red,0.18239950433996907,0.18239950433996907
298,has_green,0.11952125072169051,0.11952125072169051
298,has_blue,-0.2352972116120188,0.2352972116120188
298,has_cyan,-0.04403051845652839,0.04403051845652839
298,has_magenta,-0.3466279090486249,0.3466279090486249
298,has_yellow,-0.06165949436891911,0.06165949436891911
299,has_triangle,-0.31773529056553856,0.31773529056553856
299,has_square,0.10935943854148238,0.10935943854148238
299,has_circle,0.2494595969464717,0.2494595969464717
299,has_red,-0.0655380450807424,0.0655380450807424
299,has_green,-0.03236526004386234,0.03236526004386234
299,has_blue,0.06797095657637255,0.06797095657637255
299,has_cyan,0.3352774987273091,0.3352774987273091
299,has_magenta,-0.060978674698529314,0.060978674698529314
299,has_yellow,-0.11707345838790567,0.11707345838790567
300,has_triangle,-0.3305794645202342,0.3305794645202342
300,has_square,0.1416640594591839,0.1416640594591839
300,has_circle,0.27215251910227456,0.27215251910227456
300,has_red,-0.10485207291183099,0.10485207291183099
300,has_green,0.014978100663944264,0.014978100663944264
300,has_blue,0.048732310156152814,0.048732310156152814
300,has_cyan,0.22473312034959447,0.22473312034959447
300,has_magenta,-0.028492751707692276,0.028492751707692276
300,has_yellow,-0.2268922678920694,0.2268922678920694
301,has_triangle,-0.1122248301703746,0.1122248301703746
301,has_square,0.3540849453109393,0.3540849453109393
301,has_circle,-0.14267032885675954,0.14267032885675954
301,has_red,0.12256058387589873,0.12256058387589873
301,has_green,0.05517311612484119,0.05517311612484119
301,has_blue,0.0673675247746595,0.0673675247746595
301,has_cyan,0.07457100140626892,0.07457100140626892
301,has_magenta,-0.3034758977845787,0.3034758977845787
301,has_yellow,-0.1066044253015462,0.1066044253015462
302,has_triangle,-0.004122835385211842,0.004122835385211842
302,has_square,-0.015782001942937853,0.015782001942937853
302,has_circle,-0.0581782363610486,0.0581782363610486
302,has_red,0.11884815483390417,0.11884815483390417
302,has_green,0.019737725178197028,0.019737725178197028
302,has_blue,-0.025534694790305363,0.025534694790305363
302,has_cyan,0.10702719797147288,0.10702719797147288
302,has_magenta,-0.029287169930235495,0.029287169930235495
302,has_yellow,0.06099578992013932,0.06099578992013932
303,has_triangle,-0.09156777712916717,0.09156777712916717
303,has_square,0.16287535592755928,0.16287535592755928
303,has_circle,-0.12771309530506297,0.12771309530506297
303,has_red,0.017114833965316628,0.017114833965316628
303,has_green,0.009272959496919541,0.009272959496919541
303,has_blue,0.00887651076199572,0.00887651076199572
303,has_cyan,-0.032586530073209545,0.032586530073209545
303,has_magenta,-0.27647635002555265,0.27647635002555265
303,has_yellow,-0.14874430816987538,0.14874430816987538
304,has_triangle,-0.04941275377405362,0.04941275377405362
304,has_square,-0.2279430837845587,0.2279430837845587
304,has_circle,0.10220049475561703,0.10220049475561703
304,has_red,0.13499535705126453,0.13499535705126453
304,has_green,-0.04037378079851947,0.04037378079851947
304,has_blue,-0.09299826044436614,0.09299826044436614
304,has_cyan,0.02479874398948269,0.02479874398948269
304,has_magenta,-0.18806007062078076,0.18806007062078076
304,has_yellow,0.10173674395808834,0.10173674395808834
305,has_triangle,-0.05991585778634704,0.05991585778634704
305,has_square,-0.1774122932689213,0.1774122932689213
305,has_circle,0.22344669713137355,0.22344669713137355
305,has_red,-0.04356964795742864,0.04356964795742864
305,has_green,0.06196357250931228,0.06196357250931228
305,has_blue,0.17117401690040818,0.17117401690040818
305,has_cyan,-0.0208987219105034,0.0208987219105034
305,has_magenta,0.017465270855746923,0.017465270855746923
305,has_yellow,0.1317595472639451,0.1317595472639451
306,has_triangle,0.00013462854603044376,0.00013462854603044376
306,has_square,-0.2687650080141524,0.2687650080141524
306,has_circle,-0.009120914048711218,0.009120914048711218
306,has_red,0.14486634715958735,0.14486634715958735
306,has_green,-0.14607987209530368,0.14607987209530368
306,has_blue,0.00640996151853329,0.00640996151853329
306,has_cyan,0.11105599062002408,0.11105599062002408
306,has_magenta,0.005171066927804031,0.005171066927804031
306,has_yellow,-0.10746250090807755,0.10746250090807755
307,has_triangle,0.07577839853885375,0.07577839853885375
307,has_square,-0.0359584827462581,0.0359584827462581
307,has_circle,-0.14446808665442626,0.14446808665442626
307,has_red,0.3230784984266316,0.3230784984266316
307,has_green,-0.10948294900125731,0.10948294900125731
307,has_blue,-0.101820133466468,0.101820133466468
307,has_cyan,-0.04520648266377978,0.04520648266377978
307,has_magenta,-0.2673350053069074,0.2673350053069074
307,has_yellow,0.02283160681857366,0.02283160681857366
308,has_triangle,-0.08225486622352592,0.08225486622352592
308,has_square,-0.16260000898882043,0.16260000898882043
308,has_circle,0.20341954724622432,0.20341954724622432
308,has_red,0.32457748674970033,0.32457748674970033
308,has_green,0.10731240010176349,0.10731240010176349
308,has_blue,-0.10972270426970528,0.10972270426970528
308,has_cyan,-0.38309699063021607,0.38309699063021607
308,has_magenta,-0.19536307986814638,0.19536307986814638
308,has_yellow,0.3190277741698139,0.3190277741698139
309,has_triangle,0.08910080313409953,0.08910080313409953
309,has_square,-0.2574131220871154,0.2574131220871154
309,has_circle,-0.11314118021133696,0.11314118021133696
309,has_red,0.21307538697379302,0.21307538697379302
309,has_green,-0.10240375901377412,0.10240375901377412
309,has_blue,-0.1187268530430541,0.1187268530430541
309,has_cyan,-0.10179718618146189,0.10179718618146189
309,has_magenta,-0.1500769220783889,0.1500769220783889
309,has_yellow,-0.02071733394444458,0.02071733394444458
310,has_triangle,0.025793903439062852,0.025793903439062852
310,has_square,0.33495896059750213,0.33495896059750213
310,has_circle,-0.3203688062249937,0.3203688062249937
310,has_red,0.02902860837197636,0.02902860837197636
310,has_green,-0.26007487192664097,0.26007487192664097
310,has_blue,-0.23370512499577065,0.23370512499577065
310,has_cyan,0.43501946286449816,0.43501946286449816
310,has_magenta,-0.08419371842935464,0.08419371842935464
310,has_yellow,-0.2994415015406634,0.2994415015406634
311,has_triangle,-0.15675352115873906,0.15675352115873906
311,has_square,0.08324105037439798,0.08324105037439798
311,has_circle,-0.00292022553543917,0.00292022553543917
311,has_red,-0.1357311581432449,0.1357311581432449
311,has_green,-0.11522137342002339,0.11522137342002339
311,has_blue,0.15904788185770888,0.15904788185770888
311,has_cyan,0.31809876669094894,0.31809876669094894
311,has_magenta,-0.01716254457226419,0.01716254457226419
311,has_yellow,-0.4465200693026128,0.4465200693026128
312,has_triangle,0.09789787488723117,0.09789787488723117
312,has_square,-0.12663921380641388,0.12663921380641388
312,has_circle,-0.14088455914715212,0.14088455914715212
312,has_red,0.2030612792685176,0.2030612792685176
312,has_green,-0.14396703278272083,0.14396703278272083
312,has_blue,-0.1279265163040332,0.1279265163040332
312,has_cyan,-0.04849876873228334,0.04849876873228334
312,has_magenta,-0.12312757282610844,0.12312757282610844
312,has_yellow,0.04569345929963011,0.04569345929963011
313,has_triangle,-0.1595875016309535,0.1595875016309535
313,has_square,0.04063907322362049,0.04063907322362049
313,has_circle,0.09865425828717568,0.09865425828717568
313,has_red,-0.15059862435690485,0.15059862435690485
313,has_green,-0.2695940177581937,0.2695940177581937
313,has_blue,0.14588968842801064,0.14588968842801064
313,has_cyan,0.4552834277186662,0.4552834277186662
313,has_magenta,0.3856030355768476,0.3856030355768476
313,has_yellow,-0.3322692014232671,0.3322692014232671
314,has_triangle,0.06922151833806933,0.06922151833806933
314,has_square,-0.07897962098011016,0.07897962098011016
314,has_circle,-0.1053200899065659,0.1053200899065659
314,has_red,0.07252307533269368,0.07252307533269368
314,has_green,-0.12663182856224445,0.12663182856224445
314,has_blue,0.10780134275577191,0.10780134275577191
314,has_cyan,0.07110704223616363,0.07110704223616363
314,has_magenta,-0.09579511085114786,0.09579511085114786
314,has_yellow,-0.23200484353658837,0.23200484353658837
315,has_triangle,0.19096562987765284,0.19096562987765284
315,has_square,0.005730297419709867,0.005730297419709867
315,has_circle,-0.19668110619925194,0.19668110619925194
315,has_red,-0.018545379470330234,0.018545379470330234
315,has_green,-0.2744914390482138,0.2744914390482138
315,has_blue,0.1711763070928079,0.1711763070928079
315,has_cyan,0.09286244784098671,0.09286244784098671
315,has_magenta,0.03874942760607047,0.03874942760607047
315,has_yellow,-0.13294958321762765,0.13294958321762765
316,has_triangle,-0.21418663607546218,0.21418663607546218
316,has_square,-0.2862715234443845,0.2862715234443845
316,has_circle,0.23411761699047318,0.23411761699047318
316,has_red,0.13483512339958384,0.13483512339958384
316,has_green,-0.0576549136409587,0.0576549136409587
316,has_blue,-0.1054536693619568,0.1054536693619568
316,has_cyan,0.06089736513660306,0.06089736513660306
316,has_magenta,0.11742905559925969,0.11742905559925969
316,has_yellow,0.12484776002048634,0.12484776002048634
317,has_triangle,-0.1396480826009663,0.1396480826009663
317,has_square,-0.08878653331071258,0.08878653331071258
317,has_circle,0.05991877199479728,0.05991877199479728
317,has_red,0.3014651221098657,0.3014651221098657
317,has_green,-0.21039870679315675,0.21039870679315675
317,has_blue,-0.08483187322081635,0.08483187322081635
317,has_cyan,-0.06217599423302765,0.06217599423302765
317,has_magenta,-0.12431092423437147,0.12431092423437147
317,has_yellow,-0.024740096484715188,0.024740096484715188
318,has_triangle,-0.18342536762489073,0.18342536762489073
318,has_square,0.00841083758017321,0.00841083758017321
318,has_circle,0.08028254789434161,0.08028254789434161
318,has_red,0.06841296639946416,0.06841296639946416
318,has_green,-0.17495478498425954,0.17495478498425954
318,has_blue,0.17387041498319497,0.17387041498319497
318,has_cyan,0.16570411091845053,0.16570411091845053
318,has_magenta,-2.1370859405504183e-05,2.1370859405504183e-05
318,has_yellow,0.028947487555107634,0.028947487555107634
319,has_triangle,0.18971954412392092,0.18971954412392092
319,has_square,0.05996445760123516,0.05996445760123516
319,has_circle,-0.22219175829668478,0.22219175829668478
319,has_red,-0.0029183197598682954,0.0029183197598682954
319,has_green,-0.2830134727519533,0.2830134727519533
319,has_blue,0.03640127752540338,0.03640127752540338
319,has_cyan,0.18407969439943106,0.18407969439943106
319,has_magenta,-0.09733792096160807,0.09733792096160807
319,has_yellow,-0.22125137299747039,0.22125137299747039
320,has_triangle,-0.2668897242697011,0.2668897242697011
320,has_square,-0.11212165814851402,0.11212165814851402
320,has_circle,0.19520210735291035,0.19520210735291035
320,has_red,0.07931105362798832,0.07931105362798832
320,has_green,0.15229498612581768,0.15229498612581768
320,has_blue,0.043283585827338864,0.043283585827338864
320,has_cyan,0.08484601151202584,0.08484601151202584
320,has_magenta,-0.03735545512455253,0.03735545512455253
320,has_yellow,0.11256151013214882,0.11256151013214882
321,has_triangle,0.15222139460885672,0.15222139460885672
321,has_square,0.07373935164153349,0.07373935164153349
321,has_circle,-0.17489492239652935,0.17489492239652935
321,has_red,-0.16945896357271478,0.16945896357271478
321,has_green,-0.26009085413059785,0.26009085413059785
321,has_blue,0.03646149852716641,0.03646149852716641
321,has_cyan,0.4366575047346526,0.4366575047346526
321,has_magenta,0.28229433873865567,0.28229433873865567
321,has_yellow,0.009252398039226154,0.009252398039226154
322,has_triangle,-0.270235335897121,0.270235335897121
322,has_square,-0.08624727576976826,0.08624727576976826
322,has_circle,0.15831905050002087,0.15831905050002087
322,has_red,0.11660973201718025,0.11660973201718025
322,has_green,-0.08993871193411387,0.08993871193411387
322,has_blue,0.06923329688987931,0.06923329688987931
322,has_cyan,0.03856748342610717,0.03856748342610717
322,has_magenta,-0.1559388882172128,0.1559388882172128
322,has_yellow,-0.10231270692459561,0.10231270692459561
323,has_triangle,-0.249229549163476,0.249229549163476
323,has_square,0.10135297669110326,0.10135297669110326
323,has_circle,0.04080340809642967,0.04080340809642967
323,has_red,0.135748473646607,0.135748473646607
323,has_green,-0.11089066031211763,0.11089066031211763
323,has_blue,0.1376582948868439,0.1376582948868439
323,has_cyan,0.1418642798635418,0.1418642798635418
323,has_magenta,-0.22315534164740042,0.22315534164740042
323,has_yellow,-0.12522197804020935,0.12522197804020935
324,has_triangle,-0.12136845478892508,0.12136845478892508
324,has_square,-0.08833666528260088,0.08833666528260088
324,has_circle,0.1371402022090526,0.1371402022090526
324,has_red,0.31939569950125685,0.31939569950125685
324,has_green,0.19061265115575896,0.19061265115575896
324,has_blue,-0.19358683600857818,0.19358683600857818
324,has_cyan,-0.30762856978357084,0.30762856978357084
324,has_magenta,-0.2718616890252879,0.2718616890252879
324,has_yellow,0.4318697721109053,0.4318697721109053
325,has_triangle,-0.08469763419571405,0.08469763419571405
325,has_square,-0.011980846740517236,0.011980846740517236
325,has_circle,-0.07777130105520656,0.07777130105520656
325,has_red,-0.19016158217476423,0.19016158217476423
325,has_green,-0.2672405278963042,0.2672405278963042
325,has_blue,-0.11947607090356126,0.11947607090356126
325,has_cyan,0.4979264427031382,0.4979264427031382
325,has_magenta,0.09182234836544105,0.09182234836544105
325,has_yellow,-0.2455102887215767,0.2455102887215767
326,has_triangle,-0.18753299622648456,0.18753299622648456
326,has_square,-0.25538308228716716,0.25538308228716716
326,has_circle,0.1773706506548461,0.1773706506548461
326,has_red,-0.020451926706302255,0.020451926706302255
326,has_green,-0.27268891122031563,0.27268891122031563
326,has_blue,0.27097010740484867,0.27097010740484867
326,has_cyan,0.3490870382560853,0.3490870382560853
326,has_magenta,0.18964186307852265,0.18964186307852265
326,has_yellow,-0.12073056370006284,0.12073056370006284
327,has_triangle,0.07136125018726241,0.07136125018726241
327,has_square,-0.27286094538230354,0.27286094538230354
327,has_circle,-0.02306052388571966,0.02306052388571966
327,has_red,0.22988006194745905,0.22988006194745905
327,has_green,0.02325674398908561,0.02325674398908561
327,has_blue,-0.11942026842569833,0.11942026842569833
327,has_cyan,-0.24537193578471286,0.24537193578471286
327,has_magenta,-0.21854439569415576,0.21854439569415576
327,has_yellow,0.1357153953336767,0.1357153953336767
328,has_triangle,0.03490416101679063,0.03490416101679063
328,has_square,0.048505338385971423,0.048505338385971423
328,has_circle,-0.024547556968555265,0.024547556968555265
328,has_red,-0.19736187677008982,0.19736187677008982
328,has_green,-0.24997303507891014,0.24997303507891014
328,has_blue,0.43182953443632294,0.43182953443632294
328,has_cyan,0.21087950206482117,0.21087950206482117
328,has_magenta,0.11854817252296448,0.11854817252296448
328,has_yellow,-0.2579115045153107,0.2579115045153107
329,has_triangle,0.1504665187719345,0.1504665187719345
329,has_square,-0.1477762878324148,0.1477762878324148
329,has_circle,-0.10667753907607676,0.10667753907607676
329,has_red,0.1895900242356255,0.1895900242356255
329,has_green,-0.049656047157301215,0.049656047157301215
329,has_blue,-0.12178337987218486,0.12178337987218486
329,has_cyan,-0.11487340429876519,0.11487340429876519
329,has_magenta,-0.19780861474617928,0.19780861474617928
329,has_yellow,0.10244336183311796,0.10244336183311796
330,has_triangle,0.1021785385456033,0.1021785385456033
330,has_square,-0.11466255270460095,0.11466255270460095
330,has_circle,-0.1487962038286,0.1487962038286
330,has_red,0.13918722582936957,0.13918722582936957
330,has_green,-0.23170542816636058,0.23170542816636058
330,has_blue,-0.15104092252464732,0.15104092252464732
330,has_cyan,0.16338741599514467,0.16338741599514467
330,has_magenta,0.0007139861149763484,0.0007139861149763484
330,has_yellow,-0.060027586603501534,0.060027586603501534
331,has_triangle,-0.20933606790709003,0.20933606790709003
331,has_square,-0.28395921778863825,0.28395921778863825
331,has_circle,0.1685811941174414,0.1685811941174414
331,has_red,0.3161892215301709,0.3161892215301709
331,has_green,-0.03553928609463558,0.03553928609463558
331,has_blue,0.01667546796405123,0.01667546796405123
331,has_cyan,-0.11298168051882798,0.11298168051882798
331,has_magenta,0.08976873099200333,0.08976873099200333
331,has_yellow,0.24495548308706475,0.24495548308706475
332,has_triangle,-0.1302096679784164,0.1302096679784164
332,has_square,-0.07391909324526988,0.07391909324526988
332,has_circle,0.20344597652568094,0.20344597652568094
332,has_red,-0.16008628007953113,0.16008628007953113
332,has_green,-0.14912344908724612,0.14912344908724612
332,has_blue,0.43034698688205214,0.43034698688205214
332,has_cyan,0.27364058202692315,0.27364058202692315
332,has_magenta,0.1855992658428848,0.1855992658428848
332,has_yellow,-0.10229884624854137,0.10229884624854137
333,has_triangle,-0.1741396479524171,0.1741396479524171
333,has_square,-0.046762581503400014,0.046762581503400014
333,has_circle,0.09565894795428269,0.09565894795428269
333,has_red,0.38016684428485337,0.38016684428485337
333,has_green,-0.11062334804702098,0.11062334804702098
333,has_blue,-0.2203445598484073,0.2203445598484073
333,has_cyan,-0.08073287935031588,0.08073287935031588
333,has_magenta,-0.19239003604361096,0.19239003604361096
333,has_yellow,0.233296249154504,0.233296249154504
334,has_triangle,-0.28885432662492166,0.28885432662492166
334,has_square,-0.02640538334307624,0.02640538334307624
334,has_circle,0.2353516123742686,0.2353516123742686
334,has_red,0.09785302682099065,0.09785302682099065
334,has_green,-0.19362751085864638,0.19362751085864638
334,has_blue,0.138893412159708,0.138893412159708
334,has_cyan,0.15063606858655681,0.15063606858655681
334,has_magenta,-0.050368302561575526,0.050368302561575526
334,has_yellow,-0.21481792813812564,0.21481792813812564
335,has_triangle,0.08580079627704287,0.08580079627704287
335,has_square,-0.2599171727782983,0.2599171727782983
335,has_circle,-0.06909226646116566,0.06909226646116566
335,has_red,-0.011897436382151362,0.011897436382151362
335,has_green,-0.11273361562002025,0.11273361562002025
335,has_blue,0.09495755333488734,0.09495755333488734
335,has_cyan,0.172609817913631,0.172609817913631
335,has_magenta,0.1179614417467411,0.1179614417467411
335,has_yellow,-0.059977303594987756,0.059977303594987756
336,has_triangle,-0.07134047073225021,0.07134047073225021
336,has_square,0.4765979885428494,0.4765979885428494
336,has_circle,-0.1616845179454941,0.1616845179454941
336,has_red,-0.0058626425511608005,0.0058626425511608005
336,has_green,-0.20041823021457503,0.20041823021457503
336,has_blue,-0.1732447125959821,0.1732447125959821
336,has_cyan,0.39087868120146685,0.39087868120146685
336,has_magenta,-0.07750321849673428,0.07750321849673428
336,has_yellow,-0.23108492126758204,0.23108492126758204
337,has_triangle,-0.1333085261839931,0.1333085261839931
337,has_square,-0.1290695606338812,0.1290695606338812
337,has_circle,0.23748833841894784,0.23748833841894784
337,has_red,0.09742135352452441,0.09742135352452441
337,has_green,0.14817410757121405,0.14817410757121405
337,has_blue,-0.058490358617127626,0.058490358617127626
337,has_cyan,0.015547040723205667,0.015547040723205667
337,has_magenta,-0.06357075924747202,0.06357075924747202
337,has_yellow,0.2778032762247713,0.2778032762247713
338,has_triangle,0.025600226276476432,0.025600226276476432
338,has_square,-0.2855612491060033,0.2855612491060033
338,has_circle,0.009086966310833151,0.009086966310833151
338,has_red,0.17316657863769525,0.17316657863769525
338,has_green,-0.08331727894479818,0.08331727894479818
338,has_blue,-0.07593988556811788,0.07593988556811788
338,has_cyan,-0.041249739021924345,0.041249739021924345
338,has_magenta,-0.1433958140690322,0.1433958140690322
338,has_yellow,-0.12138089417887385,0.12138089417887385
339,has_triangle,-0.03655782289299263,0.03655782289299263
339,has_square,-0.24305405749393433,0.24305405749393433
339,has_circle,-0.03844543667702157,0.03844543667702157
339,has_red,0.21961439048371184,0.21961439048371184
339,has_green,-0.008396209538441859,0.008396209538441859
339,has_blue,-0.035237103579366144,0.035237103579366144
339,has_cyan,-0.09131225792947209,0.09131225792947209
339,has_magenta,-0.16751522224955318,0.16751522224955318
339,has_yellow,0.07266155066375383,0.07266155066375383
340,has_triangle,-0.19477793161193813,0.19477793161193813
340,has_square,-0.10919963068125153,0.10919963068125153
340,has_circle,0.07721480151706231,0.07721480151706231
340,has_red,0.5043547591980015,0.5043547591980015
340,has_green,-0.20823494287462127,0.20823494287462127
340,has_blue,-0.20204358158532498,0.20204358158532498
340,has_cyan,-0.07042033815585719,0.07042033815585719
340,has_magenta,-0.08889332091444309,0.08889332091444309
340,has_yellow,-0.02504230119086809,0.02504230119086809
341,has_triangle,0.024758106929821586,0.024758106929821586
341,has_square,-0.11503911581684652,0.11503911581684652
341,has_circle,-0.1544560718389537,0.1544560718389537
341,has_red,0.2624249514373599,0.2624249514373599
341,has_green,-0.06585940840438478,0.06585940840438478
341,has_blue,-0.2147666505604026,0.2147666505604026
341,has_cyan,0.026454797807407067,0.026454797807407067
341,has_magenta,-0.1769812626717145,0.1769812626717145
341,has_yellow,0.01975508101826069,0.01975508101826069
342,has_triangle,-0.17241708589152308,0.17241708589152308
342,has_square,0.09603531449654283,0.09603531449654283
342,has_circle,0.08070926112280714,0.08070926112280714
342,has_red,0.05899470376622382,0.05899470376622382
342,has_green,-0.017197250008713836,0.017197250008713836
342,has_blue,-0.13889242248317715,0.13889242248317715
342,has_cyan,0.11774191866181284,0.11774191866181284
342,has_magenta,0.0025023465318568462,0.0025023465318568462
342,has_yellow,-0.03546869030151599,0.03546869030151599
343,has_triangle,-0.3674968347113698,0.3674968347113698
343,has_square,-0.006423216877769881,0.006423216877769881
343,has_circle,0.2108518987561143,0.2108518987561143
343,has_red,0.26064283345747524,0.26064283345747524
343,has_green,-0.03180503625988296,0.03180503625988296
343,has_blue,-0.1611509129385418,0.1611509129385418
343,has_cyan,0.028248941190525005,0.028248941190525005
343,has_magenta,-0.0024416728426017533,0.0024416728426017533
343,has_yellow,0.005077890810949853,0.005077890810949853
344,has_triangle,-0.1169168202908709,0.1169168202908709
344,has_square,0.11148644114173778,0.11148644114173778
344,has_circle,-0.010361782375132618,0.010361782375132618
344,has_red,-0.02872068412932305,0.02872068412932305
344,has_green,-0.010504582837625362,0.010504582837625362
344,has_blue,-0.22667588401129626,0.22667588401129626
344,has_cyan,0.28243452730235635,0.28243452730235635
344,has_magenta,-0.10900159469521506,0.10900159469521506
344,has_yellow,-0.10057267811394817,0.10057267811394817
345,has_triangle,-0.041935647988634625,0.041935647988634625
345,has_square,0.05004416626464907,0.05004416626464907
345,has_circle,-0.13417828489548198,0.13417828489548198
345,has_red,0.19374966492544365,0.19374966492544365
345,has_green,-0.09823459831982366,0.09823459831982366
345,has_blue,-0.1263890175712395,0.1263890175712395
345,has_cyan,0.15392868803132106,0.15392868803132106
345,has_magenta,-0.2256363681979091,0.2256363681979091
345,has_yellow,-0.006379776024134639,0.006379776024134639
346,has_triangle,0.08444767653739045,0.08444767653739045
346,has_square,-0.1717477563727735,0.1717477563727735
346,has_circle,-0.1445473745533633,0.1445473745533633
346,has_red,0.2310597136252517,0.2310597136252517
346,has_green,-0.06012307643896415,0.06012307643896415
346,has_blue,-0.18645610538252982,0.18645610538252982
346,has_cyan,-0.01697469034554329,0.01697469034554329
346,has_magenta,-0.27635602982355484,0.27635602982355484
346,has_yellow,0.12002273551509211,0.12002273551509211
347,has_triangle,-0.33371836609590144,0.33371836609590144
347,has_square,-0.23256290805431418,0.23256290805431418
347,has_circle,0.3393972445015897,0.3393972445015897
347,has_red,0.43410988829380875,0.43410988829380875
347,has_green,0.10189397312763004,0.10189397312763004
347,has_blue,-0.21568418974230885,0.21568418974230885
347,has_cyan,-0.32084375626057154,0.32084375626057154
347,has_magenta,-0.2025342394912102,0.2025342394912102
347,has_yellow,0.21028884822569083,0.21028884822569083
348,has_triangle,-0.17588769209462246,0.17588769209462246
348,has_square,0.17722652942142575,0.17722652942142575
348,has_circle,0.07193080914759245,0.07193080914759245
348,has_red,-0.17101806376377626,0.17101806376377626
348,has_green,-0.1613177033460733,0.1613177033460733
348,has_blue,0.3590629687733848,0.3590629687733848
348,has_cyan,0.24514712411016207,0.24514712411016207
348,has_magenta,0.04741896779897546,0.04741896779897546
348,has_yellow,-0.35429464715427506,0.35429464715427506
349,has_triangle,0.11699155229482737,0.11699155229482737
349,has_square,-0.014372576478105812,0.014372576478105812
349,has_circle,-0.22567670616663907,0.22567670616663907
349,has_red,-0.010961296622269408,0.010961296622269408
349,has_green,-0.2537183754942085,0.2537183754942085
349,has_blue,0.02933969873754122,0.02933969873754122
349,has_cyan,0.32502317524681545,0.32502317524681545
349,has_magenta,-0.003486667897462188,0.003486667897462188
349,has_yellow,-0.2597456875391877,0.2597456875391877
350,has_triangle,0.3247604303521847,0.3247604303521847
350,has_square,-0.09060520916400777,0.09060520916400777
350,has_circle,-0.38734930733824985,0.38734930733824985
350,has_red,0.00369194310259812,0.00369194310259812
350,has_green,-0.19560127950100237,0.19560127950100237
350,has_blue,-0.11630447097632157,0.11630447097632157
350,has_cyan,0.07156860373449292,0.07156860373449292
350,has_magenta,0.06727064340838974,0.06727064340838974
350,has_yellow,-0.21797761943836616,0.21797761943836616
351,has_triangle,0.20541535947591633,0.20541535947591633
351,has_square,-0.020145869278526046,0.020145869278526046
351,has_circle,-0.1869587910213039,0.1869587910213039
351,has_red,0.05364875295378678,0.05364875295378678
351,has_green,-0.12307941059441646,0.12307941059441646
351,has_blue,-0.09021036599391576,0.09021036599391576
351,has_cyan,0.0819862735337519,0.0819862735337519
351,has_magenta,-0.070627650939506,0.070627650939506
351,has_yellow,-0.17011353981082444,0.17011353981082444
352,has_triangle,-0.06315996751297366,0.06315996751297366
352,has_square,0.06938050154222426,0.06938050154222426
352,has_circle,-0.145136925023963,0.145136925023963
352,has_red,0.06584502722343828,0.06584502722343828
352,has_green,-0.2365755632591372,0.2365755632591372
352,has_blue,-0.248142395883735,0.248142395883735
352,has_cyan,0.38380075884212633,0.38380075884212633
352,has_magenta,0.03234257164410321,0.03234257164410321
352,has_yellow,-0.12693607221818598,0.12693607221818598
353,has_triangle,0.05846197884683913,0.05846197884683913
353,has_square,-0.1769685161036579,0.1769685161036579
353,has_circle,0.1375365711979835,0.1375365711979835
353,has_red,-0.02824667887755478,0.02824667887755478
353,has_green,-0.20630200101035345,0.20630200101035345
353,has_blue,0.29069562527588333,0.29069562527588333
353,has_cyan,0.13323843968403212,0.13323843968403212
353,has_magenta,0.4118881684927774,0.4118881684927774
353,has_yellow,-0.12860393458089342,0.12860393458089342
354,has_triangle,0.258601054010142,0.258601054010142
354,has_square,-0.14079479202677167,0.14079479202677167
354,has_circle,-0.30169169220584624,0.30169169220584624
354,has_red,0.07293165842488433,0.07293165842488433
354,has_green,-0.19351426727219315,0.19351426727219315
354,has_blue,0.06288017416175426,0.06288017416175426
354,has_cyan,-0.11271031223298869,0.11271031223298869
354,has_magenta,-0.04850515468648917,0.04850515468648917
354,has_yellow,-0.09221730116542866,0.09221730116542866
355,has_triangle,0.20179382828097295,0.20179382828097295
355,has_square,-0.12648739111376628,0.12648739111376628
355,has_circle,-0.22941651007879135,0.22941651007879135
355,has_red,0.2371659694549946,0.2371659694549946
355,has_green,-0.18975905929404127,0.18975905929404127
355,has_blue,-0.12460460334655088,0.12460460334655088
355,has_cyan,-0.047757247581874974,0.047757247581874974
355,has_magenta,-0.12095743934256988,0.12095743934256988
355,has_yellow,0.07166443030706919,0.07166443030706919
356,has_triangle,0.14716539754719876,0.14716539754719876
356,has_square,0.037969437747206916,0.037969437747206916
356,has_circle,-0.15349897339833685,0.15349897339833685
356,has_red,0.25116150156334655,0.25116150156334655
356,has_green,-0.061784927411702294,0.061784927411702294
356,has_blue,-0.10685132796819875,0.10685132796819875
356,has_cyan,-0.07579773110111111,0.07579773110111111
356,has_magenta,-0.15769611284956442,0.15769611284956442
356,has_yellow,-0.09054330909002972,0.09054330909002972
357,has_triangle,-0.2831785487342513,0.2831785487342513
357,has_square,-0.003769980704460751,0.003769980704460751
357,has_circle,0.22283066095436296,0.22283066095436296
357,has_red,0.15479620233172695,0.15479620233172695
357,has_green,0.1212637053152962,0.1212637053152962
357,has_blue,0.031865588392921425,0.031865588392921425
357,has_cyan,0.09455191953320571,0.09455191953320571
357,has_magenta,-0.11209628623874457,0.11209628623874457
357,has_yellow,0.31623948863338625,0.31623948863338625
358,has_triangle,-0.12394262107540234,0.12394262107540234
358,has_square,0.2584882654659516,0.2584882654659516
358,has_circle,0.00996254631606862,0.00996254631606862
358,has_red,0.052876101619730505,0.052876101619730505
358,has_green,-0.18904765768949122,0.18904765768949122
358,has_blue,0.0995171980412118,0.0995171980412118
358,has_cyan,0.2548821743891281,0.2548821743891281
358,has_magenta,-0.14256886775472027,0.14256886775472027
358,has_yellow,-0.2128384386525228,0.2128384386525228
359,has_triangle,-0.09632845975612801,0.09632845975612801
359,has_square,0.06974392971167,0.06974392971167
359,has_circle,0.10947018596861831,0.10947018596861831
359,has_red,-0.1641644355623265,0.1641644355623265
359,has_green,-0.2754914240462845,0.2754914240462845
359,has_blue,0.40313202876677623,0.40313202876677623
359,has_cyan,0.374971551677028,0.374971551677028
359,has_magenta,0.23811828529655799,0.23811828529655799
359,has_yellow,-0.18390340734616978,0.18390340734616978
360,has_triangle,0.052597595119382834,0.052597595119382834
360,has_square,0.19336329298593943,0.19336329298593943
360,has_circle,-0.10717413098206853,0.10717413098206853
360,has_red,0.14313451727495322,0.14313451727495322
360,has_green,-0.154745940901874,0.154745940901874
360,has_blue,-0.23248063381200892,0.23248063381200892
360,has_cyan,-0.03558911295514404,0.03558911295514404
360,has_magenta,-0.15074628710295462,0.15074628710295462
360,has_yellow,-0.11564096696027427,0.11564096696027427
361,has_triangle,-0.2605923233193881,0.2605923233193881
361,has_square,-0.19912491964907458,0.19912491964907458
361,has_circle,0.31835754150038087,0.31835754150038087
361,has_red,0.0760459481678077,0.0760459481678077
361,has_green,-0.016229031205723127,0.016229031205723127
361,has_blue,0.11997633171856112,0.11997633171856112
361,has_cyan,0.09661497238046562,0.09661497238046562
361,has_magenta,-0.009519958208665672,0.009519958208665672
361,has_yellow,0.10859046194311606,0.10859046194311606
362,has_triangle,-0.14872070350687955,0.14872070350687955
362,has_square,-0.07290712772308838,0.07290712772308838
362,has_circle,0.055210802146359816,0.055210802146359816
362,has_red,0.16713883746954136,0.16713883746954136
362,has_green,0.0632986761625202,0.0632986761625202
362,has_blue,-0.08425601809898312,0.08425601809898312
362,has_cyan,0.08003151855658798,0.08003151855658798
362,has_magenta,-0.18191484393622306,0.18191484393622306
362,has_yellow,-0.10287912055946037,0.10287912055946037
363,has_triangle,0.09056875570060251,0.09056875570060251
363,has_square,0.05553460854670143,0.05553460854670143
363,has_circle,-0.214774381082772,0.214774381082772
363,has_red,0.06870825028436411,0.06870825028436411
363,has_green,0.002321204967279403,0.002321204967279403
363,has_blue,-0.16398439710723223,0.16398439710723223
363,has_cyan,0.054355428126310765,0.054355428126310765
363,has_magenta,-0.3041090982321642,0.3041090982321642
363,has_yellow,-0.1385972681675146,0.1385972681675146
364,has_triangle,-0.08290305456888093,0.08290305456888093
364,has_square,-0.3487662678399058,0.3487662678399058
364,has_circle,0.11048411460047287,0.11048411460047287
364,has_red,0.3194883002631154,0.3194883002631154
364,has_green,-0.14821132774175338,0.14821132774175338
364,has_blue,-0.05066911827736856,0.05066911827736856
364,has_cyan,-0.1299312876362693,0.1299312876362693
364,has_magenta,0.12581165048102494,0.12581165048102494
364,has_yellow,0.014996741091085447,0.014996741091085447
365,has_triangle,0.00670976543397537,0.00670976543397537
365,has_square,-0.08151447918439333,0.08151447918439333
365,has_circle,-0.054030631757402366,0.054030631757402366
365,has_red,0.3482577288987933,0.3482577288987933
365,has_green,-0.10059810042549204,0.10059810042549204
365,has_blue,-0.2583862268405344,0.2583862268405344
365,has_cyan,-0.11391510460286963,0.11391510460286963
365,has_magenta,-0.16822487171229794,0.16822487171229794
365,has_yellow,0.17092991268712882,0.17092991268712882
366,has_triangle,-0.21202748734787893,0.21202748734787893
366,has_square,0.04132440949641393,0.04132440949641393
366,has_circle,0.0771751045809507,0.0771751045809507
366,has_red,-0.00982143324276036,0.00982143324276036
366,has_green,-0.2800502334533072,0.2800502334533072
366,has_blue,0.2060506561022775,0.2060506561022775
366,has_cyan,0.34419214067665227,0.34419214067665227
366,has_magenta,0.030465559520343334,0.030465559520343334
366,has_yellow,-0.3161594250672738,0.3161594250672738
367,has_triangle,-0.12097981734990539,0.12097981734990539
367,has_square,-0.19420074482870583,0.19420074482870583
367,has_circle,0.1155761329739725,0.1155761329739725
367,has_red,0.0156974935544171,0.0156974935544171
367,has_green,-0.1829842969879268,0.1829842969879268
367,has_blue,0.09132428124229279,0.09132428124229279
367,has_cyan,0.10100441963324497,0.10100441963324497
367,has_magenta,0.05558322972412584,0.05558322972412584
367,has_yellow,-0.27081457318622976,0.27081457318622976
368,has_triangle,0.15147957534339823,0.15147957534339823
368,has_square,0.13826875802661562,0.13826875802661562
368,has_circle,-0.26160372110524127,0.26160372110524127
368,has_red,-0.007573801870051005,0.007573801870051005
368,has_green,-0.2467255918427759,0.2467255918427759
368,has_blue,-0.03161636311283788,0.03161636311283788
368,has_cyan,0.2672980754965122,0.2672980754965122
368,has_magenta,-0.20504741061148812,0.20504741061148812
368,has_yellow,-0.2850187189418856,0.2850187189418856
369,has_triangle,-0.08676425719581177,0.08676425719581177
369,has_square,-0.0934654658498362,0.0934654658498362
369,has_circle,0.06880845765842004,0.06880845765842004
369,has_red,0.12375198785359359,0.12375198785359359
369,has_green,-0.2833196564543974,0.2833196564543974
369,has_blue,0.09200475170912226,0.09200475170912226
369,has_cyan,0.21690833059821035,0.21690833059821035
369,has_magenta,-0.0048402127422464995,0.0048402127422464995
369,has_yellow,-0.0479137281540362,0.0479137281540362
370,has_triangle,0.11566973088178911,0.11566973088178911
370,has_square,0.03198658541159911,0.03198658541159911
370,has_circle,-0.2695173136588596,0.2695173136588596
370,has_red,0.02712964119473363,0.02712964119473363
370,has_green,-0.08893747585976496,0.08893747585976496
370,has_blue,0.060398287902869816,0.060398287902869816
370,has_cyan,0.01514828931597195,0.01514828931597195
370,has_magenta,-0.2574567376404538,0.2574567376404538
370,has_yellow,-0.02097216913122787,0.02097216913122787
371,has_triangle,-0.11159711126921279,0.11159711126921279
371,has_square,-0.045251599556965935,0.045251599556965935
371,has_circle,-0.030608255788440314,0.030608255788440314
371,has_red,0.039251746818045115,0.039251746818045115
371,has_green,-0.16050661946595224,0.16050661946595224
371,has_blue,0.07302383646124427,0.07302383646124427
371,has_cyan,0.36548341220649794,0.36548341220649794
371,has_magenta,-0.05140551389274362,0.05140551389274362
371,has_yellow,-0.1327538395916094,0.1327538395916094
372,has_triangle,0.03076039676084926,0.03076039676084926
372,has_square,0.1895950583670049,0.1895950583670049
372,has_circle,-0.1418490020828388,0.1418490020828388
372,has_red,0.047080170232414974,0.047080170232414974
372,has_green,-0.12020264625372597,0.12020264625372597
372,has_blue,0.20706576561678872,0.20706576561678872
372,has_cyan,0.018376953929866487,0.018376953929866487
372,has_magenta,-0.3022965883392341,0.3022965883392341
372,has_yellow,-0.15260449907555018,0.15260449907555018
373,has_triangle,-0.06397471864214153,0.06397471864214153
373,has_square,-0.05095396991425415,0.05095396991425415
373,has_circle,0.14488934922042587,0.14488934922042587
373,has_red,0.3301567473651117,0.3301567473651117
373,has_green,0.11675071902565169,0.11675071902565169
373,has_blue,-0.0922308923678266,0.0922308923678266
373,has_cyan,-0.37962450854827623,0.37962450854827623
373,has_magenta,-0.1521437657185736,0.1521437657185736
373,has_yellow,0.21352255115939398,0.21352255115939398
374,has_triangle,0.1287753188144024,0.1287753188144024
374,has_square,0.05602100279115611,0.05602100279115611
374,has_circle,-0.24941078642934206,0.24941078642934206
374,has_red,0.11977082643457877,0.11977082643457877
374,has_green,-0.22321924004152835,0.22321924004152835
374,has_blue,-0.12242103578432334,0.12242103578432334
374,has_cyan,0.17198818096668989,0.17198818096668989
374,has_magenta,-0.1616818493634345,0.1616818493634345
374,has_yellow,-0.20248476409159982,0.20248476409159982
375,has_triangle,0.04746453862129927,0.04746453862129927
375,has_square,-0.27987603822745755,0.27987603822745755
375,has_circle,-0.020708971175614897,0.020708971175614897
375,has_red,0.11207668174816568,0.11207668174816568
375,has_green,-0.10315327385274958,0.10315327385274958
375,has_blue,-0.0016298246086476696,0.0016298246086476696
375,has_cyan,0.1037524615065908,0.1037524615065908
375,has_magenta,0.011452446324742105,0.011452446324742105
375,has_yellow,0.018087409130947328,0.018087409130947328
376,has_triangle,-0.2397547331045884,0.2397547331045884
376,has_square,-0.2796918514603455,0.2796918514603455
376,has_circle,0.3574156149105177,0.3574156149105177
376,has_red,0.11824135161054544,0.11824135161054544
376,has_green,-0.051581501689912365,0.051581501689912365
376,has_blue,-0.010883212269086244,0.010883212269086244
376,has_cyan,0.1393647732506436,0.1393647732506436
376,has_magenta,0.062439293662929815,0.062439293662929815
376,has_yellow,0.07260526374666687,0.07260526374666687
377,has_triangle,0.004986648147788368,0.004986648147788368
377,has_square,-0.01772975308026332,0.01772975308026332
377,has_circle,0.026403872263796712,0.026403872263796712
377,has_red,-0.06411819411855506,0.06411819411855506
377,has_green,-0.31883877977748604,0.31883877977748604
377,has_blue,0.12149914430292151,0.12149914430292151
377,has_cyan,0.30335227785377855,0.30335227785377855
377,has_magenta,0.36127946943275097,0.36127946943275097
377,has_yellow,-0.1345070234572367,0.1345070234572367
378,has_triangle,0.07656503267876012,0.07656503267876012
378,has_square,-0.028718191375319946,0.028718191375319946
378,has_circle,-0.12503752805597215,0.12503752805597215
378,has_red,0.05277585337575721,0.05277585337575721
378,has_green,-0.1544106288064972,0.1544106288064972
378,has_blue,0.02402738427229398,0.02402738427229398
378,has_cyan,0.12470062701116663,0.12470062701116663
378,has_magenta,-0.12090579403177489,0.12090579403177489
378,has_yellow,-0.26946179076737153,0.26946179076737153
379,has_triangle,0.05229291852844797,0.05229291852844797
379,has_square,0.18864546156477352,0.18864546156477352
379,has_circle,-0.21872702765003652,0.21872702765003652
379,has_red,-0.04006579033304213,0.04006579033304213
379,has_green,-0.18978948518776642,0.18978948518776642
379,has_blue,0.15285234796588795,0.15285234796588795
379,has_cyan,0.3265818486317358,0.3265818486317358
379,has_magenta,-0.15000421801508532,0.15000421801508532
379,has_yellow,-0.2568979977693686,0.2568979977693686
380,has_triangle,-0.30000155393355415,0.30000155393355415
380,has_square,0.201992131291141,0.201992131291141
380,has_circle,0.20443283143091592,0.20443283143091592
380,has_red,0.09647543614906112,0.09647543614906112
380,has_green,-0.055046066817900655,0.055046066817900655
380,has_blue,-0.06595133413182819,0.06595133413182819
380,has_cyan,0.15088005381190364,0.15088005381190364
380,has_magenta,-0.07294197729835573,0.07294197729835573
380,has_yellow,0.03971892538118201,0.03971892538118201
381,has_triangle,0.09232543821945792,0.09232543821945792
381,has_square,-0.1256382510969729,0.1256382510969729
381,has_circle,-0.16047072808756124,0.16047072808756124
381,has_red,0.2520901684964747,0.2520901684964747
381,has_green,-0.19093334584770827,0.19093334584770827
381,has_blue,-0.07035040576171646,0.07035040576171646
381,has_cyan,-0.025619534725099886,0.025619534725099886
381,has_magenta,-0.0868220372325099,0.0868220372325099
381,has_yellow,-0.04906282143857562,0.04906282143857562
382,has_triangle,-0.053524433748916536,0.053524433748916536
382,has_square,-0.01249321077291727,0.01249321077291727
382,has_circle,-0.16383363218776814,0.16383363218776814
382,has_red,0.11985931269100546,0.11985931269100546
382,has_green,-0.1250308381765353,0.1250308381765353
382,has_blue,-0.0017124728120736536,0.0017124728120736536
382,has_cyan,0.24250261512714666,0.24250261512714666
382,has_magenta,-0.20963965758587264,0.20963965758587264
382,has_yellow,-0.07153644641604304,0.07153644641604304
383,has_triangle,0.12066912755401828,0.12066912755401828
383,has_square,0.24340049350163437,0.24340049350163437
383,has_circle,-0.28293098928720256,0.28293098928720256
383,has_red,-0.059845979635683895,0.059845979635683895
383,has_green,-0.04172224208749033,0.04172224208749033
383,has_blue,0.061660886642553585,0.061660886642553585
383,has_cyan,0.06104879222258953,0.06104879222258953
383,has_magenta,-0.3398341315608338,0.3398341315608338
383,has_yellow,-0.22481643545758864,0.22481643545758864
384,has_triangle,0.016048420826407964,0.016048420826407964
384,has_square,0.3806155231414027,0.3806155231414027
384,has_circle,-0.25639846938601485,0.25639846938601485
384,has_red,-0.310750883432006,0.310750883432006
384,has_green,-0.34315825687433277,0.34315825687433277
384,has_blue,0.15404588255972426,0.15404588255972426
384,has_cyan,0.6367988409925233,0.6367988409925233
384,has_magenta,-0.07144583895990213,0.07144583895990213
384,has_yellow,-0.3612746175334834,0.3612746175334834
385,has_triangle,0.15995163492035702,0.15995163492035702
385,has_square,-0.010508063632637258,0.010508063632637258
385,has_circle,-0.32983429498444644,0.32983429498444644
385,has_red,0.13647943503724563,0.13647943503724563
385,has_green,-0.1209121177287623,0.1209121177287623
385,has_blue,-0.028903706302711614,0.028903706302711614
385,has_cyan,-0.015813560101968868,0.015813560101968868
385,has_magenta,-0.3275411080428767,0.3275411080428767
385,has_yellow,0.19161346809391674,0.19161346809391674
386,has_triangle,-0.12074780858525302,0.12074780858525302
386,has_square,-0.0825943467835987,0.0825943467835987
386,has_circle,0.16902281668025476,0.16902281668025476
386,has_red,0.09403389212305731,0.09403389212305731
386,has_green,0.047375008190182574,0.047375008190182574
386,has_blue,-0.12677143630777601,0.12677143630777601
386,has_cyan,0.02025560572875853,0.02025560572875853
386,has_magenta,-0.02220024859403976,0.02220024859403976
386,has_yellow,0.15615653008853456,0.15615653008853456
387,has_triangle,-0.14435538719480515,0.14435538719480515
387,has_square,0.09202340981440083,0.09202340981440083
387,has_circle,0.01602803591447859,0.01602803591447859
387,has_red,0.5680163109544741,0.5680163109544741
387,has_green,-0.07199570305260497,0.07199570305260497
387,has_blue,-0.2913946023842124,0.2913946023842124
387,has_cyan,-0.1378237825797603,0.1378237825797603
387,has_magenta,-0.20178890237511862,0.20178890237511862
387,has_yellow,0.2041207533479709,0.2041207533479709
388,has_triangle,-0.13057648506380334,0.13057648506380334
388,has_square,0.19759727811192365,0.19759727811192365
388,has_circle,-0.19316520762534858,0.19316520762534858
388,has_red,-0.12294688270453298,0.12294688270453298
388,has_green,-0.09750454352079303,0.09750454352079303
388,has_blue,-0.17501189710490572,0.17501189710490572
388,has_cyan,0.33725823653110876,0.33725823653110876
388,has_magenta,-0.294940196713393,0.294940196713393
388,has_yellow,-0.2280727336875132,0.2280727336875132
389,has_triangle,-0.3325123949557298,0.3325123949557298
389,has_square,-0.15884607058602346,0.15884607058602346
389,has_circle,0.3338418655607325,0.3338418655607325
389,has_red,0.21957741384082613,0.21957741384082613
389,has_green,0.15509880986332422,0.15509880986332422
389,has_blue,-0.16923307897128048,0.16923307897128048
389,has_cyan,-0.1882906088348478,0.1882906088348478
389,has_magenta,-0.22092979069609864,0.22092979069609864
389,has_yellow,0.4270859147738986,0.4270859147738986
390,has_triangle,0.07362677341638217,0.07362677341638217
390,has_square,0.18734090950891713,0.18734090950891713
390,has_circle,-0.13224347505190917,0.13224347505190917
390,has_red,-0.10461958779941781,0.10461958779941781
390,has_green,-0.20391444496518962,0.20391444496518962
390,has_blue,0.35518494552467095,0.35518494552467095
390,has_cyan,0.1819134615667515,0.1819134615667515
390,has_magenta,0.056633252349339816,0.056633252349339816
390,has_yellow,-0.33928980900165895,0.33928980900165895
391,has_triangle,0.021624211042899782,0.021624211042899782
391,has_square,0.0019876067032255766,0.0019876067032255766
391,has_circle,-0.2061379831579263,0.2061379831579263
391,has_red,-0.0009999988149497672,0.0009999988149497672
391,has_green,-0.16405024475360716,0.16405024475360716
391,has_blue,-0.06370832435895689,0.06370832435895689
391,has_cyan,0.2518081361120875,0.2518081361120875
391,has_magenta,-0.1448073036446402,0.1448073036446402
391,has_yellow,-0.18711299920269908,0.18711299920269908
392,has_triangle,0.01674772504070829,0.01674772504070829
392,has_square,-0.08626168859445564,0.08626168859445564
392,has_circle,-0.0034545529569679516,0.0034545529569679516
392,has_red,0.15532264538441187,0.15532264538441187
392,has_green,-0.15052597417062916,0.15052597417062916
392,has_blue,0.0627788843278259,0.0627788843278259
392,has_cyan,-0.07560435792333169,0.07560435792333169
392,has_magenta,-0.11023930216635833,0.11023930216635833
392,has_yellow,0.28058474619779156,0.28058474619779156
393,has_triangle,-0.2772199126325034,0.2772199126325034
393,has_square,0.1784252772451796,0.1784252772451796
393,has_circle,0.15509664339030824,0.15509664339030824
393,has_red,0.09223549117604472,0.09223549117604472
393,has_green,-0.06595239041499745,0.06595239041499745
393,has_blue,-0.04241740602582079,0.04241740602582079
393,has_cyan,0.18087790494602557,0.18087790494602557
393,has_magenta,-0.002543356141330504,0.002543356141330504
393,has_yellow,-0.18990953496783503,0.18990953496783503
394,has_triangle,0.2086090786111141,0.2086090786111141
394,has_square,0.10640139276142263,0.10640139276142263
394,has_circle,-0.24319630670389492,0.24319630670389492
394,has_red,0.13066963566481068,0.13066963566481068
394,has_green,-0.25380860511262804,0.25380860511262804
394,has_blue,-0.003638524241883507,0.003638524241883507
394,has_cyan,0.057819239944479725,0.057819239944479725
394,has_magenta,-0.04339406911443336,0.04339406911443336
394,has_yellow,-0.14014997846493246,0.14014997846493246
395,has_triangle,0.15340070550277835,0.15340070550277835
395,has_square,-0.04031660480140508,0.04031660480140508
395,has_circle,-0.06741878668567762,0.06741878668567762
395,has_red,0.2792976863321223,0.2792976863321223
395,has_green,-0.2816876073003558,0.2816876073003558
395,has_blue,0.06458941275832979,0.06458941275832979
395,has_cyan,-0.13917894687889956,0.13917894687889956
395,has_magenta,-0.10832663419543362,0.10832663419543362
395,has_yellow,-0.06256873805288184,0.06256873805288184
396,has_triangle,-0.04860023076954251,0.04860023076954251
396,has_square,-0.18999438092891913,0.18999438092891913
396,has_circle,0.04524001577223935,0.04524001577223935
396,has_red,0.4305674290807741,0.4305674290807741
396,has_green,-0.06794761954450192,0.06794761954450192
396,has_blue,-0.21172203778333099,0.21172203778333099
396,has_cyan,-0.1808228020159127,0.1808228020159127
396,has_magenta,-0.15371037344489857,0.15371037344489857
396,has_yellow,0.14491278459143792,0.14491278459143792
397,has_triangle,0.05208933313772943,0.05208933313772943
397,has_square,0.4889268503324292,0.4889268503324292
397,has_circle,-0.25107383187123933,0.25107383187123933
397,has_red,-0.33530865669642096,0.33530865669642096
397,has_green,-0.15879071239413473,0.15879071239413473
397,has_blue,0.13682710978139226,0.13682710978139226
397,has_cyan,0.40945803701130346,0.40945803701130346
397,has_magenta,-0.22035472280335325,0.22035472280335325
397,has_yellow,-0.17371638883913804,0.17371638883913804
398,has_triangle,0.08567584588206406,0.08567584588206406
398,has_square,0.1644655023743519,0.1644655023743519
398,has_circle,0.010733960603211573,0.010733960603211573
398,has_red,-0.17684685624039892,0.17684685624039892
398,has_green,-0.030772292304273106,0.030772292304273106
398,has_blue,0.09239965364236545,0.09239965364236545
398,has_cyan,-0.024270604596370846,0.024270604596370846
398,has_magenta,0.024217315649504804,0.024217315649504804
398,has_yellow,-0.3868838299354738,0.3868838299354738
399,has_triangle,-0.0028580961878268652,0.0028580961878268652
399,has_square,0.1736924970449114,0.1736924970449114
399,has_circle,-0.07421537632640764,0.07421537632640764
399,has_red,-0.24987125095336113,0.24987125095336113
399,has_green,-0.09273192615417424,0.09273192615417424
399,has_blue,0.1634444189499337,0.1634444189499337
399,has_cyan,0.31321921820586457,0.31321921820586457
399,has_magenta,0.058375778693053854,0.058375778693053854
399,has_yellow,-0.46860389573500133,0.46860389573500133
400,has_triangle,0.1288653997449775,0.1288653997449775
400,has_square,-0.06161616907477157,0.06161616907477157
400,has_circle,-0.22064214199655016,0.22064214199655016
400,has_red,-0.09204597236328808,0.09204597236328808
400,has_green,-0.1556187384158721,0.1556187384158721
400,has_blue,-0.11409264173688485,0.11409264173688485
400,has_cyan,0.12554315833834923,0.12554315833834923
400,has_magenta,-0.03358017357033849,0.03358017357033849
400,has_yellow,-0.2590266583245842,0.2590266583245842
401,has_triangle,0.07258608161618221,0.07258608161618221
401,has_square,-0.20733320806603228,0.20733320806603228
401,has_circle,-0.12068850653437217,0.12068850653437217
401,has_red,0.02821548654910383,0.02821548654910383
401,has_green,-0.12421722539898448,0.12421722539898448
401,has_blue,0.01581826988694753,0.01581826988694753
401,has_cyan,0.07003021083302993,0.07003021083302993
401,has_magenta,-0.027627893797336614,0.027627893797336614
401,has_yellow,-0.17085018512352973,0.17085018512352973
402,has_triangle,-0.047826240953857874,0.047826240953857874
402,has_square,-0.14064145420935092,0.14064145420935092
402,has_circle,-0.008154809090006654,0.008154809090006654
402,has_red,0.06826763380161793,0.06826763380161793
402,has_green,-0.32100204923386755,0.32100204923386755
402,has_blue,0.18102945669133264,0.18102945669133264
402,has_cyan,0.23595256057055775,0.23595256057055775
402,has_magenta,0.00779748465771941,0.00779748465771941
402,has_yellow,-0.3093696147963471,0.3093696147963471
403,has_triangle,-0.11343074407930737,0.11343074407930737
403,has_square,-0.2167405996386198,0.2167405996386198
403,has_circle,0.1738433807249557,0.1738433807249557
403,has_red,-0.0039047622981593392,0.0039047622981593392
403,has_green,-0.1581217135372571,0.1581217135372571
403,has_blue,0.05592617875355955,0.05592617875355955
403,has_cyan,0.2787671242888296,0.2787671242888296
403,has_magenta,0.09446493838665196,0.09446493838665196
403,has_yellow,0.08779847656220936,0.08779847656220936
404,has_triangle,0.05587947633416653,0.05587947633416653
404,has_square,-0.022085792129579368,0.022085792129579368
404,has_circle,-0.07836464938649605,0.07836464938649605
404,has_red,0.31550387113958783,0.31550387113958783
404,has_green,-0.0977737488192873,0.0977737488192873
404,has_blue,-0.28656799800553673,0.28656799800553673
404,has_cyan,-0.04659014451351581,0.04659014451351581
404,has_magenta,-0.011341163309405091,0.011341163309405091
404,has_yellow,0.19297681464471422,0.19297681464471422
405,has_triangle,-0.05133714679719862,0.05133714679719862
405,has_square,0.14857039627276702,0.14857039627276702
405,has_circle,-0.15289296600376923,0.15289296600376923
405,has_red,0.2209682172416433,0.2209682172416433
405,has_green,-0.19675657937037733,0.19675657937037733
405,has_blue,-0.11923822928884752,0.11923822928884752
405,has_cyan,0.0861064285815392,0.0861064285815392
405,has_magenta,-0.35449096510519185,0.35449096510519185
405,has_yellow,-0.24038824241472875,0.24038824241472875
406,has_triangle,0.004134402577038625,0.004134402577038625
406,has_square,0.15937721222577608,0.15937721222577608
406,has_circle,-0.18254863093829657,0.18254863093829657
406,has_red,-0.11651219701458028,0.11651219701458028
406,has_green,0.0446803680342514,0.0446803680342514
406,has_blue,-0.12206493610219621,0.12206493610219621
406,has_cyan,0.23036293267075494,0.23036293267075494
406,has_magenta,-0.052451240358505805,0.052451240358505805
406,has_yellow,-0.26923876755422016,0.26923876755422016
407,has_triangle,0.2848980173522681,0.2848980173522681
407,has_square,0.2898225128747665,0.2898225128747665
407,has_circle,-0.4395998821351251,0.4395998821351251
407,has_red,-0.09526246596566731,0.09526246596566731
407,has_green,-0.2160516911189454,0.2160516911189454
407,has_blue,-0.12417424253246538,0.12417424253246538
407,has_cyan,0.3818297746590759,0.3818297746590759
407,has_magenta,0.04461068458291938,0.04461068458291938
407,has_yellow,-0.4567171153075687,0.4567171153075687
408,has_triangle,-0.3748431332832609,0.3748431332832609
408,has_square,-0.23992665123145512,0.23992665123145512
408,has_circle,0.4136766168882669,0.4136766168882669
408,has_red,0.311572844909602,0.311572844909602
408,has_green,0.12059494600205688,0.12059494600205688
408,has_blue,-0.17905226474300726,0.17905226474300726
408,has_cyan,-0.24802017283813577,0.24802017283813577
408,has_magenta,-0.2733701507152994,0.2733701507152994
408,has_yellow,0.31006595922809743,0.31006595922809743
409,has_triangle,0.14152813520734095,0.14152813520734095
409,has_square,0.008694179595986494,0.008694179595986494
409,has_circle,-0.2713564755692962,0.2713564755692962
409,has_red,0.16409887205365026,0.16409887205365026
409,has_green,-0.017886480053663605,0.017886480053663605
409,has_blue,-0.14496153562126057,0.14496153562126057
409,has_cyan,-0.0014481916745046558,0.0014481916745046558
409,has_magenta,-0.20850701085120757,0.20850701085120757
409,has_yellow,-0.11069456375890187,0.11069456375890187
410,has_triangle,0.15418086345204648,0.15418086345204648
410,has_square,0.12936172373223828,0.12936172373223828
410,has_circle,-0.2411048562602905,0.2411048562602905
410,has_red,0.12370340053476024,0.12370340053476024
410,has_green,-0.1833037003008177,0.1833037003008177
410,has_blue,0.053754058926239585,0.053754058926239585
410,has_cyan,0.08585880663379186,0.08585880663379186
410,has_magenta,-0.15945133312084844,0.15945133312084844
410,has_yellow,-0.20389572408450993,0.20389572408450993
411,has_triangle,-0.11298397034207326,0.11298397034207326
411,has_square,0.09977008706803007,0.09977008706803007
411,has_circle,0.03670110602497203,0.03670110602497203
411,has_red,-0.4303011945181714,0.4303011945181714
411,has_green,-0.23400669577053362,0.23400669577053362
411,has_blue,0.3402633535636874,0.3402633535636874
411,has_cyan,0.617660588258572,0.617660588258572
411,has_magenta,0.13012716591508924,0.13012716591508924
411,has_yellow,-0.3205525190707903,0.3205525190707903
412,has_triangle,0.02185186132800647,0.02185186132800647
412,has_square,-0.17505017011756877,0.17505017011756877
412,has_circle,0.02137327421104315,0.02137327421104315
412,has_red,0.12859991082904404,0.12859991082904404
412,has_green,-0.03322302155458535,0.03322302155458535
412,has_blue,-0.007488223013353349,0.007488223013353349
412,has_cyan,-0.13960212737930044,0.13960212737930044
412,has_magenta,-0.17580570345055416,0.17580570345055416
412,has_yellow,0.014397027027612289,0.014397027027612289
413,has_triangle,-0.1597180928736906,0.1597180928736906
413,has_square,-0.02065966752111429,0.02065966752111429
413,has_circle,0.15439165037592256,0.15439165037592256
413,has_red,0.07271695884551328,0.07271695884551328
413,has_green,-0.07235301231384683,0.07235301231384683
413,has_blue,0.07398373518196019,0.07398373518196019
413,has_cyan,-0.09124778003914441,0.09124778003914441
413,has_magenta,-0.18402916596182378,0.18402916596182378
413,has_yellow,-0.05711602272854482,0.05711602272854482
414,has_triangle,-0.049505492073798875,0.049505492073798875
414,has_square,0.11616652825881581,0.11616652825881581
414,has_circle,-0.17826645078739117,0.17826645078739117
414,has_red,-0.04462480504387245,0.04462480504387245
414,has_green,-0.09664896610539035,0.09664896610539035
414,has_blue,-0.08829365674955311,0.08829365674955311
414,has_cyan,0.19556878303387912,0.19556878303387912
414,has_magenta,-0.3683159710133774,0.3683159710133774
414,has_yellow,-0.04510831468750451,0.04510831468750451
415,has_triangle,-0.2241297778382265,0.2241297778382265
415,has_square,-0.3251543621809775,0.3251543621809775
415,has_circle,0.35269692251150425,0.35269692251150425
415,has_red,0.16384192868573472,0.16384192868573472
415,has_green,0.05240703064226029,0.05240703064226029
415,has_blue,0.18068095165515818,0.18068095165515818
415,has_cyan,-0.047095100617304625,0.047095100617304625
415,has_magenta,-0.0855850243403935,0.0855850243403935
415,has_yellow,0.1965508340531826,0.1965508340531826
416,has_triangle,0.12478555346632297,0.12478555346632297
416,has_square,0.012510094675126026,0.012510094675126026
416,has_circle,-0.21101517071187836,0.21101517071187836
416,has_red,0.2822224337917178,0.2822224337917178
416,has_green,-0.18122953865089106,0.18122953865089106
416,has_blue,-0.17567220391582972,0.17567220391582972
416,has_cyan,-0.16116243746118095,0.16116243746118095
416,has_magenta,-0.06959170693281891,0.06959170693281891
416,has_yellow,-0.1502860847000491,0.1502860847000491
417,has_triangle,0.17945229122518241,0.17945229122518241
417,has_square,-0.020232770699539205,0.020232770699539205
417,has_circle,-0.28292392160261665,0.28292392160261665
417,has_red,0.1351083972803197,0.1351083972803197
417,has_green,-0.13118518039879137,0.13118518039879137
417,has_blue,-0.1763498844157433,0.1763498844157433
417,has_cyan,0.10336035591066757,0.10336035591066757
417,has_magenta,-0.10187693298374996,0.10187693298374996
417,has_yellow,-0.10331938882549153,0.10331938882549153
418,has_triangle,0.13704184250657778,0.13704184250657778
418,has_square,-0.10573109194081011,0.10573109194081011
418,has_circle,-0.15252559898327667,0.15252559898327667
418,has_red,0.18260497842710097,0.18260497842710097
418,has_green,-0.14957313906408054,0.14957313906408054
418,has_blue,-0.09457515263274736,0.09457515263274736
418,has_cyan,0.031363898478521085,0.031363898478521085
418,has_magenta,-0.07125955182918535,0.07125955182918535
418,has_yellow,0.060795488132941514,0.060795488132941514
419,has_triangle,0.15963615727199304,0.15963615727199304
419,has_square,-0.10031103632821763,0.10031103632821763
419,has_circle,-0.229623176473396,0.229623176473396
419,has_red,0.0701248056429186,0.0701248056429186
419,has_green,-0.29341842781998706,0.29341842781998706
419,has_blue,0.15509251095207183,0.15509251095207183
419,has_cyan,0.16701027992967782,0.16701027992967782
419,has_magenta,0.07036651047295038,0.07036651047295038
419,has_yellow,-0.10687396514867874,0.10687396514867874
420,has_triangle,-0.17275384699930568,0.17275384699930568
420,has_square,-0.12705256328703407,0.12705256328703407
420,has_circle,0.1643000481141233,0.1643000481141233
420,has_red,0.14923034223023435,0.14923034223023435
420,has_green,-0.21849993286672378,0.21849993286672378
420,has_blue,-0.11947754662053282,0.11947754662053282
420,has_cyan,-0.033793936431337886,0.033793936431337886
420,has_magenta,-0.09499995925954682,0.09499995925954682
420,has_yellow,0.10823188422871927,0.10823188422871927
421,has_triangle,-0.014028174124795087,0.014028174124795087
421,has_square,0.42040197241490174,0.42040197241490174
421,has_circle,-0.13365281729382572,0.13365281729382572
421,has_red,-0.08557657087155125,0.08557657087155125
421,has_green,-0.06804682351864566,0.06804682351864566
421,has_blue,0.1664072937132175,0.1664072937132175
421,has_cyan,0.14642813801353197,0.14642813801353197
421,has_magenta,-0.2076127412755491,0.2076127412755491
421,has_yellow,-0.3211606136701528,0.3211606136701528
422,has_triangle,0.1763631657627689,0.1763631657627689
422,has_square,7.887472928136935e-05,7.887472928136935e-05
422,has_circle,-0.2180213437112083,0.2180213437112083
422,has_red,0.05876001430640031,0.05876001430640031
422,has_green,-0.28219463095230934,0.28219463095230934
422,has_blue,0.03959528071935696,0.03959528071935696
422,has_cyan,0.2240463643294478,0.2240463643294478
422,has_magenta,0.15816519325973508,0.15816519325973508
422,has_yellow,-0.25674910566567444,0.25674910566567444
423,has_triangle,0.035775188285488514,0.035775188285488514
423,has_square,-0.23488640788332762,0.23488640788332762
423,has_circle,-0.013218238529076545,0.013218238529076545
423,has_red,0.2701467540979831,0.2701467540979831
423,has_green,-0.19779419642551624,0.19779419642551624
423,has_blue,-0.006020175271832518,0.006020175271832518
423,has_cyan,-0.06799797622843366,0.06799797622843366
423,has_magenta,-0.17417334454961736,0.17417334454961736
423,has_yellow,0.005383560066119566,0.005383560066119566
424,has_triangle,-0.07543905349549021,0.07543905349549021
424,has_square,0.39505689550481754,0.39505689550481754
424,has_circle,-0.12189803429828225,0.12189803429828225
424,has_red,-0.43045004188754576,0.43045004188754576
424,has_green,-0.18162319807229857,0.18162319807229857
424,has_blue,0.15919761935286642,0.15919761935286642
424,has_cyan,0.49826278647728306,0.49826278647728306
424,has_magenta,-0.13291909168595942,0.13291909168595942
424,has_yellow,-0.3389636900765262,0.3389636900765262
425,has_triangle,0.10749912392121254,0.10749912392121254
425,has_square,-0.014631611186239095,0.014631611186239095
425,has_circle,-0.12230694159343246,0.12230694159343246
425,has_red,0.06341672730432434,0.06341672730432434
425,has_green,-0.2043400949934866,0.2043400949934866
425,has_blue,0.03767462488846461,0.03767462488846461
425,has_cyan,0.22617840469825837,0.22617840469825837
425,has_magenta,0.02164856387280165,0.02164856387280165
425,has_yellow,-0.15033420076056966,0.15033420076056966
426,has_triangle,-0.17874640116194196,0.17874640116194196
426,has_square,-0.4753607506870333,0.4753607506870333
426,has_circle,0.28412662569854524,0.28412662569854524
426,has_red,0.4071326828439051,0.4071326828439051
426,has_green,0.12159787410665358,0.12159787410665358
426,has_blue,-0.20251731087847819,0.20251731087847819
426,has_cyan,-0.2149523521772212,0.2149523521772212
426,has_magenta,-0.27238236760531026,0.27238236760531026
426,has_yellow,0.35160718064929014,0.35160718064929014
427,has_triangle,-0.0827469690526539,0.0827469690526539
427,has_square,0.04233401046638181,0.04233401046638181
427,has_circle,-0.09873649015461096,0.09873649015461096
427,has_red,0.14156681758310835,0.14156681758310835
427,has_green,-0.10393252741785117,0.10393252741785117
427,has_blue,-0.15848687546542362,0.15848687546542362
427,has_cyan,-0.019142504010032414,0.019142504010032414
427,has_magenta,-0.18423631842091193,0.18423631842091193
427,has_yellow,-0.004667900086072361,0.004667900086072361
428,has_triangle,0.11589527654253134,0.11589527654253134
428,has_square,-0.08383964774939245,0.08383964774939245
428,has_circle,-0.1776750328535807,0.1776750328535807
428,has_red,0.09529848502414395,0.09529848502414395
428,has_green,-0.218788112343736,0.218788112343736
428,has_blue,0.00953788611240537,0.00953788611240537
428,has_cyan,0.12073069630250326,0.12073069630250326
428,has_magenta,-0.07094058956657173,0.07094058956657173
428,has_yellow,-0.14401952087478948,0.14401952087478948
429,has_triangle,0.08276275322806473,0.08276275322806473
429,has_square,-0.2232832112771067,0.2232832112771067
429,has_circle,-0.02894929517137084,0.02894929517137084
429,has_red,0.15805031556324914,0.15805031556324914
429,has_green,-0.10324603810952497,0.10324603810952497
429,has_blue,0.017541963732969467,0.017541963732969467
429,has_cyan,-0.11493260633492054,0.11493260633492054
429,has_magenta,-0.033222435704531504,0.033222435704531504
429,has_yellow,-0.14239970738296373,0.14239970738296373
430,has_triangle,0.25001505862981666,0.25001505862981666
430,has_square,-0.045105313464362945,0.045105313464362945
430,has_circle,-0.2545500763488487,0.2545500763488487
430,has_red,0.053090701084523795,0.053090701084523795
430,has_green,-0.23905574660834755,0.23905574660834755
430,has_blue,0.006904224632447216,0.006904224632447216
430,has_cyan,0.09696870401482177,0.09696870401482177
430,has_magenta,-0.13852338328516495,0.13852338328516495
430,has_yellow,-0.09612311384382768,0.09612311384382768
431,has_triangle,0.14998514336717622,0.14998514336717622
431,has_square,0.07820011605725596,0.07820011605725596
431,has_circle,-0.3233287803383217,0.3233287803383217
431,has_red,0.14274246180214112,0.14274246180214112
431,has_green,-0.34784808992086735,0.34784808992086735
431,has_blue,-0.10534690741895382,0.10534690741895382
431,has_cyan,0.2734949485479985,0.2734949485479985
431,has_magenta,0.045949112761836976,0.045949112761836976
431,has_yellow,-0.3497194530902825,0.3497194530902825
432,has_triangle,-0.2901722603909342,0.2901722603909342
432,has_square,-0.09501906564122811,0.09501906564122811
432,has_circle,0.31970402234508954,0.31970402234508954
432,has_red,0.15745282856159779,0.15745282856159779
432,has_green,0.22868627617948437,0.22868627617948437
432,has_blue,-0.06421815816476428,0.06421815816476428
432,has_cyan,-0.14930801583208142,0.14930801583208142
432,has_magenta,-0.23538183614659994,0.23538183614659994
432,has_yellow,0.326841199565418,0.326841199565418
433,has_triangle,0.11185683885254645,0.11185683885254645
433,has_square,-0.03427974635246381,0.03427974635246381
433,has_circle,-0.15351735300118274,0.15351735300118274
433,has_red,0.028827892803307782,0.028827892803307782
433,has_green,-0.16897489202484053,0.16897489202484053
433,has_blue,0.11141852071854881,0.11141852071854881
433,has_cyan,0.13609094685224893,0.13609094685224893
433,has_magenta,-0.08554526478268823,0.08554526478268823
433,has_yellow,-0.26033872322847795,0.26033872322847795
434,has_triangle,-0.21025768782118723,0.21025768782118723
434,has_square,-0.09753387284843179,0.09753387284843179
434,has_circle,0.21777584374527745,0.21777584374527745
434,has_red,-0.04541442208327798,0.04541442208327798
434,has_green,-0.033184077149187065,0.033184077149187065
434,has_blue,0.0409804083200583,0.0409804083200583
434,has_cyan,0.18990107695242342,0.18990107695242342
434,has_magenta,0.01959008898978007,0.01959008898978007
434,has_yellow,-0.1824895778431783,0.1824895778431783
435,has_triangle,0.16022988214365066,0.16022988214365066
435,has_square,0.18135140088270688,0.18135140088270688
435,has_circle,-0.30261047965155197,0.30261047965155197
435,has_red,-0.0081336202494317,0.0081336202494317
435,has_green,-0.25676755215857666,0.25676755215857666
435,has_blue,0.027400257678338962,0.027400257678338962
435,has_cyan,0.13920483855520713,0.13920483855520713
435,has_magenta,-0.14505132823820505,0.14505132823820505
435,has_yellow,-0.39504440786318445,0.39504440786318445
436,has_triangle,-0.18697609238444435,0.18697609238444435
436,has_square,0.23277502463051924,0.23277502463051924
436,has_circle,0.07947268961173361,0.07947268961173361
436,has_red,0.237666013932239,0.237666013932239
436,has_green,-0.03703513394986018,0.03703513394986018
436,has_blue,-0.03382220747123261,0.03382220747123261
436,has_cyan,0.05611686779305584,0.05611686779305584
436,has_magenta,-0.23488904252427986,0.23488904252427986
436,has_yellow,-0.033049792208177386,0.033049792208177386
437,has_triangle,0.01217731547013489,0.01217731547013489
437,has_square,0.0039824683274415455,0.0039824683274415455
437,has_circle,0.008085595966242594,0.008085595966242594
437,has_red,-0.2234464858685557,0.2234464858685557
437,has_green,-0.390717631913875,0.390717631913875
437,has_blue,0.3494043282568668,0.3494043282568668
437,has_cyan,0.3920216288260114,0.3920216288260114
437,has_magenta,0.5129159556573348,0.5129159556573348
437,has_yellow,-0.3731304847733406,0.3731304847733406
438,has_triangle,-0.1248417627161766,0.1248417627161766
438,has_square,-0.22748363113726341,0.22748363113726341
438,has_circle,0.113035139634891,0.113035139634891
438,has_red,-0.22723231403549818,0.22723231403549818
438,has_green,-0.1946272175794267,0.1946272175794267
438,has_blue,0.2971705781520469,0.2971705781520469
438,has_cyan,0.4234340485537287,0.4234340485537287
438,has_magenta,0.3768723564917196,0.3768723564917196
438,has_yellow,-0.24262554576908918,0.24262554576908918
439,has_triangle,-0.09013226341975977,0.09013226341975977
439,has_square,0.15950623460966631,0.15950623460966631
439,has_circle,0.044371867019426824,0.044371867019426824
439,has_red,-0.12272201697218005,0.12272201697218005
439,has_green,0.07862090928401007,0.07862090928401007
439,has_blue,0.1441334673485976,0.1441334673485976
439,has_cyan,0.18041741546994708,0.18041741546994708
439,has_magenta,-0.10632847434143064,0.10632847434143064
439,has_yellow,-0.10747049522542505,0.10747049522542505
440,has_triangle,0.1691078436946818,0.1691078436946818
440,has_square,-0.06006464717870217,0.06006464717870217
440,has_circle,-0.19068927405878294,0.19068927405878294
440,has_red,0.1325125112118658,0.1325125112118658
440,has_green,0.021047073363559054,0.021047073363559054
440,has_blue,-0.19000647710705804,0.19000647710705804
440,has_cyan,-0.061665646982205564,0.061665646982205564
440,has_magenta,-0.1813113652613771,0.1813113652613771
440,has_yellow,0.0012704360729361428,0.0012704360729361428
441,has_triangle,0.2614423846270275,0.2614423846270275
441,has_square,-0.08356127122739125,0.08356127122739125
441,has_circle,-0.24768606618310682,0.24768606618310682
441,has_red,0.040366297506871276,0.040366297506871276
441,has_green,-0.12221923605311928,0.12221923605311928
441,has_blue,-0.06882534582161336,0.06882534582161336
441,has_cyan,0.02681748989885341,0.02681748989885341
441,has_magenta,-0.012896345868119248,0.012896345868119248
441,has_yellow,-0.26468971715326184,0.26468971715326184
442,has_triangle,0.15882137326706547,0.15882137326706547
442,has_square,-0.14418474410218507,0.14418474410218507
442,has_circle,-0.17519487254845564,0.17519487254845564
442,has_red,0.060228292484413255,0.060228292484413255
442,has_green,-0.17423315316203947,0.17423315316203947
442,has_blue,-0.08565099461126538,0.08565099461126538
442,has_cyan,0.08162356047023783,0.08162356047023783
442,has_magenta,-0.029970857138020772,0.029970857138020772
442,has_yellow,-0.19056401847001722,0.19056401847001722
443,has_triangle,-0.24534181204047417,0.24534181204047417
443,has_square,0.1926773105529777,0.1926773105529777
443,has_circle,0.08941469105067916,0.08941469105067916
443,has_red,-0.1845229459393751,0.1845229459393751
443,has_green,-0.09077675443727956,0.09077675443727956
443,has_blue,0.19324372514179164,0.19324372514179164
443,has_cyan,0.3650821935095342,0.3650821935095342
443,has_magenta,-0.13498269253858353,0.13498269253858353
443,has_yellow,-0.3141058499894344,0.3141058499894344
444,has_triangle,-0.24820979663391465,0.24820979663391465
444,has_square,0.186030076493433,0.186030076493433
444,has_circle,0.1446300149507214,0.1446300149507214
444,has_red,-0.15412190152856603,0.15412190152856603
444,has_green,-0.005272922121317197,0.005272922121317197
444,has_blue,0.2543450791532527,0.2543450791532527
444,has_cyan,0.2388685282746184,0.2388685282746184
444,has_magenta,-0.16277274836044367,0.16277274836044367
444,has_yellow,-0.21144230542160478,0.21144230542160478
445,has_triangle,-0.08034233610890448,0.08034233610890448
445,has_square,-0.21741215286119597,0.21741215286119597
445,has_circle,0.10867052936638183,0.10867052936638183
445,has_red,0.04851385107880228,0.04851385107880228
445,has_green,-0.20940958969935444,0.20940958969935444
445,has_blue,0.19115418020187672,0.19115418020187672
445,has_cyan,0.20215354586408638,0.20215354586408638
445,has_magenta,0.019017343005998954,0.019017343005998954
445,has_yellow,-0.20769538242045393,0.20769538242045393
446,has_triangle,-0.28803262643558786,0.28803262643558786
446,has_square,-0.13163855038982045,0.13163855038982045
446,has_circle,0.2314076776040161,0.2314076776040161
446,has_red,-0.2683443676455128,0.2683443676455128
446,has_green,0.043207845621496474,0.043207845621496474
446,has_blue,-0.14032705419062416,0.14032705419062416
446,has_cyan,0.42355479752748876,0.42355479752748876
446,has_magenta,0.11837243199826387,0.11837243199826387
446,has_yellow,0.009989426146704224,0.009989426146704224
447,has_triangle,-0.2982549440012763,0.2982549440012763
447,has_square,-0.14869973885055385,0.14869973885055385
447,has_circle,0.15110792171642393,0.15110792171642393
447,has_red,0.23384097217705058,0.23384097217705058
447,has_green,-0.12731110456982628,0.12731110456982628
447,has_blue,0.017061181055329784,0.017061181055329784
447,has_cyan,0.14930019089853053,0.14930019089853053
447,has_magenta,-0.17939172145838148,0.17939172145838148
447,has_yellow,0.2503010302284558,0.2503010302284558
448,has_triangle,-0.16946734557584325,0.16946734557584325
448,has_square,0.2833374539939301,0.2833374539939301
448,has_circle,-0.07970420977805671,0.07970420977805671
448,has_red,-0.27573251158339085,0.27573251158339085
448,has_green,-0.09946452395967686,0.09946452395967686
448,has_blue,0.0662523030367677,0.0662523030367677
448,has_cyan,0.5200151534283557,0.5200151534283557
448,has_magenta,-0.2789455387030393,0.2789455387030393
448,has_yellow,-0.1237230232989122,0.1237230232989122
449,has_triangle,-0.23834658458828403,0.23834658458828403
449,has_square,-0.1563315749483152,0.1563315749483152
449,has_circle,0.4023160471785735,0.4023160471785735
449,has_red,-0.03035406687399477,0.03035406687399477
449,has_green,0.036781961621481375,0.036781961621481375
449,has_blue,0.03525182564792662,0.03525182564792662
449,has_cyan,0.02921415526510474,0.02921415526510474
449,has_magenta,0.02139196360171686,0.02139196360171686
449,has_yellow,-0.1339843712411402,0.1339843712411402
450,has_triangle,0.09737552631094576,0.09737552631094576
450,has_square,-0.14461184652045594,0.14461184652045594
450,has_circle,-0.08608384508660902,0.08608384508660902
450,has_red,0.26856321653820353,0.26856321653820353
450,has_green,-0.0025497609180762915,0.0025497609180762915
450,has_blue,-0.22532451946179236,0.22532451946179236
450,has_cyan,-0.08573454253576335,0.08573454253576335
450,has_magenta,-0.052266112595614804,0.052266112595614804
450,has_yellow,0.18836128453386408,0.18836128453386408
451,has_triangle,0.3286788544525685,0.3286788544525685
451,has_square,0.11805499852331715,0.11805499852331715
451,has_circle,-0.25927192981736824,0.25927192981736824
451,has_red,0.23543780039927634,0.23543780039927634
451,has_green,-0.22893525767091777,0.22893525767091777
451,has_blue,-0.008512682184827688,0.008512682184827688
451,has_cyan,-0.10673766706192576,0.10673766706192576
451,has_magenta,-0.03986590219100234,0.03986590219100234
451,has_yellow,-0.030348407750874384,0.030348407750874384
452,has_triangle,0.21554334967239538,0.21554334967239538
452,has_square,-0.20551218829464304,0.20551218829464304
452,has_circle,-0.2503623852972683,0.2503623852972683
452,has_red,0.20688144479194603,0.20688144479194603
452,has_green,-0.10165808508407989,0.10165808508407989
452,has_blue,-0.05331113142885279,0.05331113142885279
452,has_cyan,-0.126772996311197,0.126772996311197
452,has_magenta,-0.16415584106758827,0.16415584106758827
452,has_yellow,0.014799783781619872,0.014799783781619872
453,has_triangle,-0.06323904869790187,0.06323904869790187
453,has_square,0.09459723750982327,0.09459723750982327
453,has_circle,-0.028273857016418623,0.028273857016418623
453,has_red,0.22626735849514262,0.22626735849514262
453,has_green,-0.14226560407802616,0.14226560407802616
453,has_blue,-0.017595398701392536,0.017595398701392536
453,has_cyan,-0.03480868254102273,0.03480868254102273
453,has_magenta,-0.30046867016767526,0.30046867016767526
453,has_yellow,-0.0736570045988014,0.0736570045988014
454,has_triangle,0.006249358998458412,0.006249358998458412
454,has_square,-0.03017560401324206,0.03017560401324206
454,has_circle,0.0017114350753593467,0.0017114350753593467
454,has_red,0.12598127621055763,0.12598127621055763
454,has_green,-0.13404720307198867,0.13404720307198867
454,has_blue,-0.021470410159061194,0.021470410159061194
454,has_cyan,-0.11889277608578612,0.11889277608578612
454,has_magenta,0.02953275681361015,0.02953275681361015
454,has_yellow,-0.3551592030102979,0.3551592030102979
455,has_triangle,0.09820058784559042,0.09820058784559042
455,has_square,-0.19311927938545045,0.19311927938545045
455,has_circle,-0.1631321803223957,0.1631321803223957
455,has_red,0.08351685295202613,0.08351685295202613
455,has_green,-0.23573708497015547,0.23573708497015547
455,has_blue,0.024253123202135123,0.024253123202135123
455,has_cyan,0.10762304847407907,0.10762304847407907
455,has_magenta,-0.037211019183177256,0.037211019183177256
455,has_yellow,-0.22422925478849295,0.22422925478849295
456,has_triangle,0.036685651468484945,0.036685651468484945
456,has_square,0.3667196379214055,0.3667196379214055
456,has_circle,-0.08835772383806903,0.08835772383806903
456,has_red,-0.2840955386596396,0.2840955386596396
456,has_green,-0.2325964404771157,0.2325964404771157
456,has_blue,0.17705044604423067,0.17705044604423067
456,has_cyan,0.407111071281442,0.407111071281442
456,has_magenta,-0.0037549923228703975,0.0037549923228703975
456,has_yellow,-0.4619183744833196,0.4619183744833196
457,has_triangle,-0.3063504468855767,0.3063504468855767
457,has_square,-0.3241195271803483,0.3241195271803483
457,has_circle,0.23174342467349687,0.23174342467349687
457,has_red,0.26747276749688265,0.26747276749688265
457,has_green,0.11998383869176013,0.11998383869176013
457,has_blue,-0.24404979678476466,0.24404979678476466
457,has_cyan,-0.13258659661132374,0.13258659661132374
457,has_magenta,-0.2140573815934775,0.2140573815934775
457,has_yellow,0.2636089874208924,0.2636089874208924
458,has_triangle,0.10388086014821578,0.10388086014821578
458,has_square,0.2472587309746409,0.2472587309746409
458,has_circle,-0.08484696835339663,0.08484696835339663
458,has_red,-0.26013275208811776,0.26013275208811776
458,has_green,-0.17867782727544218,0.17867782727544218
458,has_blue,0.4313543022370743,0.4313543022370743
458,has_cyan,0.184493767202237,0.184493767202237
458,has_magenta,0.2258337715996996,0.2258337715996996
458,has_yellow,-0.2762570486433559,0.2762570486433559
459,has_triangle,0.13531497404828596,0.13531497404828596
459,has_square,0.3722654800150071,0.3722654800150071
459,has_circle,-0.22799824249872075,0.22799824249872075
459,has_red,-0.07866703528289391,0.07866703528289391
459,has_green,-0.21387826643900407,0.21387826643900407
459,has_blue,0.1985782422853591,0.1985782422853591
459,has_cyan,0.18802996348818193,0.18802996348818193
459,has_magenta,-0.18024846814991907,0.18024846814991907
459,has_yellow,-0.3033531194076983,0.3033531194076983
460,has_triangle,-0.13804932256589564,0.13804932256589564
460,has_square,0.27581837308965734,0.27581837308965734
460,has_circle,0.05486238762135969,0.05486238762135969
460,has_red,-0.07899608211167701,0.07899608211167701
460,has_green,0.04827951987047449,0.04827951987047449
460,has_blue,0.033960340780671436,0.033960340780671436
460,has_cyan,0.07298335927980333,0.07298335927980333
460,has_magenta,-0.3210545100096374,0.3210545100096374
460,has_yellow,0.014413661200120076,0.014413661200120076
461,has_triangle,0.11946475598445695,0.11946475598445695
461,has_square,0.05974666279427351,0.05974666279427351
461,has_circle,-0.17484586626790216,0.17484586626790216
461,has_red,-0.0698663385360182,0.0698663385360182
461,has_green,-0.13522265816247464,0.13522265816247464
461,has_blue,0.07196361804235056,0.07196361804235056
461,has_cyan,0.20991934776787466,0.20991934776787466
461,has_magenta,-0.004166266666667803,0.004166266666667803
461,has_yellow,-0.31676365766771936,0.31676365766771936
462,has_triangle,0.16878066895964625,0.16878066895964625
462,has_square,0.14789314749405671,0.14789314749405671
462,has_circle,-0.27534757652823855,0.27534757652823855
462,has_red,-0.044112278196240626,0.044112278196240626
462,has_green,-0.21932176359349445,0.21932176359349445
462,has_blue,-0.012762214798925954,0.012762214798925954
462,has_cyan,0.28631229754322823,0.28631229754322823
462,has_magenta,-0.03087517880553137,0.03087517880553137
462,has_yellow,-0.2845917035175056,0.2845917035175056
463,has_triangle,-0.15621455460076095,0.15621455460076095
463,has_square,0.17767949311598585,0.17767949311598585
463,has_circle,-0.07072083722469133,0.07072083722469133
463,has_red,0.273550992516359,0.273550992516359
463,has_green,-0.19704499302449086,0.19704499302449086
463,has_blue,-0.07974138293011519,0.07974138293011519
463,has_cyan,0.07812499072835924,0.07812499072835924
463,has_magenta,-0.2514537116774995,0.2514537116774995
463,has_yellow,-0.011261360089704997,0.011261360089704997
464,has_triangle,-0.37114940136002844,0.37114940136002844
464,has_square,0.0006799766734143737,0.0006799766734143737
464,has_circle,0.1544307832701939,0.1544307832701939
464,has_red,0.3273035600465898,0.3273035600465898
464,has_green,0.06416602740543587,0.06416602740543587
464,has_blue,-0.1330605472647518,0.1330605472647518
464,has_cyan,0.09904951506979393,0.09904951506979393
464,has_magenta,-0.385474965503311,0.385474965503311
464,has_yellow,0.4845964396738671,0.4845964396738671
465,has_triangle,-0.14967284883994642,0.14967284883994642
465,has_square,-0.20309091433763118,0.20309091433763118
465,has_circle,0.30416727450496317,0.30416727450496317
465,has_red,-0.026026907347287433,0.026026907347287433
465,has_green,0.12396500563785004,0.12396500563785004
465,has_blue,0.050716031920865115,0.050716031920865115
465,has_cyan,-0.019187664069779353,0.019187664069779353
465,has_magenta,0.13987620879918994,0.13987620879918994
465,has_yellow,0.27059072159677106,0.27059072159677106
466,has_triangle,0.04681023788078008,0.04681023788078008
466,has_square,0.03834275653934245,0.03834275653934245
466,has_circle,-0.16406656978710932,0.16406656978710932
466,has_red,0.25240609360092703,0.25240609360092703
466,has_green,0.11556760031291904,0.11556760031291904
466,has_blue,-0.06863753081590601,0.06863753081590601
466,has_cyan,-0.08713087398396749,0.08713087398396749
466,has_magenta,-0.34390285507092105,0.34390285507092105
466,has_yellow,0.13627916534240914,0.13627916534240914
467,has_triangle,0.05667724350064235,0.05667724350064235
467,has_square,0.14913633454664815,0.14913633454664815
467,has_circle,-0.22884419002265352,0.22884419002265352
467,has_red,0.17998377769714985,0.17998377769714985
467,has_green,-0.24625301902535798,0.24625301902535798
467,has_blue,0.06498646559538769,0.06498646559538769
467,has_cyan,0.16958007205788,0.16958007205788
467,has_magenta,-0.12115428710953707,0.12115428710953707
467,has_yellow,-0.15049473849808526,0.15049473849808526
468,has_triangle,0.18859704469523697,0.18859704469523697
468,has_square,0.02410187469914127,0.02410187469914127
468,has_circle,-0.35840641916247185,0.35840641916247185
468,has_red,0.17397783387608676,0.17397783387608676
468,has_green,-0.29284372595727753,0.29284372595727753
468,has_blue,-0.14559339786665879,0.14559339786665879
468,has_cyan,0.20951318504334107,0.20951318504334107
468,has_magenta,0.05733466566954463,0.05733466566954463
468,has_yellow,-0.3683867175432401,0.3683867175432401
469,has_triangle,-0.2257583904609407,0.2257583904609407
469,has_square,0.20146333285084012,0.20146333285084012
469,has_circle,-0.07447307537202412,0.07447307537202412
469,has_red,-0.04933308718846245,0.04933308718846245
469,has_green,-0.2705402437299273,0.2705402437299273
469,has_blue,0.027152691676075515,0.027152691676075515
469,has_cyan,0.5307151553908075,0.5307151553908075
469,has_magenta,-0.08927053752520703,0.08927053752520703
469,has_yellow,-0.06376361833960265,0.06376361833960265
470,has_triangle,-0.09811953403407916,0.09811953403407916
470,has_square,-0.003841327510495363,0.003841327510495363
470,has_circle,0.17381167821381174,0.17381167821381174
470,has_red,0.1303483476880769,0.1303483476880769
470,has_green,-0.1782707282405982,0.1782707282405982
470,has_blue,0.019642840699930338,0.019642840699930338
470,has_cyan,0.05930645115033621,0.05930645115033621
470,has_magenta,0.05821642912233548,0.05821642912233548
470,has_yellow,-0.032185443976627856,0.032185443976627856
471,has_triangle,0.21798525746767633,0.21798525746767633
471,has_square,-0.06878497334084424,0.06878497334084424
471,has_circle,-0.24810141260459426,0.24810141260459426
471,has_red,0.010413145658369422,0.010413145658369422
471,has_green,-0.22389159574149617,0.22389159574149617
471,has_blue,0.22754387586181787,0.22754387586181787
471,has_cyan,0.11815037896007455,0.11815037896007455
471,has_magenta,-0.04976193259880293,0.04976193259880293
471,has_yellow,-0.09209469427804926,0.09209469427804926
472,has_triangle,0.1548128041242474,0.1548128041242474
472,has_square,-0.17640962355632156,0.17640962355632156
472,has_circle,-0.07903949446633703,0.07903949446633703
472,has_red,0.20420653431650282,0.20420653431650282
472,has_green,-0.06643761672986867,0.06643761672986867
472,has_blue,-0.10008702693981353,0.10008702693981353
472,has_cyan,-0.10054694008674055,0.10054694008674055
472,has_magenta,-0.09938044211249426,0.09938044211249426
472,has_yellow,0.06593980260134745,0.06593980260134745
473,has_triangle,0.1298969745256611,0.1298969745256611
473,has_square,-0.06520156825585188,0.06520156825585188
473,has_circle,-0.13524883999743503,0.13524883999743503
473,has_red,-0.048678036523214833,0.048678036523214833
473,has_green,-0.18061141066124348,0.18061141066124348
473,has_blue,0.07312803587424051,0.07312803587424051
473,has_cyan,0.22408830464332657,0.22408830464332657
473,has_magenta,0.08599356615627765,0.08599356615627765
473,has_yellow,-0.20806271715629449,0.20806271715629449
474,has_triangle,-0.2964262239861095,0.2964262239861095
474,has_square,0.12465792995725122,0.12465792995725122
474,has_circle,0.07123215051507203,0.07123215051507203
474,has_red,-0.13923275231805265,0.13923275231805265
474,has_green,-0.10357483946510077,0.10357483946510077
474,has_blue,0.10273932551919034,0.10273932551919034
474,has_cyan,0.41924938710777016,0.41924938710777016
474,has_magenta,-0.051889903850472895,0.051889903850472895
474,has_yellow,-0.37333135597194494,0.37333135597194494
475,has_triangle,-0.07963722716176477,0.07963722716176477
475,has_square,0.018144761723233288,0.018144761723233288
475,has_circle,0.043667936473491084,0.043667936473491084
475,has_red,-0.026735339638515036,0.026735339638515036
475,has_green,-0.047517981778450756,0.047517981778450756
475,has_blue,-0.07185470170219485,0.07185470170219485
475,has_cyan,0.1863765759723046,0.1863765759723046
475,has_magenta,0.040830356373036725,0.040830356373036725
475,has_yellow,0.09224919647760992,0.09224919647760992
476,has_triangle,0.09911136687119593,0.09911136687119593
476,has_square,0.04950305451669419,0.04950305451669419
476,has_circle,-0.20876674742741205,0.20876674742741205
476,has_red,0.23987555439469316,0.23987555439469316
476,has_green,-0.1286733519051271,0.1286733519051271
476,has_blue,-0.14650165908497542,0.14650165908497542
476,has_cyan,0.03009618322526246,0.03009618322526246
476,has_magenta,-0.23144213456022483,0.23144213456022483
476,has_yellow,-0.03386092313582483,0.03386092313582483
477,has_triangle,-0.05409327645183205,0.05409327645183205
477,has_square,0.3689453935640459,0.3689453935640459
477,has_circle,-0.1756224499009729,0.1756224499009729
477,has_red,0.07929300939169912,0.07929300939169912
477,has_green,-0.3071366717323869,0.3071366717323869
477,has_blue,0.026579289339262017,0.026579289339262017
477,has_cyan,0.28746376681439195,0.28746376681439195
477,has_magenta,-0.04476173055968657,0.04476173055968657
477,has_yellow,-0.14343168935431472,0.14343168935431472
478,has_triangle,-0.025390319626350966,0.025390319626350966
478,has_square,-0.3117709279555698,0.3117709279555698
478,has_circle,0.11265989303835716,0.11265989303835716
478,has_red,0.4168781344443827,0.4168781344443827
478,has_green,-0.038606116372195735,0.038606116372195735
478,has_blue,-0.2117989499483554,0.2117989499483554
478,has_cyan,-0.29169463376027643,0.29169463376027643
478,has_magenta,-0.22600586758715505,0.22600586758715505
478,has_yellow,0.22211685214552526,0.22211685214552526
479,has_triangle,-0.16929011077536332,0.16929011077536332
479,has_square,-0.1599941043492118,0.1599941043492118
479,has_circle,0.19378848627303352,0.19378848627303352
479,has_red,0.03515208144391972,0.03515208144391972
479,has_green,-0.3316533651484708,0.3316533651484708
479,has_blue,0.02393285389288894,0.02393285389288894
479,has_cyan,0.10159140355512866,0.10159140355512866
479,has_magenta,0.2193739167449606,0.2193739167449606
479,has_yellow,-0.06956818003222122,0.06956818003222122
480,has_triangle,0.04097303365462157,0.04097303365462157
480,has_square,-0.1986476874152903,0.1986476874152903
480,has_circle,-0.006756135352423326,0.006756135352423326
480,has_red,0.07362642206515457,0.07362642206515457
480,has_green,0.06019491656727091,0.06019491656727091
480,has_blue,-0.09557774879804194,0.09557774879804194
480,has_cyan,-0.15991713352585732,0.15991713352585732
480,has_magenta,-0.2087360472698954,0.2087360472698954
480,has_yellow,-0.11010256887012146,0.11010256887012146
481,has_triangle,0.04794013584553861,0.04794013584553861
481,has_square,0.2175815065516927,0.2175815065516927
481,has_circle,-0.22267214987588138,0.22267214987588138
481,has_red,-0.2653714049587903,0.2653714049587903
481,has_green,-0.3036422785293545,0.3036422785293545
481,has_blue,0.2146353722443327,0.2146353722443327
481,has_cyan,0.31984518226640396,0.31984518226640396
481,has_magenta,0.03716346163537786,0.03716346163537786
481,has_yellow,-0.5025169091487712,0.5025169091487712
482,has_triangle,-0.2269673697883447,0.2269673697883447
482,has_square,0.17819317268654325,0.17819317268654325
482,has_circle,0.04987012190324809,0.04987012190324809
482,has_red,0.11173096720527692,0.11173096720527692
482,has_green,-0.10418383824964045,0.10418383824964045
482,has_blue,-0.1605635784856199,0.1605635784856199
482,has_cyan,0.26566225573627644,0.26566225573627644
482,has_magenta,-0.11293834574846832,0.11293834574846832
482,has_yellow,-0.13371931369271794,0.13371931369271794
483,has_triangle,0.09208269914154919,0.09208269914154919
483,has_square,-0.06790796590032808,0.06790796590032808
483,has_circle,-0.07239524073248067,0.07239524073248067
483,has_red,0.19260509239976545,0.19260509239976545
483,has_green,-0.09148814620772011,0.09148814620772011
483,has_blue,-0.04614526038683011,0.04614526038683011
483,has_cyan,-0.05079379034142801,0.05079379034142801
483,has_magenta,-0.09381427397828455,0.09381427397828455
483,has_yellow,0.03529707487741881,0.03529707487741881
484,has_triangle,-0.17118111933045382,0.17118111933045382
484,has_square,-0.14849897290530956,0.14849897290530956
484,has_circle,0.14276874880145865,0.14276874880145865
484,has_red,-0.07026829427874073,0.07026829427874073
484,has_green,0.0002506946988439809,0.0002506946988439809
484,has_blue,-0.08755589444714224,0.08755589444714224
484,has_cyan,0.18872212769764274,0.18872212769764274
484,has_magenta,0.2348955304880939,0.2348955304880939
484,has_yellow,0.09872101778298309,0.09872101778298309
485,has_triangle,-0.21139218974873283,0.21139218974873283
485,has_square,0.24229055438107674,0.24229055438107674
485,has_circle,-0.01559955585252187,0.01559955585252187
485,has_red,-0.167908342626981,0.167908342626981
485,has_green,-0.16003059728288493,0.16003059728288493
485,has_blue,0.13264705248251435,0.13264705248251435
485,has_cyan,0.560756215078421,0.560756215078421
485,has_magenta,-0.1434649982367415,0.1434649982367415
485,has_yellow,-0.19450508519362383,0.19450508519362383
486,has_triangle,-0.20542937508182055,0.20542937508182055
486,has_square,-0.3598707324382277,0.3598707324382277
486,has_circle,0.28717253921672786,0.28717253921672786
486,has_red,0.2535821554139546,0.2535821554139546
486,has_green,0.020203679956070454,0.020203679956070454
486,has_blue,-0.05750745142633894,0.05750745142633894
486,has_cyan,-0.08622658960233474,0.08622658960233474
486,has_magenta,-0.06404671128819533,0.06404671128819533
486,has_yellow,0.21579072876221717,0.21579072876221717
487,has_triangle,-0.0614620875199332,0.0614620875199332
487,has_square,-0.41953427999850096,0.41953427999850096
487,has_circle,0.0710846767633269,0.0710846767633269
487,has_red,0.1520938670355768,0.1520938670355768
487,has_green,-0.10965968374647551,0.10965968374647551
487,has_blue,-0.0015294773693053665,0.0015294773693053665
487,has_cyan,-0.01538787361711991,0.01538787361711991
487,has_magenta,0.01676852496501281,0.01676852496501281
487,has_yellow,0.09035107400461234,0.09035107400461234
488,has_triangle,-0.07091527753757453,0.07091527753757453
488,has_square,0.21595770104793688,0.21595770104793688
488,has_circle,-0.05063127110983015,0.05063127110983015
488,has_red,0.04328664855751527,0.04328664855751527
488,has_green,0.014904919692525194,0.014904919692525194
488,has_blue,-0.2097462492220325,0.2097462492220325
488,has_cyan,0.19084622454375744,0.19084622454375744
488,has_magenta,-0.006158092535703265,0.006158092535703265
488,has_yellow,0.02821178371771172,0.02821178371771172
489,has_triangle,0.0802624664253668,0.0802624664253668
489,has_square,-0.016023607841279618,0.016023607841279618
489,has_circle,0.11664699933257225,0.11664699933257225
489,has_red,-0.1577543524557257,0.1577543524557257
489,has_green,0.07961632404575168,0.07961632404575168
489,has_blue,0.01855706977678608,0.01855706977678608
489,has_cyan,-0.16010896809917297,0.16010896809917297
489,has_magenta,-0.03608534487572565,0.03608534487572565
489,has_yellow,-0.18955836231605014,0.18955836231605014
490,has_triangle,0.15058332826278592,0.15058332826278592
490,has_square,-0.10374659891426476,0.10374659891426476
490,has_circle,-0.23809685878917652,0.23809685878917652
490,has_red,0.05511376486430194,0.05511376486430194
490,has_green,-0.166081665290625,0.166081665290625
490,has_blue,0.09478234824210646,0.09478234824210646
490,has_cyan,0.04809575903701011,0.04809575903701011
490,has_magenta,-0.0046430139036488455,0.0046430139036488455
490,has_yellow,-0.3437945362942062,0.3437945362942062
491,has_triangle,0.03673397027989621,0.03673397027989621
491,has_square,-0.2002390363028215,0.2002390363028215
491,has_circle,-0.022351032761351284,0.022351032761351284
491,has_red,0.3426461089927802,0.3426461089927802
491,has_green,-0.10668714922022883,0.10668714922022883
491,has_blue,-0.1421668834835712,0.1421668834835712
491,has_cyan,-0.14619290821254427,0.14619290821254427
491,has_magenta,-0.23727804085947182,0.23727804085947182
491,has_yellow,0.2869191361897084,0.2869191361897084
492,has_triangle,-0.005394481693730449,0.005394481693730449
492,has_square,-0.07045628447233643,0.07045628447233643
492,has_circle,0.06556983688848046,0.06556983688848046
492,has_red,-0.10224828387064011,0.10224828387064011
492,has_green,-0.19559790507412383,0.19559790507412383
492,has_blue,0.19742883852063264,0.19742883852063264
492,has_cyan,0.3169412513606785,0.3169412513606785
492,has_magenta,0.2342198868531039,0.2342198868531039
492,has_yellow,-0.013948035427374115,0.013948035427374115
493,has_triangle,0.12386590835472881,0.12386590835472881
493,has_square,-0.07135155340439658,0.07135155340439658
493,has_circle,-0.20910279390584952,0.20910279390584952
493,has_red,0.01041184921364144,0.01041184921364144
493,has_green,-0.06493583965535592,0.06493583965535592
493,has_blue,0.03633782036909395,0.03633782036909395
493,has_cyan,0.0819609071604432,0.0819609071604432
493,has_magenta,-0.09247776499144855,0.09247776499144855
493,has_yellow,-0.24543025889964662,0.24543025889964662
494,has_triangle,-0.08034778193188552,0.08034778193188552
494,has_square,0.15711839533070768,0.15711839533070768
494,has_circle,-0.005139993900851507,0.005139993900851507
494,has_red,0.016232433351202388,0.016232433351202388
494,has_green,-0.057425820712783654,0.057425820712783654
494,has_blue,0.0492016173883841,0.0492016173883841
494,has_cyan,0.1807711577304602,0.1807711577304602
494,has_magenta,-0.16953608097931055,0.16953608097931055
494,has_yellow,-0.28930923175227274,0.28930923175227274
495,has_triangle,-0.05132073397653068,0.05132073397653068
495,has_square,0.09413993554121847,0.09413993554121847
495,has_circle,-0.09207640096923843,0.09207640096923843
495,has_red,0.06829037137382953,0.06829037137382953
495,has_green,-0.24702182041746298,0.24702182041746298
495,has_blue,-0.18237564172418286,0.18237564172418286
495,has_cyan,0.241499450116553,0.241499450116553
495,has_magenta,0.09778877543630443,0.09778877543630443
495,has_yellow,-0.285143157301617,0.285143157301617
496,has_triangle,-0.002550281268030447,0.002550281268030447
496,has_square,-0.25649435631530965,0.25649435631530965
496,has_circle,-0.07482784049117402,0.07482784049117402
496,has_red,0.07372612931621206,0.07372612931621206
496,has_green,-0.11501748480654467,0.11501748480654467
496,has_blue,0.049438902884658624,0.049438902884658624
496,has_cyan,0.12949456701572393,0.12949456701572393
496,has_magenta,0.0008939073637154948,0.0008939073637154948
496,has_yellow,-0.17595509643143653,0.17595509643143653
497,has_triangle,0.13466607140185372,0.13466607140185372
497,has_square,0.05940810446929964,0.05940810446929964
497,has_circle,-0.2629878152903349,0.2629878152903349
497,has_red,0.16034416280081143,0.16034416280081143
497,has_green,-0.14199768004370214,0.14199768004370214
497,has_blue,-0.13085277355013172,0.13085277355013172
497,has_cyan,-0.13620374186480474,0.13620374186480474
497,has_magenta,-0.19085014343407725,0.19085014343407725
497,has_yellow,-0.20351150242935803,0.20351150242935803
498,has_triangle,-0.19249866247844052,0.19249866247844052
498,has_square,0.11311073549652678,0.11311073549652678
498,has_circle,0.05697474487093795,0.05697474487093795
498,has_red,0.062224662511096644,0.062224662511096644
498,has_green,-0.2232227628258505,0.2232227628258505
498,has_blue,0.024217620415586397,0.024217620415586397
498,has_cyan,0.32230466987288736,0.32230466987288736
498,has_magenta,-0.07361648276628412,0.07361648276628412
498,has_yellow,-0.18337910873744864,0.18337910873744864
499,has_triangle,-0.09538082435308876,0.09538082435308876
499,has_square,-0.04794039451951543,0.04794039451951543
499,has_circle,0.07505695176322083,0.07505695176322083
499,has_red,-0.0449912512217461,0.0449912512217461
499,has_green,-0.005919812545655299,0.005919812545655299
499,has_blue,0.12017855654373594,0.12017855654373594
499,has_cyan,0.08859520084996503,0.08859520084996503
499,has_magenta,0.10949571934980411,0.10949571934980411
499,has_yellow,-0.0020975865075307564,0.0020975865075307564
500,has_triangle,-0.011027124139515045,0.011027124139515045
500,has_square,0.07765183947799484,0.07765183947799484
500,has_circle,-0.11136835402664885,0.11136835402664885
500,has_red,0.0669516263559814,0.0669516263559814
500,has_green,-0.07418718860833963,0.07418718860833963
500,has_blue,-0.015034485005697158,0.015034485005697158
500,has_cyan,-0.009340302230947197,0.009340302230947197
500,has_magenta,-0.06303644268157885,0.06303644268157885
500,has_yellow,0.029788637727470115,0.029788637727470115
501,has_triangle,-0.1009198846117696,0.1009198846117696
501,has_square,0.09834623775964198,0.09834623775964198
501,has_circle,-0.11173208759099991,0.11173208759099991
501,has_red,0.20826413452924683,0.20826413452924683
501,has_green,-0.11769953371434713,0.11769953371434713
501,has_blue,-0.21576112514664667,0.21576112514664667
501,has_cyan,0.22429243628464207,0.22429243628464207
501,has_magenta,-0.18938022659471948,0.18938022659471948
501,has_yellow,-0.06258550920449228,0.06258550920449228
502,has_triangle,-0.003941371139367765,0.003941371139367765
502,has_square,0.38281605349884384,0.38281605349884384
502,has_circle,-0.24515373414905495,0.24515373414905495
502,has_red,-0.032897915652928746,0.032897915652928746
502,has_green,-0.16516435265557747,0.16516435265557747
502,has_blue,0.10733520900184698,0.10733520900184698
502,has_cyan,0.309970498413174,0.309970498413174
502,has_magenta,-0.08408987947355893,0.08408987947355893
502,has_yellow,-0.34241345784843247,0.34241345784843247
503,has_triangle,-0.3524437850043817,0.3524437850043817
503,has_square,-0.013674784451573786,0.013674784451573786
503,has_circle,0.35956380783342035,0.35956380783342035
503,has_red,0.28928699406672315,0.28928699406672315
503,has_green,0.18505603320120798,0.18505603320120798
503,has_blue,-0.21353295813903223,0.21353295813903223
503,has_cyan,-0.06938740851385349,0.06938740851385349
503,has_magenta,-0.2514279432673015,0.2514279432673015
503,has_yellow,0.3021761169887231,0.3021761169887231
504,has_triangle,-0.039240115110366534,0.039240115110366534
504,has_square,-0.3486341944725971,0.3486341944725971
504,has_circle,0.02978383190057947,0.02978383190057947
504,has_red,0.10332437940933294,0.10332437940933294
504,has_green,0.06878826953701225,0.06878826953701225
504,has_blue,0.04420031314786209,0.04420031314786209
504,has_cyan,-0.0591930884591347,0.0591930884591347
504,has_magenta,0.1451430715070699,0.1451430715070699
504,has_yellow,0.119220500944871,0.119220500944871
505,has_triangle,-0.2541141962853339,0.2541141962853339
505,has_square,0.1129432924902378,0.1129432924902378
505,has_circle,0.13595388310065812,0.13595388310065812
505,has_red,0.18118829633051856,0.18118829633051856
505,has_green,-0.14147784945328845,0.14147784945328845
505,has_blue,-0.0025490112801093982,0.0025490112801093982
505,has_cyan,0.10254705716737461,0.10254705716737461
505,has_magenta,-0.00936422896812116,0.00936422896812116
505,has_yellow,-0.20023808205339308,0.20023808205339308
506,has_triangle,-0.10327705847402113,0.10327705847402113
506,has_square,0.07564882818151063,0.07564882818151063
506,has_circle,0.06767316679145219,0.06767316679145219
506,has_red,0.032343425389009174,0.032343425389009174
506,has_green,-0.32014697308015694,0.32014697308015694
506,has_blue,0.018554540741606083,0.018554540741606083
506,has_cyan,0.2903796002602063,0.2903796002602063
506,has_magenta,0.3464860186033136,0.3464860186033136
506,has_yellow,-0.2121760486747879,0.2121760486747879
507,has_triangle,-0.18351890840567342,0.18351890840567342
507,has_square,-0.0047154703335432575,0.0047154703335432575
507,has_circle,0.11129587556709952,0.11129587556709952
507,has_red,0.40479939832998,0.40479939832998
507,has_green,-0.31805547466824224,0.31805547466824224
507,has_blue,-0.22382468835725924,0.22382468835725924
507,has_cyan,0.009191642108164345,0.009191642108164345
507,has_magenta,0.14157041866969455,0.14157041866969455
507,has_yellow,-0.13620880969062554,0.13620880969062554
508,has_triangle,-0.39500714014177135,0.39500714014177135
508,has_square,-0.24344807602723526,0.24344807602723526
508,has_circle,0.464046199723822,0.464046199723822
508,has_red,0.021654774037541808,0.021654774037541808
508,has_green,0.1373500737357525,0.1373500737357525
508,has_blue,0.19005260634923157,0.19005260634923157
508,has_cyan,0.07910774492518137,0.07910774492518137
508,has_magenta,0.043122296863893565,0.043122296863893565
508,has_yellow,0.17619566495560354,0.17619566495560354
509,has_triangle,-0.17160266659211387,0.17160266659211387
509,has_square,0.09915710955388037,0.09915710955388037
509,has_circle,-0.05143885437547319,0.05143885437547319
509,has_red,-0.039431886673933776,0.039431886673933776
509,has_green,-0.30213240926066676,0.30213240926066676
509,has_blue,0.1768361529562086,0.1768361529562086
509,has_cyan,0.3295359099822525,0.3295359099822525
509,has_magenta,0.005401605491974035,0.005401605491974035
509,has_yellow,-0.18857746501131512,0.18857746501131512
510,has_triangle,0.2091830442778521,0.2091830442778521
510,has_square,0.16097924722183302,0.16097924722183302
510,has_circle,-0.2030501171082701,0.2030501171082701
510,has_red,-0.09368331908611537,0.09368331908611537
510,has_green,-0.3519611456260684,0.3519611456260684
510,has_blue,0.16473318434579934,0.16473318434579934
510,has_cyan,0.1867329423367981,0.1867329423367981
510,has_magenta,-0.05432188382085363,0.05432188382085363
510,has_yellow,-0.15721631413001727,0.15721631413001727
511,has_triangle,0.11331313931048476,0.11331313931048476
511,has_square,-0.2600309327552799,0.2600309327552799
511,has_circle,-0.06988169241199822,0.06988169241199822
511,has_red,0.269033815587118,0.269033815587118
511,has_green,-0.12466359323612167,0.12466359323612167
511,has_blue,-0.11084550151312804,0.11084550151312804
511,has_cyan,-0.11674801804463342,0.11674801804463342
511,has_magenta,-0.12984880573076554,0.12984880573076554
511,has_yellow,0.03852193649548843,0.03852193649548843
