task_id,variant,case_type,filename,channel,activation,has_triangle,has_square,has_circle,has_red,has_green,has_blue,has_cyan,has_magenta,has_yellow
0,pretrained,TP,0/0003.png,0,0.5739902853965759,1,0,0,1,0,0,0,0,0
0,pretrained,TP,0/0003.png,1,0.8422414660453796,1,0,0,1,0,0,0,0,0
0,pretrained,TP,0/0003.png,2,0.029002748429775238,1,0,0,1,0,0,0,0,0
0,pretrained,TP,0/0003.png,3,0.18737317621707916,1,0,0,1,0,0,0,0,0
0,pretrained,TP,0/0003.png,4,2.117795944213867,1,0,0,1,0,0,0,0,0
0,pretrained,TP,0/0003.png,5,1.149475336074829,1,0,0,1,0,0,0,0,0
0,pretrained,TP,0/0003.png,6,4.291858673095703,1,0,0,1,0,0,0,0,0
0,pretrained,TP,0/0003.png,7,0.6267828941345215,1,0,0,1,0,0,0,0,0
0,pretrained,TP,0/0003.png,8,4.083521842956543,1,0,0,1,0,0,0,0,0
0,pretrained,TP,0/0003.png,9,0.21511167287826538,1,0,0,1,0,0,0,0,0
0,pretrained,TP,0/0003.png,10,0.5977516770362854,1,0,0,1,0,0,0,0,0
0,pretrained,TP,0/0003.png,11,2.631788492202759,1,0,0,1,0,0,0,0,0
0,pretrained,TP,0/0003.png,12,1.2427561283111572,1,0,0,1,0,0,0,0,0
0,pretrained,TP,0/0003.png,13,0.3274228870868683,1,0,0,1,0,0,0,0,0
0,pretrained,TP,0/0003.png,14,0.5357338786125183,1,0,0,1,0,0,0,0,0
0,pretrained,TP,0/0003.png,15,4.721046447753906,1,0,0,1,0,0,0,0,0
0,pretrained,TP,0/0003.png,16,4.608325958251953,1,0,0,1,0,0,0,0,0
0,pretrained,TP,0/0003.png,17,2.644519090652466,1,0,0,1,0,0,0,0,0
0,pretrained,TP,0/0003.png,18,0.6737223863601685,1,0,0,1,0,0,0,0,0
0,pretrained,TP,0/0003.png,19,5.483530521392822,1,0,0,1,0,0,0,0,0
0,pretrained,TP,0/0003.png,20,5.0085272789001465,1,0,0,1,0,0,0,0,0
0,pretrained,TP,0/0003.png,21,5.3017168045043945,1,0,0,1,0,0,0,0,0
0,pretrained,TP,0/0003.png,22,5.395186901092529,1,0,0,1,0,0,0,0,0
0,pretrained,TP,0/0003.png,23,3.720852851867676,1,0,0,1,0,0,0,0,0
0,pretrained,TP,0/0003.png,24,1.7671620845794678,1,0,0,1,0,0,0,0,0
0,pretrained,TP,0/0003.png,25,5.559864044189453,1,0,0,1,0,0,0,0,0
0,pretrained,TP,0/0003.png,26,1.0443564653396606,1,0,0,1,0,0,0,0,0
0,pretrained,TP,0/0003.png,27,2.2178945541381836,1,0,0,1,0,0,0,0,0
0,pretrained,TP,0/0003.png,28,0.5293221473693848,1,0,0,1,0,0,0,0,0
0,pretrained,TP,0/0003.png,29,1.0336686372756958,1,0,0,1,0,0,0,0,0
0,pretrained,TP,0/0003.png,30,0.5347169041633606,1,0,0,1,0,0,0,0,0
0,pretrained,TP,0/0003.png,31,0.2210393100976944,1,0,0,1,0,0,0,0,0
0,pretrained,TP,0/0003.png,32,0.035316597670316696,1,0,0,1,0,0,0,0,0
0,pretrained,TP,0/0003.png,33,0.0603552870452404,1,0,0,1,0,0,0,0,0
0,pretrained,TP,0/0003.png,34,7.947254180908203,1,0,0,1,0,0,0,0,0
0,pretrained,TP,0/0003.png,35,0.941546618938446,1,0,0,1,0,0,0,0,0
0,pretrained,TP,0/0003.png,36,0.7811253070831299,1,0,0,1,0,0,0,0,0
0,pretrained,TP,0/0003.png,37,0.7826255559921265,1,0,0,1,0,0,0,0,0
0,pretrained,TP,0/0003.png,38,0.6236053109169006,1,0,0,1,0,0,0,0,0
0,pretrained,TP,0/0003.png,39,0.6430763602256775,1,0,0,1,0,0,0,0,0
0,pretrained,TP,0/0003.png,40,0.43633198738098145,1,0,0,1,0,0,0,0,0
0,pretrained,TP,0/0003.png,41,0.6550037860870361,1,0,0,1,0,0,0,0,0
0,pretrained,TP,0/0003.png,42,2.303706645965576,1,0,0,1,0,0,0,0,0
0,pretrained,TP,0/0003.png,43,1.6967363357543945,1,0,0,1,0,0,0,0,0
0,pretrained,TP,0/0003.png,44,3.6691646575927734,1,0,0,1,0,0,0,0,0
0,pretrained,TP,0/0003.png,45,4.8743414878845215,1,0,0,1,0,0,0,0,0
0,pretrained,TP,0/0003.png,46,0.3708886206150055,1,0,0,1,0,0,0,0,0
0,pretrained,TP,0/0003.png,47,4.574739933013916,1,0,0,1,0,0,0,0,0
0,pretrained,TP,0/0003.png,48,2.5168216228485107,1,0,0,1,0,0,0,0,0
0,pretrained,TP,0/0003.png,49,3.7523040771484375,1,0,0,1,0,0,0,0,0
0,pretrained,TP,0/0003.png,50,3.6942427158355713,1,0,0,1,0,0,0,0,0
0,pretrained,TP,0/0003.png,51,0.16877388954162598,1,0,0,1,0,0,0,0,0
0,pretrained,TP,0/0003.png,52,0.031135890632867813,1,0,0,1,0,0,0,0,0
0,pretrained,TP,0/0003.png,53,1.195621371269226,1,0,0,1,0,0,0,0,0
0,pretrained,TP,0/0003.png,54,1.3695951700210571,1,0,0,1,0,0,0,0,0
0,pretrained,TP,0/0003.png,55,0.04789980500936508,1,0,0,1,0,0,0,0,0
0,pretrained,TP,0/0003.png,56,5.986281394958496,1,0,0,1,0,0,0,0,0
0,pretrained,TP,0/0003.png,57,0.2628340423107147,1,0,0,1,0,0,0,0,0
0,pretrained,TP,0/0003.png,58,4.311116695404053,1,0,0,1,0,0,0,0,0
0,pretrained,TP,0/0003.png,59,5.008219242095947,1,0,0,1,0,0,0,0,0
0,pretrained,TP,0/0003.png,60,0.6093457341194153,1,0,0,1,0,0,0,0,0
0,pretrained,TP,0/0003.png,61,3.761570930480957,1,0,0,1,0,0,0,0,0
0,pretrained,TP,0/0003.png,62,0.9768427014350891,1,0,0,1,0,0,0,0,0
0,pretrained,TP,0/0003.png,63,1.2449016571044922,1,0,0,1,0,0,0,0,0
0,pretrained,TP,0/0003.png,64,3.4965996742248535,1,0,0,1,0,0,0,0,0
0,pretrained,TP,0/0003.png,65,1.6391340494155884,1,0,0,1,0,0,0,0,0
0,pretrained,TP,0/0003.png,66,0.43038469552993774,1,0,0,1,0,0,0,0,0
0,pretrained,TP,0/0003.png,67,0.10056280344724655,1,0,0,1,0,0,0,0,0
0,pretrained,TP,0/0003.png,68,0.060690224170684814,1,0,0,1,0,0,0,0,0
0,pretrained,TP,0/0003.png,69,0.728344738483429,1,0,0,1,0,0,0,0,0
0,pretrained,TP,0/0003.png,70,1.0438337326049805,1,0,0,1,0,0,0,0,0
0,pretrained,TP,0/0003.png,71,0.8340103626251221,1,0,0,1,0,0,0,0,0
0,pretrained,TP,0/0003.png,72,0.9719386100769043,1,0,0,1,0,0,0,0,0
0,pretrained,TP,0/0003.png,73,3.7222073078155518,1,0,0,1,0,0,0,0,0
0,pretrained,TP,0/0003.png,74,4.000706672668457,1,0,0,1,0,0,0,0,0
0,pretrained,TP,0/0003.png,75,0.3464568853378296,1,0,0,1,0,0,0,0,0
0,pretrained,TP,0/0003.png,76,0.13791266083717346,1,0,0,1,0,0,0,0,0
0,pretrained,TP,0/0003.png,77,3.7899396419525146,1,0,0,1,0,0,0,0,0
0,pretrained,TP,0/0003.png,78,2.938894271850586,1,0,0,1,0,0,0,0,0
0,pretrained,TP,0/0003.png,79,0.44442275166511536,1,0,0,1,0,0,0,0,0
0,pretrained,TP,0/0003.png,80,0.3022676408290863,1,0,0,1,0,0,0,0,0
0,pretrained,TP,0/0003.png,81,0.005076026543974876,1,0,0,1,0,0,0,0,0
0,pretrained,TP,0/0003.png,82,1.1766067743301392,1,0,0,1,0,0,0,0,0
0,pretrained,TP,0/0003.png,83,4.983065128326416,1,0,0,1,0,0,0,0,0
0,pretrained,TP,0/0003.png,84,1.1567846536636353,1,0,0,1,0,0,0,0,0
0,pretrained,TP,0/0003.png,85,3.6134965419769287,1,0,0,1,0,0,0,0,0
0,pretrained,TP,0/0003.png,86,0.3687523901462555,1,0,0,1,0,0,0,0,0
0,pretrained,TP,0/0003.png,87,0.01954089105129242,1,0,0,1,0,0,0,0,0
0,pretrained,TP,0/0003.png,88,6.116674423217773,1,0,0,1,0,0,0,0,0
0,pretrained,TP,0/0003.png,89,3.671997308731079,1,0,0,1,0,0,0,0,0
0,pretrained,TP,0/0003.png,90,1.1844226121902466,1,0,0,1,0,0,0,0,0
0,pretrained,TP,0/0003.png,91,5.401981353759766,1,0,0,1,0,0,0,0,0
0,pretrained,TP,0/0003.png,92,5.177000522613525,1,0,0,1,0,0,0,0,0
0,pretrained,TP,0/0003.png,93,2.045560598373413,1,0,0,1,0,0,0,0,0
0,pretrained,TP,0/0003.png,94,3.069155693054199,1,0,0,1,0,0,0,0,0
0,pretrained,TP,0/0003.png,95,0.6542671918869019,1,0,0,1,0,0,0,0,0
0,pretrained,TP,0/0003.png,96,2.8363101482391357,1,0,0,1,0,0,0,0,0
0,pretrained,TP,0/0003.png,97,1.8837957382202148,1,0,0,1,0,0,0,0,0
0,pretrained,TP,0/0003.png,98,0.5662341117858887,1,0,0,1,0,0,0,0,0
0,pretrained,TP,0/0003.png,99,4.258163928985596,1,0,0,1,0,0,0,0,0
0,pretrained,TP,0/0003.png,100,3.548017740249634,1,0,0,1,0,0,0,0,0
0,pretrained,TP,0/0003.png,101,1.1511391401290894,1,0,0,1,0,0,0,0,0
0,pretrained,TP,0/0003.png,102,1.8117554187774658,1,0,0,1,0,0,0,0,0
0,pretrained,TP,0/0003.png,103,0.5292121171951294,1,0,0,1,0,0,0,0,0
0,pretrained,TP,0/0003.png,104,0.3188825845718384,1,0,0,1,0,0,0,0,0
0,pretrained,TP,0/0003.png,105,0.4127575755119324,1,0,0,1,0,0,0,0,0
0,pretrained,TP,0/0003.png,106,0.29288244247436523,1,0,0,1,0,0,0,0,0
0,pretrained,TP,0/0003.png,107,3.5532186031341553,1,0,0,1,0,0,0,0,0
0,pretrained,TP,0/0003.png,108,0.11466305702924728,1,0,0,1,0,0,0,0,0
0,pretrained,TP,0/0003.png,109,4.602786540985107,1,0,0,1,0,0,0,0,0
0,pretrained,TP,0/0003.png,110,2.945256233215332,1,0,0,1,0,0,0,0,0
0,pretrained,TP,0/0003.png,111,0.40420642495155334,1,0,0,1,0,0,0,0,0
0,pretrained,TP,0/0003.png,112,0.8957987427711487,1,0,0,1,0,0,0,0,0
0,pretrained,TP,0/0003.png,113,2.864783763885498,1,0,0,1,0,0,0,0,0
0,pretrained,TP,0/0003.png,114,1.2829949855804443,1,0,0,1,0,0,0,0,0
0,pretrained,TP,0/0003.png,115,4.04917049407959,1,0,0,1,0,0,0,0,0
0,pretrained,TP,0/0003.png,116,0.6491259932518005,1,0,0,1,0,0,0,0,0
0,pretrained,TP,0/0003.png,117,5.53316068649292,1,0,0,1,0,0,0,0,0
0,pretrained,TP,0/0003.png,118,1.3526511192321777,1,0,0,1,0,0,0,0,0
0,pretrained,TP,0/0003.png,119,0.5390073657035828,1,0,0,1,0,0,0,0,0
0,pretrained,TP,0/0003.png,120,0.24773085117340088,1,0,0,1,0,0,0,0,0
0,pretrained,TP,0/0003.png,121,4.3200297355651855,1,0,0,1,0,0,0,0,0
0,pretrained,TP,0/0003.png,122,5.158276081085205,1,0,0,1,0,0,0,0,0
0,pretrained,TP,0/0003.png,123,0.06966715306043625,1,0,0,1,0,0,0,0,0
0,pretrained,TP,0/0003.png,124,4.736405849456787,1,0,0,1,0,0,0,0,0
0,pretrained,TP,0/0003.png,125,0.08620493859052658,1,0,0,1,0,0,0,0,0
0,pretrained,TP,0/0003.png,126,4.845578670501709,1,0,0,1,0,0,0,0,0
0,pretrained,TP,0/0003.png,127,0.23327545821666718,1,0,0,1,0,0,0,0,0
0,pretrained,TP,0/0003.png,128,2.2802646160125732,1,0,0,1,0,0,0,0,0
0,pretrained,TP,0/0003.png,129,1.2610670328140259,1,0,0,1,0,0,0,0,0
0,pretrained,TP,0/0003.png,130,2.6056337356567383,1,0,0,1,0,0,0,0,0
0,pretrained,TP,0/0003.png,131,3.4517698287963867,1,0,0,1,0,0,0,0,0
0,pretrained,TP,0/0003.png,132,5.270622253417969,1,0,0,1,0,0,0,0,0
0,pretrained,TP,0/0003.png,133,0.8564865589141846,1,0,0,1,0,0,0,0,0
0,pretrained,TP,0/0003.png,134,0.3606572151184082,1,0,0,1,0,0,0,0,0
0,pretrained,TP,0/0003.png,135,0.9415407180786133,1,0,0,1,0,0,0,0,0
0,pretrained,TP,0/0003.png,136,0.0003022769815288484,1,0,0,1,0,0,0,0,0
0,pretrained,TP,0/0003.png,137,0.054065436124801636,1,0,0,1,0,0,0,0,0
0,pretrained,TP,0/0003.png,138,0.914402425289154,1,0,0,1,0,0,0,0,0
0,pretrained,TP,0/0003.png,139,2.377257823944092,1,0,0,1,0,0,0,0,0
0,pretrained,TP,0/0003.png,140,0.9004023671150208,1,0,0,1,0,0,0,0,0
0,pretrained,TP,0/0003.png,141,0.06144415959715843,1,0,0,1,0,0,0,0,0
0,pretrained,TP,0/0003.png,142,1.0947998762130737,1,0,0,1,0,0,0,0,0
0,pretrained,TP,0/0003.png,143,0.9363036751747131,1,0,0,1,0,0,0,0,0
0,pretrained,TP,0/0003.png,144,4.778841495513916,1,0,0,1,0,0,0,0,0
0,pretrained,TP,0/0003.png,145,0.5703381299972534,1,0,0,1,0,0,0,0,0
0,pretrained,TP,0/0003.png,146,4.533078193664551,1,0,0,1,0,0,0,0,0
0,pretrained,TP,0/0003.png,147,0.48235806822776794,1,0,0,1,0,0,0,0,0
0,pretrained,TP,0/0003.png,148,2.3520565032958984,1,0,0,1,0,0,0,0,0
0,pretrained,TP,0/0003.png,149,1.837977647781372,1,0,0,1,0,0,0,0,0
0,pretrained,TP,0/0003.png,150,0.3259873688220978,1,0,0,1,0,0,0,0,0
0,pretrained,TP,0/0003.png,151,0.2254529744386673,1,0,0,1,0,0,0,0,0
0,pretrained,TP,0/0003.png,152,2.357818603515625,1,0,0,1,0,0,0,0,0
0,pretrained,TP,0/0003.png,153,0.3826298713684082,1,0,0,1,0,0,0,0,0
0,pretrained,TP,0/0003.png,154,4.816678524017334,1,0,0,1,0,0,0,0,0
0,pretrained,TP,0/0003.png,155,2.368077278137207,1,0,0,1,0,0,0,0,0
0,pretrained,TP,0/0003.png,156,0.7662255167961121,1,0,0,1,0,0,0,0,0
0,pretrained,TP,0/0003.png,157,4.086551189422607,1,0,0,1,0,0,0,0,0
0,pretrained,TP,0/0003.png,158,4.597705364227295,1,0,0,1,0,0,0,0,0
0,pretrained,TP,0/0003.png,159,0.9793293476104736,1,0,0,1,0,0,0,0,0
0,pretrained,TP,0/0003.png,160,1.0001932382583618,1,0,0,1,0,0,0,0,0
0,pretrained,TP,0/0003.png,161,1.1050200462341309,1,0,0,1,0,0,0,0,0
0,pretrained,TP,0/0003.png,162,0.5552466511726379,1,0,0,1,0,0,0,0,0
0,pretrained,TP,0/0003.png,163,1.4596734046936035,1,0,0,1,0,0,0,0,0
0,pretrained,TP,0/0003.png,164,2.1389682292938232,1,0,0,1,0,0,0,0,0
0,pretrained,TP,0/0003.png,165,5.424694538116455,1,0,0,1,0,0,0,0,0
0,pretrained,TP,0/0003.png,166,1.8120490312576294,1,0,0,1,0,0,0,0,0
0,pretrained,TP,0/0003.png,167,3.1513688564300537,1,0,0,1,0,0,0,0,0
0,pretrained,TP,0/0003.png,168,5.840698719024658,1,0,0,1,0,0,0,0,0
0,pretrained,TP,0/0003.png,169,4.8689703941345215,1,0,0,1,0,0,0,0,0
0,pretrained,TP,0/0003.png,170,3.983902931213379,1,0,0,1,0,0,0,0,0
0,pretrained,TP,0/0003.png,171,2.295250177383423,1,0,0,1,0,0,0,0,0
0,pretrained,TP,0/0003.png,172,1.5942740440368652,1,0,0,1,0,0,0,0,0
0,pretrained,TP,0/0003.png,173,0.6743786931037903,1,0,0,1,0,0,0,0,0
0,pretrained,TP,0/0003.png,174,0.3118392527103424,1,0,0,1,0,0,0,0,0
0,pretrained,TP,0/0003.png,175,4.4692888259887695,1,0,0,1,0,0,0,0,0
0,pretrained,TP,0/0003.png,176,1.0452309846878052,1,0,0,1,0,0,0,0,0
0,pretrained,TP,0/0003.png,177,0.8865443468093872,1,0,0,1,0,0,0,0,0
0,pretrained,TP,0/0003.png,178,2.9304168224334717,1,0,0,1,0,0,0,0,0
0,pretrained,TP,0/0003.png,179,3.7283358573913574,1,0,0,1,0,0,0,0,0
0,pretrained,TP,0/0003.png,180,3.4700264930725098,1,0,0,1,0,0,0,0,0
0,pretrained,TP,0/0003.png,181,2.9076499938964844,1,0,0,1,0,0,0,0,0
0,pretrained,TP,0/0003.png,182,1.809114933013916,1,0,0,1,0,0,0,0,0
0,pretrained,TP,0/0003.png,183,0.02448202669620514,1,0,0,1,0,0,0,0,0
0,pretrained,TP,0/0003.png,184,1.0872321128845215,1,0,0,1,0,0,0,0,0
0,pretrained,TP,0/0003.png,185,0.9697281122207642,1,0,0,1,0,0,0,0,0
0,pretrained,TP,0/0003.png,186,1.5728306770324707,1,0,0,1,0,0,0,0,0
0,pretrained,TP,0/0003.png,187,1.4474726915359497,1,0,0,1,0,0,0,0,0
0,pretrained,TP,0/0003.png,188,4.793111324310303,1,0,0,1,0,0,0,0,0
0,pretrained,TP,0/0003.png,189,1.0081290006637573,1,0,0,1,0,0,0,0,0
0,pretrained,TP,0/0003.png,190,0.4468955993652344,1,0,0,1,0,0,0,0,0
0,pretrained,TP,0/0003.png,191,3.6549956798553467,1,0,0,1,0,0,0,0,0
0,pretrained,TP,0/0003.png,192,5.3405022621154785,1,0,0,1,0,0,0,0,0
0,pretrained,TP,0/0003.png,193,0.8078808188438416,1,0,0,1,0,0,0,0,0
0,pretrained,TP,0/0003.png,194,5.508169174194336,1,0,0,1,0,0,0,0,0
0,pretrained,TP,0/0003.png,195,0.7712318897247314,1,0,0,1,0,0,0,0,0
0,pretrained,TP,0/0003.png,196,0.5185710191726685,1,0,0,1,0,0,0,0,0
0,pretrained,TP,0/0003.png,197,0.12644489109516144,1,0,0,1,0,0,0,0,0
0,pretrained,TP,0/0003.png,198,0.46381518244743347,1,0,0,1,0,0,0,0,0
0,pretrained,TP,0/0003.png,199,0.47080209851264954,1,0,0,1,0,0,0,0,0
0,pretrained,TP,0/0003.png,200,1.480647325515747,1,0,0,1,0,0,0,0,0
0,pretrained,TP,0/0003.png,201,0.9999587535858154,1,0,0,1,0,0,0,0,0
0,pretrained,TP,0/0003.png,202,4.06623649597168,1,0,0,1,0,0,0,0,0
0,pretrained,TP,0/0003.png,203,1.0683921575546265,1,0,0,1,0,0,0,0,0
0,pretrained,TP,0/0003.png,204,4.08814001083374,1,0,0,1,0,0,0,0,0
0,pretrained,TP,0/0003.png,205,3.7687313556671143,1,0,0,1,0,0,0,0,0
0,pretrained,TP,0/0003.png,206,0.5730765461921692,1,0,0,1,0,0,0,0,0
0,pretrained,TP,0/0003.png,207,1.8120427131652832,1,0,0,1,0,0,0,0,0
0,pretrained,TP,0/0003.png,208,0.8127602338790894,1,0,0,1,0,0,0,0,0
0,pretrained,TP,0/0003.png,209,0.5057852268218994,1,0,0,1,0,0,0,0,0
0,pretrained,TP,0/0003.png,210,0.6252085566520691,1,0,0,1,0,0,0,0,0
0,pretrained,TP,0/0003.png,211,5.128830432891846,1,0,0,1,0,0,0,0,0
0,pretrained,TP,0/0003.png,212,0.6427461504936218,1,0,0,1,0,0,0,0,0
0,pretrained,TP,0/0003.png,213,0.9095565676689148,1,0,0,1,0,0,0,0,0
0,pretrained,TP,0/0003.png,214,2.49043345451355,1,0,0,1,0,0,0,0,0
0,pretrained,TP,0/0003.png,215,0.8549374938011169,1,0,0,1,0,0,0,0,0
0,pretrained,TP,0/0003.png,216,3.935089349746704,1,0,0,1,0,0,0,0,0
0,pretrained,TP,0/0003.png,217,0.792833149433136,1,0,0,1,0,0,0,0,0
0,pretrained,TP,0/0003.png,218,3.139819622039795,1,0,0,1,0,0,0,0,0
0,pretrained,TP,0/0003.png,219,4.015113830566406,1,0,0,1,0,0,0,0,0
0,pretrained,TP,0/0003.png,220,4.854892253875732,1,0,0,1,0,0,0,0,0
0,pretrained,TP,0/0003.png,221,1.3413193225860596,1,0,0,1,0,0,0,0,0
0,pretrained,TP,0/0003.png,222,1.2766300439834595,1,0,0,1,0,0,0,0,0
0,pretrained,TP,0/0003.png,223,0.6423887014389038,1,0,0,1,0,0,0,0,0
0,pretrained,TP,0/0003.png,224,0.3020131289958954,1,0,0,1,0,0,0,0,0
0,pretrained,TP,0/0003.png,225,5.03470516204834,1,0,0,1,0,0,0,0,0
0,pretrained,TP,0/0003.png,226,0.336891770362854,1,0,0,1,0,0,0,0,0
0,pretrained,TP,0/0003.png,227,1.4462753534317017,1,0,0,1,0,0,0,0,0
0,pretrained,TP,0/0003.png,228,0.8938315510749817,1,0,0,1,0,0,0,0,0
0,pretrained,TP,0/0003.png,229,4.049604415893555,1,0,0,1,0,0,0,0,0
0,pretrained,TP,0/0003.png,230,4.952050685882568,1,0,0,1,0,0,0,0,0
0,pretrained,TP,0/0003.png,231,0.5680489540100098,1,0,0,1,0,0,0,0,0
0,pretrained,TP,0/0003.png,232,0.148997962474823,1,0,0,1,0,0,0,0,0
0,pretrained,TP,0/0003.png,233,5.637336730957031,1,0,0,1,0,0,0,0,0
0,pretrained,TP,0/0003.png,234,0.39079758524894714,1,0,0,1,0,0,0,0,0
0,pretrained,TP,0/0003.png,235,4.297684669494629,1,0,0,1,0,0,0,0,0
0,pretrained,TP,0/0003.png,236,3.7732341289520264,1,0,0,1,0,0,0,0,0
0,pretrained,TP,0/0003.png,237,4.33627986907959,1,0,0,1,0,0,0,0,0
0,pretrained,TP,0/0003.png,238,0.8179481029510498,1,0,0,1,0,0,0,0,0
0,pretrained,TP,0/0003.png,239,5.241397857666016,1,0,0,1,0,0,0,0,0
0,pretrained,TP,0/0003.png,240,0.6931775808334351,1,0,0,1,0,0,0,0,0
0,pretrained,TP,0/0003.png,241,0.9997772574424744,1,0,0,1,0,0,0,0,0
0,pretrained,TP,0/0003.png,242,1.07695472240448,1,0,0,1,0,0,0,0,0
0,pretrained,TP,0/0003.png,243,0.24031738936901093,1,0,0,1,0,0,0,0,0
0,pretrained,TP,0/0003.png,244,5.109512805938721,1,0,0,1,0,0,0,0,0
0,pretrained,TP,0/0003.png,245,1.8672555685043335,1,0,0,1,0,0,0,0,0
0,pretrained,TP,0/0003.png,246,1.0683220624923706,1,0,0,1,0,0,0,0,0
0,pretrained,TP,0/0003.png,247,0.09507951140403748,1,0,0,1,0,0,0,0,0
0,pretrained,TP,0/0003.png,248,4.523098468780518,1,0,0,1,0,0,0,0,0
0,pretrained,TP,0/0003.png,249,3.1905620098114014,1,0,0,1,0,0,0,0,0
0,pretrained,TP,0/0003.png,250,0.6549455523490906,1,0,0,1,0,0,0,0,0
0,pretrained,TP,0/0003.png,251,0.23908992111682892,1,0,0,1,0,0,0,0,0
0,pretrained,TP,0/0003.png,252,4.2552056312561035,1,0,0,1,0,0,0,0,0
0,pretrained,TP,0/0003.png,253,3.5084307193756104,1,0,0,1,0,0,0,0,0
0,pretrained,TP,0/0003.png,254,3.7468037605285645,1,0,0,1,0,0,0,0,0
0,pretrained,TP,0/0003.png,255,3.983552932739258,1,0,0,1,0,0,0,0,0
0,pretrained,TP,0/0003.png,256,0.8788419961929321,1,0,0,1,0,0,0,0,0
0,pretrained,TP,0/0003.png,257,4.599417686462402,1,0,0,1,0,0,0,0,0
0,pretrained,TP,0/0003.png,258,0.1855228990316391,1,0,0,1,0,0,0,0,0
0,pretrained,TP,0/0003.png,259,0.3352571725845337,1,0,0,1,0,0,0,0,0
0,pretrained,TP,0/0003.png,260,4.022047519683838,1,0,0,1,0,0,0,0,0
0,pretrained,TP,0/0003.png,261,0.17941038310527802,1,0,0,1,0,0,0,0,0
0,pretrained,TP,0/0003.png,262,0.1227465346455574,1,0,0,1,0,0,0,0,0
0,pretrained,TP,0/0003.png,263,0.661751389503479,1,0,0,1,0,0,0,0,0
0,pretrained,TP,0/0003.png,264,5.519002437591553,1,0,0,1,0,0,0,0,0
0,pretrained,TP,0/0003.png,265,4.454096794128418,1,0,0,1,0,0,0,0,0
0,pretrained,TP,0/0003.png,266,2.3368453979492188,1,0,0,1,0,0,0,0,0
0,pretrained,TP,0/0003.png,267,4.507754325866699,1,0,0,1,0,0,0,0,0
0,pretrained,TP,0/0003.png,268,0.18392258882522583,1,0,0,1,0,0,0,0,0
0,pretrained,TP,0/0003.png,269,4.62800407409668,1,0,0,1,0,0,0,0,0
0,pretrained,TP,0/0003.png,270,1.2700036764144897,1,0,0,1,0,0,0,0,0
0,pretrained,TP,0/0003.png,271,0.015964867547154427,1,0,0,1,0,0,0,0,0
0,pretrained,TP,0/0003.png,272,0.4097442626953125,1,0,0,1,0,0,0,0,0
0,pretrained,TP,0/0003.png,273,4.003176212310791,1,0,0,1,0,0,0,0,0
0,pretrained,TP,0/0003.png,274,4.3027238845825195,1,0,0,1,0,0,0,0,0
0,pretrained,TP,0/0003.png,275,0.3632392883300781,1,0,0,1,0,0,0,0,0
0,pretrained,TP,0/0003.png,276,3.215954303741455,1,0,0,1,0,0,0,0,0
0,pretrained,TP,0/0003.png,277,1.2184052467346191,1,0,0,1,0,0,0,0,0
0,pretrained,TP,0/0003.png,278,0.010110168717801571,1,0,0,1,0,0,0,0,0
0,pretrained,TP,0/0003.png,279,0.5479952096939087,1,0,0,1,0,0,0,0,0
0,pretrained,TP,0/0003.png,280,3.4684760570526123,1,0,0,1,0,0,0,0,0
0,pretrained,TP,0/0003.png,281,3.846290349960327,1,0,0,1,0,0,0,0,0
0,pretrained,TP,0/0003.png,282,3.986924886703491,1,0,0,1,0,0,0,0,0
0,pretrained,TP,0/0003.png,283,0.0738474577665329,1,0,0,1,0,0,0,0,0
0,pretrained,TP,0/0003.png,284,6.99600887298584,1,0,0,1,0,0,0,0,0
0,pretrained,TP,0/0003.png,285,0.020476756617426872,1,0,0,1,0,0,0,0,0
0,pretrained,TP,0/0003.png,286,0.2985021471977234,1,0,0,1,0,0,0,0,0
0,pretrained,TP,0/0003.png,287,0.15477009117603302,1,0,0,1,0,0,0,0,0
0,pretrained,TP,0/0003.png,288,0.2552585303783417,1,0,0,1,0,0,0,0,0
0,pretrained,TP,0/0003.png,289,5.557531833648682,1,0,0,1,0,0,0,0,0
0,pretrained,TP,0/0003.png,290,3.4900245666503906,1,0,0,1,0,0,0,0,0
0,pretrained,TP,0/0003.png,291,3.9246621131896973,1,0,0,1,0,0,0,0,0
0,pretrained,TP,0/0003.png,292,0.09804785996675491,1,0,0,1,0,0,0,0,0
0,pretrained,TP,0/0003.png,293,0.5134114623069763,1,0,0,1,0,0,0,0,0
0,pretrained,TP,0/0003.png,294,1.4391158819198608,1,0,0,1,0,0,0,0,0
0,pretrained,TP,0/0003.png,295,0.25276458263397217,1,0,0,1,0,0,0,0,0
0,pretrained,TP,0/0003.png,296,0.9438211917877197,1,0,0,1,0,0,0,0,0
0,pretrained,TP,0/0003.png,297,5.059309959411621,1,0,0,1,0,0,0,0,0
0,pretrained,TP,0/0003.png,298,3.7171108722686768,1,0,0,1,0,0,0,0,0
0,pretrained,TP,0/0003.png,299,0.0,1,0,0,1,0,0,0,0,0
0,pretrained,TP,0/0003.png,300,0.04746223986148834,1,0,0,1,0,0,0,0,0
0,pretrained,TP,0/0003.png,301,0.3860562741756439,1,0,0,1,0,0,0,0,0
0,pretrained,TP,0/0003.png,302,0.37110504508018494,1,0,0,1,0,0,0,0,0
0,pretrained,TP,0/0003.png,303,0.6804247498512268,1,0,0,1,0,0,0,0,0
0,pretrained,TP,0/0003.png,304,3.370919942855835,1,0,0,1,0,0,0,0,0
0,pretrained,TP,0/0003.png,305,0.8242136240005493,1,0,0,1,0,0,0,0,0
0,pretrained,TP,0/0003.png,306,4.000692844390869,1,0,0,1,0,0,0,0,0
0,pretrained,TP,0/0003.png,307,4.876379013061523,1,0,0,1,0,0,0,0,0
0,pretrained,TP,0/0003.png,308,1.154951572418213,1,0,0,1,0,0,0,0,0
0,pretrained,TP,0/0003.png,309,4.022759914398193,1,0,0,1,0,0,0,0,0
0,pretrained,TP,0/0003.png,310,3.2962324619293213,1,0,0,1,0,0,0,0,0
0,pretrained,TP,0/0003.png,311,1.1992857456207275,1,0,0,1,0,0,0,0,0
0,pretrained,TP,0/0003.png,312,5.638040542602539,1,0,0,1,0,0,0,0,0
0,pretrained,TP,0/0003.png,313,1.2603343725204468,1,0,0,1,0,0,0,0,0
0,pretrained,TP,0/0003.png,314,5.390674114227295,1,0,0,1,0,0,0,0,0
0,pretrained,TP,0/0003.png,315,3.105771541595459,1,0,0,1,0,0,0,0,0
0,pretrained,TP,0/0003.png,316,1.3585941791534424,1,0,0,1,0,0,0,0,0
0,pretrained,TP,0/0003.png,317,0.994543194770813,1,0,0,1,0,0,0,0,0
0,pretrained,TP,0/0003.png,318,0.8497070670127869,1,0,0,1,0,0,0,0,0
0,pretrained,TP,0/0003.png,319,4.681399345397949,1,0,0,1,0,0,0,0,0
0,pretrained,TP,0/0003.png,320,0.2531636357307434,1,0,0,1,0,0,0,0,0
0,pretrained,TP,0/0003.png,321,0.5028126239776611,1,0,0,1,0,0,0,0,0
0,pretrained,TP,0/0003.png,322,0.4114897549152374,1,0,0,1,0,0,0,0,0
0,pretrained,TP,0/0003.png,323,0.11604902893304825,1,0,0,1,0,0,0,0,0
0,pretrained,TP,0/0003.png,324,0.2876927852630615,1,0,0,1,0,0,0,0,0
0,pretrained,TP,0/0003.png,325,1.419739842414856,1,0,0,1,0,0,0,0,0
0,pretrained,TP,0/0003.png,326,2.8395609855651855,1,0,0,1,0,0,0,0,0
0,pretrained,TP,0/0003.png,327,3.7479116916656494,1,0,0,1,0,0,0,0,0
0,pretrained,TP,0/0003.png,328,1.4029030799865723,1,0,0,1,0,0,0,0,0
0,pretrained,TP,0/0003.png,329,4.275195598602295,1,0,0,1,0,0,0,0,0
0,pretrained,TP,0/0003.png,330,4.686784744262695,1,0,0,1,0,0,0,0,0
0,pretrained,TP,0/0003.png,331,0.8631234169006348,1,0,0,1,0,0,0,0,0
0,pretrained,TP,0/0003.png,332,0.6677769422531128,1,0,0,1,0,0,0,0,0
0,pretrained,TP,0/0003.png,333,0.8294946551322937,1,0,0,1,0,0,0,0,0
0,pretrained,TP,0/0003.png,334,0.13151158392429352,1,0,0,1,0,0,0,0,0
0,pretrained,TP,0/0003.png,335,3.672177791595459,1,0,0,1,0,0,0,0,0
0,pretrained,TP,0/0003.png,336,0.5633832812309265,1,0,0,1,0,0,0,0,0
0,pretrained,TP,0/0003.png,337,0.5477089285850525,1,0,0,1,0,0,0,0,0
0,pretrained,TP,0/0003.png,338,4.93489933013916,1,0,0,1,0,0,0,0,0
0,pretrained,TP,0/0003.png,339,2.034723997116089,1,0,0,1,0,0,0,0,0
0,pretrained,TP,0/0003.png,340,1.6694035530090332,1,0,0,1,0,0,0,0,0
0,pretrained,TP,0/0003.png,341,4.0631513595581055,1,0,0,1,0,0,0,0,0
0,pretrained,TP,0/0003.png,342,0.938374400138855,1,0,0,1,0,0,0,0,0
0,pretrained,TP,0/0003.png,343,0.3026387691497803,1,0,0,1,0,0,0,0,0
0,pretrained,TP,0/0003.png,344,0.5950006246566772,1,0,0,1,0,0,0,0,0
0,pretrained,TP,0/0003.png,345,5.252458095550537,1,0,0,1,0,0,0,0,0
0,pretrained,TP,0/0003.png,346,3.780067205429077,1,0,0,1,0,0,0,0,0
0,pretrained,TP,0/0003.png,347,0.11684735119342804,1,0,0,1,0,0,0,0,0
0,pretrained,TP,0/0003.png,348,0.10799135267734528,1,0,0,1,0,0,0,0,0
0,pretrained,TP,0/0003.png,349,5.662778854370117,1,0,0,1,0,0,0,0,0
0,pretrained,TP,0/0003.png,350,3.921875238418579,1,0,0,1,0,0,0,0,0
0,pretrained,TP,0/0003.png,351,5.510687828063965,1,0,0,1,0,0,0,0,0
0,pretrained,TP,0/0003.png,352,2.381169080734253,1,0,0,1,0,0,0,0,0
0,pretrained,TP,0/0003.png,353,1.5068899393081665,1,0,0,1,0,0,0,0,0
0,pretrained,TP,0/0003.png,354,2.6215603351593018,1,0,0,1,0,0,0,0,0
0,pretrained,TP,0/0003.png,355,4.986462593078613,1,0,0,1,0,0,0,0,0
0,pretrained,TP,0/0003.png,356,5.017921447753906,1,0,0,1,0,0,0,0,0
0,pretrained,TP,0/0003.png,357,0.2949792146682739,1,0,0,1,0,0,0,0,0
0,pretrained,TP,0/0003.png,358,0.2771548330783844,1,0,0,1,0,0,0,0,0
0,pretrained,TP,0/0003.png,359,0.26518088579177856,1,0,0,1,0,0,0,0,0
0,pretrained,TP,0/0003.png,360,1.4170526266098022,1,0,0,1,0,0,0,0,0
0,pretrained,TP,0/0003.png,361,0.05676450580358505,1,0,0,1,0,0,0,0,0
0,pretrained,TP,0/0003.png,362,2.907482624053955,1,0,0,1,0,0,0,0,0
0,pretrained,TP,0/0003.png,363,5.875503063201904,1,0,0,1,0,0,0,0,0
0,pretrained,TP,0/0003.png,364,4.3360185623168945,1,0,0,1,0,0,0,0,0
0,pretrained,TP,0/0003.png,365,2.723114252090454,1,0,0,1,0,0,0,0,0
0,pretrained,TP,0/0003.png,366,0.17462977766990662,1,0,0,1,0,0,0,0,0
0,pretrained,TP,0/0003.png,367,1.0876201391220093,1,0,0,1,0,0,0,0,0
0,pretrained,TP,0/0003.png,368,4.872898578643799,1,0,0,1,0,0,0,0,0
0,pretrained,TP,0/0003.png,369,0.7726497054100037,1,0,0,1,0,0,0,0,0
0,pretrained,TP,0/0003.png,370,2.137045383453369,1,0,0,1,0,0,0,0,0
0,pretrained,TP,0/0003.png,371,4.805984020233154,1,0,0,1,0,0,0,0,0
0,pretrained,TP,0/0003.png,372,3.4905617237091064,1,0,0,1,0,0,0,0,0
0,pretrained,TP,0/0003.png,373,0.25316712260246277,1,0,0,1,0,0,0,0,0
0,pretrained,TP,0/0003.png,374,4.977818489074707,1,0,0,1,0,0,0,0,0
0,pretrained,TP,0/0003.png,375,5.021618843078613,1,0,0,1,0,0,0,0,0
0,pretrained,TP,0/0003.png,376,0.30892330408096313,1,0,0,1,0,0,0,0,0
0,pretrained,TP,0/0003.png,377,1.0626143217086792,1,0,0,1,0,0,0,0,0
0,pretrained,TP,0/0003.png,378,4.813729286193848,1,0,0,1,0,0,0,0,0
0,pretrained,TP,0/0003.png,379,3.871682643890381,1,0,0,1,0,0,0,0,0
0,pretrained,TP,0/0003.png,380,0.6738772392272949,1,0,0,1,0,0,0,0,0
0,pretrained,TP,0/0003.png,381,4.299545764923096,1,0,0,1,0,0,0,0,0
0,pretrained,TP,0/0003.png,382,3.661644697189331,1,0,0,1,0,0,0,0,0
0,pretrained,TP,0/0003.png,383,4.535068988800049,1,0,0,1,0,0,0,0,0
0,pretrained,TP,0/0003.png,384,1.7360548973083496,1,0,0,1,0,0,0,0,0
0,pretrained,TP,0/0003.png,385,2.5203936100006104,1,0,0,1,0,0,0,0,0
0,pretrained,TP,0/0003.png,386,0.44806045293807983,1,0,0,1,0,0,0,0,0
0,pretrained,TP,0/0003.png,387,0.295254111289978,1,0,0,1,0,0,0,0,0
0,pretrained,TP,0/0003.png,388,0.7023473978042603,1,0,0,1,0,0,0,0,0
0,pretrained,TP,0/0003.png,389,0.9033971428871155,1,0,0,1,0,0,0,0,0
0,pretrained,TP,0/0003.png,390,2.939239501953125,1,0,0,1,0,0,0,0,0
0,pretrained,TP,0/0003.png,391,4.2378950119018555,1,0,0,1,0,0,0,0,0
0,pretrained,TP,0/0003.png,392,1.3159204721450806,1,0,0,1,0,0,0,0,0
0,pretrained,TP,0/0003.png,393,0.3777592182159424,1,0,0,1,0,0,0,0,0
0,pretrained,TP,0/0003.png,394,3.3202593326568604,1,0,0,1,0,0,0,0,0
0,pretrained,TP,0/0003.png,395,2.2273502349853516,1,0,0,1,0,0,0,0,0
0,pretrained,TP,0/0003.png,396,4.088769912719727,1,0,0,1,0,0,0,0,0
0,pretrained,TP,0/0003.png,397,0.3964892029762268,1,0,0,1,0,0,0,0,0
0,pretrained,TP,0/0003.png,398,0.30331099033355713,1,0,0,1,0,0,0,0,0
0,pretrained,TP,0/0003.png,399,2.954144239425659,1,0,0,1,0,0,0,0,0
0,pretrained,TP,0/0003.png,400,3.5165810585021973,1,0,0,1,0,0,0,0,0
0,pretrained,TP,0/0003.png,401,4.545236587524414,1,0,0,1,0,0,0,0,0
0,pretrained,TP,0/0003.png,402,2.352555513381958,1,0,0,1,0,0,0,0,0
0,pretrained,TP,0/0003.png,403,0.3187412619590759,1,0,0,1,0,0,0,0,0
0,pretrained,TP,0/0003.png,404,2.674288749694824,1,0,0,1,0,0,0,0,0
0,pretrained,TP,0/0003.png,405,2.563880681991577,1,0,0,1,0,0,0,0,0
0,pretrained,TP,0/0003.png,406,2.286190986633301,1,0,0,1,0,0,0,0,0
0,pretrained,TP,0/0003.png,407,2.270101547241211,1,0,0,1,0,0,0,0,0
0,pretrained,TP,0/0003.png,408,0.7021872997283936,1,0,0,1,0,0,0,0,0
0,pretrained,TP,0/0003.png,409,4.488900184631348,1,0,0,1,0,0,0,0,0
0,pretrained,TP,0/0003.png,410,3.8165442943573,1,0,0,1,0,0,0,0,0
0,pretrained,TP,0/0003.png,411,0.47530412673950195,1,0,0,1,0,0,0,0,0
0,pretrained,TP,0/0003.png,412,4.28432559967041,1,0,0,1,0,0,0,0,0
0,pretrained,TP,0/0003.png,413,0.41445374488830566,1,0,0,1,0,0,0,0,0
0,pretrained,TP,0/0003.png,414,1.2315523624420166,1,0,0,1,0,0,0,0,0
0,pretrained,TP,0/0003.png,415,1.7011361122131348,1,0,0,1,0,0,0,0,0
0,pretrained,TP,0/0003.png,416,3.8054821491241455,1,0,0,1,0,0,0,0,0
0,pretrained,TP,0/0003.png,417,5.680365085601807,1,0,0,1,0,0,0,0,0
0,pretrained,TP,0/0003.png,418,3.3728950023651123,1,0,0,1,0,0,0,0,0
0,pretrained,TP,0/0003.png,419,4.007728099822998,1,0,0,1,0,0,0,0,0
0,pretrained,TP,0/0003.png,420,0.5960574150085449,1,0,0,1,0,0,0,0,0
0,pretrained,TP,0/0003.png,421,0.26648035645484924,1,0,0,1,0,0,0,0,0
0,pretrained,TP,0/0003.png,422,4.587445259094238,1,0,0,1,0,0,0,0,0
0,pretrained,TP,0/0003.png,423,2.7582309246063232,1,0,0,1,0,0,0,0,0
0,pretrained,TP,0/0003.png,424,0.5932409167289734,1,0,0,1,0,0,0,0,0
0,pretrained,TP,0/0003.png,425,4.015087604522705,1,0,0,1,0,0,0,0,0
0,pretrained,TP,0/0003.png,426,3.3393075466156006,1,0,0,1,0,0,0,0,0
0,pretrained,TP,0/0003.png,427,1.1399887800216675,1,0,0,1,0,0,0,0,0
0,pretrained,TP,0/0003.png,428,6.994609832763672,1,0,0,1,0,0,0,0,0
0,pretrained,TP,0/0003.png,429,4.918851375579834,1,0,0,1,0,0,0,0,0
0,pretrained,TP,0/0003.png,430,4.0076003074646,1,0,0,1,0,0,0,0,0
0,pretrained,TP,0/0003.png,431,4.569474697113037,1,0,0,1,0,0,0,0,0
0,pretrained,TP,0/0003.png,432,0.3490287661552429,1,0,0,1,0,0,0,0,0
0,pretrained,TP,0/0003.png,433,6.194986820220947,1,0,0,1,0,0,0,0,0
0,pretrained,TP,0/0003.png,434,0.8529040217399597,1,0,0,1,0,0,0,0,0
0,pretrained,TP,0/0003.png,435,4.63878870010376,1,0,0,1,0,0,0,0,0
0,pretrained,TP,0/0003.png,436,0.036929141730070114,1,0,0,1,0,0,0,0,0
0,pretrained,TP,0/0003.png,437,0.5979446172714233,1,0,0,1,0,0,0,0,0
0,pretrained,TP,0/0003.png,438,1.3677737712860107,1,0,0,1,0,0,0,0,0
0,pretrained,TP,0/0003.png,439,1.959574818611145,1,0,0,1,0,0,0,0,0
0,pretrained,TP,0/0003.png,440,6.0351738929748535,1,0,0,1,0,0,0,0,0
0,pretrained,TP,0/0003.png,441,3.445765495300293,1,0,0,1,0,0,0,0,0
0,pretrained,TP,0/0003.png,442,5.1051506996154785,1,0,0,1,0,0,0,0,0
0,pretrained,TP,0/0003.png,443,0.13338196277618408,1,0,0,1,0,0,0,0,0
0,pretrained,TP,0/0003.png,444,0.5233662128448486,1,0,0,1,0,0,0,0,0
0,pretrained,TP,0/0003.png,445,3.266018867492676,1,0,0,1,0,0,0,0,0
0,pretrained,TP,0/0003.png,446,0.7144435048103333,1,0,0,1,0,0,0,0,0
0,pretrained,TP,0/0003.png,447,1.3314995765686035,1,0,0,1,0,0,0,0,0
0,pretrained,TP,0/0003.png,448,0.25749316811561584,1,0,0,1,0,0,0,0,0
0,pretrained,TP,0/0003.png,449,0.8491322994232178,1,0,0,1,0,0,0,0,0
0,pretrained,TP,0/0003.png,450,2.8705549240112305,1,0,0,1,0,0,0,0,0
0,pretrained,TP,0/0003.png,451,3.043052911758423,1,0,0,1,0,0,0,0,0
0,pretrained,TP,0/0003.png,452,5.388179302215576,1,0,0,1,0,0,0,0,0
0,pretrained,TP,0/0003.png,453,0.945720911026001,1,0,0,1,0,0,0,0,0
0,pretrained,TP,0/0003.png,454,3.6990418434143066,1,0,0,1,0,0,0,0,0
0,pretrained,TP,0/0003.png,455,5.276090621948242,1,0,0,1,0,0,0,0,0
0,pretrained,TP,0/0003.png,456,0.8482584953308105,1,0,0,1,0,0,0,0,0
0,pretrained,TP,0/0003.png,457,0.566281795501709,1,0,0,1,0,0,0,0,0
0,pretrained,TP,0/0003.png,458,0.24861687421798706,1,0,0,1,0,0,0,0,0
0,pretrained,TP,0/0003.png,459,2.393979787826538,1,0,0,1,0,0,0,0,0
0,pretrained,TP,0/0003.png,460,0.9696014523506165,1,0,0,1,0,0,0,0,0
0,pretrained,TP,0/0003.png,461,3.858461618423462,1,0,0,1,0,0,0,0,0
0,pretrained,TP,0/0003.png,462,4.664649963378906,1,0,0,1,0,0,0,0,0
0,pretrained,TP,0/0003.png,463,0.21715635061264038,1,0,0,1,0,0,0,0,0
0,pretrained,TP,0/0003.png,464,0.9382964372634888,1,0,0,1,0,0,0,0,0
0,pretrained,TP,0/0003.png,465,0.6034644842147827,1,0,0,1,0,0,0,0,0
0,pretrained,TP,0/0003.png,466,1.7327680587768555,1,0,0,1,0,0,0,0,0
0,pretrained,TP,0/0003.png,467,2.930866241455078,1,0,0,1,0,0,0,0,0
0,pretrained,TP,0/0003.png,468,4.148290634155273,1,0,0,1,0,0,0,0,0
0,pretrained,TP,0/0003.png,469,1.328794002532959,1,0,0,1,0,0,0,0,0
0,pretrained,TP,0/0003.png,470,0.0016620594542473555,1,0,0,1,0,0,0,0,0
0,pretrained,TP,0/0003.png,471,3.7868716716766357,1,0,0,1,0,0,0,0,0
0,pretrained,TP,0/0003.png,472,4.5913405418396,1,0,0,1,0,0,0,0,0
0,pretrained,TP,0/0003.png,473,4.040114402770996,1,0,0,1,0,0,0,0,0
0,pretrained,TP,0/0003.png,474,0.4076780080795288,1,0,0,1,0,0,0,0,0
0,pretrained,TP,0/0003.png,475,0.07947754114866257,1,0,0,1,0,0,0,0,0
0,pretrained,TP,0/0003.png,476,4.311003684997559,1,0,0,1,0,0,0,0,0
0,pretrained,TP,0/0003.png,477,0.5831870436668396,1,0,0,1,0,0,0,0,0
0,pretrained,TP,0/0003.png,478,3.264702558517456,1,0,0,1,0,0,0,0,0
0,pretrained,TP,0/0003.png,479,1.0122408866882324,1,0,0,1,0,0,0,0,0
0,pretrained,TP,0/0003.png,480,3.020535945892334,1,0,0,1,0,0,0,0,0
0,pretrained,TP,0/0003.png,481,1.7981897592544556,1,0,0,1,0,0,0,0,0
0,pretrained,TP,0/0003.png,482,0.04721546173095703,1,0,0,1,0,0,0,0,0
0,pretrained,TP,0/0003.png,483,4.4082865715026855,1,0,0,1,0,0,0,0,0
0,pretrained,TP,0/0003.png,484,0.7700304985046387,1,0,0,1,0,0,0,0,0
0,pretrained,TP,0/0003.png,485,0.003250274807214737,1,0,0,1,0,0,0,0,0
0,pretrained,TP,0/0003.png,486,0.8929915428161621,1,0,0,1,0,0,0,0,0
0,pretrained,TP,0/0003.png,487,3.4506824016571045,1,0,0,1,0,0,0,0,0
0,pretrained,TP,0/0003.png,488,0.7536805868148804,1,0,0,1,0,0,0,0,0
0,pretrained,TP,0/0003.png,489,0.7587816119194031,1,0,0,1,0,0,0,0,0
0,pretrained,TP,0/0003.png,490,3.785660743713379,1,0,0,1,0,0,0,0,0
0,pretrained,TP,0/0003.png,491,2.9490702152252197,1,0,0,1,0,0,0,0,0
0,pretrained,TP,0/0003.png,492,1.4223285913467407,1,0,0,1,0,0,0,0,0
0,pretrained,TP,0/0003.png,493,4.963883399963379,1,0,0,1,0,0,0,0,0
0,pretrained,TP,0/0003.png,494,0.9259027242660522,1,0,0,1,0,0,0,0,0
0,pretrained,TP,0/0003.png,495,0.15863598883152008,1,0,0,1,0,0,0,0,0
0,pretrained,TP,0/0003.png,496,4.123071670532227,1,0,0,1,0,0,0,0,0
0,pretrained,TP,0/0003.png,497,2.438937187194824,1,0,0,1,0,0,0,0,0
0,pretrained,TP,0/0003.png,498,0.21330611407756805,1,0,0,1,0,0,0,0,0
0,pretrained,TP,0/0003.png,499,0.058136023581027985,1,0,0,1,0,0,0,0,0
0,pretrained,TP,0/0003.png,500,0.8844606280326843,1,0,0,1,0,0,0,0,0
0,pretrained,TP,0/0003.png,501,3.6330840587615967,1,0,0,1,0,0,0,0,0
0,pretrained,TP,0/0003.png,502,1.6292270421981812,1,0,0,1,0,0,0,0,0
0,pretrained,TP,0/0003.png,503,0.08044793456792831,1,0,0,1,0,0,0,0,0
0,pretrained,TP,0/0003.png,504,1.157522439956665,1,0,0,1,0,0,0,0,0
0,pretrained,TP,0/0003.png,505,0.6636917591094971,1,0,0,1,0,0,0,0,0
0,pretrained,TP,0/0003.png,506,0.521668016910553,1,0,0,1,0,0,0,0,0
0,pretrained,TP,0/0003.png,507,0.2119792252779007,1,0,0,1,0,0,0,0,0
0,pretrained,TP,0/0003.png,508,0.395068883895874,1,0,0,1,0,0,0,0,0
0,pretrained,TP,0/0003.png,509,0.43061307072639465,1,0,0,1,0,0,0,0,0
0,pretrained,TP,0/0003.png,510,1.6086808443069458,1,0,0,1,0,0,0,0,0
0,pretrained,TP,0/0003.png,511,6.151514053344727,1,0,0,1,0,0,0,0,0
0,pretrained,FP,0/0019.png,0,0.7659486532211304,0,0,1,0,0,0,0,1,0
0,pretrained,FP,0/0019.png,1,0.6717565655708313,0,0,1,0,0,0,0,1,0
0,pretrained,FP,0/0019.png,2,0.11635161191225052,0,0,1,0,0,0,0,1,0
0,pretrained,FP,0/0019.png,3,0.3207637369632721,0,0,1,0,0,0,0,1,0
0,pretrained,FP,0/0019.png,4,0.3193936347961426,0,0,1,0,0,0,0,1,0
0,pretrained,FP,0/0019.png,5,0.34143728017807007,0,0,1,0,0,0,0,1,0
0,pretrained,FP,0/0019.png,6,0.6229000091552734,0,0,1,0,0,0,0,1,0
0,pretrained,FP,0/0019.png,7,0.8485916256904602,0,0,1,0,0,0,0,1,0
0,pretrained,FP,0/0019.png,8,0.889202892780304,0,0,1,0,0,0,0,1,0
0,pretrained,FP,0/0019.png,9,0.4478588104248047,0,0,1,0,0,0,0,1,0
0,pretrained,FP,0/0019.png,10,0.8840680718421936,0,0,1,0,0,0,0,1,0
0,pretrained,FP,0/0019.png,11,1.1862640380859375,0,0,1,0,0,0,0,1,0
0,pretrained,FP,0/0019.png,12,0.6068028211593628,0,0,1,0,0,0,0,1,0
0,pretrained,FP,0/0019.png,13,0.5436007380485535,0,0,1,0,0,0,0,1,0
0,pretrained,FP,0/0019.png,14,0.5375882983207703,0,0,1,0,0,0,0,1,0
0,pretrained,FP,0/0019.png,15,0.6419609189033508,0,0,1,0,0,0,0,1,0
0,pretrained,FP,0/0019.png,16,0.3612881004810333,0,0,1,0,0,0,0,1,0
0,pretrained,FP,0/0019.png,17,0.8390540480613708,0,0,1,0,0,0,0,1,0
0,pretrained,FP,0/0019.png,18,0.8991188406944275,0,0,1,0,0,0,0,1,0
0,pretrained,FP,0/0019.png,19,0.8846781253814697,0,0,1,0,0,0,0,1,0
0,pretrained,FP,0/0019.png,20,0.5166846513748169,0,0,1,0,0,0,0,1,0
0,pretrained,FP,0/0019.png,21,1.0222214460372925,0,0,1,0,0,0,0,1,0
0,pretrained,FP,0/0019.png,22,0.9697607159614563,0,0,1,0,0,0,0,1,0
0,pretrained,FP,0/0019.png,23,0.5488660931587219,0,0,1,0,0,0,0,1,0
0,pretrained,FP,0/0019.png,24,0.15221793949604034,0,0,1,0,0,0,0,1,0
0,pretrained,FP,0/0019.png,25,0.7558698058128357,0,0,1,0,0,0,0,1,0
0,pretrained,FP,0/0019.png,26,0.9351357221603394,0,0,1,0,0,0,0,1,0
0,pretrained,FP,0/0019.png,27,0.7596867084503174,0,0,1,0,0,0,0,1,0
0,pretrained,FP,0/0019.png,28,0.6443328857421875,0,0,1,0,0,0,0,1,0
0,pretrained,FP,0/0019.png,29,1.1094311475753784,0,0,1,0,0,0,0,1,0
0,pretrained,FP,0/0019.png,30,0.6419277787208557,0,0,1,0,0,0,0,1,0
0,pretrained,FP,0/0019.png,31,0.13149142265319824,0,0,1,0,0,0,0,1,0
0,pretrained,FP,0/0019.png,32,0.09734638035297394,0,0,1,0,0,0,0,1,0
0,pretrained,FP,0/0019.png,33,0.07372329384088516,0,0,1,0,0,0,0,1,0
0,pretrained,FP,0/0019.png,34,0.8802000284194946,0,0,1,0,0,0,0,1,0
0,pretrained,FP,0/0019.png,35,0.15532828867435455,0,0,1,0,0,0,0,1,0
0,pretrained,FP,0/0019.png,36,0.988781213760376,0,0,1,0,0,0,0,1,0
0,pretrained,FP,0/0019.png,37,0.817714273929596,0,0,1,0,0,0,0,1,0
0,pretrained,FP,0/0019.png,38,1.0133200883865356,0,0,1,0,0,0,0,1,0
0,pretrained,FP,0/0019.png,39,0.6801142692565918,0,0,1,0,0,0,0,1,0
0,pretrained,FP,0/0019.png,40,0.6301931142807007,0,0,1,0,0,0,0,1,0
0,pretrained,FP,0/0019.png,41,0.8379734754562378,0,0,1,0,0,0,0,1,0
0,pretrained,FP,0/0019.png,42,0.4603986442089081,0,0,1,0,0,0,0,1,0
0,pretrained,FP,0/0019.png,43,1.400578498840332,0,0,1,0,0,0,0,1,0
0,pretrained,FP,0/0019.png,44,0.47489064931869507,0,0,1,0,0,0,0,1,0
0,pretrained,FP,0/0019.png,45,0.7569572925567627,0,0,1,0,0,0,0,1,0
0,pretrained,FP,0/0019.png,46,0.3351917564868927,0,0,1,0,0,0,0,1,0
0,pretrained,FP,0/0019.png,47,0.9285981059074402,0,0,1,0,0,0,0,1,0
0,pretrained,FP,0/0019.png,48,0.36694326996803284,0,0,1,0,0,0,0,1,0
0,pretrained,FP,0/0019.png,49,0.45393621921539307,0,0,1,0,0,0,0,1,0
0,pretrained,FP,0/0019.png,50,1.2973148822784424,0,0,1,0,0,0,0,1,0
0,pretrained,FP,0/0019.png,51,0.20293515920639038,0,0,1,0,0,0,0,1,0
0,pretrained,FP,0/0019.png,52,0.08847580850124359,0,0,1,0,0,0,0,1,0
0,pretrained,FP,0/0019.png,53,0.7385284900665283,0,0,1,0,0,0,0,1,0
0,pretrained,FP,0/0019.png,54,0.7658015489578247,0,0,1,0,0,0,0,1,0
0,pretrained,FP,0/0019.png,55,0.2183544784784317,0,0,1,0,0,0,0,1,0
0,pretrained,FP,0/0019.png,56,0.7328413128852844,0,0,1,0,0,0,0,1,0
0,pretrained,FP,0/0019.png,57,0.30885452032089233,0,0,1,0,0,0,0,1,0
0,pretrained,FP,0/0019.png,58,0.35933300852775574,0,0,1,0,0,0,0,1,0
0,pretrained,FP,0/0019.png,59,0.5733609199523926,0,0,1,0,0,0,0,1,0
0,pretrained,FP,0/0019.png,60,0.522484540939331,0,0,1,0,0,0,0,1,0
0,pretrained,FP,0/0019.png,61,0.5671415328979492,0,0,1,0,0,0,0,1,0
0,pretrained,FP,0/0019.png,62,0.8253186941146851,0,0,1,0,0,0,0,1,0
0,pretrained,FP,0/0019.png,63,1.008549451828003,0,0,1,0,0,0,0,1,0
0,pretrained,FP,0/0019.png,64,0.8222900629043579,0,0,1,0,0,0,0,1,0
0,pretrained,FP,0/0019.png,65,0.41308507323265076,0,0,1,0,0,0,0,1,0
0,pretrained,FP,0/0019.png,66,0.7736995220184326,0,0,1,0,0,0,0,1,0
0,pretrained,FP,0/0019.png,67,0.3316945433616638,0,0,1,0,0,0,0,1,0
0,pretrained,FP,0/0019.png,68,0.056189730763435364,0,0,1,0,0,0,0,1,0
0,pretrained,FP,0/0019.png,69,0.21184493601322174,0,0,1,0,0,0,0,1,0
0,pretrained,FP,0/0019.png,70,0.5818548202514648,0,0,1,0,0,0,0,1,0
0,pretrained,FP,0/0019.png,71,0.713527500629425,0,0,1,0,0,0,0,1,0
0,pretrained,FP,0/0019.png,72,1.0348541736602783,0,0,1,0,0,0,0,1,0
0,pretrained,FP,0/0019.png,73,0.46606847643852234,0,0,1,0,0,0,0,1,0
0,pretrained,FP,0/0019.png,74,1.003193736076355,0,0,1,0,0,0,0,1,0
0,pretrained,FP,0/0019.png,75,0.3556854724884033,0,0,1,0,0,0,0,1,0
0,pretrained,FP,0/0019.png,76,0.5060345530509949,0,0,1,0,0,0,0,1,0
0,pretrained,FP,0/0019.png,77,1.2163844108581543,0,0,1,0,0,0,0,1,0
0,pretrained,FP,0/0019.png,78,0.31813186407089233,0,0,1,0,0,0,0,1,0
0,pretrained,FP,0/0019.png,79,0.76827472448349,0,0,1,0,0,0,0,1,0
0,pretrained,FP,0/0019.png,80,0.5098207592964172,0,0,1,0,0,0,0,1,0
0,pretrained,FP,0/0019.png,81,0.5724388957023621,0,0,1,0,0,0,0,1,0
0,pretrained,FP,0/0019.png,82,0.3966422975063324,0,0,1,0,0,0,0,1,0
0,pretrained,FP,0/0019.png,83,0.9792647957801819,0,0,1,0,0,0,0,1,0
0,pretrained,FP,0/0019.png,84,0.9998064637184143,0,0,1,0,0,0,0,1,0
0,pretrained,FP,0/0019.png,85,1.0151846408843994,0,0,1,0,0,0,0,1,0
0,pretrained,FP,0/0019.png,86,0.39329084753990173,0,0,1,0,0,0,0,1,0
0,pretrained,FP,0/0019.png,87,0.10310295969247818,0,0,1,0,0,0,0,1,0
0,pretrained,FP,0/0019.png,88,0.564132571220398,0,0,1,0,0,0,0,1,0
0,pretrained,FP,0/0019.png,89,0.7581229209899902,0,0,1,0,0,0,0,1,0
0,pretrained,FP,0/0019.png,90,0.9612938761711121,0,0,1,0,0,0,0,1,0
0,pretrained,FP,0/0019.png,91,0.7249868512153625,0,0,1,0,0,0,0,1,0
0,pretrained,FP,0/0019.png,92,0.3559844493865967,0,0,1,0,0,0,0,1,0
0,pretrained,FP,0/0019.png,93,0.8845120072364807,0,0,1,0,0,0,0,1,0
0,pretrained,FP,0/0019.png,94,0.8437532782554626,0,0,1,0,0,0,0,1,0
0,pretrained,FP,0/0019.png,95,0.7679895162582397,0,0,1,0,0,0,0,1,0
0,pretrained,FP,0/0019.png,96,0.6965438723564148,0,0,1,0,0,0,0,1,0
0,pretrained,FP,0/0019.png,97,0.38048452138900757,0,0,1,0,0,0,0,1,0
0,pretrained,FP,0/0019.png,98,0.5597633123397827,0,0,1,0,0,0,0,1,0
0,pretrained,FP,0/0019.png,99,0.4829551875591278,0,0,1,0,0,0,0,1,0
0,pretrained,FP,0/0019.png,100,0.3341662883758545,0,0,1,0,0,0,0,1,0
0,pretrained,FP,0/0019.png,101,0.9465257525444031,0,0,1,0,0,0,0,1,0
0,pretrained,FP,0/0019.png,102,0.9271194338798523,0,0,1,0,0,0,0,1,0
0,pretrained,FP,0/0019.png,103,0.6113157868385315,0,0,1,0,0,0,0,1,0
0,pretrained,FP,0/0019.png,104,0.679290235042572,0,0,1,0,0,0,0,1,0
0,pretrained,FP,0/0019.png,105,1.027584195137024,0,0,1,0,0,0,0,1,0
0,pretrained,FP,0/0019.png,106,0.6138983964920044,0,0,1,0,0,0,0,1,0
0,pretrained,FP,0/0019.png,107,0.93438720703125,0,0,1,0,0,0,0,1,0
0,pretrained,FP,0/0019.png,108,0.6136459112167358,0,0,1,0,0,0,0,1,0
0,pretrained,FP,0/0019.png,109,0.9851585626602173,0,0,1,0,0,0,0,1,0
0,pretrained,FP,0/0019.png,110,0.005978179629892111,0,0,1,0,0,0,0,1,0
0,pretrained,FP,0/0019.png,111,0.8402642011642456,0,0,1,0,0,0,0,1,0
0,pretrained,FP,0/0019.png,112,0.40396830439567566,0,0,1,0,0,0,0,1,0
0,pretrained,FP,0/0019.png,113,0.5242366194725037,0,0,1,0,0,0,0,1,0
0,pretrained,FP,0/0019.png,114,0.49472782015800476,0,0,1,0,0,0,0,1,0
0,pretrained,FP,0/0019.png,115,0.6358048319816589,0,0,1,0,0,0,0,1,0
0,pretrained,FP,0/0019.png,116,1.5077961683273315,0,0,1,0,0,0,0,1,0
0,pretrained,FP,0/0019.png,117,0.5842471122741699,0,0,1,0,0,0,0,1,0
0,pretrained,FP,0/0019.png,118,0.23562073707580566,0,0,1,0,0,0,0,1,0
0,pretrained,FP,0/0019.png,119,0.7749007940292358,0,0,1,0,0,0,0,1,0
0,pretrained,FP,0/0019.png,120,0.47619059681892395,0,0,1,0,0,0,0,1,0
0,pretrained,FP,0/0019.png,121,0.6495380997657776,0,0,1,0,0,0,0,1,0
0,pretrained,FP,0/0019.png,122,1.098283290863037,0,0,1,0,0,0,0,1,0
0,pretrained,FP,0/0019.png,123,0.23430746793746948,0,0,1,0,0,0,0,1,0
0,pretrained,FP,0/0019.png,124,0.46537715196609497,0,0,1,0,0,0,0,1,0
0,pretrained,FP,0/0019.png,125,0.11001510918140411,0,0,1,0,0,0,0,1,0
0,pretrained,FP,0/0019.png,126,0.8968655467033386,0,0,1,0,0,0,0,1,0
0,pretrained,FP,0/0019.png,127,0.20711086690425873,0,0,1,0,0,0,0,1,0
0,pretrained,FP,0/0019.png,128,1.0231730937957764,0,0,1,0,0,0,0,1,0
0,pretrained,FP,0/0019.png,129,0.7387533187866211,0,0,1,0,0,0,0,1,0
0,pretrained,FP,0/0019.png,130,0.6461416482925415,0,0,1,0,0,0,0,1,0
0,pretrained,FP,0/0019.png,131,0.6739821434020996,0,0,1,0,0,0,0,1,0
0,pretrained,FP,0/0019.png,132,0.578641951084137,0,0,1,0,0,0,0,1,0
0,pretrained,FP,0/0019.png,133,0.6245359182357788,0,0,1,0,0,0,0,1,0
0,pretrained,FP,0/0019.png,134,1.1543163061141968,0,0,1,0,0,0,0,1,0
0,pretrained,FP,0/0019.png,135,2.711251735687256,0,0,1,0,0,0,0,1,0
0,pretrained,FP,0/0019.png,136,0.01582810841500759,0,0,1,0,0,0,0,1,0
0,pretrained,FP,0/0019.png,137,0.11665532737970352,0,0,1,0,0,0,0,1,0
0,pretrained,FP,0/0019.png,138,0.4087136387825012,0,0,1,0,0,0,0,1,0
0,pretrained,FP,0/0019.png,139,0.9793439507484436,0,0,1,0,0,0,0,1,0
0,pretrained,FP,0/0019.png,140,0.46864306926727295,0,0,1,0,0,0,0,1,0
0,pretrained,FP,0/0019.png,141,0.02157396450638771,0,0,1,0,0,0,0,1,0
0,pretrained,FP,0/0019.png,142,0.4369598627090454,0,0,1,0,0,0,0,1,0
0,pretrained,FP,0/0019.png,143,0.31758567690849304,0,0,1,0,0,0,0,1,0
0,pretrained,FP,0/0019.png,144,0.9682024121284485,0,0,1,0,0,0,0,1,0
0,pretrained,FP,0/0019.png,145,0.8303368091583252,0,0,1,0,0,0,0,1,0
0,pretrained,FP,0/0019.png,146,0.764548659324646,0,0,1,0,0,0,0,1,0
0,pretrained,FP,0/0019.png,147,1.6912903785705566,0,0,1,0,0,0,0,1,0
0,pretrained,FP,0/0019.png,148,0.33825719356536865,0,0,1,0,0,0,0,1,0
0,pretrained,FP,0/0019.png,149,0.2619372308254242,0,0,1,0,0,0,0,1,0
0,pretrained,FP,0/0019.png,150,0.5104051828384399,0,0,1,0,0,0,0,1,0
0,pretrained,FP,0/0019.png,151,0.5199422240257263,0,0,1,0,0,0,0,1,0
0,pretrained,FP,0/0019.png,152,0.29150456190109253,0,0,1,0,0,0,0,1,0
0,pretrained,FP,0/0019.png,153,0.07573171705007553,0,0,1,0,0,0,0,1,0
0,pretrained,FP,0/0019.png,154,0.5244872570037842,0,0,1,0,0,0,0,1,0
0,pretrained,FP,0/0019.png,155,0.7032409310340881,0,0,1,0,0,0,0,1,0
0,pretrained,FP,0/0019.png,156,1.3256686925888062,0,0,1,0,0,0,0,1,0
0,pretrained,FP,0/0019.png,157,0.7828381657600403,0,0,1,0,0,0,0,1,0
0,pretrained,FP,0/0019.png,158,0.3660877048969269,0,0,1,0,0,0,0,1,0
0,pretrained,FP,0/0019.png,159,0.5663045048713684,0,0,1,0,0,0,0,1,0
0,pretrained,FP,0/0019.png,160,0.49088388681411743,0,0,1,0,0,0,0,1,0
0,pretrained,FP,0/0019.png,161,1.1806061267852783,0,0,1,0,0,0,0,1,0
0,pretrained,FP,0/0019.png,162,0.4153907895088196,0,0,1,0,0,0,0,1,0
0,pretrained,FP,0/0019.png,163,0.651435375213623,0,0,1,0,0,0,0,1,0
0,pretrained,FP,0/0019.png,164,0.5470731258392334,0,0,1,0,0,0,0,1,0
0,pretrained,FP,0/0019.png,165,0.3723202049732208,0,0,1,0,0,0,0,1,0
0,pretrained,FP,0/0019.png,166,0.31272491812705994,0,0,1,0,0,0,0,1,0
0,pretrained,FP,0/0019.png,167,0.5052774548530579,0,0,1,0,0,0,0,1,0
0,pretrained,FP,0/0019.png,168,0.7580621838569641,0,0,1,0,0,0,0,1,0
0,pretrained,FP,0/0019.png,169,0.3323270082473755,0,0,1,0,0,0,0,1,0
0,pretrained,FP,0/0019.png,170,0.8429045677185059,0,0,1,0,0,0,0,1,0
0,pretrained,FP,0/0019.png,171,0.7198010683059692,0,0,1,0,0,0,0,1,0
0,pretrained,FP,0/0019.png,172,0.590355396270752,0,0,1,0,0,0,0,1,0
0,pretrained,FP,0/0019.png,173,0.7709574699401855,0,0,1,0,0,0,0,1,0
0,pretrained,FP,0/0019.png,174,0.38043323159217834,0,0,1,0,0,0,0,1,0
0,pretrained,FP,0/0019.png,175,0.6174924969673157,0,0,1,0,0,0,0,1,0
0,pretrained,FP,0/0019.png,176,1.0171047449111938,0,0,1,0,0,0,0,1,0
0,pretrained,FP,0/0019.png,177,0.9156720638275146,0,0,1,0,0,0,0,1,0
0,pretrained,FP,0/0019.png,178,0.17262808978557587,0,0,1,0,0,0,0,1,0
0,pretrained,FP,0/0019.png,179,0.7721848487854004,0,0,1,0,0,0,0,1,0
0,pretrained,FP,0/0019.png,180,0.6780307292938232,0,0,1,0,0,0,0,1,0
0,pretrained,FP,0/0019.png,181,0.8133885860443115,0,0,1,0,0,0,0,1,0
0,pretrained,FP,0/0019.png,182,1.3770180940628052,0,0,1,0,0,0,0,1,0
0,pretrained,FP,0/0019.png,183,0.18629500269889832,0,0,1,0,0,0,0,1,0
0,pretrained,FP,0/0019.png,184,1.298213005065918,0,0,1,0,0,0,0,1,0
0,pretrained,FP,0/0019.png,185,1.0231446027755737,0,0,1,0,0,0,0,1,0
0,pretrained,FP,0/0019.png,186,0.9837055802345276,0,0,1,0,0,0,0,1,0
0,pretrained,FP,0/0019.png,187,0.7382199764251709,0,0,1,0,0,0,0,1,0
0,pretrained,FP,0/0019.png,188,0.438748300075531,0,0,1,0,0,0,0,1,0
0,pretrained,FP,0/0019.png,189,1.0404270887374878,0,0,1,0,0,0,0,1,0
0,pretrained,FP,0/0019.png,190,0.6754084229469299,0,0,1,0,0,0,0,1,0
0,pretrained,FP,0/0019.png,191,0.014488384127616882,0,0,1,0,0,0,0,1,0
0,pretrained,FP,0/0019.png,192,1.0056204795837402,0,0,1,0,0,0,0,1,0
0,pretrained,FP,0/0019.png,193,0.9511448740959167,0,0,1,0,0,0,0,1,0
0,pretrained,FP,0/0019.png,194,0.826776921749115,0,0,1,0,0,0,0,1,0
0,pretrained,FP,0/0019.png,195,0.009136004373431206,0,0,1,0,0,0,0,1,0
0,pretrained,FP,0/0019.png,196,0.8194324970245361,0,0,1,0,0,0,0,1,0
0,pretrained,FP,0/0019.png,197,0.059061530977487564,0,0,1,0,0,0,0,1,0
0,pretrained,FP,0/0019.png,198,0.7645405530929565,0,0,1,0,0,0,0,1,0
0,pretrained,FP,0/0019.png,199,1.1076102256774902,0,0,1,0,0,0,0,1,0
0,pretrained,FP,0/0019.png,200,0.32700270414352417,0,0,1,0,0,0,0,1,0
0,pretrained,FP,0/0019.png,201,1.5170621871948242,0,0,1,0,0,0,0,1,0
0,pretrained,FP,0/0019.png,202,1.0007667541503906,0,0,1,0,0,0,0,1,0
0,pretrained,FP,0/0019.png,203,0.5663129091262817,0,0,1,0,0,0,0,1,0
0,pretrained,FP,0/0019.png,204,0.8606433272361755,0,0,1,0,0,0,0,1,0
0,pretrained,FP,0/0019.png,205,1.0728871822357178,0,0,1,0,0,0,0,1,0
0,pretrained,FP,0/0019.png,206,0.7569155693054199,0,0,1,0,0,0,0,1,0
0,pretrained,FP,0/0019.png,207,1.1539583206176758,0,0,1,0,0,0,0,1,0
0,pretrained,FP,0/0019.png,208,0.884540319442749,0,0,1,0,0,0,0,1,0
0,pretrained,FP,0/0019.png,209,0.5687817335128784,0,0,1,0,0,0,0,1,0
0,pretrained,FP,0/0019.png,210,0.2019372433423996,0,0,1,0,0,0,0,1,0
0,pretrained,FP,0/0019.png,211,0.660082221031189,0,0,1,0,0,0,0,1,0
0,pretrained,FP,0/0019.png,212,0.35745811462402344,0,0,1,0,0,0,0,1,0
0,pretrained,FP,0/0019.png,213,1.2483404874801636,0,0,1,0,0,0,0,1,0
0,pretrained,FP,0/0019.png,214,0.6297335028648376,0,0,1,0,0,0,0,1,0
0,pretrained,FP,0/0019.png,215,0.911622941493988,0,0,1,0,0,0,0,1,0
0,pretrained,FP,0/0019.png,216,0.8662717342376709,0,0,1,0,0,0,0,1,0
0,pretrained,FP,0/0019.png,217,0.7804110050201416,0,0,1,0,0,0,0,1,0
0,pretrained,FP,0/0019.png,218,0.19869917631149292,0,0,1,0,0,0,0,1,0
0,pretrained,FP,0/0019.png,219,1.0483444929122925,0,0,1,0,0,0,0,1,0
0,pretrained,FP,0/0019.png,220,0.536508321762085,0,0,1,0,0,0,0,1,0
0,pretrained,FP,0/0019.png,221,0.3464447855949402,0,0,1,0,0,0,0,1,0
0,pretrained,FP,0/0019.png,222,0.13959774374961853,0,0,1,0,0,0,0,1,0
0,pretrained,FP,0/0019.png,223,1.226523995399475,0,0,1,0,0,0,0,1,0
0,pretrained,FP,0/0019.png,224,0.43378376960754395,0,0,1,0,0,0,0,1,0
0,pretrained,FP,0/0019.png,225,0.7191866636276245,0,0,1,0,0,0,0,1,0
0,pretrained,FP,0/0019.png,226,1.446367859840393,0,0,1,0,0,0,0,1,0
0,pretrained,FP,0/0019.png,227,0.7965192794799805,0,0,1,0,0,0,0,1,0
0,pretrained,FP,0/0019.png,228,1.1400185823440552,0,0,1,0,0,0,0,1,0
0,pretrained,FP,0/0019.png,229,0.8002904057502747,0,0,1,0,0,0,0,1,0
0,pretrained,FP,0/0019.png,230,0.6698391437530518,0,0,1,0,0,0,0,1,0
0,pretrained,FP,0/0019.png,231,0.9236072897911072,0,0,1,0,0,0,0,1,0
0,pretrained,FP,0/0019.png,232,0.3773299753665924,0,0,1,0,0,0,0,1,0
0,pretrained,FP,0/0019.png,233,1.2460650205612183,0,0,1,0,0,0,0,1,0
0,pretrained,FP,0/0019.png,234,0.6216982007026672,0,0,1,0,0,0,0,1,0
0,pretrained,FP,0/0019.png,235,0.5438112020492554,0,0,1,0,0,0,0,1,0
0,pretrained,FP,0/0019.png,236,1.0188406705856323,0,0,1,0,0,0,0,1,0
0,pretrained,FP,0/0019.png,237,1.2550690174102783,0,0,1,0,0,0,0,1,0
0,pretrained,FP,0/0019.png,238,0.8186919689178467,0,0,1,0,0,0,0,1,0
0,pretrained,FP,0/0019.png,239,0.8870814442634583,0,0,1,0,0,0,0,1,0
0,pretrained,FP,0/0019.png,240,0.4576561450958252,0,0,1,0,0,0,0,1,0
0,pretrained,FP,0/0019.png,241,0.8316619992256165,0,0,1,0,0,0,0,1,0
0,pretrained,FP,0/0019.png,242,0.6353693008422852,0,0,1,0,0,0,0,1,0
0,pretrained,FP,0/0019.png,243,0.17175552248954773,0,0,1,0,0,0,0,1,0
0,pretrained,FP,0/0019.png,244,0.5924305319786072,0,0,1,0,0,0,0,1,0
0,pretrained,FP,0/0019.png,245,0.18158215284347534,0,0,1,0,0,0,0,1,0
0,pretrained,FP,0/0019.png,246,0.39879387617111206,0,0,1,0,0,0,0,1,0
0,pretrained,FP,0/0019.png,247,0.12099196761846542,0,0,1,0,0,0,0,1,0
0,pretrained,FP,0/0019.png,248,0.9955115914344788,0,0,1,0,0,0,0,1,0
0,pretrained,FP,0/0019.png,249,0.9808295965194702,0,0,1,0,0,0,0,1,0
0,pretrained,FP,0/0019.png,250,1.1886656284332275,0,0,1,0,0,0,0,1,0
0,pretrained,FP,0/0019.png,251,0.3380119502544403,0,0,1,0,0,0,0,1,0
0,pretrained,FP,0/0019.png,252,0.21581345796585083,0,0,1,0,0,0,0,1,0
0,pretrained,FP,0/0019.png,253,0.5792871713638306,0,0,1,0,0,0,0,1,0
0,pretrained,FP,0/0019.png,254,0.4811549186706543,0,0,1,0,0,0,0,1,0
0,pretrained,FP,0/0019.png,255,0.8479375243186951,0,0,1,0,0,0,0,1,0
0,pretrained,FP,0/0019.png,256,0.7153666019439697,0,0,1,0,0,0,0,1,0
0,pretrained,FP,0/0019.png,257,0.42374280095100403,0,0,1,0,0,0,0,1,0
0,pretrained,FP,0/0019.png,258,0.2203880101442337,0,0,1,0,0,0,0,1,0
0,pretrained,FP,0/0019.png,259,0.5683274269104004,0,0,1,0,0,0,0,1,0
0,pretrained,FP,0/0019.png,260,1.0952861309051514,0,0,1,0,0,0,0,1,0
0,pretrained,FP,0/0019.png,261,0.2560780942440033,0,0,1,0,0,0,0,1,0
0,pretrained,FP,0/0019.png,262,0.40296512842178345,0,0,1,0,0,0,0,1,0
0,pretrained,FP,0/0019.png,263,0.9214535355567932,0,0,1,0,0,0,0,1,0
0,pretrained,FP,0/0019.png,264,0.7980988025665283,0,0,1,0,0,0,0,1,0
0,pretrained,FP,0/0019.png,265,0.9327456951141357,0,0,1,0,0,0,0,1,0
0,pretrained,FP,0/0019.png,266,0.8226562142372131,0,0,1,0,0,0,0,1,0
0,pretrained,FP,0/0019.png,267,0.6246848106384277,0,0,1,0,0,0,0,1,0
0,pretrained,FP,0/0019.png,268,0.6738682985305786,0,0,1,0,0,0,0,1,0
0,pretrained,FP,0/0019.png,269,0.7189483642578125,0,0,1,0,0,0,0,1,0
0,pretrained,FP,0/0019.png,270,0.9963632822036743,0,0,1,0,0,0,0,1,0
0,pretrained,FP,0/0019.png,271,0.01665479876101017,0,0,1,0,0,0,0,1,0
0,pretrained,FP,0/0019.png,272,0.0,0,0,1,0,0,0,0,1,0
0,pretrained,FP,0/0019.png,273,0.6198087930679321,0,0,1,0,0,0,0,1,0
0,pretrained,FP,0/0019.png,274,0.5432419776916504,0,0,1,0,0,0,0,1,0
0,pretrained,FP,0/0019.png,275,0.7083043456077576,0,0,1,0,0,0,0,1,0
0,pretrained,FP,0/0019.png,276,0.368804395198822,0,0,1,0,0,0,0,1,0
0,pretrained,FP,0/0019.png,277,0.5580036044120789,0,0,1,0,0,0,0,1,0
0,pretrained,FP,0/0019.png,278,0.044594500213861465,0,0,1,0,0,0,0,1,0
0,pretrained,FP,0/0019.png,279,0.055322375148534775,0,0,1,0,0,0,0,1,0
0,pretrained,FP,0/0019.png,280,0.5131960511207581,0,0,1,0,0,0,0,1,0
0,pretrained,FP,0/0019.png,281,0.5844375491142273,0,0,1,0,0,0,0,1,0
0,pretrained,FP,0/0019.png,282,0.5407862663269043,0,0,1,0,0,0,0,1,0
0,pretrained,FP,0/0019.png,283,0.11598094552755356,0,0,1,0,0,0,0,1,0
0,pretrained,FP,0/0019.png,284,0.7783477306365967,0,0,1,0,0,0,0,1,0
0,pretrained,FP,0/0019.png,285,0.08514884114265442,0,0,1,0,0,0,0,1,0
0,pretrained,FP,0/0019.png,286,0.6219875812530518,0,0,1,0,0,0,0,1,0
0,pretrained,FP,0/0019.png,287,0.35173431038856506,0,0,1,0,0,0,0,1,0
0,pretrained,FP,0/0019.png,288,0.8703884482383728,0,0,1,0,0,0,0,1,0
0,pretrained,FP,0/0019.png,289,0.9534194469451904,0,0,1,0,0,0,0,1,0
0,pretrained,FP,0/0019.png,290,0.7618430256843567,0,0,1,0,0,0,0,1,0
0,pretrained,FP,0/0019.png,291,0.14891307055950165,0,0,1,0,0,0,0,1,0
0,pretrained,FP,0/0019.png,292,0.2241835743188858,0,0,1,0,0,0,0,1,0
0,pretrained,FP,0/0019.png,293,0.13848894834518433,0,0,1,0,0,0,0,1,0
0,pretrained,FP,0/0019.png,294,0.04996524378657341,0,0,1,0,0,0,0,1,0
0,pretrained,FP,0/0019.png,295,0.45270517468452454,0,0,1,0,0,0,0,1,0
0,pretrained,FP,0/0019.png,296,1.2336864471435547,0,0,1,0,0,0,0,1,0
0,pretrained,FP,0/0019.png,297,0.42851635813713074,0,0,1,0,0,0,0,1,0
0,pretrained,FP,0/0019.png,298,0.8908805251121521,0,0,1,0,0,0,0,1,0
0,pretrained,FP,0/0019.png,299,0.030977267771959305,0,0,1,0,0,0,0,1,0
0,pretrained,FP,0/0019.png,300,0.32503435015678406,0,0,1,0,0,0,0,1,0
0,pretrained,FP,0/0019.png,301,0.3431275486946106,0,0,1,0,0,0,0,1,0
0,pretrained,FP,0/0019.png,302,0.6498891115188599,0,0,1,0,0,0,0,1,0
0,pretrained,FP,0/0019.png,303,0.9761255383491516,0,0,1,0,0,0,0,1,0
0,pretrained,FP,0/0019.png,304,0.998930811882019,0,0,1,0,0,0,0,1,0
0,pretrained,FP,0/0019.png,305,0.9429898858070374,0,0,1,0,0,0,0,1,0
0,pretrained,FP,0/0019.png,306,0.9191538095474243,0,0,1,0,0,0,0,1,0
0,pretrained,FP,0/0019.png,307,0.2599148750305176,0,0,1,0,0,0,0,1,0
0,pretrained,FP,0/0019.png,308,0.7546960711479187,0,0,1,0,0,0,0,1,0
0,pretrained,FP,0/0019.png,309,0.7235755324363708,0,0,1,0,0,0,0,1,0
0,pretrained,FP,0/0019.png,310,0.7783917784690857,0,0,1,0,0,0,0,1,0
0,pretrained,FP,0/0019.png,311,0.1862897276878357,0,0,1,0,0,0,0,1,0
0,pretrained,FP,0/0019.png,312,1.066689133644104,0,0,1,0,0,0,0,1,0
0,pretrained,FP,0/0019.png,313,1.560596227645874,0,0,1,0,0,0,0,1,0
0,pretrained,FP,0/0019.png,314,0.6784749031066895,0,0,1,0,0,0,0,1,0
0,pretrained,FP,0/0019.png,315,0.47510817646980286,0,0,1,0,0,0,0,1,0
0,pretrained,FP,0/0019.png,316,1.246916651725769,0,0,1,0,0,0,0,1,0
0,pretrained,FP,0/0019.png,317,0.611036479473114,0,0,1,0,0,0,0,1,0
0,pretrained,FP,0/0019.png,318,0.9302299618721008,0,0,1,0,0,0,0,1,0
0,pretrained,FP,0/0019.png,319,0.6138397455215454,0,0,1,0,0,0,0,1,0
0,pretrained,FP,0/0019.png,320,0.7734054923057556,0,0,1,0,0,0,0,1,0
0,pretrained,FP,0/0019.png,321,0.45897176861763,0,0,1,0,0,0,0,1,0
0,pretrained,FP,0/0019.png,322,0.4277617931365967,0,0,1,0,0,0,0,1,0
0,pretrained,FP,0/0019.png,323,0.10369116812944412,0,0,1,0,0,0,0,1,0
0,pretrained,FP,0/0019.png,324,0.7557240128517151,0,0,1,0,0,0,0,1,0
0,pretrained,FP,0/0019.png,325,1.0226978063583374,0,0,1,0,0,0,0,1,0
0,pretrained,FP,0/0019.png,326,0.9440070390701294,0,0,1,0,0,0,0,1,0
0,pretrained,FP,0/0019.png,327,1.1314030885696411,0,0,1,0,0,0,0,1,0
0,pretrained,FP,0/0019.png,328,0.5109863877296448,0,0,1,0,0,0,0,1,0
0,pretrained,FP,0/0019.png,329,0.6161137819290161,0,0,1,0,0,0,0,1,0
0,pretrained,FP,0/0019.png,330,1.0265564918518066,0,0,1,0,0,0,0,1,0
0,pretrained,FP,0/0019.png,331,1.0389070510864258,0,0,1,0,0,0,0,1,0
0,pretrained,FP,0/0019.png,332,0.8591704368591309,0,0,1,0,0,0,0,1,0
0,pretrained,FP,0/0019.png,333,0.7610677480697632,0,0,1,0,0,0,0,1,0
0,pretrained,FP,0/0019.png,334,0.06973308324813843,0,0,1,0,0,0,0,1,0
0,pretrained,FP,0/0019.png,335,0.6789153814315796,0,0,1,0,0,0,0,1,0
0,pretrained,FP,0/0019.png,336,0.8352774977684021,0,0,1,0,0,0,0,1,0
0,pretrained,FP,0/0019.png,337,0.6714777946472168,0,0,1,0,0,0,0,1,0
0,pretrained,FP,0/0019.png,338,0.731596052646637,0,0,1,0,0,0,0,1,0
0,pretrained,FP,0/0019.png,339,0.46976548433303833,0,0,1,0,0,0,0,1,0
0,pretrained,FP,0/0019.png,340,0.16092459857463837,0,0,1,0,0,0,0,1,0
0,pretrained,FP,0/0019.png,341,0.6817281246185303,0,0,1,0,0,0,0,1,0
0,pretrained,FP,0/0019.png,342,1.1365488767623901,0,0,1,0,0,0,0,1,0
0,pretrained,FP,0/0019.png,343,0.9168137311935425,0,0,1,0,0,0,0,1,0
0,pretrained,FP,0/0019.png,344,0.6225703358650208,0,0,1,0,0,0,0,1,0
0,pretrained,FP,0/0019.png,345,0.9222160577774048,0,0,1,0,0,0,0,1,0
0,pretrained,FP,0/0019.png,346,0.463400661945343,0,0,1,0,0,0,0,1,0
0,pretrained,FP,0/0019.png,347,0.2664867043495178,0,0,1,0,0,0,0,1,0
0,pretrained,FP,0/0019.png,348,0.03257317841053009,0,0,1,0,0,0,0,1,0
0,pretrained,FP,0/0019.png,349,1.0696170330047607,0,0,1,0,0,0,0,1,0
0,pretrained,FP,0/0019.png,350,1.0222632884979248,0,0,1,0,0,0,0,1,0
0,pretrained,FP,0/0019.png,351,0.4899595081806183,0,0,1,0,0,0,0,1,0
0,pretrained,FP,0/0019.png,352,1.1199978590011597,0,0,1,0,0,0,0,1,0
0,pretrained,FP,0/0019.png,353,0.5898494720458984,0,0,1,0,0,0,0,1,0
0,pretrained,FP,0/0019.png,354,0.9023895263671875,0,0,1,0,0,0,0,1,0
0,pretrained,FP,0/0019.png,355,0.526498019695282,0,0,1,0,0,0,0,1,0
0,pretrained,FP,0/0019.png,356,0.7371721267700195,0,0,1,0,0,0,0,1,0
0,pretrained,FP,0/0019.png,357,0.6627169251441956,0,0,1,0,0,0,0,1,0
0,pretrained,FP,0/0019.png,358,0.12975455820560455,0,0,1,0,0,0,0,1,0
0,pretrained,FP,0/0019.png,359,0.4752691090106964,0,0,1,0,0,0,0,1,0
0,pretrained,FP,0/0019.png,360,1.1245489120483398,0,0,1,0,0,0,0,1,0
0,pretrained,FP,0/0019.png,361,0.19614027440547943,0,0,1,0,0,0,0,1,0
0,pretrained,FP,0/0019.png,362,0.2127825915813446,0,0,1,0,0,0,0,1,0
0,pretrained,FP,0/0019.png,363,0.8672699928283691,0,0,1,0,0,0,0,1,0
0,pretrained,FP,0/0019.png,364,1.1574933528900146,0,0,1,0,0,0,0,1,0
0,pretrained,FP,0/0019.png,365,1.3214110136032104,0,0,1,0,0,0,0,1,0
0,pretrained,FP,0/0019.png,366,0.30478787422180176,0,0,1,0,0,0,0,1,0
0,pretrained,FP,0/0019.png,367,0.5192243456840515,0,0,1,0,0,0,0,1,0
0,pretrained,FP,0/0019.png,368,0.8169914484024048,0,0,1,0,0,0,0,1,0
0,pretrained,FP,0/0019.png,369,0.023273803293704987,0,0,1,0,0,0,0,1,0
0,pretrained,FP,0/0019.png,370,0.6104348301887512,0,0,1,0,0,0,0,1,0
0,pretrained,FP,0/0019.png,371,1.1777868270874023,0,0,1,0,0,0,0,1,0
0,pretrained,FP,0/0019.png,372,0.538424551486969,0,0,1,0,0,0,0,1,0
0,pretrained,FP,0/0019.png,373,0.2777581810951233,0,0,1,0,0,0,0,1,0
0,pretrained,FP,0/0019.png,374,0.7260230183601379,0,0,1,0,0,0,0,1,0
0,pretrained,FP,0/0019.png,375,0.48494505882263184,0,0,1,0,0,0,0,1,0
0,pretrained,FP,0/0019.png,376,0.2710104286670685,0,0,1,0,0,0,0,1,0
0,pretrained,FP,0/0019.png,377,1.2662020921707153,0,0,1,0,0,0,0,1,0
0,pretrained,FP,0/0019.png,378,0.9983178973197937,0,0,1,0,0,0,0,1,0
0,pretrained,FP,0/0019.png,379,1.2443721294403076,0,0,1,0,0,0,0,1,0
0,pretrained,FP,0/0019.png,380,1.1614755392074585,0,0,1,0,0,0,0,1,0
0,pretrained,FP,0/0019.png,381,1.115687608718872,0,0,1,0,0,0,0,1,0
0,pretrained,FP,0/0019.png,382,0.7534271478652954,0,0,1,0,0,0,0,1,0
0,pretrained,FP,0/0019.png,383,0.5259625315666199,0,0,1,0,0,0,0,1,0
0,pretrained,FP,0/0019.png,384,1.2975202798843384,0,0,1,0,0,0,0,1,0
0,pretrained,FP,0/0019.png,385,0.47472894191741943,0,0,1,0,0,0,0,1,0
0,pretrained,FP,0/0019.png,386,0.9061014652252197,0,0,1,0,0,0,0,1,0
0,pretrained,FP,0/0019.png,387,0.3510746955871582,0,0,1,0,0,0,0,1,0
0,pretrained,FP,0/0019.png,388,1.028853178024292,0,0,1,0,0,0,0,1,0
0,pretrained,FP,0/0019.png,389,1.3301491737365723,0,0,1,0,0,0,0,1,0
0,pretrained,FP,0/0019.png,390,0.9188030958175659,0,0,1,0,0,0,0,1,0
0,pretrained,FP,0/0019.png,391,0.772112250328064,0,0,1,0,0,0,0,1,0
0,pretrained,FP,0/0019.png,392,0.6855913400650024,0,0,1,0,0,0,0,1,0
0,pretrained,FP,0/0019.png,393,0.9014117121696472,0,0,1,0,0,0,0,1,0
0,pretrained,FP,0/0019.png,394,0.648817241191864,0,0,1,0,0,0,0,1,0
0,pretrained,FP,0/0019.png,395,0.08980510383844376,0,0,1,0,0,0,0,1,0
0,pretrained,FP,0/0019.png,396,0.5395259261131287,0,0,1,0,0,0,0,1,0
0,pretrained,FP,0/0019.png,397,0.5843454599380493,0,0,1,0,0,0,0,1,0
0,pretrained,FP,0/0019.png,398,0.5900427103042603,0,0,1,0,0,0,0,1,0
0,pretrained,FP,0/0019.png,399,0.5536105632781982,0,0,1,0,0,0,0,1,0
0,pretrained,FP,0/0019.png,400,1.557792067527771,0,0,1,0,0,0,0,1,0
0,pretrained,FP,0/0019.png,401,0.558574378490448,0,0,1,0,0,0,0,1,0
0,pretrained,FP,0/0019.png,402,0.5897613167762756,0,0,1,0,0,0,0,1,0
0,pretrained,FP,0/0019.png,403,0.18847553431987762,0,0,1,0,0,0,0,1,0
0,pretrained,FP,0/0019.png,404,0.7406443953514099,0,0,1,0,0,0,0,1,0
0,pretrained,FP,0/0019.png,405,0.20074225962162018,0,0,1,0,0,0,0,1,0
0,pretrained,FP,0/0019.png,406,0.8942031860351562,0,0,1,0,0,0,0,1,0
0,pretrained,FP,0/0019.png,407,0.3372024893760681,0,0,1,0,0,0,0,1,0
0,pretrained,FP,0/0019.png,408,0.4588763117790222,0,0,1,0,0,0,0,1,0
0,pretrained,FP,0/0019.png,409,0.5579535961151123,0,0,1,0,0,0,0,1,0
0,pretrained,FP,0/0019.png,410,0.4239889681339264,0,0,1,0,0,0,0,1,0
0,pretrained,FP,0/0019.png,411,0.4765685200691223,0,0,1,0,0,0,0,1,0
0,pretrained,FP,0/0019.png,412,0.7455952167510986,0,0,1,0,0,0,0,1,0
0,pretrained,FP,0/0019.png,413,0.27182385325431824,0,0,1,0,0,0,0,1,0
0,pretrained,FP,0/0019.png,414,0.7382097244262695,0,0,1,0,0,0,0,1,0
0,pretrained,FP,0/0019.png,415,0.7354815602302551,0,0,1,0,0,0,0,1,0
0,pretrained,FP,0/0019.png,416,0.9511730670928955,0,0,1,0,0,0,0,1,0
0,pretrained,FP,0/0019.png,417,0.8302708864212036,0,0,1,0,0,0,0,1,0
0,pretrained,FP,0/0019.png,418,0.7446039915084839,0,0,1,0,0,0,0,1,0
0,pretrained,FP,0/0019.png,419,0.5675732493400574,0,0,1,0,0,0,0,1,0
0,pretrained,FP,0/0019.png,420,0.7884119153022766,0,0,1,0,0,0,0,1,0
0,pretrained,FP,0/0019.png,421,0.40157052874565125,0,0,1,0,0,0,0,1,0
0,pretrained,FP,0/0019.png,422,0.8307352066040039,0,0,1,0,0,0,0,1,0
0,pretrained,FP,0/0019.png,423,0.10614807903766632,0,0,1,0,0,0,0,1,0
0,pretrained,FP,0/0019.png,424,0.84900963306427,0,0,1,0,0,0,0,1,0
0,pretrained,FP,0/0019.png,425,0.9480779767036438,0,0,1,0,0,0,0,1,0
0,pretrained,FP,0/0019.png,426,0.4455331563949585,0,0,1,0,0,0,0,1,0
0,pretrained,FP,0/0019.png,427,1.4328486919403076,0,0,1,0,0,0,0,1,0
0,pretrained,FP,0/0019.png,428,1.231465458869934,0,0,1,0,0,0,0,1,0
0,pretrained,FP,0/0019.png,429,0.802101194858551,0,0,1,0,0,0,0,1,0
0,pretrained,FP,0/0019.png,430,0.585233747959137,0,0,1,0,0,0,0,1,0
0,pretrained,FP,0/0019.png,431,0.6925539970397949,0,0,1,0,0,0,0,1,0
0,pretrained,FP,0/0019.png,432,0.5194131731987,0,0,1,0,0,0,0,1,0
0,pretrained,FP,0/0019.png,433,0.8966038823127747,0,0,1,0,0,0,0,1,0
0,pretrained,FP,0/0019.png,434,0.25537753105163574,0,0,1,0,0,0,0,1,0
0,pretrained,FP,0/0019.png,435,1.1008350849151611,0,0,1,0,0,0,0,1,0
0,pretrained,FP,0/0019.png,436,0.2624761760234833,0,0,1,0,0,0,0,1,0
0,pretrained,FP,0/0019.png,437,0.8080830574035645,0,0,1,0,0,0,0,1,0
0,pretrained,FP,0/0019.png,438,1.0072622299194336,0,0,1,0,0,0,0,1,0
0,pretrained,FP,0/0019.png,439,0.7493830919265747,0,0,1,0,0,0,0,1,0
0,pretrained,FP,0/0019.png,440,0.426103800535202,0,0,1,0,0,0,0,1,0
0,pretrained,FP,0/0019.png,441,0.701108992099762,0,0,1,0,0,0,0,1,0
0,pretrained,FP,0/0019.png,442,0.8359596133232117,0,0,1,0,0,0,0,1,0
0,pretrained,FP,0/0019.png,443,0.3198564946651459,0,0,1,0,0,0,0,1,0
0,pretrained,FP,0/0019.png,444,1.139913558959961,0,0,1,0,0,0,0,1,0
0,pretrained,FP,0/0019.png,445,0.16036079823970795,0,0,1,0,0,0,0,1,0
0,pretrained,FP,0/0019.png,446,1.7109161615371704,0,0,1,0,0,0,0,1,0
0,pretrained,FP,0/0019.png,447,1.0322312116622925,0,0,1,0,0,0,0,1,0
0,pretrained,FP,0/0019.png,448,0.23372870683670044,0,0,1,0,0,0,0,1,0
0,pretrained,FP,0/0019.png,449,0.4133521616458893,0,0,1,0,0,0,0,1,0
0,pretrained,FP,0/0019.png,450,0.609913170337677,0,0,1,0,0,0,0,1,0
0,pretrained,FP,0/0019.png,451,0.18332698941230774,0,0,1,0,0,0,0,1,0
0,pretrained,FP,0/0019.png,452,0.6000901460647583,0,0,1,0,0,0,0,1,0
0,pretrained,FP,0/0019.png,453,0.23329949378967285,0,0,1,0,0,0,0,1,0
0,pretrained,FP,0/0019.png,454,1.1575933694839478,0,0,1,0,0,0,0,1,0
0,pretrained,FP,0/0019.png,455,0.7212453484535217,0,0,1,0,0,0,0,1,0
0,pretrained,FP,0/0019.png,456,0.7117454409599304,0,0,1,0,0,0,0,1,0
0,pretrained,FP,0/0019.png,457,0.8711484670639038,0,0,1,0,0,0,0,1,0
0,pretrained,FP,0/0019.png,458,0.5866390466690063,0,0,1,0,0,0,0,1,0
0,pretrained,FP,0/0019.png,459,0.7562423944473267,0,0,1,0,0,0,0,1,0
0,pretrained,FP,0/0019.png,460,1.1557284593582153,0,0,1,0,0,0,0,1,0
0,pretrained,FP,0/0019.png,461,0.7587767839431763,0,0,1,0,0,0,0,1,0
0,pretrained,FP,0/0019.png,462,0.7536342144012451,0,0,1,0,0,0,0,1,0
0,pretrained,FP,0/0019.png,463,0.0481199249625206,0,0,1,0,0,0,0,1,0
0,pretrained,FP,0/0019.png,464,0.5649428367614746,0,0,1,0,0,0,0,1,0
0,pretrained,FP,0/0019.png,465,0.8926258683204651,0,0,1,0,0,0,0,1,0
0,pretrained,FP,0/0019.png,466,0.49595412611961365,0,0,1,0,0,0,0,1,0
0,pretrained,FP,0/0019.png,467,0.2220093011856079,0,0,1,0,0,0,0,1,0
0,pretrained,FP,0/0019.png,468,0.7674862742424011,0,0,1,0,0,0,0,1,0
0,pretrained,FP,0/0019.png,469,1.1434060335159302,0,0,1,0,0,0,0,1,0
0,pretrained,FP,0/0019.png,470,0.0009382160496897995,0,0,1,0,0,0,0,1,0
0,pretrained,FP,0/0019.png,471,0.1539762318134308,0,0,1,0,0,0,0,1,0
0,pretrained,FP,0/0019.png,472,0.9478420615196228,0,0,1,0,0,0,0,1,0
0,pretrained,FP,0/0019.png,473,1.0701783895492554,0,0,1,0,0,0,0,1,0
0,pretrained,FP,0/0019.png,474,0.0327654667198658,0,0,1,0,0,0,0,1,0
0,pretrained,FP,0/0019.png,475,0.2933328151702881,0,0,1,0,0,0,0,1,0
0,pretrained,FP,0/0019.png,476,0.6102747321128845,0,0,1,0,0,0,0,1,0
0,pretrained,FP,0/0019.png,477,0.7995086908340454,0,0,1,0,0,0,0,1,0
0,pretrained,FP,0/0019.png,478,0.4720950722694397,0,0,1,0,0,0,0,1,0
0,pretrained,FP,0/0019.png,479,1.706454873085022,0,0,1,0,0,0,0,1,0
0,pretrained,FP,0/0019.png,480,0.6307957768440247,0,0,1,0,0,0,0,1,0
0,pretrained,FP,0/0019.png,481,1.7458930015563965,0,0,1,0,0,0,0,1,0
0,pretrained,FP,0/0019.png,482,0.44416362047195435,0,0,1,0,0,0,0,1,0
0,pretrained,FP,0/0019.png,483,0.5416358113288879,0,0,1,0,0,0,0,1,0
0,pretrained,FP,0/0019.png,484,1.8987869024276733,0,0,1,0,0,0,0,1,0
0,pretrained,FP,0/0019.png,485,0.10891436785459518,0,0,1,0,0,0,0,1,0
0,pretrained,FP,0/0019.png,486,0.3037472069263458,0,0,1,0,0,0,0,1,0
0,pretrained,FP,0/0019.png,487,1.3666505813598633,0,0,1,0,0,0,0,1,0
0,pretrained,FP,0/0019.png,488,1.1238200664520264,0,0,1,0,0,0,0,1,0
0,pretrained,FP,0/0019.png,489,0.8725945353507996,0,0,1,0,0,0,0,1,0
0,pretrained,FP,0/0019.png,490,0.5899775624275208,0,0,1,0,0,0,0,1,0
0,pretrained,FP,0/0019.png,491,0.8698552846908569,0,0,1,0,0,0,0,1,0
0,pretrained,FP,0/0019.png,492,0.7191805243492126,0,0,1,0,0,0,0,1,0
0,pretrained,FP,0/0019.png,493,0.5741811990737915,0,0,1,0,0,0,0,1,0
0,pretrained,FP,0/0019.png,494,0.08392852544784546,0,0,1,0,0,0,0,1,0
0,pretrained,FP,0/0019.png,495,0.010275570675730705,0,0,1,0,0,0,0,1,0
0,pretrained,FP,0/0019.png,496,0.7502835392951965,0,0,1,0,0,0,0,1,0
0,pretrained,FP,0/0019.png,497,0.9873450994491577,0,0,1,0,0,0,0,1,0
0,pretrained,FP,0/0019.png,498,0.004469763953238726,0,0,1,0,0,0,0,1,0
0,pretrained,FP,0/0019.png,499,0.29350605607032776,0,0,1,0,0,0,0,1,0
0,pretrained,FP,0/0019.png,500,0.6761095523834229,0,0,1,0,0,0,0,1,0
0,pretrained,FP,0/0019.png,501,1.1823240518569946,0,0,1,0,0,0,0,1,0
0,pretrained,FP,0/0019.png,502,0.5875669717788696,0,0,1,0,0,0,0,1,0
0,pretrained,FP,0/0019.png,503,0.4612003266811371,0,0,1,0,0,0,0,1,0
0,pretrained,FP,0/0019.png,504,0.7288615703582764,0,0,1,0,0,0,0,1,0
0,pretrained,FP,0/0019.png,505,0.9753401875495911,0,0,1,0,0,0,0,1,0
0,pretrained,FP,0/0019.png,506,0.6802694201469421,0,0,1,0,0,0,0,1,0
0,pretrained,FP,0/0019.png,507,0.26553332805633545,0,0,1,0,0,0,0,1,0
0,pretrained,FP,0/0019.png,508,0.4386660158634186,0,0,1,0,0,0,0,1,0
0,pretrained,FP,0/0019.png,509,0.750654935836792,0,0,1,0,0,0,0,1,0
0,pretrained,FP,0/0019.png,510,0.9438444375991821,0,0,1,0,0,0,0,1,0
0,pretrained,FP,0/0019.png,511,0.4027792513370514,0,0,1,0,0,0,0,1,0
0,pretrained,TN,0/0013.png,0,2.482759952545166,0,0,1,1,0,0,0,0,0
0,pretrained,TN,0/0013.png,1,3.0800344944000244,0,0,1,1,0,0,0,0,0
0,pretrained,TN,0/0013.png,2,3.5846800804138184,0,0,1,1,0,0,0,0,0
0,pretrained,TN,0/0013.png,3,2.615032196044922,0,0,1,1,0,0,0,0,0
0,pretrained,TN,0/0013.png,4,2.7230682373046875,0,0,1,1,0,0,0,0,0
0,pretrained,TN,0/0013.png,5,2.568905830383301,0,0,1,1,0,0,0,0,0
0,pretrained,TN,0/0013.png,6,0.0201453547924757,0,0,1,1,0,0,0,0,0
0,pretrained,TN,0/0013.png,7,0.6439314484596252,0,0,1,1,0,0,0,0,0
0,pretrained,TN,0/0013.png,8,0.085493303835392,0,0,1,1,0,0,0,0,0
0,pretrained,TN,0/0013.png,9,3.8679704666137695,0,0,1,1,0,0,0,0,0
0,pretrained,TN,0/0013.png,10,0.8863892555236816,0,0,1,1,0,0,0,0,0
0,pretrained,TN,0/0013.png,11,0.15303823351860046,0,0,1,1,0,0,0,0,0
0,pretrained,TN,0/0013.png,12,0.7095268964767456,0,0,1,1,0,0,0,0,0
0,pretrained,TN,0/0013.png,13,0.8349556922912598,0,0,1,1,0,0,0,0,0
0,pretrained,TN,0/0013.png,14,1.4847209453582764,0,0,1,1,0,0,0,0,0
0,pretrained,TN,0/0013.png,15,0.687474250793457,0,0,1,1,0,0,0,0,0
0,pretrained,TN,0/0013.png,16,0.21438288688659668,0,0,1,1,0,0,0,0,0
0,pretrained,TN,0/0013.png,17,0.5776651501655579,0,0,1,1,0,0,0,0,0
0,pretrained,TN,0/0013.png,18,0.7794672250747681,0,0,1,1,0,0,0,0,0
0,pretrained,TN,0/0013.png,19,0.7881708145141602,0,0,1,1,0,0,0,0,0
0,pretrained,TN,0/0013.png,20,0.4393065571784973,0,0,1,1,0,0,0,0,0
0,pretrained,TN,0/0013.png,21,0.6257629990577698,0,0,1,1,0,0,0,0,0
0,pretrained,TN,0/0013.png,22,0.4264181852340698,0,0,1,1,0,0,0,0,0
0,pretrained,TN,0/0013.png,23,1.8881980180740356,0,0,1,1,0,0,0,0,0
0,pretrained,TN,0/0013.png,24,0.17676937580108643,0,0,1,1,0,0,0,0,0
0,pretrained,TN,0/0013.png,25,0.11685013025999069,0,0,1,1,0,0,0,0,0
0,pretrained,TN,0/0013.png,26,1.8074820041656494,0,0,1,1,0,0,0,0,0
0,pretrained,TN,0/0013.png,27,0.46753302216529846,0,0,1,1,0,0,0,0,0
0,pretrained,TN,0/0013.png,28,0.5982630848884583,0,0,1,1,0,0,0,0,0
0,pretrained,TN,0/0013.png,29,1.3637416362762451,0,0,1,1,0,0,0,0,0
0,pretrained,TN,0/0013.png,30,2.887356758117676,0,0,1,1,0,0,0,0,0
0,pretrained,TN,0/0013.png,31,3.4237887859344482,0,0,1,1,0,0,0,0,0
0,pretrained,TN,0/0013.png,32,2.3350820541381836,0,0,1,1,0,0,0,0,0
0,pretrained,TN,0/0013.png,33,2.7355592250823975,0,0,1,1,0,0,0,0,0
0,pretrained,TN,0/0013.png,34,0.748186469078064,0,0,1,1,0,0,0,0,0
0,pretrained,TN,0/0013.png,35,2.868295192718506,0,0,1,1,0,0,0,0,0
0,pretrained,TN,0/0013.png,36,0.5959075689315796,0,0,1,1,0,0,0,0,0
0,pretrained,TN,0/0013.png,37,0.41620105504989624,0,0,1,1,0,0,0,0,0
0,pretrained,TN,0/0013.png,38,1.2268327474594116,0,0,1,1,0,0,0,0,0
0,pretrained,TN,0/0013.png,39,0.6958940625190735,0,0,1,1,0,0,0,0,0
0,pretrained,TN,0/0013.png,40,1.1084564924240112,0,0,1,1,0,0,0,0,0
0,pretrained,TN,0/0013.png,41,0.5625345706939697,0,0,1,1,0,0,0,0,0
0,pretrained,TN,0/0013.png,42,0.18778344988822937,0,0,1,1,0,0,0,0,0
0,pretrained,TN,0/0013.png,43,2.3655648231506348,0,0,1,1,0,0,0,0,0
0,pretrained,TN,0/0013.png,44,0.2478257417678833,0,0,1,1,0,0,0,0,0
0,pretrained,TN,0/0013.png,45,0.1567474901676178,0,0,1,1,0,0,0,0,0
0,pretrained,TN,0/0013.png,46,3.0265767574310303,0,0,1,1,0,0,0,0,0
0,pretrained,TN,0/0013.png,47,0.9032890200614929,0,0,1,1,0,0,0,0,0
0,pretrained,TN,0/0013.png,48,0.37900954484939575,0,0,1,1,0,0,0,0,0
0,pretrained,TN,0/0013.png,49,0.19738323986530304,0,0,1,1,0,0,0,0,0
0,pretrained,TN,0/0013.png,50,0.5449684262275696,0,0,1,1,0,0,0,0,0
0,pretrained,TN,0/0013.png,51,2.2857613563537598,0,0,1,1,0,0,0,0,0
0,pretrained,TN,0/0013.png,52,3.8592417240142822,0,0,1,1,0,0,0,0,0
0,pretrained,TN,0/0013.png,53,0.42466482520103455,0,0,1,1,0,0,0,0,0
0,pretrained,TN,0/0013.png,54,0.8065062761306763,0,0,1,1,0,0,0,0,0
0,pretrained,TN,0/0013.png,55,3.394362449645996,0,0,1,1,0,0,0,0,0
0,pretrained,TN,0/0013.png,56,1.386780858039856,0,0,1,1,0,0,0,0,0
0,pretrained,TN,0/0013.png,57,2.9782752990722656,0,0,1,1,0,0,0,0,0
0,pretrained,TN,0/0013.png,58,0.17018380761146545,0,0,1,1,0,0,0,0,0
0,pretrained,TN,0/0013.png,59,1.8095300197601318,0,0,1,1,0,0,0,0,0
0,pretrained,TN,0/0013.png,60,2.400383472442627,0,0,1,1,0,0,0,0,0
0,pretrained,TN,0/0013.png,61,2.50811767578125,0,0,1,1,0,0,0,0,0
0,pretrained,TN,0/0013.png,62,0.9153658151626587,0,0,1,1,0,0,0,0,0
0,pretrained,TN,0/0013.png,63,0.7440098524093628,0,0,1,1,0,0,0,0,0
0,pretrained,TN,0/0013.png,64,0.48126867413520813,0,0,1,1,0,0,0,0,0
0,pretrained,TN,0/0013.png,65,0.8777961134910583,0,0,1,1,0,0,0,0,0
0,pretrained,TN,0/0013.png,66,0.6999115943908691,0,0,1,1,0,0,0,0,0
0,pretrained,TN,0/0013.png,67,0.30228158831596375,0,0,1,1,0,0,0,0,0
0,pretrained,TN,0/0013.png,68,2.3354270458221436,0,0,1,1,0,0,0,0,0
0,pretrained,TN,0/0013.png,69,3.429100751876831,0,0,1,1,0,0,0,0,0
0,pretrained,TN,0/0013.png,70,0.5637496709823608,0,0,1,1,0,0,0,0,0
0,pretrained,TN,0/0013.png,71,0.98175448179245,0,0,1,1,0,0,0,0,0
0,pretrained,TN,0/0013.png,72,1.5947173833847046,0,0,1,1,0,0,0,0,0
0,pretrained,TN,0/0013.png,73,0.2831142544746399,0,0,1,1,0,0,0,0,0
0,pretrained,TN,0/0013.png,74,0.06894367933273315,0,0,1,1,0,0,0,0,0
0,pretrained,TN,0/0013.png,75,1.7700791358947754,0,0,1,1,0,0,0,0,0
0,pretrained,TN,0/0013.png,76,1.3946512937545776,0,0,1,1,0,0,0,0,0
0,pretrained,TN,0/0013.png,77,0.8606085777282715,0,0,1,1,0,0,0,0,0
0,pretrained,TN,0/0013.png,78,0.1941034346818924,0,0,1,1,0,0,0,0,0
0,pretrained,TN,0/0013.png,79,0.700825572013855,0,0,1,1,0,0,0,0,0
0,pretrained,TN,0/0013.png,80,0.3973254859447479,0,0,1,1,0,0,0,0,0
0,pretrained,TN,0/0013.png,81,2.2405452728271484,0,0,1,1,0,0,0,0,0
0,pretrained,TN,0/0013.png,82,0.3610125184059143,0,0,1,1,0,0,0,0,0
0,pretrained,TN,0/0013.png,83,1.816074252128601,0,0,1,1,0,0,0,0,0
0,pretrained,TN,0/0013.png,84,1.3774807453155518,0,0,1,1,0,0,0,0,0
0,pretrained,TN,0/0013.png,85,0.3767573833465576,0,0,1,1,0,0,0,0,0
0,pretrained,TN,0/0013.png,86,0.4986025393009186,0,0,1,1,0,0,0,0,0
0,pretrained,TN,0/0013.png,87,2.838329315185547,0,0,1,1,0,0,0,0,0
0,pretrained,TN,0/0013.png,88,0.45076194405555725,0,0,1,1,0,0,0,0,0
0,pretrained,TN,0/0013.png,89,0.32750844955444336,0,0,1,1,0,0,0,0,0
0,pretrained,TN,0/0013.png,90,1.4928157329559326,0,0,1,1,0,0,0,0,0
0,pretrained,TN,0/0013.png,91,0.11651242524385452,0,0,1,1,0,0,0,0,0
0,pretrained,TN,0/0013.png,92,0.25433212518692017,0,0,1,1,0,0,0,0,0
0,pretrained,TN,0/0013.png,93,0.9685558676719666,0,0,1,1,0,0,0,0,0
0,pretrained,TN,0/0013.png,94,0.19487005472183228,0,0,1,1,0,0,0,0,0
0,pretrained,TN,0/0013.png,95,0.768932044506073,0,0,1,1,0,0,0,0,0
0,pretrained,TN,0/0013.png,96,2.5541043281555176,0,0,1,1,0,0,0,0,0
0,pretrained,TN,0/0013.png,97,0.2756304442882538,0,0,1,1,0,0,0,0,0
0,pretrained,TN,0/0013.png,98,0.7376389503479004,0,0,1,1,0,0,0,0,0
0,pretrained,TN,0/0013.png,99,0.06034610792994499,0,0,1,1,0,0,0,0,0
0,pretrained,TN,0/0013.png,100,0.29600003361701965,0,0,1,1,0,0,0,0,0
0,pretrained,TN,0/0013.png,101,0.9709291458129883,0,0,1,1,0,0,0,0,0
0,pretrained,TN,0/0013.png,102,0.327835351228714,0,0,1,1,0,0,0,0,0
0,pretrained,TN,0/0013.png,103,1.4021358489990234,0,0,1,1,0,0,0,0,0
0,pretrained,TN,0/0013.png,104,2.846527338027954,0,0,1,1,0,0,0,0,0
0,pretrained,TN,0/0013.png,105,1.6345469951629639,0,0,1,1,0,0,0,0,0
0,pretrained,TN,0/0013.png,106,1.381982445716858,0,0,1,1,0,0,0,0,0
0,pretrained,TN,0/0013.png,107,0.09090915322303772,0,0,1,1,0,0,0,0,0
0,pretrained,TN,0/0013.png,108,1.7209482192993164,0,0,1,1,0,0,0,0,0
0,pretrained,TN,0/0013.png,109,1.6276111602783203,0,0,1,1,0,0,0,0,0
0,pretrained,TN,0/0013.png,110,1.9709653854370117,0,0,1,1,0,0,0,0,0
0,pretrained,TN,0/0013.png,111,0.5832558870315552,0,0,1,1,0,0,0,0,0
0,pretrained,TN,0/0013.png,112,2.8842933177948,0,0,1,1,0,0,0,0,0
0,pretrained,TN,0/0013.png,113,1.6198205947875977,0,0,1,1,0,0,0,0,0
0,pretrained,TN,0/0013.png,114,0.50639408826828,0,0,1,1,0,0,0,0,0
0,pretrained,TN,0/0013.png,115,0.5549424886703491,0,0,1,1,0,0,0,0,0
0,pretrained,TN,0/0013.png,116,0.842869222164154,0,0,1,1,0,0,0,0,0
0,pretrained,TN,0/0013.png,117,0.12783604860305786,0,0,1,1,0,0,0,0,0
0,pretrained,TN,0/0013.png,118,0.2027539759874344,0,0,1,1,0,0,0,0,0
0,pretrained,TN,0/0013.png,119,0.6092637777328491,0,0,1,1,0,0,0,0,0
0,pretrained,TN,0/0013.png,120,3.134430170059204,0,0,1,1,0,0,0,0,0
0,pretrained,TN,0/0013.png,121,0.22290761768817902,0,0,1,1,0,0,0,0,0
0,pretrained,TN,0/0013.png,122,0.8164154887199402,0,0,1,1,0,0,0,0,0
0,pretrained,TN,0/0013.png,123,1.5378473997116089,0,0,1,1,0,0,0,0,0
0,pretrained,TN,0/0013.png,124,0.1660861372947693,0,0,1,1,0,0,0,0,0
0,pretrained,TN,0/0013.png,125,3.1362504959106445,0,0,1,1,0,0,0,0,0
0,pretrained,TN,0/0013.png,126,0.6459223628044128,0,0,1,1,0,0,0,0,0
0,pretrained,TN,0/0013.png,127,3.1433746814727783,0,0,1,1,0,0,0,0,0
0,pretrained,TN,0/0013.png,128,1.068710446357727,0,0,1,1,0,0,0,0,0
0,pretrained,TN,0/0013.png,129,0.5392221808433533,0,0,1,1,0,0,0,0,0
0,pretrained,TN,0/0013.png,130,1.1344929933547974,0,0,1,1,0,0,0,0,0
0,pretrained,TN,0/0013.png,131,0.37199172377586365,0,0,1,1,0,0,0,0,0
0,pretrained,TN,0/0013.png,132,1.8010025024414062,0,0,1,1,0,0,0,0,0
0,pretrained,TN,0/0013.png,133,0.7414855360984802,0,0,1,1,0,0,0,0,0
0,pretrained,TN,0/0013.png,134,4.9858717918396,0,0,1,1,0,0,0,0,0
0,pretrained,TN,0/0013.png,135,0.42923760414123535,0,0,1,1,0,0,0,0,0
0,pretrained,TN,0/0013.png,136,3.5637340545654297,0,0,1,1,0,0,0,0,0
0,pretrained,TN,0/0013.png,137,2.8963849544525146,0,0,1,1,0,0,0,0,0
0,pretrained,TN,0/0013.png,138,3.404128313064575,0,0,1,1,0,0,0,0,0
0,pretrained,TN,0/0013.png,139,0.5915631055831909,0,0,1,1,0,0,0,0,0
0,pretrained,TN,0/0013.png,140,2.5370700359344482,0,0,1,1,0,0,0,0,0
0,pretrained,TN,0/0013.png,141,4.167516708374023,0,0,1,1,0,0,0,0,0
0,pretrained,TN,0/0013.png,142,4.197544574737549,0,0,1,1,0,0,0,0,0
0,pretrained,TN,0/0013.png,143,3.740149974822998,0,0,1,1,0,0,0,0,0
0,pretrained,TN,0/0013.png,144,1.0649356842041016,0,0,1,1,0,0,0,0,0
0,pretrained,TN,0/0013.png,145,0.7519698143005371,0,0,1,1,0,0,0,0,0
0,pretrained,TN,0/0013.png,146,0.156884104013443,0,0,1,1,0,0,0,0,0
0,pretrained,TN,0/0013.png,147,1.1630951166152954,0,0,1,1,0,0,0,0,0
0,pretrained,TN,0/0013.png,148,0.8688456416130066,0,0,1,1,0,0,0,0,0
0,pretrained,TN,0/0013.png,149,2.3000826835632324,0,0,1,1,0,0,0,0,0
0,pretrained,TN,0/0013.png,150,2.7827045917510986,0,0,1,1,0,0,0,0,0
0,pretrained,TN,0/0013.png,151,0.6886047720909119,0,0,1,1,0,0,0,0,0
0,pretrained,TN,0/0013.png,152,1.4895782470703125,0,0,1,1,0,0,0,0,0
0,pretrained,TN,0/0013.png,153,3.509352922439575,0,0,1,1,0,0,0,0,0
0,pretrained,TN,0/0013.png,154,0.18237820267677307,0,0,1,1,0,0,0,0,0
0,pretrained,TN,0/0013.png,155,0.45077893137931824,0,0,1,1,0,0,0,0,0
0,pretrained,TN,0/0013.png,156,1.5267202854156494,0,0,1,1,0,0,0,0,0
0,pretrained,TN,0/0013.png,157,0.4965398609638214,0,0,1,1,0,0,0,0,0
0,pretrained,TN,0/0013.png,158,0.7438639402389526,0,0,1,1,0,0,0,0,0
0,pretrained,TN,0/0013.png,159,2.725691556930542,0,0,1,1,0,0,0,0,0
0,pretrained,TN,0/0013.png,160,3.520378351211548,0,0,1,1,0,0,0,0,0
0,pretrained,TN,0/0013.png,161,4.15007209777832,0,0,1,1,0,0,0,0,0
0,pretrained,TN,0/0013.png,162,3.19504976272583,0,0,1,1,0,0,0,0,0
0,pretrained,TN,0/0013.png,163,3.5282857418060303,0,0,1,1,0,0,0,0,0
0,pretrained,TN,0/0013.png,164,0.4584423303604126,0,0,1,1,0,0,0,0,0
0,pretrained,TN,0/0013.png,165,0.9585466384887695,0,0,1,1,0,0,0,0,0
0,pretrained,TN,0/0013.png,166,0.28863388299942017,0,0,1,1,0,0,0,0,0
0,pretrained,TN,0/0013.png,167,0.049722056835889816,0,0,1,1,0,0,0,0,0
0,pretrained,TN,0/0013.png,168,0.6449346542358398,0,0,1,1,0,0,0,0,0
0,pretrained,TN,0/0013.png,169,0.05646469071507454,0,0,1,1,0,0,0,0,0
0,pretrained,TN,0/0013.png,170,0.2814597189426422,0,0,1,1,0,0,0,0,0
0,pretrained,TN,0/0013.png,171,0.22121287882328033,0,0,1,1,0,0,0,0,0
0,pretrained,TN,0/0013.png,172,2.6083896160125732,0,0,1,1,0,0,0,0,0
0,pretrained,TN,0/0013.png,173,2.7879791259765625,0,0,1,1,0,0,0,0,0
0,pretrained,TN,0/0013.png,174,2.1981003284454346,0,0,1,1,0,0,0,0,0
0,pretrained,TN,0/0013.png,175,0.3502519130706787,0,0,1,1,0,0,0,0,0
0,pretrained,TN,0/0013.png,176,1.8622615337371826,0,0,1,1,0,0,0,0,0
0,pretrained,TN,0/0013.png,177,0.8068642616271973,0,0,1,1,0,0,0,0,0
0,pretrained,TN,0/0013.png,178,0.11474405974149704,0,0,1,1,0,0,0,0,0
0,pretrained,TN,0/0013.png,179,0.5570755004882812,0,0,1,1,0,0,0,0,0
0,pretrained,TN,0/0013.png,180,0.3868750333786011,0,0,1,1,0,0,0,0,0
0,pretrained,TN,0/0013.png,181,0.07490617036819458,0,0,1,1,0,0,0,0,0
0,pretrained,TN,0/0013.png,182,1.11376953125,0,0,1,1,0,0,0,0,0
0,pretrained,TN,0/0013.png,183,3.4172990322113037,0,0,1,1,0,0,0,0,0
0,pretrained,TN,0/0013.png,184,1.9644041061401367,0,0,1,1,0,0,0,0,0
0,pretrained,TN,0/0013.png,185,0.6143616437911987,0,0,1,1,0,0,0,0,0
0,pretrained,TN,0/0013.png,186,0.4288753271102905,0,0,1,1,0,0,0,0,0
0,pretrained,TN,0/0013.png,187,0.3056248426437378,0,0,1,1,0,0,0,0,0
0,pretrained,TN,0/0013.png,188,0.0063416482880711555,0,0,1,1,0,0,0,0,0
0,pretrained,TN,0/0013.png,189,0.9051279425621033,0,0,1,1,0,0,0,0,0
0,pretrained,TN,0/0013.png,190,0.7143158912658691,0,0,1,1,0,0,0,0,0
0,pretrained,TN,0/0013.png,191,3.7892534732818604,0,0,1,1,0,0,0,0,0
0,pretrained,TN,0/0013.png,192,0.16944535076618195,0,0,1,1,0,0,0,0,0
0,pretrained,TN,0/0013.png,193,1.0115066766738892,0,0,1,1,0,0,0,0,0
0,pretrained,TN,0/0013.png,194,0.2097170352935791,0,0,1,1,0,0,0,0,0
0,pretrained,TN,0/0013.png,195,2.9081807136535645,0,0,1,1,0,0,0,0,0
0,pretrained,TN,0/0013.png,196,0.6356902718544006,0,0,1,1,0,0,0,0,0
0,pretrained,TN,0/0013.png,197,2.568838119506836,0,0,1,1,0,0,0,0,0
0,pretrained,TN,0/0013.png,198,0.7092504501342773,0,0,1,1,0,0,0,0,0
0,pretrained,TN,0/0013.png,199,0.27329233288764954,0,0,1,1,0,0,0,0,0
0,pretrained,TN,0/0013.png,200,0.7128749489784241,0,0,1,1,0,0,0,0,0
0,pretrained,TN,0/0013.png,201,1.2133482694625854,0,0,1,1,0,0,0,0,0
0,pretrained,TN,0/0013.png,202,1.7545238733291626,0,0,1,1,0,0,0,0,0
0,pretrained,TN,0/0013.png,203,0.389285683631897,0,0,1,1,0,0,0,0,0
0,pretrained,TN,0/0013.png,204,2.0721306800842285,0,0,1,1,0,0,0,0,0
0,pretrained,TN,0/0013.png,205,0.29915639758110046,0,0,1,1,0,0,0,0,0
0,pretrained,TN,0/0013.png,206,1.7719011306762695,0,0,1,1,0,0,0,0,0
0,pretrained,TN,0/0013.png,207,2.9798471927642822,0,0,1,1,0,0,0,0,0
0,pretrained,TN,0/0013.png,208,1.1324386596679688,0,0,1,1,0,0,0,0,0
0,pretrained,TN,0/0013.png,209,2.855118989944458,0,0,1,1,0,0,0,0,0
0,pretrained,TN,0/0013.png,210,1.7082833051681519,0,0,1,1,0,0,0,0,0
0,pretrained,TN,0/0013.png,211,0.2169313281774521,0,0,1,1,0,0,0,0,0
0,pretrained,TN,0/0013.png,212,3.0600826740264893,0,0,1,1,0,0,0,0,0
0,pretrained,TN,0/0013.png,213,1.3166818618774414,0,0,1,1,0,0,0,0,0
0,pretrained,TN,0/0013.png,214,0.26745057106018066,0,0,1,1,0,0,0,0,0
0,pretrained,TN,0/0013.png,215,0.47548842430114746,0,0,1,1,0,0,0,0,0
0,pretrained,TN,0/0013.png,216,0.4204687476158142,0,0,1,1,0,0,0,0,0
0,pretrained,TN,0/0013.png,217,0.6103119254112244,0,0,1,1,0,0,0,0,0
0,pretrained,TN,0/0013.png,218,1.2674239873886108,0,0,1,1,0,0,0,0,0
0,pretrained,TN,0/0013.png,219,0.15839268267154694,0,0,1,1,0,0,0,0,0
0,pretrained,TN,0/0013.png,220,0.009513571858406067,0,0,1,1,0,0,0,0,0
0,pretrained,TN,0/0013.png,221,0.6360476016998291,0,0,1,1,0,0,0,0,0
0,pretrained,TN,0/0013.png,222,2.6135480403900146,0,0,1,1,0,0,0,0,0
0,pretrained,TN,0/0013.png,223,0.8916391134262085,0,0,1,1,0,0,0,0,0
0,pretrained,TN,0/0013.png,224,1.3474090099334717,0,0,1,1,0,0,0,0,0
0,pretrained,TN,0/0013.png,225,0.14834290742874146,0,0,1,1,0,0,0,0,0
0,pretrained,TN,0/0013.png,226,0.9746711850166321,0,0,1,1,0,0,0,0,0
0,pretrained,TN,0/0013.png,227,0.4427655339241028,0,0,1,1,0,0,0,0,0
0,pretrained,TN,0/0013.png,228,1.06900155544281,0,0,1,1,0,0,0,0,0
0,pretrained,TN,0/0013.png,229,0.07746586948633194,0,0,1,1,0,0,0,0,0
0,pretrained,TN,0/0013.png,230,0.17108961939811707,0,0,1,1,0,0,0,0,0
0,pretrained,TN,0/0013.png,231,0.7899690866470337,0,0,1,1,0,0,0,0,0
0,pretrained,TN,0/0013.png,232,0.7300941944122314,0,0,1,1,0,0,0,0,0
0,pretrained,TN,0/0013.png,233,0.8905540108680725,0,0,1,1,0,0,0,0,0
0,pretrained,TN,0/0013.png,234,0.5474926829338074,0,0,1,1,0,0,0,0,0
0,pretrained,TN,0/0013.png,235,0.4962448477745056,0,0,1,1,0,0,0,0,0
0,pretrained,TN,0/0013.png,236,0.3386590778827667,0,0,1,1,0,0,0,0,0
0,pretrained,TN,0/0013.png,237,0.06805343925952911,0,0,1,1,0,0,0,0,0
0,pretrained,TN,0/0013.png,238,0.8053194284439087,0,0,1,1,0,0,0,0,0
0,pretrained,TN,0/0013.png,239,0.13531608879566193,0,0,1,1,0,0,0,0,0
0,pretrained,TN,0/0013.png,240,1.8895915746688843,0,0,1,1,0,0,0,0,0
0,pretrained,TN,0/0013.png,241,0.42567041516304016,0,0,1,1,0,0,0,0,0
0,pretrained,TN,0/0013.png,242,3.8853373527526855,0,0,1,1,0,0,0,0,0
0,pretrained,TN,0/0013.png,243,2.9904582500457764,0,0,1,1,0,0,0,0,0
0,pretrained,TN,0/0013.png,244,0.557774543762207,0,0,1,1,0,0,0,0,0
0,pretrained,TN,0/0013.png,245,1.675273060798645,0,0,1,1,0,0,0,0,0
0,pretrained,TN,0/0013.png,246,1.8092827796936035,0,0,1,1,0,0,0,0,0
0,pretrained,TN,0/0013.png,247,1.9609988927841187,0,0,1,1,0,0,0,0,0
0,pretrained,TN,0/0013.png,248,0.14567247033119202,0,0,1,1,0,0,0,0,0
0,pretrained,TN,0/0013.png,249,0.5837570428848267,0,0,1,1,0,0,0,0,0
0,pretrained,TN,0/0013.png,250,0.7451300621032715,0,0,1,1,0,0,0,0,0
0,pretrained,TN,0/0013.png,251,0.14555126428604126,0,0,1,1,0,0,0,0,0
0,pretrained,TN,0/0013.png,252,0.0483352392911911,0,0,1,1,0,0,0,0,0
0,pretrained,TN,0/0013.png,253,0.5745320916175842,0,0,1,1,0,0,0,0,0
0,pretrained,TN,0/0013.png,254,0.22028279304504395,0,0,1,1,0,0,0,0,0
0,pretrained,TN,0/0013.png,255,0.5339116454124451,0,0,1,1,0,0,0,0,0
0,pretrained,TN,0/0013.png,256,3.488720417022705,0,0,1,1,0,0,0,0,0
0,pretrained,TN,0/0013.png,257,0.5044832229614258,0,0,1,1,0,0,0,0,0
0,pretrained,TN,0/0013.png,258,1.1671839952468872,0,0,1,1,0,0,0,0,0
0,pretrained,TN,0/0013.png,259,1.0890026092529297,0,0,1,1,0,0,0,0,0
0,pretrained,TN,0/0013.png,260,0.876863420009613,0,0,1,1,0,0,0,0,0
0,pretrained,TN,0/0013.png,261,2.0185916423797607,0,0,1,1,0,0,0,0,0
0,pretrained,TN,0/0013.png,262,0.3602239787578583,0,0,1,1,0,0,0,0,0
0,pretrained,TN,0/0013.png,263,0.6513611674308777,0,0,1,1,0,0,0,0,0
0,pretrained,TN,0/0013.png,264,0.1757701337337494,0,0,1,1,0,0,0,0,0
0,pretrained,TN,0/0013.png,265,0.11090824753046036,0,0,1,1,0,0,0,0,0
0,pretrained,TN,0/0013.png,266,0.6912989616394043,0,0,1,1,0,0,0,0,0
0,pretrained,TN,0/0013.png,267,0.011714194901287556,0,0,1,1,0,0,0,0,0
0,pretrained,TN,0/0013.png,268,0.6428720951080322,0,0,1,1,0,0,0,0,0
0,pretrained,TN,0/0013.png,269,1.2776999473571777,0,0,1,1,0,0,0,0,0
0,pretrained,TN,0/0013.png,270,2.194404125213623,0,0,1,1,0,0,0,0,0
0,pretrained,TN,0/0013.png,271,1.335556983947754,0,0,1,1,0,0,0,0,0
0,pretrained,TN,0/0013.png,272,3.774695873260498,0,0,1,1,0,0,0,0,0
0,pretrained,TN,0/0013.png,273,1.2934683561325073,0,0,1,1,0,0,0,0,0
0,pretrained,TN,0/0013.png,274,1.0436242818832397,0,0,1,1,0,0,0,0,0
0,pretrained,TN,0/0013.png,275,1.2325003147125244,0,0,1,1,0,0,0,0,0
0,pretrained,TN,0/0013.png,276,0.27824506163597107,0,0,1,1,0,0,0,0,0
0,pretrained,TN,0/0013.png,277,2.742593765258789,0,0,1,1,0,0,0,0,0
0,pretrained,TN,0/0013.png,278,2.203261375427246,0,0,1,1,0,0,0,0,0
0,pretrained,TN,0/0013.png,279,2.7621660232543945,0,0,1,1,0,0,0,0,0
0,pretrained,TN,0/0013.png,280,0.18875783681869507,0,0,1,1,0,0,0,0,0
0,pretrained,TN,0/0013.png,281,0.10273673385381699,0,0,1,1,0,0,0,0,0
0,pretrained,TN,0/0013.png,282,1.1712640523910522,0,0,1,1,0,0,0,0,0
0,pretrained,TN,0/0013.png,283,3.7199501991271973,0,0,1,1,0,0,0,0,0
0,pretrained,TN,0/0013.png,284,1.2680772542953491,0,0,1,1,0,0,0,0,0
0,pretrained,TN,0/0013.png,285,1.8651739358901978,0,0,1,1,0,0,0,0,0
0,pretrained,TN,0/0013.png,286,0.5022011995315552,0,0,1,1,0,0,0,0,0
0,pretrained,TN,0/0013.png,287,2.8285977840423584,0,0,1,1,0,0,0,0,0
0,pretrained,TN,0/0013.png,288,0.2560141980648041,0,0,1,1,0,0,0,0,0
0,pretrained,TN,0/0013.png,289,0.20030657947063446,0,0,1,1,0,0,0,0,0
0,pretrained,TN,0/0013.png,290,0.13034206628799438,0,0,1,1,0,0,0,0,0
0,pretrained,TN,0/0013.png,291,0.12939190864562988,0,0,1,1,0,0,0,0,0
0,pretrained,TN,0/0013.png,292,1.5743403434753418,0,0,1,1,0,0,0,0,0
0,pretrained,TN,0/0013.png,293,2.4177255630493164,0,0,1,1,0,0,0,0,0
0,pretrained,TN,0/0013.png,294,3.6120975017547607,0,0,1,1,0,0,0,0,0
0,pretrained,TN,0/0013.png,295,1.7405028343200684,0,0,1,1,0,0,0,0,0
0,pretrained,TN,0/0013.png,296,1.060634732246399,0,0,1,1,0,0,0,0,0
0,pretrained,TN,0/0013.png,297,0.6414926648139954,0,0,1,1,0,0,0,0,0
0,pretrained,TN,0/0013.png,298,0.5311477184295654,0,0,1,1,0,0,0,0,0
0,pretrained,TN,0/0013.png,299,2.509901285171509,0,0,1,1,0,0,0,0,0
0,pretrained,TN,0/0013.png,300,2.2623543739318848,0,0,1,1,0,0,0,0,0
0,pretrained,TN,0/0013.png,301,0.4628106653690338,0,0,1,1,0,0,0,0,0
0,pretrained,TN,0/0013.png,302,0.7066382765769958,0,0,1,1,0,0,0,0,0
0,pretrained,TN,0/0013.png,303,1.3731216192245483,0,0,1,1,0,0,0,0,0
0,pretrained,TN,0/0013.png,304,0.69097900390625,0,0,1,1,0,0,0,0,0
0,pretrained,TN,0/0013.png,305,0.687597393989563,0,0,1,1,0,0,0,0,0
0,pretrained,TN,0/0013.png,306,0.7307548522949219,0,0,1,1,0,0,0,0,0
0,pretrained,TN,0/0013.png,307,1.3871194124221802,0,0,1,1,0,0,0,0,0
0,pretrained,TN,0/0013.png,308,1.0730153322219849,0,0,1,1,0,0,0,0,0
0,pretrained,TN,0/0013.png,309,0.5468448996543884,0,0,1,1,0,0,0,0,0
0,pretrained,TN,0/0013.png,310,0.2910921275615692,0,0,1,1,0,0,0,0,0
0,pretrained,TN,0/0013.png,311,2.9248759746551514,0,0,1,1,0,0,0,0,0
0,pretrained,TN,0/0013.png,312,0.6026858687400818,0,0,1,1,0,0,0,0,0
0,pretrained,TN,0/0013.png,313,1.459206223487854,0,0,1,1,0,0,0,0,0
0,pretrained,TN,0/0013.png,314,0.7645339369773865,0,0,1,1,0,0,0,0,0
0,pretrained,TN,0/0013.png,315,0.21729877591133118,0,0,1,1,0,0,0,0,0
0,pretrained,TN,0/0013.png,316,1.6534076929092407,0,0,1,1,0,0,0,0,0
0,pretrained,TN,0/0013.png,317,2.2681832313537598,0,0,1,1,0,0,0,0,0
0,pretrained,TN,0/0013.png,318,0.6780238747596741,0,0,1,1,0,0,0,0,0
0,pretrained,TN,0/0013.png,319,0.7838488817214966,0,0,1,1,0,0,0,0,0
0,pretrained,TN,0/0013.png,320,0.5881565809249878,0,0,1,1,0,0,0,0,0
0,pretrained,TN,0/0013.png,321,0.35159847140312195,0,0,1,1,0,0,0,0,0
0,pretrained,TN,0/0013.png,322,3.931680679321289,0,0,1,1,0,0,0,0,0
0,pretrained,TN,0/0013.png,323,2.5875864028930664,0,0,1,1,0,0,0,0,0
0,pretrained,TN,0/0013.png,324,0.7848783731460571,0,0,1,1,0,0,0,0,0
0,pretrained,TN,0/0013.png,325,1.461991548538208,0,0,1,1,0,0,0,0,0
0,pretrained,TN,0/0013.png,326,1.6717537641525269,0,0,1,1,0,0,0,0,0
0,pretrained,TN,0/0013.png,327,0.4962812662124634,0,0,1,1,0,0,0,0,0
0,pretrained,TN,0/0013.png,328,1.331977367401123,0,0,1,1,0,0,0,0,0
0,pretrained,TN,0/0013.png,329,0.15413737297058105,0,0,1,1,0,0,0,0,0
0,pretrained,TN,0/0013.png,330,0.3357910215854645,0,0,1,1,0,0,0,0,0
0,pretrained,TN,0/0013.png,331,1.1129182577133179,0,0,1,1,0,0,0,0,0
0,pretrained,TN,0/0013.png,332,0.9332712888717651,0,0,1,1,0,0,0,0,0
0,pretrained,TN,0/0013.png,333,1.9476615190505981,0,0,1,1,0,0,0,0,0
0,pretrained,TN,0/0013.png,334,3.4323575496673584,0,0,1,1,0,0,0,0,0
0,pretrained,TN,0/0013.png,335,0.09156569838523865,0,0,1,1,0,0,0,0,0
0,pretrained,TN,0/0013.png,336,0.7921851277351379,0,0,1,1,0,0,0,0,0
0,pretrained,TN,0/0013.png,337,0.90912264585495,0,0,1,1,0,0,0,0,0
0,pretrained,TN,0/0013.png,338,2.3109734058380127,0,0,1,1,0,0,0,0,0
0,pretrained,TN,0/0013.png,339,1.5967586040496826,0,0,1,1,0,0,0,0,0
0,pretrained,TN,0/0013.png,340,4.774763584136963,0,0,1,1,0,0,0,0,0
0,pretrained,TN,0/0013.png,341,0.25305768847465515,0,0,1,1,0,0,0,0,0
0,pretrained,TN,0/0013.png,342,0.7985153794288635,0,0,1,1,0,0,0,0,0
0,pretrained,TN,0/0013.png,343,2.5499067306518555,0,0,1,1,0,0,0,0,0
0,pretrained,TN,0/0013.png,344,2.438828229904175,0,0,1,1,0,0,0,0,0
0,pretrained,TN,0/0013.png,345,0.2194080352783203,0,0,1,1,0,0,0,0,0
0,pretrained,TN,0/0013.png,346,1.0557265281677246,0,0,1,1,0,0,0,0,0
0,pretrained,TN,0/0013.png,347,3.8874990940093994,0,0,1,1,0,0,0,0,0
0,pretrained,TN,0/0013.png,348,2.5194051265716553,0,0,1,1,0,0,0,0,0
0,pretrained,TN,0/0013.png,349,0.2292519062757492,0,0,1,1,0,0,0,0,0
0,pretrained,TN,0/0013.png,350,0.3368011713027954,0,0,1,1,0,0,0,0,0
0,pretrained,TN,0/0013.png,351,0.04712434113025665,0,0,1,1,0,0,0,0,0
0,pretrained,TN,0/0013.png,352,0.8843960165977478,0,0,1,1,0,0,0,0,0
0,pretrained,TN,0/0013.png,353,0.45327386260032654,0,0,1,1,0,0,0,0,0
0,pretrained,TN,0/0013.png,354,0.32004764676094055,0,0,1,1,0,0,0,0,0
0,pretrained,TN,0/0013.png,355,0.1598738431930542,0,0,1,1,0,0,0,0,0
0,pretrained,TN,0/0013.png,356,0.2486748993396759,0,0,1,1,0,0,0,0,0
0,pretrained,TN,0/0013.png,357,0.7068017721176147,0,0,1,1,0,0,0,0,0
0,pretrained,TN,0/0013.png,358,2.977059841156006,0,0,1,1,0,0,0,0,0
0,pretrained,TN,0/0013.png,359,0.5828923583030701,0,0,1,1,0,0,0,0,0
0,pretrained,TN,0/0013.png,360,0.8072323203086853,0,0,1,1,0,0,0,0,0
0,pretrained,TN,0/0013.png,361,2.7818188667297363,0,0,1,1,0,0,0,0,0
0,pretrained,TN,0/0013.png,362,1.997750997543335,0,0,1,1,0,0,0,0,0
0,pretrained,TN,0/0013.png,363,0.3295743465423584,0,0,1,1,0,0,0,0,0
0,pretrained,TN,0/0013.png,364,0.1851842850446701,0,0,1,1,0,0,0,0,0
0,pretrained,TN,0/0013.png,365,0.5583028197288513,0,0,1,1,0,0,0,0,0
0,pretrained,TN,0/0013.png,366,3.2547619342803955,0,0,1,1,0,0,0,0,0
0,pretrained,TN,0/0013.png,367,2.509756088256836,0,0,1,1,0,0,0,0,0
0,pretrained,TN,0/0013.png,368,1.3614609241485596,0,0,1,1,0,0,0,0,0
0,pretrained,TN,0/0013.png,369,2.7297468185424805,0,0,1,1,0,0,0,0,0
0,pretrained,TN,0/0013.png,370,0.6755943894386292,0,0,1,1,0,0,0,0,0
0,pretrained,TN,0/0013.png,371,0.2761189639568329,0,0,1,1,0,0,0,0,0
0,pretrained,TN,0/0013.png,372,1.4192423820495605,0,0,1,1,0,0,0,0,0
0,pretrained,TN,0/0013.png,373,1.3088937997817993,0,0,1,1,0,0,0,0,0
0,pretrained,TN,0/0013.png,374,0.9448171257972717,0,0,1,1,0,0,0,0,0
0,pretrained,TN,0/0013.png,375,0.135113924741745,0,0,1,1,0,0,0,0,0
0,pretrained,TN,0/0013.png,376,2.956380844116211,0,0,1,1,0,0,0,0,0
0,pretrained,TN,0/0013.png,377,0.8502885699272156,0,0,1,1,0,0,0,0,0
0,pretrained,TN,0/0013.png,378,0.7912599444389343,0,0,1,1,0,0,0,0,0
0,pretrained,TN,0/0013.png,379,0.8240430355072021,0,0,1,1,0,0,0,0,0
0,pretrained,TN,0/0013.png,380,0.8536681532859802,0,0,1,1,0,0,0,0,0
0,pretrained,TN,0/0013.png,381,0.8050310015678406,0,0,1,1,0,0,0,0,0
0,pretrained,TN,0/0013.png,382,0.14102619886398315,0,0,1,1,0,0,0,0,0
0,pretrained,TN,0/0013.png,383,0.14752806723117828,0,0,1,1,0,0,0,0,0
0,pretrained,TN,0/0013.png,384,0.6749325394630432,0,0,1,1,0,0,0,0,0
0,pretrained,TN,0/0013.png,385,0.49185240268707275,0,0,1,1,0,0,0,0,0
0,pretrained,TN,0/0013.png,386,1.268917202949524,0,0,1,1,0,0,0,0,0
0,pretrained,TN,0/0013.png,387,2.7868499755859375,0,0,1,1,0,0,0,0,0
0,pretrained,TN,0/0013.png,388,2.245840072631836,0,0,1,1,0,0,0,0,0
0,pretrained,TN,0/0013.png,389,1.1775641441345215,0,0,1,1,0,0,0,0,0
0,pretrained,TN,0/0013.png,390,0.35735833644866943,0,0,1,1,0,0,0,0,0
0,pretrained,TN,0/0013.png,391,1.141026496887207,0,0,1,1,0,0,0,0,0
0,pretrained,TN,0/0013.png,392,0.30554017424583435,0,0,1,1,0,0,0,0,0
0,pretrained,TN,0/0013.png,393,2.48886775970459,0,0,1,1,0,0,0,0,0
0,pretrained,TN,0/0013.png,394,0.38381412625312805,0,0,1,1,0,0,0,0,0
0,pretrained,TN,0/0013.png,395,3.2965099811553955,0,0,1,1,0,0,0,0,0
0,pretrained,TN,0/0013.png,396,0.274027556180954,0,0,1,1,0,0,0,0,0
0,pretrained,TN,0/0013.png,397,0.5979061722755432,0,0,1,1,0,0,0,0,0
0,pretrained,TN,0/0013.png,398,2.57029128074646,0,0,1,1,0,0,0,0,0
0,pretrained,TN,0/0013.png,399,1.8997468948364258,0,0,1,1,0,0,0,0,0
0,pretrained,TN,0/0013.png,400,0.35522791743278503,0,0,1,1,0,0,0,0,0
0,pretrained,TN,0/0013.png,401,0.10332676768302917,0,0,1,1,0,0,0,0,0
0,pretrained,TN,0/0013.png,402,2.8083252906799316,0,0,1,1,0,0,0,0,0
0,pretrained,TN,0/0013.png,403,3.1657466888427734,0,0,1,1,0,0,0,0,0
0,pretrained,TN,0/0013.png,404,0.2767159044742584,0,0,1,1,0,0,0,0,0
0,pretrained,TN,0/0013.png,405,3.0265328884124756,0,0,1,1,0,0,0,0,0
0,pretrained,TN,0/0013.png,406,0.41844937205314636,0,0,1,1,0,0,0,0,0
0,pretrained,TN,0/0013.png,407,0.5252847671508789,0,0,1,1,0,0,0,0,0
0,pretrained,TN,0/0013.png,408,3.0062038898468018,0,0,1,1,0,0,0,0,0
0,pretrained,TN,0/0013.png,409,0.11639061570167542,0,0,1,1,0,0,0,0,0
0,pretrained,TN,0/0013.png,410,0.12671230733394623,0,0,1,1,0,0,0,0,0
0,pretrained,TN,0/0013.png,411,1.008263111114502,0,0,1,1,0,0,0,0,0
0,pretrained,TN,0/0013.png,412,2.2109739780426025,0,0,1,1,0,0,0,0,0
0,pretrained,TN,0/0013.png,413,3.7563579082489014,0,0,1,1,0,0,0,0,0
0,pretrained,TN,0/0013.png,414,0.8072448968887329,0,0,1,1,0,0,0,0,0
0,pretrained,TN,0/0013.png,415,0.7373371720314026,0,0,1,1,0,0,0,0,0
0,pretrained,TN,0/0013.png,416,0.17969559133052826,0,0,1,1,0,0,0,0,0
0,pretrained,TN,0/0013.png,417,0.08246789872646332,0,0,1,1,0,0,0,0,0
0,pretrained,TN,0/0013.png,418,0.09962072968482971,0,0,1,1,0,0,0,0,0
0,pretrained,TN,0/0013.png,419,0.05801547318696976,0,0,1,1,0,0,0,0,0
0,pretrained,TN,0/0013.png,420,2.648254632949829,0,0,1,1,0,0,0,0,0
0,pretrained,TN,0/0013.png,421,1.3613826036453247,0,0,1,1,0,0,0,0,0
0,pretrained,TN,0/0013.png,422,0.1423892229795456,0,0,1,1,0,0,0,0,0
0,pretrained,TN,0/0013.png,423,1.6000378131866455,0,0,1,1,0,0,0,0,0
0,pretrained,TN,0/0013.png,424,0.9032878279685974,0,0,1,1,0,0,0,0,0
0,pretrained,TN,0/0013.png,425,0.43171426653862,0,0,1,1,0,0,0,0,0
0,pretrained,TN,0/0013.png,426,2.3677549362182617,0,0,1,1,0,0,0,0,0
0,pretrained,TN,0/0013.png,427,1.3881571292877197,0,0,1,1,0,0,0,0,0
0,pretrained,TN,0/0013.png,428,0.38206058740615845,0,0,1,1,0,0,0,0,0
0,pretrained,TN,0/0013.png,429,1.728946328163147,0,0,1,1,0,0,0,0,0
0,pretrained,TN,0/0013.png,430,0.7944130301475525,0,0,1,1,0,0,0,0,0
0,pretrained,TN,0/0013.png,431,0.7950071096420288,0,0,1,1,0,0,0,0,0
0,pretrained,TN,0/0013.png,432,1.7263139486312866,0,0,1,1,0,0,0,0,0
0,pretrained,TN,0/0013.png,433,0.646217405796051,0,0,1,1,0,0,0,0,0
0,pretrained,TN,0/0013.png,434,3.7888131141662598,0,0,1,1,0,0,0,0,0
0,pretrained,TN,0/0013.png,435,1.9234431982040405,0,0,1,1,0,0,0,0,0
0,pretrained,TN,0/0013.png,436,3.0026073455810547,0,0,1,1,0,0,0,0,0
0,pretrained,TN,0/0013.png,437,1.1816200017929077,0,0,1,1,0,0,0,0,0
0,pretrained,TN,0/0013.png,438,0.4513638913631439,0,0,1,1,0,0,0,0,0
0,pretrained,TN,0/0013.png,439,0.19311213493347168,0,0,1,1,0,0,0,0,0
0,pretrained,TN,0/0013.png,440,0.2656305432319641,0,0,1,1,0,0,0,0,0
0,pretrained,TN,0/0013.png,441,0.39894384145736694,0,0,1,1,0,0,0,0,0
0,pretrained,TN,0/0013.png,442,0.5427455306053162,0,0,1,1,0,0,0,0,0
0,pretrained,TN,0/0013.png,443,2.9010231494903564,0,0,1,1,0,0,0,0,0
0,pretrained,TN,0/0013.png,444,2.107224702835083,0,0,1,1,0,0,0,0,0
0,pretrained,TN,0/0013.png,445,2.4923107624053955,0,0,1,1,0,0,0,0,0
0,pretrained,TN,0/0013.png,446,1.158481240272522,0,0,1,1,0,0,0,0,0
0,pretrained,TN,0/0013.png,447,1.4075771570205688,0,0,1,1,0,0,0,0,0
0,pretrained,TN,0/0013.png,448,2.3000261783599854,0,0,1,1,0,0,0,0,0
0,pretrained,TN,0/0013.png,449,2.2526350021362305,0,0,1,1,0,0,0,0,0
0,pretrained,TN,0/0013.png,450,0.08788897097110748,0,0,1,1,0,0,0,0,0
0,pretrained,TN,0/0013.png,451,0.009631047025322914,0,0,1,1,0,0,0,0,0
0,pretrained,TN,0/0013.png,452,0.23038452863693237,0,0,1,1,0,0,0,0,0
0,pretrained,TN,0/0013.png,453,2.91282057762146,0,0,1,1,0,0,0,0,0
0,pretrained,TN,0/0013.png,454,0.48306411504745483,0,0,1,1,0,0,0,0,0
0,pretrained,TN,0/0013.png,455,1.205937147140503,0,0,1,1,0,0,0,0,0
0,pretrained,TN,0/0013.png,456,1.0969122648239136,0,0,1,1,0,0,0,0,0
0,pretrained,TN,0/0013.png,457,2.660287857055664,0,0,1,1,0,0,0,0,0
0,pretrained,TN,0/0013.png,458,0.5457245111465454,0,0,1,1,0,0,0,0,0
0,pretrained,TN,0/0013.png,459,0.3800618052482605,0,0,1,1,0,0,0,0,0
0,pretrained,TN,0/0013.png,460,1.040331482887268,0,0,1,1,0,0,0,0,0
0,pretrained,TN,0/0013.png,461,0.6573995351791382,0,0,1,1,0,0,0,0,0
0,pretrained,TN,0/0013.png,462,0.018871506676077843,0,0,1,1,0,0,0,0,0
0,pretrained,TN,0/0013.png,463,2.1235125064849854,0,0,1,1,0,0,0,0,0
0,pretrained,TN,0/0013.png,464,0.4978218078613281,0,0,1,1,0,0,0,0,0
0,pretrained,TN,0/0013.png,465,0.35359838604927063,0,0,1,1,0,0,0,0,0
0,pretrained,TN,0/0013.png,466,0.49028685688972473,0,0,1,1,0,0,0,0,0
0,pretrained,TN,0/0013.png,467,0.1310790479183197,0,0,1,1,0,0,0,0,0
0,pretrained,TN,0/0013.png,468,0.5894989371299744,0,0,1,1,0,0,0,0,0
0,pretrained,TN,0/0013.png,469,1.0246379375457764,0,0,1,1,0,0,0,0,0
0,pretrained,TN,0/0013.png,470,3.1512389183044434,0,0,1,1,0,0,0,0,0
0,pretrained,TN,0/0013.png,471,0.055539850145578384,0,0,1,1,0,0,0,0,0
0,pretrained,TN,0/0013.png,472,0.23393741250038147,0,0,1,1,0,0,0,0,0
0,pretrained,TN,0/0013.png,473,0.09441522508859634,0,0,1,1,0,0,0,0,0
0,pretrained,TN,0/0013.png,474,2.947526216506958,0,0,1,1,0,0,0,0,0
0,pretrained,TN,0/0013.png,475,1.5788233280181885,0,0,1,1,0,0,0,0,0
0,pretrained,TN,0/0013.png,476,0.13800495862960815,0,0,1,1,0,0,0,0,0
0,pretrained,TN,0/0013.png,477,0.4175053536891937,0,0,1,1,0,0,0,0,0
0,pretrained,TN,0/0013.png,478,2.5319719314575195,0,0,1,1,0,0,0,0,0
0,pretrained,TN,0/0013.png,479,2.057507038116455,0,0,1,1,0,0,0,0,0
0,pretrained,TN,0/0013.png,480,1.2516402006149292,0,0,1,1,0,0,0,0,0
0,pretrained,TN,0/0013.png,481,1.4087077379226685,0,0,1,1,0,0,0,0,0
0,pretrained,TN,0/0013.png,482,2.408085823059082,0,0,1,1,0,0,0,0,0
0,pretrained,TN,0/0013.png,483,0.22924436628818512,0,0,1,1,0,0,0,0,0
0,pretrained,TN,0/0013.png,484,0.6699603199958801,0,0,1,1,0,0,0,0,0
0,pretrained,TN,0/0013.png,485,2.5760676860809326,0,0,1,1,0,0,0,0,0
0,pretrained,TN,0/0013.png,486,2.416999101638794,0,0,1,1,0,0,0,0,0
0,pretrained,TN,0/0013.png,487,0.4764889180660248,0,0,1,1,0,0,0,0,0
0,pretrained,TN,0/0013.png,488,0.9562518000602722,0,0,1,1,0,0,0,0,0
0,pretrained,TN,0/0013.png,489,0.8206381797790527,0,0,1,1,0,0,0,0,0
0,pretrained,TN,0/0013.png,490,0.9834401607513428,0,0,1,1,0,0,0,0,0
0,pretrained,TN,0/0013.png,491,0.864409327507019,0,0,1,1,0,0,0,0,0
0,pretrained,TN,0/0013.png,492,1.193426489830017,0,0,1,1,0,0,0,0,0
0,pretrained,TN,0/0013.png,493,0.08911748975515366,0,0,1,1,0,0,0,0,0
0,pretrained,TN,0/0013.png,494,3.0063397884368896,0,0,1,1,0,0,0,0,0
0,pretrained,TN,0/0013.png,495,2.6912453174591064,0,0,1,1,0,0,0,0,0
0,pretrained,TN,0/0013.png,496,1.3704805374145508,0,0,1,1,0,0,0,0,0
0,pretrained,TN,0/0013.png,497,0.2054891139268875,0,0,1,1,0,0,0,0,0
0,pretrained,TN,0/0013.png,498,4.935831069946289,0,0,1,1,0,0,0,0,0
0,pretrained,TN,0/0013.png,499,0.8466461896896362,0,0,1,1,0,0,0,0,0
0,pretrained,TN,0/0013.png,500,0.4473399817943573,0,0,1,1,0,0,0,0,0
0,pretrained,TN,0/0013.png,501,0.42288756370544434,0,0,1,1,0,0,0,0,0
0,pretrained,TN,0/0013.png,502,0.4643685221672058,0,0,1,1,0,0,0,0,0
0,pretrained,TN,0/0013.png,503,2.7091128826141357,0,0,1,1,0,0,0,0,0
0,pretrained,TN,0/0013.png,504,0.6337648630142212,0,0,1,1,0,0,0,0,0
0,pretrained,TN,0/0013.png,505,1.4350470304489136,0,0,1,1,0,0,0,0,0
0,pretrained,TN,0/0013.png,506,1.6654847860336304,0,0,1,1,0,0,0,0,0
0,pretrained,TN,0/0013.png,507,2.1023848056793213,0,0,1,1,0,0,0,0,0
0,pretrained,TN,0/0013.png,508,0.9067448377609253,0,0,1,1,0,0,0,0,0
0,pretrained,TN,0/0013.png,509,1.4338936805725098,0,0,1,1,0,0,0,0,0
0,pretrained,TN,0/0013.png,510,0.8647865056991577,0,0,1,1,0,0,0,0,0
0,pretrained,TN,0/0013.png,511,1.3106660842895508,0,0,1,1,0,0,0,0,0
0,scratch,TP,0/0010.png,0,0.8815556168556213,1,0,0,1,0,0,0,0,0
0,scratch,TP,0/0010.png,1,1.1851187944412231,1,0,0,1,0,0,0,0,0
0,scratch,TP,0/0010.png,2,0.06918024271726608,1,0,0,1,0,0,0,0,0
0,scratch,TP,0/0010.png,3,0.7036463618278503,1,0,0,1,0,0,0,0,0
0,scratch,TP,0/0010.png,4,0.18184778094291687,1,0,0,1,0,0,0,0,0
0,scratch,TP,0/0010.png,5,0.09197998046875,1,0,0,1,0,0,0,0,0
0,scratch,TP,0/0010.png,6,0.06150437518954277,1,0,0,1,0,0,0,0,0
0,scratch,TP,0/0010.png,7,0.034391138702631,1,0,0,1,0,0,0,0,0
0,scratch,TP,0/0010.png,8,0.5473644137382507,1,0,0,1,0,0,0,0,0
0,scratch,TP,0/0010.png,9,0.48301979899406433,1,0,0,1,0,0,0,0,0
0,scratch,TP,0/0010.png,10,0.22966669499874115,1,0,0,1,0,0,0,0,0
0,scratch,TP,0/0010.png,11,0.4649015963077545,1,0,0,1,0,0,0,0,0
0,scratch,TP,0/0010.png,12,0.07514604926109314,1,0,0,1,0,0,0,0,0
0,scratch,TP,0/0010.png,13,0.11122496426105499,1,0,0,1,0,0,0,0,0
0,scratch,TP,0/0010.png,14,0.14584533870220184,1,0,0,1,0,0,0,0,0
0,scratch,TP,0/0010.png,15,0.03887692093849182,1,0,0,1,0,0,0,0,0
0,scratch,TP,0/0010.png,16,0.4076770842075348,1,0,0,1,0,0,0,0,0
0,scratch,TP,0/0010.png,17,0.046410635113716125,1,0,0,1,0,0,0,0,0
0,scratch,TP,0/0010.png,18,0.000813172257039696,1,0,0,1,0,0,0,0,0
0,scratch,TP,0/0010.png,19,0.0019273256184533238,1,0,0,1,0,0,0,0,0
0,scratch,TP,0/0010.png,20,0.06862445920705795,1,0,0,1,0,0,0,0,0
0,scratch,TP,0/0010.png,21,0.11483832448720932,1,0,0,1,0,0,0,0,0
0,scratch,TP,0/0010.png,22,0.523497462272644,1,0,0,1,0,0,0,0,0
0,scratch,TP,0/0010.png,23,0.22282736003398895,1,0,0,1,0,0,0,0,0
0,scratch,TP,0/0010.png,24,0.0,1,0,0,1,0,0,0,0,0
0,scratch,TP,0/0010.png,25,0.1155068650841713,1,0,0,1,0,0,0,0,0
0,scratch,TP,0/0010.png,26,0.1670689731836319,1,0,0,1,0,0,0,0,0
0,scratch,TP,0/0010.png,27,0.0009932400425896049,1,0,0,1,0,0,0,0,0
0,scratch,TP,0/0010.png,28,1.0113004446029663,1,0,0,1,0,0,0,0,0
0,scratch,TP,0/0010.png,29,0.6349560618400574,1,0,0,1,0,0,0,0,0
0,scratch,TP,0/0010.png,30,0.5865036845207214,1,0,0,1,0,0,0,0,0
0,scratch,TP,0/0010.png,31,0.6101717948913574,1,0,0,1,0,0,0,0,0
0,scratch,TP,0/0010.png,32,0.020234718918800354,1,0,0,1,0,0,0,0,0
0,scratch,TP,0/0010.png,33,0.6052930951118469,1,0,0,1,0,0,0,0,0
0,scratch,TP,0/0010.png,34,0.6808638572692871,1,0,0,1,0,0,0,0,0
0,scratch,TP,0/0010.png,35,1.3142365217208862,1,0,0,1,0,0,0,0,0
0,scratch,TP,0/0010.png,36,0.3512272834777832,1,0,0,1,0,0,0,0,0
0,scratch,TP,0/0010.png,37,1.9061918258666992,1,0,0,1,0,0,0,0,0
0,scratch,TP,0/0010.png,38,0.2859836518764496,1,0,0,1,0,0,0,0,0
0,scratch,TP,0/0010.png,39,0.013605332002043724,1,0,0,1,0,0,0,0,0
0,scratch,TP,0/0010.png,40,0.0038046909030526876,1,0,0,1,0,0,0,0,0
0,scratch,TP,0/0010.png,41,0.0,1,0,0,1,0,0,0,0,0
0,scratch,TP,0/0010.png,42,0.9921351671218872,1,0,0,1,0,0,0,0,0
0,scratch,TP,0/0010.png,43,0.2835465669631958,1,0,0,1,0,0,0,0,0
0,scratch,TP,0/0010.png,44,1.0825557708740234,1,0,0,1,0,0,0,0,0
0,scratch,TP,0/0010.png,45,0.6432969570159912,1,0,0,1,0,0,0,0,0
0,scratch,TP,0/0010.png,46,0.6451210379600525,1,0,0,1,0,0,0,0,0
0,scratch,TP,0/0010.png,47,0.10240107029676437,1,0,0,1,0,0,0,0,0
0,scratch,TP,0/0010.png,48,0.30617278814315796,1,0,0,1,0,0,0,0,0
0,scratch,TP,0/0010.png,49,0.040975239127874374,1,0,0,1,0,0,0,0,0
0,scratch,TP,0/0010.png,50,0.07783228158950806,1,0,0,1,0,0,0,0,0
0,scratch,TP,0/0010.png,51,0.3151448965072632,1,0,0,1,0,0,0,0,0
0,scratch,TP,0/0010.png,52,1.5051519870758057,1,0,0,1,0,0,0,0,0
0,scratch,TP,0/0010.png,53,1.1816366910934448,1,0,0,1,0,0,0,0,0
0,scratch,TP,0/0010.png,54,0.7847275733947754,1,0,0,1,0,0,0,0,0
0,scratch,TP,0/0010.png,55,0.0,1,0,0,1,0,0,0,0,0
0,scratch,TP,0/0010.png,56,0.43249258399009705,1,0,0,1,0,0,0,0,0
0,scratch,TP,0/0010.png,57,0.0,1,0,0,1,0,0,0,0,0
0,scratch,TP,0/0010.png,58,1.1714125871658325,1,0,0,1,0,0,0,0,0
0,scratch,TP,0/0010.png,59,0.006144202314317226,1,0,0,1,0,0,0,0,0
0,scratch,TP,0/0010.png,60,0.054800793528556824,1,0,0,1,0,0,0,0,0
0,scratch,TP,0/0010.png,61,0.004884803202003241,1,0,0,1,0,0,0,0,0
0,scratch,TP,0/0010.png,62,0.25274524092674255,1,0,0,1,0,0,0,0,0
0,scratch,TP,0/0010.png,63,1.624666452407837,1,0,0,1,0,0,0,0,0
0,scratch,TP,0/0010.png,64,0.6633471250534058,1,0,0,1,0,0,0,0,0
0,scratch,TP,0/0010.png,65,0.9493297934532166,1,0,0,1,0,0,0,0,0
0,scratch,TP,0/0010.png,66,0.6351877450942993,1,0,0,1,0,0,0,0,0
0,scratch,TP,0/0010.png,67,1.1366338729858398,1,0,0,1,0,0,0,0,0
0,scratch,TP,0/0010.png,68,0.6249192357063293,1,0,0,1,0,0,0,0,0
0,scratch,TP,0/0010.png,69,0.19732455909252167,1,0,0,1,0,0,0,0,0
0,scratch,TP,0/0010.png,70,0.0,1,0,0,1,0,0,0,0,0
0,scratch,TP,0/0010.png,71,0.11816664785146713,1,0,0,1,0,0,0,0,0
0,scratch,TP,0/0010.png,72,0.6479466557502747,1,0,0,1,0,0,0,0,0
0,scratch,TP,0/0010.png,73,0.27570775151252747,1,0,0,1,0,0,0,0,0
0,scratch,TP,0/0010.png,74,0.5250649452209473,1,0,0,1,0,0,0,0,0
0,scratch,TP,0/0010.png,75,0.2764762043952942,1,0,0,1,0,0,0,0,0
0,scratch,TP,0/0010.png,76,0.845222532749176,1,0,0,1,0,0,0,0,0
0,scratch,TP,0/0010.png,77,0.2682745158672333,1,0,0,1,0,0,0,0,0
0,scratch,TP,0/0010.png,78,0.3620002865791321,1,0,0,1,0,0,0,0,0
0,scratch,TP,0/0010.png,79,0.08844683319330215,1,0,0,1,0,0,0,0,0
0,scratch,TP,0/0010.png,80,0.2185930460691452,1,0,0,1,0,0,0,0,0
0,scratch,TP,0/0010.png,81,0.4243887960910797,1,0,0,1,0,0,0,0,0
0,scratch,TP,0/0010.png,82,0.2914683520793915,1,0,0,1,0,0,0,0,0
0,scratch,TP,0/0010.png,83,0.8224078416824341,1,0,0,1,0,0,0,0,0
0,scratch,TP,0/0010.png,84,1.4032613039016724,1,0,0,1,0,0,0,0,0
0,scratch,TP,0/0010.png,85,0.1916980743408203,1,0,0,1,0,0,0,0,0
0,scratch,TP,0/0010.png,86,0.4758148491382599,1,0,0,1,0,0,0,0,0
0,scratch,TP,0/0010.png,87,1.3710674047470093,1,0,0,1,0,0,0,0,0
0,scratch,TP,0/0010.png,88,0.011422361247241497,1,0,0,1,0,0,0,0,0
0,scratch,TP,0/0010.png,89,0.12881755828857422,1,0,0,1,0,0,0,0,0
0,scratch,TP,0/0010.png,90,0.22638383507728577,1,0,0,1,0,0,0,0,0
0,scratch,TP,0/0010.png,91,0.3096535801887512,1,0,0,1,0,0,0,0,0
0,scratch,TP,0/0010.png,92,0.14287815988063812,1,0,0,1,0,0,0,0,0
0,scratch,TP,0/0010.png,93,0.040902409702539444,1,0,0,1,0,0,0,0,0
0,scratch,TP,0/0010.png,94,0.13678935170173645,1,0,0,1,0,0,0,0,0
0,scratch,TP,0/0010.png,95,0.7874484658241272,1,0,0,1,0,0,0,0,0
0,scratch,TP,0/0010.png,96,0.09237905591726303,1,0,0,1,0,0,0,0,0
0,scratch,TP,0/0010.png,97,1.2032884359359741,1,0,0,1,0,0,0,0,0
0,scratch,TP,0/0010.png,98,0.7601628303527832,1,0,0,1,0,0,0,0,0
0,scratch,TP,0/0010.png,99,0.2413075864315033,1,0,0,1,0,0,0,0,0
0,scratch,TP,0/0010.png,100,0.1626555621623993,1,0,0,1,0,0,0,0,0
0,scratch,TP,0/0010.png,101,0.0,1,0,0,1,0,0,0,0,0
0,scratch,TP,0/0010.png,102,0.09091071039438248,1,0,0,1,0,0,0,0,0
0,scratch,TP,0/0010.png,103,0.37105482816696167,1,0,0,1,0,0,0,0,0
0,scratch,TP,0/0010.png,104,0.5292721390724182,1,0,0,1,0,0,0,0,0
0,scratch,TP,0/0010.png,105,0.7316802740097046,1,0,0,1,0,0,0,0,0
0,scratch,TP,0/0010.png,106,0.019436020404100418,1,0,0,1,0,0,0,0,0
0,scratch,TP,0/0010.png,107,0.43737033009529114,1,0,0,1,0,0,0,0,0
0,scratch,TP,0/0010.png,108,0.13128814101219177,1,0,0,1,0,0,0,0,0
0,scratch,TP,0/0010.png,109,1.188720703125,1,0,0,1,0,0,0,0,0
0,scratch,TP,0/0010.png,110,0.5583150386810303,1,0,0,1,0,0,0,0,0
0,scratch,TP,0/0010.png,111,0.03471435233950615,1,0,0,1,0,0,0,0,0
0,scratch,TP,0/0010.png,112,1.4330506324768066,1,0,0,1,0,0,0,0,0
0,scratch,TP,0/0010.png,113,0.028302008286118507,1,0,0,1,0,0,0,0,0
0,scratch,TP,0/0010.png,114,0.34144094586372375,1,0,0,1,0,0,0,0,0
0,scratch,TP,0/0010.png,115,1.123673915863037,1,0,0,1,0,0,0,0,0
0,scratch,TP,0/0010.png,116,0.1045728325843811,1,0,0,1,0,0,0,0,0
0,scratch,TP,0/0010.png,117,0.05794067308306694,1,0,0,1,0,0,0,0,0
0,scratch,TP,0/0010.png,118,0.3821898400783539,1,0,0,1,0,0,0,0,0
0,scratch,TP,0/0010.png,119,0.45234960317611694,1,0,0,1,0,0,0,0,0
0,scratch,TP,0/0010.png,120,0.5526036620140076,1,0,0,1,0,0,0,0,0
0,scratch,TP,0/0010.png,121,0.13834279775619507,1,0,0,1,0,0,0,0,0
0,scratch,TP,0/0010.png,122,1.4154438972473145,1,0,0,1,0,0,0,0,0
0,scratch,TP,0/0010.png,123,0.1987033188343048,1,0,0,1,0,0,0,0,0
0,scratch,TP,0/0010.png,124,0.0,1,0,0,1,0,0,0,0,0
0,scratch,TP,0/0010.png,125,1.1672680377960205,1,0,0,1,0,0,0,0,0
0,scratch,TP,0/0010.png,126,0.11565288156270981,1,0,0,1,0,0,0,0,0
0,scratch,TP,0/0010.png,127,0.6581782698631287,1,0,0,1,0,0,0,0,0
0,scratch,TP,0/0010.png,128,0.22897155582904816,1,0,0,1,0,0,0,0,0
0,scratch,TP,0/0010.png,129,1.4803533554077148,1,0,0,1,0,0,0,0,0
0,scratch,TP,0/0010.png,130,0.1329331398010254,1,0,0,1,0,0,0,0,0
0,scratch,TP,0/0010.png,131,0.4093504846096039,1,0,0,1,0,0,0,0,0
0,scratch,TP,0/0010.png,132,0.41479456424713135,1,0,0,1,0,0,0,0,0
0,scratch,TP,0/0010.png,133,0.06493499130010605,1,0,0,1,0,0,0,0,0
0,scratch,TP,0/0010.png,134,1.840214729309082,1,0,0,1,0,0,0,0,0
0,scratch,TP,0/0010.png,135,0.32845550775527954,1,0,0,1,0,0,0,0,0
0,scratch,TP,0/0010.png,136,0.488375723361969,1,0,0,1,0,0,0,0,0
0,scratch,TP,0/0010.png,137,0.5651781558990479,1,0,0,1,0,0,0,0,0
0,scratch,TP,0/0010.png,138,0.14194117486476898,1,0,0,1,0,0,0,0,0
0,scratch,TP,0/0010.png,139,0.0,1,0,0,1,0,0,0,0,0
0,scratch,TP,0/0010.png,140,0.10995407402515411,1,0,0,1,0,0,0,0,0
0,scratch,TP,0/0010.png,141,0.05626275762915611,1,0,0,1,0,0,0,0,0
0,scratch,TP,0/0010.png,142,0.03889878839254379,1,0,0,1,0,0,0,0,0
0,scratch,TP,0/0010.png,143,0.1434057503938675,1,0,0,1,0,0,0,0,0
0,scratch,TP,0/0010.png,144,0.14293493330478668,1,0,0,1,0,0,0,0,0
0,scratch,TP,0/0010.png,145,0.5325391888618469,1,0,0,1,0,0,0,0,0
0,scratch,TP,0/0010.png,146,0.1741742342710495,1,0,0,1,0,0,0,0,0
0,scratch,TP,0/0010.png,147,0.1233651265501976,1,0,0,1,0,0,0,0,0
0,scratch,TP,0/0010.png,148,1.9231419563293457,1,0,0,1,0,0,0,0,0
0,scratch,TP,0/0010.png,149,0.3608740568161011,1,0,0,1,0,0,0,0,0
0,scratch,TP,0/0010.png,150,0.3179531395435333,1,0,0,1,0,0,0,0,0
0,scratch,TP,0/0010.png,151,1.2647345066070557,1,0,0,1,0,0,0,0,0
0,scratch,TP,0/0010.png,152,1.1704301834106445,1,0,0,1,0,0,0,0,0
0,scratch,TP,0/0010.png,153,0.0,1,0,0,1,0,0,0,0,0
0,scratch,TP,0/0010.png,154,0.002648829249665141,1,0,0,1,0,0,0,0,0
0,scratch,TP,0/0010.png,155,1.5122145414352417,1,0,0,1,0,0,0,0,0
0,scratch,TP,0/0010.png,156,0.12789006531238556,1,0,0,1,0,0,0,0,0
0,scratch,TP,0/0010.png,157,0.0,1,0,0,1,0,0,0,0,0
0,scratch,TP,0/0010.png,158,1.055942177772522,1,0,0,1,0,0,0,0,0
0,scratch,TP,0/0010.png,159,0.3932996094226837,1,0,0,1,0,0,0,0,0
0,scratch,TP,0/0010.png,160,1.4166597127914429,1,0,0,1,0,0,0,0,0
0,scratch,TP,0/0010.png,161,0.0,1,0,0,1,0,0,0,0,0
0,scratch,TP,0/0010.png,162,1.1860073804855347,1,0,0,1,0,0,0,0,0
0,scratch,TP,0/0010.png,163,1.1298025846481323,1,0,0,1,0,0,0,0,0
0,scratch,TP,0/0010.png,164,0.11105941236019135,1,0,0,1,0,0,0,0,0
0,scratch,TP,0/0010.png,165,1.0774680376052856,1,0,0,1,0,0,0,0,0
0,scratch,TP,0/0010.png,166,0.5495755076408386,1,0,0,1,0,0,0,0,0
0,scratch,TP,0/0010.png,167,1.5502628087997437,1,0,0,1,0,0,0,0,0
0,scratch,TP,0/0010.png,168,0.03383252024650574,1,0,0,1,0,0,0,0,0
0,scratch,TP,0/0010.png,169,0.0,1,0,0,1,0,0,0,0,0
0,scratch,TP,0/0010.png,170,0.0027227720711380243,1,0,0,1,0,0,0,0,0
0,scratch,TP,0/0010.png,171,0.17993296682834625,1,0,0,1,0,0,0,0,0
0,scratch,TP,0/0010.png,172,1.0805201530456543,1,0,0,1,0,0,0,0,0
0,scratch,TP,0/0010.png,173,0.4691685140132904,1,0,0,1,0,0,0,0,0
0,scratch,TP,0/0010.png,174,0.17507271468639374,1,0,0,1,0,0,0,0,0
0,scratch,TP,0/0010.png,175,0.0925535261631012,1,0,0,1,0,0,0,0,0
0,scratch,TP,0/0010.png,176,0.058800045400857925,1,0,0,1,0,0,0,0,0
0,scratch,TP,0/0010.png,177,0.12096893787384033,1,0,0,1,0,0,0,0,0
0,scratch,TP,0/0010.png,178,0.42799508571624756,1,0,0,1,0,0,0,0,0
0,scratch,TP,0/0010.png,179,0.08726330101490021,1,0,0,1,0,0,0,0,0
0,scratch,TP,0/0010.png,180,0.1483394205570221,1,0,0,1,0,0,0,0,0
0,scratch,TP,0/0010.png,181,0.7223990559577942,1,0,0,1,0,0,0,0,0
0,scratch,TP,0/0010.png,182,0.19805748760700226,1,0,0,1,0,0,0,0,0
0,scratch,TP,0/0010.png,183,0.011553521268069744,1,0,0,1,0,0,0,0,0
0,scratch,TP,0/0010.png,184,1.2324857711791992,1,0,0,1,0,0,0,0,0
0,scratch,TP,0/0010.png,185,0.15187518298625946,1,0,0,1,0,0,0,0,0
0,scratch,TP,0/0010.png,186,0.5711379647254944,1,0,0,1,0,0,0,0,0
0,scratch,TP,0/0010.png,187,0.5917460918426514,1,0,0,1,0,0,0,0,0
0,scratch,TP,0/0010.png,188,0.44200074672698975,1,0,0,1,0,0,0,0,0
0,scratch,TP,0/0010.png,189,0.2200777232646942,1,0,0,1,0,0,0,0,0
0,scratch,TP,0/0010.png,190,1.092143177986145,1,0,0,1,0,0,0,0,0
0,scratch,TP,0/0010.png,191,0.2855028510093689,1,0,0,1,0,0,0,0,0
0,scratch,TP,0/0010.png,192,0.9905105829238892,1,0,0,1,0,0,0,0,0
0,scratch,TP,0/0010.png,193,0.0853818953037262,1,0,0,1,0,0,0,0,0
0,scratch,TP,0/0010.png,194,0.3707660436630249,1,0,0,1,0,0,0,0,0
0,scratch,TP,0/0010.png,195,0.16180621087551117,1,0,0,1,0,0,0,0,0
0,scratch,TP,0/0010.png,196,0.013753457926213741,1,0,0,1,0,0,0,0,0
0,scratch,TP,0/0010.png,197,0.13895709812641144,1,0,0,1,0,0,0,0,0
0,scratch,TP,0/0010.png,198,0.43387705087661743,1,0,0,1,0,0,0,0,0
0,scratch,TP,0/0010.png,199,0.6349371075630188,1,0,0,1,0,0,0,0,0
0,scratch,TP,0/0010.png,200,2.034357786178589,1,0,0,1,0,0,0,0,0
0,scratch,TP,0/0010.png,201,0.25820234417915344,1,0,0,1,0,0,0,0,0
0,scratch,TP,0/0010.png,202,0.002948228269815445,1,0,0,1,0,0,0,0,0
0,scratch,TP,0/0010.png,203,0.026058824732899666,1,0,0,1,0,0,0,0,0
0,scratch,TP,0/0010.png,204,0.06313833594322205,1,0,0,1,0,0,0,0,0
0,scratch,TP,0/0010.png,205,0.2830447852611542,1,0,0,1,0,0,0,0,0
0,scratch,TP,0/0010.png,206,0.0014361365465447307,1,0,0,1,0,0,0,0,0
0,scratch,TP,0/0010.png,207,0.06365927308797836,1,0,0,1,0,0,0,0,0
0,scratch,TP,0/0010.png,208,0.2179911732673645,1,0,0,1,0,0,0,0,0
0,scratch,TP,0/0010.png,209,0.24303965270519257,1,0,0,1,0,0,0,0,0
0,scratch,TP,0/0010.png,210,0.009308340027928352,1,0,0,1,0,0,0,0,0
0,scratch,TP,0/0010.png,211,0.3872317969799042,1,0,0,1,0,0,0,0,0
0,scratch,TP,0/0010.png,212,0.01313870307058096,1,0,0,1,0,0,0,0,0
0,scratch,TP,0/0010.png,213,1.3808151483535767,1,0,0,1,0,0,0,0,0
0,scratch,TP,0/0010.png,214,0.04034947231411934,1,0,0,1,0,0,0,0,0
0,scratch,TP,0/0010.png,215,0.05729613080620766,1,0,0,1,0,0,0,0,0
0,scratch,TP,0/0010.png,216,1.0317109823226929,1,0,0,1,0,0,0,0,0
0,scratch,TP,0/0010.png,217,0.3044987618923187,1,0,0,1,0,0,0,0,0
0,scratch,TP,0/0010.png,218,0.9343997240066528,1,0,0,1,0,0,0,0,0
0,scratch,TP,0/0010.png,219,0.02384280599653721,1,0,0,1,0,0,0,0,0
0,scratch,TP,0/0010.png,220,0.39487090706825256,1,0,0,1,0,0,0,0,0
0,scratch,TP,0/0010.png,221,0.39514073729515076,1,0,0,1,0,0,0,0,0
0,scratch,TP,0/0010.png,222,0.06522977352142334,1,0,0,1,0,0,0,0,0
0,scratch,TP,0/0010.png,223,0.0,1,0,0,1,0,0,0,0,0
0,scratch,TP,0/0010.png,224,0.4564697742462158,1,0,0,1,0,0,0,0,0
0,scratch,TP,0/0010.png,225,0.14462807774543762,1,0,0,1,0,0,0,0,0
0,scratch,TP,0/0010.png,226,0.9947543144226074,1,0,0,1,0,0,0,0,0
0,scratch,TP,0/0010.png,227,0.06984676420688629,1,0,0,1,0,0,0,0,0
0,scratch,TP,0/0010.png,228,0.4481457769870758,1,0,0,1,0,0,0,0,0
0,scratch,TP,0/0010.png,229,0.6879447102546692,1,0,0,1,0,0,0,0,0
0,scratch,TP,0/0010.png,230,0.1872691661119461,1,0,0,1,0,0,0,0,0
0,scratch,TP,0/0010.png,231,0.018833355978131294,1,0,0,1,0,0,0,0,0
0,scratch,TP,0/0010.png,232,0.10119844228029251,1,0,0,1,0,0,0,0,0
0,scratch,TP,0/0010.png,233,1.2774816751480103,1,0,0,1,0,0,0,0,0
0,scratch,TP,0/0010.png,234,1.8352396488189697,1,0,0,1,0,0,0,0,0
0,scratch,TP,0/0010.png,235,0.022801488637924194,1,0,0,1,0,0,0,0,0
0,scratch,TP,0/0010.png,236,0.8240219354629517,1,0,0,1,0,0,0,0,0
0,scratch,TP,0/0010.png,237,0.4147454798221588,1,0,0,1,0,0,0,0,0
0,scratch,TP,0/0010.png,238,0.16248171031475067,1,0,0,1,0,0,0,0,0
0,scratch,TP,0/0010.png,239,0.3298608362674713,1,0,0,1,0,0,0,0,0
0,scratch,TP,0/0010.png,240,0.23769740760326385,1,0,0,1,0,0,0,0,0
0,scratch,TP,0/0010.png,241,0.273425430059433,1,0,0,1,0,0,0,0,0
0,scratch,TP,0/0010.png,242,0.011374367401003838,1,0,0,1,0,0,0,0,0
0,scratch,TP,0/0010.png,243,0.018012454733252525,1,0,0,1,0,0,0,0,0
0,scratch,TP,0/0010.png,244,0.0006581837078556418,1,0,0,1,0,0,0,0,0
0,scratch,TP,0/0010.png,245,0.18037426471710205,1,0,0,1,0,0,0,0,0
0,scratch,TP,0/0010.png,246,0.05738328397274017,1,0,0,1,0,0,0,0,0
0,scratch,TP,0/0010.png,247,0.07580237835645676,1,0,0,1,0,0,0,0,0
0,scratch,TP,0/0010.png,248,0.30252954363822937,1,0,0,1,0,0,0,0,0
0,scratch,TP,0/0010.png,249,0.731325626373291,1,0,0,1,0,0,0,0,0
0,scratch,TP,0/0010.png,250,0.1382942646741867,1,0,0,1,0,0,0,0,0
0,scratch,TP,0/0010.png,251,0.0,1,0,0,1,0,0,0,0,0
0,scratch,TP,0/0010.png,252,0.758941113948822,1,0,0,1,0,0,0,0,0
0,scratch,TP,0/0010.png,253,0.15105924010276794,1,0,0,1,0,0,0,0,0
0,scratch,TP,0/0010.png,254,0.21472300589084625,1,0,0,1,0,0,0,0,0
0,scratch,TP,0/0010.png,255,0.023414434865117073,1,0,0,1,0,0,0,0,0
0,scratch,TP,0/0010.png,256,0.08204112946987152,1,0,0,1,0,0,0,0,0
0,scratch,TP,0/0010.png,257,0.620378851890564,1,0,0,1,0,0,0,0,0
0,scratch,TP,0/0010.png,258,0.025915933772921562,1,0,0,1,0,0,0,0,0
0,scratch,TP,0/0010.png,259,1.5280948877334595,1,0,0,1,0,0,0,0,0
0,scratch,TP,0/0010.png,260,0.8029826283454895,1,0,0,1,0,0,0,0,0
0,scratch,TP,0/0010.png,261,0.8687767386436462,1,0,0,1,0,0,0,0,0
0,scratch,TP,0/0010.png,262,0.015050968155264854,1,0,0,1,0,0,0,0,0
0,scratch,TP,0/0010.png,263,0.5905556082725525,1,0,0,1,0,0,0,0,0
0,scratch,TP,0/0010.png,264,0.2020374983549118,1,0,0,1,0,0,0,0,0
0,scratch,TP,0/0010.png,265,0.29809921979904175,1,0,0,1,0,0,0,0,0
0,scratch,TP,0/0010.png,266,0.18874149024486542,1,0,0,1,0,0,0,0,0
0,scratch,TP,0/0010.png,267,1.3198989629745483,1,0,0,1,0,0,0,0,0
0,scratch,TP,0/0010.png,268,0.4839138388633728,1,0,0,1,0,0,0,0,0
0,scratch,TP,0/0010.png,269,0.5928331613540649,1,0,0,1,0,0,0,0,0
0,scratch,TP,0/0010.png,270,0.04954258352518082,1,0,0,1,0,0,0,0,0
0,scratch,TP,0/0010.png,271,1.1065471172332764,1,0,0,1,0,0,0,0,0
0,scratch,TP,0/0010.png,272,0.009663360193371773,1,0,0,1,0,0,0,0,0
0,scratch,TP,0/0010.png,273,0.033987466245889664,1,0,0,1,0,0,0,0,0
0,scratch,TP,0/0010.png,274,0.1884867548942566,1,0,0,1,0,0,0,0,0
0,scratch,TP,0/0010.png,275,0.6353254318237305,1,0,0,1,0,0,0,0,0
0,scratch,TP,0/0010.png,276,0.14476919174194336,1,0,0,1,0,0,0,0,0
0,scratch,TP,0/0010.png,277,1.255932331085205,1,0,0,1,0,0,0,0,0
0,scratch,TP,0/0010.png,278,0.4871252775192261,1,0,0,1,0,0,0,0,0
0,scratch,TP,0/0010.png,279,0.030970683321356773,1,0,0,1,0,0,0,0,0
0,scratch,TP,0/0010.png,280,0.0705113559961319,1,0,0,1,0,0,0,0,0
0,scratch,TP,0/0010.png,281,0.5194597244262695,1,0,0,1,0,0,0,0,0
0,scratch,TP,0/0010.png,282,0.05644704028964043,1,0,0,1,0,0,0,0,0
0,scratch,TP,0/0010.png,283,0.21253803372383118,1,0,0,1,0,0,0,0,0
0,scratch,TP,0/0010.png,284,0.7172050476074219,1,0,0,1,0,0,0,0,0
0,scratch,TP,0/0010.png,285,0.019231144338846207,1,0,0,1,0,0,0,0,0
0,scratch,TP,0/0010.png,286,0.7652630805969238,1,0,0,1,0,0,0,0,0
0,scratch,TP,0/0010.png,287,0.5330502390861511,1,0,0,1,0,0,0,0,0
0,scratch,TP,0/0010.png,288,0.2739887535572052,1,0,0,1,0,0,0,0,0
0,scratch,TP,0/0010.png,289,0.5331375598907471,1,0,0,1,0,0,0,0,0
0,scratch,TP,0/0010.png,290,0.2561069428920746,1,0,0,1,0,0,0,0,0
0,scratch,TP,0/0010.png,291,1.270358681678772,1,0,0,1,0,0,0,0,0
0,scratch,TP,0/0010.png,292,0.24539917707443237,1,0,0,1,0,0,0,0,0
0,scratch,TP,0/0010.png,293,0.10971604287624359,1,0,0,1,0,0,0,0,0
0,scratch,TP,0/0010.png,294,0.2616407871246338,1,0,0,1,0,0,0,0,0
0,scratch,TP,0/0010.png,295,0.9818813800811768,1,0,0,1,0,0,0,0,0
0,scratch,TP,0/0010.png,296,0.10693279653787613,1,0,0,1,0,0,0,0,0
0,scratch,TP,0/0010.png,297,0.28536880016326904,1,0,0,1,0,0,0,0,0
0,scratch,TP,0/0010.png,298,1.4526787996292114,1,0,0,1,0,0,0,0,0
0,scratch,TP,0/0010.png,299,0.13873796164989471,1,0,0,1,0,0,0,0,0
0,scratch,TP,0/0010.png,300,0.05937536433339119,1,0,0,1,0,0,0,0,0
0,scratch,TP,0/0010.png,301,1.2035940885543823,1,0,0,1,0,0,0,0,0
0,scratch,TP,0/0010.png,302,0.6960316300392151,1,0,0,1,0,0,0,0,0
0,scratch,TP,0/0010.png,303,1.6301851272583008,1,0,0,1,0,0,0,0,0
0,scratch,TP,0/0010.png,304,0.18501479923725128,1,0,0,1,0,0,0,0,0
0,scratch,TP,0/0010.png,305,0.42709413170814514,1,0,0,1,0,0,0,0,0
0,scratch,TP,0/0010.png,306,0.0013493956066668034,1,0,0,1,0,0,0,0,0
0,scratch,TP,0/0010.png,307,0.0,1,0,0,1,0,0,0,0,0
0,scratch,TP,0/0010.png,308,0.6891211867332458,1,0,0,1,0,0,0,0,0
0,scratch,TP,0/0010.png,309,0.4652896821498871,1,0,0,1,0,0,0,0,0
0,scratch,TP,0/0010.png,310,0.2814679443836212,1,0,0,1,0,0,0,0,0
0,scratch,TP,0/0010.png,311,1.4378286600112915,1,0,0,1,0,0,0,0,0
0,scratch,TP,0/0010.png,312,0.3056409955024719,1,0,0,1,0,0,0,0,0
0,scratch,TP,0/0010.png,313,0.1538316160440445,1,0,0,1,0,0,0,0,0
0,scratch,TP,0/0010.png,314,0.14586955308914185,1,0,0,1,0,0,0,0,0
0,scratch,TP,0/0010.png,315,0.1952531933784485,1,0,0,1,0,0,0,0,0
0,scratch,TP,0/0010.png,316,0.3898715674877167,1,0,0,1,0,0,0,0,0
0,scratch,TP,0/0010.png,317,0.4058971107006073,1,0,0,1,0,0,0,0,0
0,scratch,TP,0/0010.png,318,0.41793131828308105,1,0,0,1,0,0,0,0,0
0,scratch,TP,0/0010.png,319,0.029910165816545486,1,0,0,1,0,0,0,0,0
0,scratch,TP,0/0010.png,320,0.5624860525131226,1,0,0,1,0,0,0,0,0
0,scratch,TP,0/0010.png,321,0.3102976083755493,1,0,0,1,0,0,0,0,0
0,scratch,TP,0/0010.png,322,1.4317580461502075,1,0,0,1,0,0,0,0,0
0,scratch,TP,0/0010.png,323,1.2437694072723389,1,0,0,1,0,0,0,0,0
0,scratch,TP,0/0010.png,324,0.7672311663627625,1,0,0,1,0,0,0,0,0
0,scratch,TP,0/0010.png,325,0.2546844184398651,1,0,0,1,0,0,0,0,0
0,scratch,TP,0/0010.png,326,0.15867148339748383,1,0,0,1,0,0,0,0,0
0,scratch,TP,0/0010.png,327,0.5574231743812561,1,0,0,1,0,0,0,0,0
0,scratch,TP,0/0010.png,328,0.0014855036279186606,1,0,0,1,0,0,0,0,0
0,scratch,TP,0/0010.png,329,0.10248088091611862,1,0,0,1,0,0,0,0,0
0,scratch,TP,0/0010.png,330,0.0016480813501402736,1,0,0,1,0,0,0,0,0
0,scratch,TP,0/0010.png,331,1.1097127199172974,1,0,0,1,0,0,0,0,0
0,scratch,TP,0/0010.png,332,0.015810253098607063,1,0,0,1,0,0,0,0,0
0,scratch,TP,0/0010.png,333,0.04775015637278557,1,0,0,1,0,0,0,0,0
0,scratch,TP,0/0010.png,334,0.02116529829800129,1,0,0,1,0,0,0,0,0
0,scratch,TP,0/0010.png,335,0.09485679119825363,1,0,0,1,0,0,0,0,0
0,scratch,TP,0/0010.png,336,0.10397161543369293,1,0,0,1,0,0,0,0,0
0,scratch,TP,0/0010.png,337,0.33086755871772766,1,0,0,1,0,0,0,0,0
0,scratch,TP,0/0010.png,338,0.7024838924407959,1,0,0,1,0,0,0,0,0
0,scratch,TP,0/0010.png,339,1.6606199741363525,1,0,0,1,0,0,0,0,0
0,scratch,TP,0/0010.png,340,0.7472788095474243,1,0,0,1,0,0,0,0,0
0,scratch,TP,0/0010.png,341,0.37088799476623535,1,0,0,1,0,0,0,0,0
0,scratch,TP,0/0010.png,342,0.0018642902141436934,1,0,0,1,0,0,0,0,0
0,scratch,TP,0/0010.png,343,0.704382598400116,1,0,0,1,0,0,0,0,0
0,scratch,TP,0/0010.png,344,0.5928861498832703,1,0,0,1,0,0,0,0,0
0,scratch,TP,0/0010.png,345,0.17065176367759705,1,0,0,1,0,0,0,0,0
0,scratch,TP,0/0010.png,346,0.7304109334945679,1,0,0,1,0,0,0,0,0
0,scratch,TP,0/0010.png,347,0.8540329337120056,1,0,0,1,0,0,0,0,0
0,scratch,TP,0/0010.png,348,0.16555868089199066,1,0,0,1,0,0,0,0,0
0,scratch,TP,0/0010.png,349,0.6638768911361694,1,0,0,1,0,0,0,0,0
0,scratch,TP,0/0010.png,350,1.1691960096359253,1,0,0,1,0,0,0,0,0
0,scratch,TP,0/0010.png,351,0.04315581172704697,1,0,0,1,0,0,0,0,0
0,scratch,TP,0/0010.png,352,0.05145380273461342,1,0,0,1,0,0,0,0,0
0,scratch,TP,0/0010.png,353,0.2039414644241333,1,0,0,1,0,0,0,0,0
0,scratch,TP,0/0010.png,354,0.996722400188446,1,0,0,1,0,0,0,0,0
0,scratch,TP,0/0010.png,355,0.11999645829200745,1,0,0,1,0,0,0,0,0
0,scratch,TP,0/0010.png,356,0.0,1,0,0,1,0,0,0,0,0
0,scratch,TP,0/0010.png,357,0.003266403917223215,1,0,0,1,0,0,0,0,0
0,scratch,TP,0/0010.png,358,0.1627577692270279,1,0,0,1,0,0,0,0,0
0,scratch,TP,0/0010.png,359,0.0,1,0,0,1,0,0,0,0,0
0,scratch,TP,0/0010.png,360,0.30639758706092834,1,0,0,1,0,0,0,0,0
0,scratch,TP,0/0010.png,361,0.2671601176261902,1,0,0,1,0,0,0,0,0
0,scratch,TP,0/0010.png,362,0.4642859101295471,1,0,0,1,0,0,0,0,0
0,scratch,TP,0/0010.png,363,0.8626347780227661,1,0,0,1,0,0,0,0,0
0,scratch,TP,0/0010.png,364,0.04869760200381279,1,0,0,1,0,0,0,0,0
0,scratch,TP,0/0010.png,365,0.1294151395559311,1,0,0,1,0,0,0,0,0
0,scratch,TP,0/0010.png,366,0.121318519115448,1,0,0,1,0,0,0,0,0
0,scratch,TP,0/0010.png,367,0.5195444226264954,1,0,0,1,0,0,0,0,0
0,scratch,TP,0/0010.png,368,0.1919390857219696,1,0,0,1,0,0,0,0,0
0,scratch,TP,0/0010.png,369,0.06837258487939835,1,0,0,1,0,0,0,0,0
0,scratch,TP,0/0010.png,370,1.0993914604187012,1,0,0,1,0,0,0,0,0
0,scratch,TP,0/0010.png,371,0.015848618000745773,1,0,0,1,0,0,0,0,0
0,scratch,TP,0/0010.png,372,0.03877714276313782,1,0,0,1,0,0,0,0,0
0,scratch,TP,0/0010.png,373,0.5560647249221802,1,0,0,1,0,0,0,0,0
0,scratch,TP,0/0010.png,374,0.09531879425048828,1,0,0,1,0,0,0,0,0
0,scratch,TP,0/0010.png,375,0.05402456969022751,1,0,0,1,0,0,0,0,0
0,scratch,TP,0/0010.png,376,0.008288917131721973,1,0,0,1,0,0,0,0,0
0,scratch,TP,0/0010.png,377,0.006047138944268227,1,0,0,1,0,0,0,0,0
0,scratch,TP,0/0010.png,378,0.0319308340549469,1,0,0,1,0,0,0,0,0
0,scratch,TP,0/0010.png,379,0.22425729036331177,1,0,0,1,0,0,0,0,0
0,scratch,TP,0/0010.png,380,0.013651295565068722,1,0,0,1,0,0,0,0,0
0,scratch,TP,0/0010.png,381,0.14314217865467072,1,0,0,1,0,0,0,0,0
0,scratch,TP,0/0010.png,382,0.24362017214298248,1,0,0,1,0,0,0,0,0
0,scratch,TP,0/0010.png,383,0.6410906910896301,1,0,0,1,0,0,0,0,0
0,scratch,TP,0/0010.png,384,0.02222885936498642,1,0,0,1,0,0,0,0,0
0,scratch,TP,0/0010.png,385,0.9835563898086548,1,0,0,1,0,0,0,0,0
0,scratch,TP,0/0010.png,386,0.03728768229484558,1,0,0,1,0,0,0,0,0
0,scratch,TP,0/0010.png,387,0.3177836537361145,1,0,0,1,0,0,0,0,0
0,scratch,TP,0/0010.png,388,1.4523520469665527,1,0,0,1,0,0,0,0,0
0,scratch,TP,0/0010.png,389,0.45668572187423706,1,0,0,1,0,0,0,0,0
0,scratch,TP,0/0010.png,390,0.1882055103778839,1,0,0,1,0,0,0,0,0
0,scratch,TP,0/0010.png,391,0.7493594288825989,1,0,0,1,0,0,0,0,0
0,scratch,TP,0/0010.png,392,0.40862491726875305,1,0,0,1,0,0,0,0,0
0,scratch,TP,0/0010.png,393,0.3005223870277405,1,0,0,1,0,0,0,0,0
0,scratch,TP,0/0010.png,394,0.055696237832307816,1,0,0,1,0,0,0,0,0
0,scratch,TP,0/0010.png,395,0.0,1,0,0,1,0,0,0,0,0
0,scratch,TP,0/0010.png,396,0.1150560975074768,1,0,0,1,0,0,0,0,0
0,scratch,TP,0/0010.png,397,0.05859872326254845,1,0,0,1,0,0,0,0,0
0,scratch,TP,0/0010.png,398,0.9315078258514404,1,0,0,1,0,0,0,0,0
0,scratch,TP,0/0010.png,399,0.47884342074394226,1,0,0,1,0,0,0,0,0
0,scratch,TP,0/0010.png,400,0.820604681968689,1,0,0,1,0,0,0,0,0
0,scratch,TP,0/0010.png,401,0.4638209342956543,1,0,0,1,0,0,0,0,0
0,scratch,TP,0/0010.png,402,0.2879188358783722,1,0,0,1,0,0,0,0,0
0,scratch,TP,0/0010.png,403,0.003271576017141342,1,0,0,1,0,0,0,0,0
0,scratch,TP,0/0010.png,404,0.5804221630096436,1,0,0,1,0,0,0,0,0
0,scratch,TP,0/0010.png,405,0.7843536138534546,1,0,0,1,0,0,0,0,0
0,scratch,TP,0/0010.png,406,0.827086329460144,1,0,0,1,0,0,0,0,0
0,scratch,TP,0/0010.png,407,0.8427678346633911,1,0,0,1,0,0,0,0,0
0,scratch,TP,0/0010.png,408,0.17375820875167847,1,0,0,1,0,0,0,0,0
0,scratch,TP,0/0010.png,409,0.9723192453384399,1,0,0,1,0,0,0,0,0
0,scratch,TP,0/0010.png,410,0.036187224090099335,1,0,0,1,0,0,0,0,0
0,scratch,TP,0/0010.png,411,0.06272800266742706,1,0,0,1,0,0,0,0,0
0,scratch,TP,0/0010.png,412,0.027488457038998604,1,0,0,1,0,0,0,0,0
0,scratch,TP,0/0010.png,413,0.370000958442688,1,0,0,1,0,0,0,0,0
0,scratch,TP,0/0010.png,414,1.1963073015213013,1,0,0,1,0,0,0,0,0
0,scratch,TP,0/0010.png,415,0.09009115397930145,1,0,0,1,0,0,0,0,0
0,scratch,TP,0/0010.png,416,0.7205638289451599,1,0,0,1,0,0,0,0,0
0,scratch,TP,0/0010.png,417,0.5529724955558777,1,0,0,1,0,0,0,0,0
0,scratch,TP,0/0010.png,418,0.13460132479667664,1,0,0,1,0,0,0,0,0
0,scratch,TP,0/0010.png,419,0.5378150939941406,1,0,0,1,0,0,0,0,0
0,scratch,TP,0/0010.png,420,0.06593900918960571,1,0,0,1,0,0,0,0,0
0,scratch,TP,0/0010.png,421,0.28751179575920105,1,0,0,1,0,0,0,0,0
0,scratch,TP,0/0010.png,422,0.05028751865029335,1,0,0,1,0,0,0,0,0
0,scratch,TP,0/0010.png,423,0.44133660197257996,1,0,0,1,0,0,0,0,0
0,scratch,TP,0/0010.png,424,0.0496445968747139,1,0,0,1,0,0,0,0,0
0,scratch,TP,0/0010.png,425,0.0,1,0,0,1,0,0,0,0,0
0,scratch,TP,0/0010.png,426,0.31916576623916626,1,0,0,1,0,0,0,0,0
0,scratch,TP,0/0010.png,427,1.3869388103485107,1,0,0,1,0,0,0,0,0
0,scratch,TP,0/0010.png,428,0.12421417981386185,1,0,0,1,0,0,0,0,0
0,scratch,TP,0/0010.png,429,0.17418172955513,1,0,0,1,0,0,0,0,0
0,scratch,TP,0/0010.png,430,0.0911741629242897,1,0,0,1,0,0,0,0,0
0,scratch,TP,0/0010.png,431,0.09040278941392899,1,0,0,1,0,0,0,0,0
0,scratch,TP,0/0010.png,432,0.023454934358596802,1,0,0,1,0,0,0,0,0
0,scratch,TP,0/0010.png,433,0.02310001105070114,1,0,0,1,0,0,0,0,0
0,scratch,TP,0/0010.png,434,0.08788112550973892,1,0,0,1,0,0,0,0,0
0,scratch,TP,0/0010.png,435,0.3190862238407135,1,0,0,1,0,0,0,0,0
0,scratch,TP,0/0010.png,436,0.00981599185615778,1,0,0,1,0,0,0,0,0
0,scratch,TP,0/0010.png,437,0.11080383509397507,1,0,0,1,0,0,0,0,0
0,scratch,TP,0/0010.png,438,0.7175803780555725,1,0,0,1,0,0,0,0,0
0,scratch,TP,0/0010.png,439,0.5001161694526672,1,0,0,1,0,0,0,0,0
0,scratch,TP,0/0010.png,440,1.163905382156372,1,0,0,1,0,0,0,0,0
0,scratch,TP,0/0010.png,441,0.667148768901825,1,0,0,1,0,0,0,0,0
0,scratch,TP,0/0010.png,442,0.026849376037716866,1,0,0,1,0,0,0,0,0
0,scratch,TP,0/0010.png,443,0.5785068869590759,1,0,0,1,0,0,0,0,0
0,scratch,TP,0/0010.png,444,0.5062512755393982,1,0,0,1,0,0,0,0,0
0,scratch,TP,0/0010.png,445,0.091706782579422,1,0,0,1,0,0,0,0,0
0,scratch,TP,0/0010.png,446,0.7774382829666138,1,0,0,1,0,0,0,0,0
0,scratch,TP,0/0010.png,447,0.007577049545943737,1,0,0,1,0,0,0,0,0
0,scratch,TP,0/0010.png,448,0.05025209113955498,1,0,0,1,0,0,0,0,0
0,scratch,TP,0/0010.png,449,0.08226074278354645,1,0,0,1,0,0,0,0,0
0,scratch,TP,0/0010.png,450,0.6339556574821472,1,0,0,1,0,0,0,0,0
0,scratch,TP,0/0010.png,451,0.013014145195484161,1,0,0,1,0,0,0,0,0
0,scratch,TP,0/0010.png,452,1.0446950197219849,1,0,0,1,0,0,0,0,0
0,scratch,TP,0/0010.png,453,0.6879343390464783,1,0,0,1,0,0,0,0,0
0,scratch,TP,0/0010.png,454,0.03730177506804466,1,0,0,1,0,0,0,0,0
0,scratch,TP,0/0010.png,455,0.1597902774810791,1,0,0,1,0,0,0,0,0
0,scratch,TP,0/0010.png,456,0.04348009079694748,1,0,0,1,0,0,0,0,0
0,scratch,TP,0/0010.png,457,0.6752690076828003,1,0,0,1,0,0,0,0,0
0,scratch,TP,0/0010.png,458,0.029945556074380875,1,0,0,1,0,0,0,0,0
0,scratch,TP,0/0010.png,459,0.01866377890110016,1,0,0,1,0,0,0,0,0
0,scratch,TP,0/0010.png,460,0.07872370630502701,1,0,0,1,0,0,0,0,0
0,scratch,TP,0/0010.png,461,0.2188824862241745,1,0,0,1,0,0,0,0,0
0,scratch,TP,0/0010.png,462,0.04559389501810074,1,0,0,1,0,0,0,0,0
0,scratch,TP,0/0010.png,463,0.5250421762466431,1,0,0,1,0,0,0,0,0
0,scratch,TP,0/0010.png,464,0.11763715744018555,1,0,0,1,0,0,0,0,0
0,scratch,TP,0/0010.png,465,0.059367354959249496,1,0,0,1,0,0,0,0,0
0,scratch,TP,0/0010.png,466,0.9023985862731934,1,0,0,1,0,0,0,0,0
0,scratch,TP,0/0010.png,467,0.06063267961144447,1,0,0,1,0,0,0,0,0
0,scratch,TP,0/0010.png,468,1.0228513479232788,1,0,0,1,0,0,0,0,0
0,scratch,TP,0/0010.png,469,0.15783841907978058,1,0,0,1,0,0,0,0,0
0,scratch,TP,0/0010.png,470,0.0047144815325737,1,0,0,1,0,0,0,0,0
0,scratch,TP,0/0010.png,471,0.02811003476381302,1,0,0,1,0,0,0,0,0
0,scratch,TP,0/0010.png,472,0.005910469684749842,1,0,0,1,0,0,0,0,0
0,scratch,TP,0/0010.png,473,0.17403820157051086,1,0,0,1,0,0,0,0,0
0,scratch,TP,0/0010.png,474,0.7317584156990051,1,0,0,1,0,0,0,0,0
0,scratch,TP,0/0010.png,475,0.2932455539703369,1,0,0,1,0,0,0,0,0
0,scratch,TP,0/0010.png,476,0.11951236426830292,1,0,0,1,0,0,0,0,0
0,scratch,TP,0/0010.png,477,0.004904577508568764,1,0,0,1,0,0,0,0,0
0,scratch,TP,0/0010.png,478,0.05412998050451279,1,0,0,1,0,0,0,0,0
0,scratch,TP,0/0010.png,479,0.00662990054115653,1,0,0,1,0,0,0,0,0
0,scratch,TP,0/0010.png,480,0.36417219042778015,1,0,0,1,0,0,0,0,0
0,scratch,TP,0/0010.png,481,0.7004712820053101,1,0,0,1,0,0,0,0,0
0,scratch,TP,0/0010.png,482,0.3884049952030182,1,0,0,1,0,0,0,0,0
0,scratch,TP,0/0010.png,483,0.037712082266807556,1,0,0,1,0,0,0,0,0
0,scratch,TP,0/0010.png,484,0.060243576765060425,1,0,0,1,0,0,0,0,0
0,scratch,TP,0/0010.png,485,0.07168074697256088,1,0,0,1,0,0,0,0,0
0,scratch,TP,0/0010.png,486,0.1476050168275833,1,0,0,1,0,0,0,0,0
0,scratch,TP,0/0010.png,487,0.2658425271511078,1,0,0,1,0,0,0,0,0
0,scratch,TP,0/0010.png,488,0.5141974687576294,1,0,0,1,0,0,0,0,0
0,scratch,TP,0/0010.png,489,0.21595866978168488,1,0,0,1,0,0,0,0,0
0,scratch,TP,0/0010.png,490,1.2060171365737915,1,0,0,1,0,0,0,0,0
0,scratch,TP,0/0010.png,491,0.021939627826213837,1,0,0,1,0,0,0,0,0
0,scratch,TP,0/0010.png,492,0.2670910060405731,1,0,0,1,0,0,0,0,0
0,scratch,TP,0/0010.png,493,0.9343076348304749,1,0,0,1,0,0,0,0,0
0,scratch,TP,0/0010.png,494,0.8500337600708008,1,0,0,1,0,0,0,0,0
0,scratch,TP,0/0010.png,495,0.8795801997184753,1,0,0,1,0,0,0,0,0
0,scratch,TP,0/0010.png,496,1.5446114540100098,1,0,0,1,0,0,0,0,0
0,scratch,TP,0/0010.png,497,0.6286906599998474,1,0,0,1,0,0,0,0,0
0,scratch,TP,0/0010.png,498,0.10800082981586456,1,0,0,1,0,0,0,0,0
0,scratch,TP,0/0010.png,499,1.5397593975067139,1,0,0,1,0,0,0,0,0
0,scratch,TP,0/0010.png,500,0.929807722568512,1,0,0,1,0,0,0,0,0
0,scratch,TP,0/0010.png,501,0.0518011599779129,1,0,0,1,0,0,0,0,0
0,scratch,TP,0/0010.png,502,0.8098835349082947,1,0,0,1,0,0,0,0,0
0,scratch,TP,0/0010.png,503,0.18177005648612976,1,0,0,1,0,0,0,0,0
0,scratch,TP,0/0010.png,504,1.515458345413208,1,0,0,1,0,0,0,0,0
0,scratch,TP,0/0010.png,505,0.13928698003292084,1,0,0,1,0,0,0,0,0
0,scratch,TP,0/0010.png,506,0.13887692987918854,1,0,0,1,0,0,0,0,0
0,scratch,TP,0/0010.png,507,0.041704826056957245,1,0,0,1,0,0,0,0,0
0,scratch,TP,0/0010.png,508,0.023576848208904266,1,0,0,1,0,0,0,0,0
0,scratch,TP,0/0010.png,509,0.35665422677993774,1,0,0,1,0,0,0,0,0
0,scratch,TP,0/0010.png,510,0.2125946283340454,1,0,0,1,0,0,0,0,0
0,scratch,TP,0/0010.png,511,0.04363838955760002,1,0,0,1,0,0,0,0,0
0,scratch,FP,0/0012.png,0,0.8403205871582031,0,1,0,0,1,0,0,0,0
0,scratch,FP,0/0012.png,1,1.0562691688537598,0,1,0,0,1,0,0,0,0
0,scratch,FP,0/0012.png,2,0.09056191891431808,0,1,0,0,1,0,0,0,0
0,scratch,FP,0/0012.png,3,0.6189854741096497,0,1,0,0,1,0,0,0,0
0,scratch,FP,0/0012.png,4,0.2322608381509781,0,1,0,0,1,0,0,0,0
0,scratch,FP,0/0012.png,5,0.1259312480688095,0,1,0,0,1,0,0,0,0
0,scratch,FP,0/0012.png,6,0.090146005153656,0,1,0,0,1,0,0,0,0
0,scratch,FP,0/0012.png,7,0.08729903399944305,0,1,0,0,1,0,0,0,0
0,scratch,FP,0/0012.png,8,0.5276378989219666,0,1,0,0,1,0,0,0,0
0,scratch,FP,0/0012.png,9,0.5360420346260071,0,1,0,0,1,0,0,0,0
0,scratch,FP,0/0012.png,10,0.2638845145702362,0,1,0,0,1,0,0,0,0
0,scratch,FP,0/0012.png,11,0.45683813095092773,0,1,0,0,1,0,0,0,0
0,scratch,FP,0/0012.png,12,0.11746647208929062,0,1,0,0,1,0,0,0,0
0,scratch,FP,0/0012.png,13,0.11062667518854141,0,1,0,0,1,0,0,0,0
0,scratch,FP,0/0012.png,14,0.20924769341945648,0,1,0,0,1,0,0,0,0
0,scratch,FP,0/0012.png,15,0.07830927520990372,0,1,0,0,1,0,0,0,0
0,scratch,FP,0/0012.png,16,0.38846081495285034,0,1,0,0,1,0,0,0,0
0,scratch,FP,0/0012.png,17,0.11199338734149933,0,1,0,0,1,0,0,0,0
0,scratch,FP,0/0012.png,18,0.013943399302661419,0,1,0,0,1,0,0,0,0
0,scratch,FP,0/0012.png,19,0.011362816207110882,0,1,0,0,1,0,0,0,0
0,scratch,FP,0/0012.png,20,0.13072562217712402,0,1,0,0,1,0,0,0,0
0,scratch,FP,0/0012.png,21,0.16931487619876862,0,1,0,0,1,0,0,0,0
0,scratch,FP,0/0012.png,22,0.45147043466567993,0,1,0,0,1,0,0,0,0
0,scratch,FP,0/0012.png,23,0.2671206593513489,0,1,0,0,1,0,0,0,0
0,scratch,FP,0/0012.png,24,0.0058840117417275906,0,1,0,0,1,0,0,0,0
0,scratch,FP,0/0012.png,25,0.1443847417831421,0,1,0,0,1,0,0,0,0
0,scratch,FP,0/0012.png,26,0.20653297007083893,0,1,0,0,1,0,0,0,0
0,scratch,FP,0/0012.png,27,0.03762729838490486,0,1,0,0,1,0,0,0,0
0,scratch,FP,0/0012.png,28,0.9005009531974792,0,1,0,0,1,0,0,0,0
0,scratch,FP,0/0012.png,29,0.5049520134925842,0,1,0,0,1,0,0,0,0
0,scratch,FP,0/0012.png,30,0.5495021343231201,0,1,0,0,1,0,0,0,0
0,scratch,FP,0/0012.png,31,0.6034255623817444,0,1,0,0,1,0,0,0,0
0,scratch,FP,0/0012.png,32,0.09422416239976883,0,1,0,0,1,0,0,0,0
0,scratch,FP,0/0012.png,33,0.5353037714958191,0,1,0,0,1,0,0,0,0
0,scratch,FP,0/0012.png,34,0.6219409108161926,0,1,0,0,1,0,0,0,0
0,scratch,FP,0/0012.png,35,1.0959275960922241,0,1,0,0,1,0,0,0,0
0,scratch,FP,0/0012.png,36,0.33438563346862793,0,1,0,0,1,0,0,0,0
0,scratch,FP,0/0012.png,37,1.7083690166473389,0,1,0,0,1,0,0,0,0
0,scratch,FP,0/0012.png,38,0.30190610885620117,0,1,0,0,1,0,0,0,0
0,scratch,FP,0/0012.png,39,0.029660023748874664,0,1,0,0,1,0,0,0,0
0,scratch,FP,0/0012.png,40,0.06798399239778519,0,1,0,0,1,0,0,0,0
0,scratch,FP,0/0012.png,41,0.0270916149020195,0,1,0,0,1,0,0,0,0
0,scratch,FP,0/0012.png,42,0.8645288348197937,0,1,0,0,1,0,0,0,0
0,scratch,FP,0/0012.png,43,0.265285462141037,0,1,0,0,1,0,0,0,0
0,scratch,FP,0/0012.png,44,0.9924502968788147,0,1,0,0,1,0,0,0,0
0,scratch,FP,0/0012.png,45,0.5929257869720459,0,1,0,0,1,0,0,0,0
0,scratch,FP,0/0012.png,46,0.5976949334144592,0,1,0,0,1,0,0,0,0
0,scratch,FP,0/0012.png,47,0.08242624998092651,0,1,0,0,1,0,0,0,0
0,scratch,FP,0/0012.png,48,0.335894912481308,0,1,0,0,1,0,0,0,0
0,scratch,FP,0/0012.png,49,0.12408436834812164,0,1,0,0,1,0,0,0,0
0,scratch,FP,0/0012.png,50,0.10407949984073639,0,1,0,0,1,0,0,0,0
0,scratch,FP,0/0012.png,51,0.2754346430301666,0,1,0,0,1,0,0,0,0
0,scratch,FP,0/0012.png,52,1.3064069747924805,0,1,0,0,1,0,0,0,0
0,scratch,FP,0/0012.png,53,1.1105149984359741,0,1,0,0,1,0,0,0,0
0,scratch,FP,0/0012.png,54,0.6902961730957031,0,1,0,0,1,0,0,0,0
0,scratch,FP,0/0012.png,55,0.0,0,1,0,0,1,0,0,0,0
0,scratch,FP,0/0012.png,56,0.47494444251060486,0,1,0,0,1,0,0,0,0
0,scratch,FP,0/0012.png,57,0.015290257520973682,0,1,0,0,1,0,0,0,0
0,scratch,FP,0/0012.png,58,1.0669856071472168,0,1,0,0,1,0,0,0,0
0,scratch,FP,0/0012.png,59,0.017764393240213394,0,1,0,0,1,0,0,0,0
0,scratch,FP,0/0012.png,60,0.05705803260207176,0,1,0,0,1,0,0,0,0
0,scratch,FP,0/0012.png,61,0.00340415071696043,0,1,0,0,1,0,0,0,0
0,scratch,FP,0/0012.png,62,0.3269217610359192,0,1,0,0,1,0,0,0,0
0,scratch,FP,0/0012.png,63,1.352206826210022,0,1,0,0,1,0,0,0,0
0,scratch,FP,0/0012.png,64,0.7229056358337402,0,1,0,0,1,0,0,0,0
0,scratch,FP,0/0012.png,65,0.859215259552002,0,1,0,0,1,0,0,0,0
0,scratch,FP,0/0012.png,66,0.6389250755310059,0,1,0,0,1,0,0,0,0
0,scratch,FP,0/0012.png,67,0.9988792538642883,0,1,0,0,1,0,0,0,0
0,scratch,FP,0/0012.png,68,0.5733000040054321,0,1,0,0,1,0,0,0,0
0,scratch,FP,0/0012.png,69,0.2734110951423645,0,1,0,0,1,0,0,0,0
0,scratch,FP,0/0012.png,70,0.005001092329621315,0,1,0,0,1,0,0,0,0
0,scratch,FP,0/0012.png,71,0.14331786334514618,0,1,0,0,1,0,0,0,0
0,scratch,FP,0/0012.png,72,0.5679962038993835,0,1,0,0,1,0,0,0,0
0,scratch,FP,0/0012.png,73,0.2824702858924866,0,1,0,0,1,0,0,0,0
0,scratch,FP,0/0012.png,74,0.4601339101791382,0,1,0,0,1,0,0,0,0
0,scratch,FP,0/0012.png,75,0.3141102194786072,0,1,0,0,1,0,0,0,0
0,scratch,FP,0/0012.png,76,0.7496998906135559,0,1,0,0,1,0,0,0,0
0,scratch,FP,0/0012.png,77,0.3036370277404785,0,1,0,0,1,0,0,0,0
0,scratch,FP,0/0012.png,78,0.40550583600997925,0,1,0,0,1,0,0,0,0
0,scratch,FP,0/0012.png,79,0.106930673122406,0,1,0,0,1,0,0,0,0
0,scratch,FP,0/0012.png,80,0.27620580792427063,0,1,0,0,1,0,0,0,0
0,scratch,FP,0/0012.png,81,0.3959575891494751,0,1,0,0,1,0,0,0,0
0,scratch,FP,0/0012.png,82,0.35849815607070923,0,1,0,0,1,0,0,0,0
0,scratch,FP,0/0012.png,83,0.7483998537063599,0,1,0,0,1,0,0,0,0
0,scratch,FP,0/0012.png,84,1.1989095211029053,0,1,0,0,1,0,0,0,0
0,scratch,FP,0/0012.png,85,0.2125171422958374,0,1,0,0,1,0,0,0,0
0,scratch,FP,0/0012.png,86,0.47748786211013794,0,1,0,0,1,0,0,0,0
0,scratch,FP,0/0012.png,87,1.2441468238830566,0,1,0,0,1,0,0,0,0
0,scratch,FP,0/0012.png,88,0.04536747932434082,0,1,0,0,1,0,0,0,0
0,scratch,FP,0/0012.png,89,0.12175574898719788,0,1,0,0,1,0,0,0,0
0,scratch,FP,0/0012.png,90,0.27583929896354675,0,1,0,0,1,0,0,0,0
0,scratch,FP,0/0012.png,91,0.3102497160434723,0,1,0,0,1,0,0,0,0
0,scratch,FP,0/0012.png,92,0.14564022421836853,0,1,0,0,1,0,0,0,0
0,scratch,FP,0/0012.png,93,0.07399837672710419,0,1,0,0,1,0,0,0,0
0,scratch,FP,0/0012.png,94,0.18156740069389343,0,1,0,0,1,0,0,0,0
0,scratch,FP,0/0012.png,95,0.7320330739021301,0,1,0,0,1,0,0,0,0
0,scratch,FP,0/0012.png,96,0.10080365836620331,0,1,0,0,1,0,0,0,0
0,scratch,FP,0/0012.png,97,1.0523179769515991,0,1,0,0,1,0,0,0,0
0,scratch,FP,0/0012.png,98,0.691257655620575,0,1,0,0,1,0,0,0,0
0,scratch,FP,0/0012.png,99,0.20817694067955017,0,1,0,0,1,0,0,0,0
0,scratch,FP,0/0012.png,100,0.2430695742368698,0,1,0,0,1,0,0,0,0
0,scratch,FP,0/0012.png,101,0.005096136592328548,0,1,0,0,1,0,0,0,0
0,scratch,FP,0/0012.png,102,0.09862162172794342,0,1,0,0,1,0,0,0,0
0,scratch,FP,0/0012.png,103,0.3269251883029938,0,1,0,0,1,0,0,0,0
0,scratch,FP,0/0012.png,104,0.5770177841186523,0,1,0,0,1,0,0,0,0
0,scratch,FP,0/0012.png,105,0.6951888799667358,0,1,0,0,1,0,0,0,0
0,scratch,FP,0/0012.png,106,0.06903743743896484,0,1,0,0,1,0,0,0,0
0,scratch,FP,0/0012.png,107,0.4560999274253845,0,1,0,0,1,0,0,0,0
0,scratch,FP,0/0012.png,108,0.1613016426563263,0,1,0,0,1,0,0,0,0
0,scratch,FP,0/0012.png,109,1.0715434551239014,0,1,0,0,1,0,0,0,0
0,scratch,FP,0/0012.png,110,0.5755689740180969,0,1,0,0,1,0,0,0,0
0,scratch,FP,0/0012.png,111,0.08071218430995941,0,1,0,0,1,0,0,0,0
0,scratch,FP,0/0012.png,112,1.2859790325164795,0,1,0,0,1,0,0,0,0
0,scratch,FP,0/0012.png,113,0.04816194996237755,0,1,0,0,1,0,0,0,0
0,scratch,FP,0/0012.png,114,0.36841243505477905,0,1,0,0,1,0,0,0,0
0,scratch,FP,0/0012.png,115,1.0048978328704834,0,1,0,0,1,0,0,0,0
0,scratch,FP,0/0012.png,116,0.18842367827892303,0,1,0,0,1,0,0,0,0
0,scratch,FP,0/0012.png,117,0.12680599093437195,0,1,0,0,1,0,0,0,0
0,scratch,FP,0/0012.png,118,0.45461606979370117,0,1,0,0,1,0,0,0,0
0,scratch,FP,0/0012.png,119,0.4188050925731659,0,1,0,0,1,0,0,0,0
0,scratch,FP,0/0012.png,120,0.5204423069953918,0,1,0,0,1,0,0,0,0
0,scratch,FP,0/0012.png,121,0.18417704105377197,0,1,0,0,1,0,0,0,0
0,scratch,FP,0/0012.png,122,1.2579677104949951,0,1,0,0,1,0,0,0,0
0,scratch,FP,0/0012.png,123,0.21734124422073364,0,1,0,0,1,0,0,0,0
0,scratch,FP,0/0012.png,124,0.0016156639903783798,0,1,0,0,1,0,0,0,0
0,scratch,FP,0/0012.png,125,1.129532814025879,0,1,0,0,1,0,0,0,0
0,scratch,FP,0/0012.png,126,0.14618395268917084,0,1,0,0,1,0,0,0,0
0,scratch,FP,0/0012.png,127,0.6399673223495483,0,1,0,0,1,0,0,0,0
0,scratch,FP,0/0012.png,128,0.25268691778182983,0,1,0,0,1,0,0,0,0
0,scratch,FP,0/0012.png,129,1.314799427986145,0,1,0,0,1,0,0,0,0
0,scratch,FP,0/0012.png,130,0.13429012894630432,0,1,0,0,1,0,0,0,0
0,scratch,FP,0/0012.png,131,0.4734293222427368,0,1,0,0,1,0,0,0,0
0,scratch,FP,0/0012.png,132,0.41870182752609253,0,1,0,0,1,0,0,0,0
0,scratch,FP,0/0012.png,133,0.09523314237594604,0,1,0,0,1,0,0,0,0
0,scratch,FP,0/0012.png,134,1.6361820697784424,0,1,0,0,1,0,0,0,0
0,scratch,FP,0/0012.png,135,0.36434563994407654,0,1,0,0,1,0,0,0,0
0,scratch,FP,0/0012.png,136,0.49030160903930664,0,1,0,0,1,0,0,0,0
0,scratch,FP,0/0012.png,137,0.581790030002594,0,1,0,0,1,0,0,0,0
0,scratch,FP,0/0012.png,138,0.15312640368938446,0,1,0,0,1,0,0,0,0
0,scratch,FP,0/0012.png,139,0.007104068528860807,0,1,0,0,1,0,0,0,0
0,scratch,FP,0/0012.png,140,0.15672746300697327,0,1,0,0,1,0,0,0,0
0,scratch,FP,0/0012.png,141,0.05334368348121643,0,1,0,0,1,0,0,0,0
0,scratch,FP,0/0012.png,142,0.05026356875896454,0,1,0,0,1,0,0,0,0
0,scratch,FP,0/0012.png,143,0.11760985106229782,0,1,0,0,1,0,0,0,0
0,scratch,FP,0/0012.png,144,0.1745837926864624,0,1,0,0,1,0,0,0,0
0,scratch,FP,0/0012.png,145,0.5021113157272339,0,1,0,0,1,0,0,0,0
0,scratch,FP,0/0012.png,146,0.24645717442035675,0,1,0,0,1,0,0,0,0
0,scratch,FP,0/0012.png,147,0.1401793360710144,0,1,0,0,1,0,0,0,0
0,scratch,FP,0/0012.png,148,1.689802885055542,0,1,0,0,1,0,0,0,0
0,scratch,FP,0/0012.png,149,0.3632262051105499,0,1,0,0,1,0,0,0,0
0,scratch,FP,0/0012.png,150,0.39590248465538025,0,1,0,0,1,0,0,0,0
0,scratch,FP,0/0012.png,151,1.1270767450332642,0,1,0,0,1,0,0,0,0
0,scratch,FP,0/0012.png,152,1.0414117574691772,0,1,0,0,1,0,0,0,0
0,scratch,FP,0/0012.png,153,0.054226797074079514,0,1,0,0,1,0,0,0,0
0,scratch,FP,0/0012.png,154,0.023476935923099518,0,1,0,0,1,0,0,0,0
0,scratch,FP,0/0012.png,155,1.350431203842163,0,1,0,0,1,0,0,0,0
0,scratch,FP,0/0012.png,156,0.15281689167022705,0,1,0,0,1,0,0,0,0
0,scratch,FP,0/0012.png,157,0.008971700444817543,0,1,0,0,1,0,0,0,0
0,scratch,FP,0/0012.png,158,0.9388692378997803,0,1,0,0,1,0,0,0,0
0,scratch,FP,0/0012.png,159,0.41689667105674744,0,1,0,0,1,0,0,0,0
0,scratch,FP,0/0012.png,160,1.251344919204712,0,1,0,0,1,0,0,0,0
0,scratch,FP,0/0012.png,161,0.0,0,1,0,0,1,0,0,0,0
0,scratch,FP,0/0012.png,162,1.1296238899230957,0,1,0,0,1,0,0,0,0
0,scratch,FP,0/0012.png,163,1.0313594341278076,0,1,0,0,1,0,0,0,0
0,scratch,FP,0/0012.png,164,0.1663302630186081,0,1,0,0,1,0,0,0,0
0,scratch,FP,0/0012.png,165,1.0162843465805054,0,1,0,0,1,0,0,0,0
0,scratch,FP,0/0012.png,166,0.5600131154060364,0,1,0,0,1,0,0,0,0
0,scratch,FP,0/0012.png,167,1.395376205444336,0,1,0,0,1,0,0,0,0
0,scratch,FP,0/0012.png,168,0.07821066677570343,0,1,0,0,1,0,0,0,0
0,scratch,FP,0/0012.png,169,0.04963715746998787,0,1,0,0,1,0,0,0,0
0,scratch,FP,0/0012.png,170,0.021741701290011406,0,1,0,0,1,0,0,0,0
0,scratch,FP,0/0012.png,171,0.24405890703201294,0,1,0,0,1,0,0,0,0
0,scratch,FP,0/0012.png,172,1.0161476135253906,0,1,0,0,1,0,0,0,0
0,scratch,FP,0/0012.png,173,0.3995901644229889,0,1,0,0,1,0,0,0,0
0,scratch,FP,0/0012.png,174,0.1971631795167923,0,1,0,0,1,0,0,0,0
0,scratch,FP,0/0012.png,175,0.11521929502487183,0,1,0,0,1,0,0,0,0
0,scratch,FP,0/0012.png,176,0.07030032575130463,0,1,0,0,1,0,0,0,0
0,scratch,FP,0/0012.png,177,0.1579921841621399,0,1,0,0,1,0,0,0,0
0,scratch,FP,0/0012.png,178,0.3591131865978241,0,1,0,0,1,0,0,0,0
0,scratch,FP,0/0012.png,179,0.1066841185092926,0,1,0,0,1,0,0,0,0
0,scratch,FP,0/0012.png,180,0.18655216693878174,0,1,0,0,1,0,0,0,0
0,scratch,FP,0/0012.png,181,0.6792498230934143,0,1,0,0,1,0,0,0,0
0,scratch,FP,0/0012.png,182,0.2335306704044342,0,1,0,0,1,0,0,0,0
0,scratch,FP,0/0012.png,183,0.014543689787387848,0,1,0,0,1,0,0,0,0
0,scratch,FP,0/0012.png,184,1.0963128805160522,0,1,0,0,1,0,0,0,0
0,scratch,FP,0/0012.png,185,0.17326486110687256,0,1,0,0,1,0,0,0,0
0,scratch,FP,0/0012.png,186,0.5392549633979797,0,1,0,0,1,0,0,0,0
0,scratch,FP,0/0012.png,187,0.5645342469215393,0,1,0,0,1,0,0,0,0
0,scratch,FP,0/0012.png,188,0.42672351002693176,0,1,0,0,1,0,0,0,0
0,scratch,FP,0/0012.png,189,0.3214184045791626,0,1,0,0,1,0,0,0,0
0,scratch,FP,0/0012.png,190,1.0298457145690918,0,1,0,0,1,0,0,0,0
0,scratch,FP,0/0012.png,191,0.2974396049976349,0,1,0,0,1,0,0,0,0
0,scratch,FP,0/0012.png,192,0.9104624390602112,0,1,0,0,1,0,0,0,0
0,scratch,FP,0/0012.png,193,0.0895126461982727,0,1,0,0,1,0,0,0,0
0,scratch,FP,0/0012.png,194,0.41327783465385437,0,1,0,0,1,0,0,0,0
0,scratch,FP,0/0012.png,195,0.1886819750070572,0,1,0,0,1,0,0,0,0
0,scratch,FP,0/0012.png,196,0.02412368729710579,0,1,0,0,1,0,0,0,0
0,scratch,FP,0/0012.png,197,0.16652484238147736,0,1,0,0,1,0,0,0,0
0,scratch,FP,0/0012.png,198,0.4418243169784546,0,1,0,0,1,0,0,0,0
0,scratch,FP,0/0012.png,199,0.6192321181297302,0,1,0,0,1,0,0,0,0
0,scratch,FP,0/0012.png,200,1.7002768516540527,0,1,0,0,1,0,0,0,0
0,scratch,FP,0/0012.png,201,0.2785080373287201,0,1,0,0,1,0,0,0,0
0,scratch,FP,0/0012.png,202,0.021010225638747215,0,1,0,0,1,0,0,0,0
0,scratch,FP,0/0012.png,203,0.031165998429059982,0,1,0,0,1,0,0,0,0
0,scratch,FP,0/0012.png,204,0.07619628310203552,0,1,0,0,1,0,0,0,0
0,scratch,FP,0/0012.png,205,0.28811025619506836,0,1,0,0,1,0,0,0,0
0,scratch,FP,0/0012.png,206,0.011758116073906422,0,1,0,0,1,0,0,0,0
0,scratch,FP,0/0012.png,207,0.05562877282500267,0,1,0,0,1,0,0,0,0
0,scratch,FP,0/0012.png,208,0.2684655487537384,0,1,0,0,1,0,0,0,0
0,scratch,FP,0/0012.png,209,0.26206740736961365,0,1,0,0,1,0,0,0,0
0,scratch,FP,0/0012.png,210,0.03415071219205856,0,1,0,0,1,0,0,0,0
0,scratch,FP,0/0012.png,211,0.376556932926178,0,1,0,0,1,0,0,0,0
0,scratch,FP,0/0012.png,212,0.05087345093488693,0,1,0,0,1,0,0,0,0
0,scratch,FP,0/0012.png,213,1.2166258096694946,0,1,0,0,1,0,0,0,0
0,scratch,FP,0/0012.png,214,0.052348725497722626,0,1,0,0,1,0,0,0,0
0,scratch,FP,0/0012.png,215,0.17004980146884918,0,1,0,0,1,0,0,0,0
0,scratch,FP,0/0012.png,216,0.9381643533706665,0,1,0,0,1,0,0,0,0
0,scratch,FP,0/0012.png,217,0.2993144989013672,0,1,0,0,1,0,0,0,0
0,scratch,FP,0/0012.png,218,0.8007320761680603,0,1,0,0,1,0,0,0,0
0,scratch,FP,0/0012.png,219,0.052447572350502014,0,1,0,0,1,0,0,0,0
0,scratch,FP,0/0012.png,220,0.3246155083179474,0,1,0,0,1,0,0,0,0
0,scratch,FP,0/0012.png,221,0.38646623492240906,0,1,0,0,1,0,0,0,0
0,scratch,FP,0/0012.png,222,0.11210410296916962,0,1,0,0,1,0,0,0,0
0,scratch,FP,0/0012.png,223,0.0,0,1,0,0,1,0,0,0,0
0,scratch,FP,0/0012.png,224,0.48723292350769043,0,1,0,0,1,0,0,0,0
0,scratch,FP,0/0012.png,225,0.13222149014472961,0,1,0,0,1,0,0,0,0
0,scratch,FP,0/0012.png,226,0.8328201770782471,0,1,0,0,1,0,0,0,0
0,scratch,FP,0/0012.png,227,0.08313341438770294,0,1,0,0,1,0,0,0,0
0,scratch,FP,0/0012.png,228,0.38301756978034973,0,1,0,0,1,0,0,0,0
0,scratch,FP,0/0012.png,229,0.6755459904670715,0,1,0,0,1,0,0,0,0
0,scratch,FP,0/0012.png,230,0.17892152070999146,0,1,0,0,1,0,0,0,0
0,scratch,FP,0/0012.png,231,0.024766702204942703,0,1,0,0,1,0,0,0,0
0,scratch,FP,0/0012.png,232,0.10361313074827194,0,1,0,0,1,0,0,0,0
0,scratch,FP,0/0012.png,233,1.0900129079818726,0,1,0,0,1,0,0,0,0
0,scratch,FP,0/0012.png,234,1.6364268064498901,0,1,0,0,1,0,0,0,0
0,scratch,FP,0/0012.png,235,0.02279280684888363,0,1,0,0,1,0,0,0,0
0,scratch,FP,0/0012.png,236,0.8176000118255615,0,1,0,0,1,0,0,0,0
0,scratch,FP,0/0012.png,237,0.38548314571380615,0,1,0,0,1,0,0,0,0
0,scratch,FP,0/0012.png,238,0.20776596665382385,0,1,0,0,1,0,0,0,0
0,scratch,FP,0/0012.png,239,0.2946970462799072,0,1,0,0,1,0,0,0,0
0,scratch,FP,0/0012.png,240,0.25561437010765076,0,1,0,0,1,0,0,0,0
0,scratch,FP,0/0012.png,241,0.27246782183647156,0,1,0,0,1,0,0,0,0
0,scratch,FP,0/0012.png,242,0.034893110394477844,0,1,0,0,1,0,0,0,0
0,scratch,FP,0/0012.png,243,0.06178783252835274,0,1,0,0,1,0,0,0,0
0,scratch,FP,0/0012.png,244,0.04635839909315109,0,1,0,0,1,0,0,0,0
0,scratch,FP,0/0012.png,245,0.1962352842092514,0,1,0,0,1,0,0,0,0
0,scratch,FP,0/0012.png,246,0.13514643907546997,0,1,0,0,1,0,0,0,0
0,scratch,FP,0/0012.png,247,0.14959944784641266,0,1,0,0,1,0,0,0,0
0,scratch,FP,0/0012.png,248,0.27156928181648254,0,1,0,0,1,0,0,0,0
0,scratch,FP,0/0012.png,249,0.6644271612167358,0,1,0,0,1,0,0,0,0
0,scratch,FP,0/0012.png,250,0.14930519461631775,0,1,0,0,1,0,0,0,0
0,scratch,FP,0/0012.png,251,0.046073563396930695,0,1,0,0,1,0,0,0,0
0,scratch,FP,0/0012.png,252,0.6937220692634583,0,1,0,0,1,0,0,0,0
0,scratch,FP,0/0012.png,253,0.21135732531547546,0,1,0,0,1,0,0,0,0
0,scratch,FP,0/0012.png,254,0.2861420810222626,0,1,0,0,1,0,0,0,0
0,scratch,FP,0/0012.png,255,0.031024383381009102,0,1,0,0,1,0,0,0,0
0,scratch,FP,0/0012.png,256,0.10898841917514801,0,1,0,0,1,0,0,0,0
0,scratch,FP,0/0012.png,257,0.5906490683555603,0,1,0,0,1,0,0,0,0
0,scratch,FP,0/0012.png,258,0.07362091541290283,0,1,0,0,1,0,0,0,0
0,scratch,FP,0/0012.png,259,1.3898005485534668,0,1,0,0,1,0,0,0,0
0,scratch,FP,0/0012.png,260,0.6890621781349182,0,1,0,0,1,0,0,0,0
0,scratch,FP,0/0012.png,261,0.8245658874511719,0,1,0,0,1,0,0,0,0
0,scratch,FP,0/0012.png,262,0.02951519750058651,0,1,0,0,1,0,0,0,0
0,scratch,FP,0/0012.png,263,0.5647478103637695,0,1,0,0,1,0,0,0,0
0,scratch,FP,0/0012.png,264,0.26503443717956543,0,1,0,0,1,0,0,0,0
0,scratch,FP,0/0012.png,265,0.3747604787349701,0,1,0,0,1,0,0,0,0
0,scratch,FP,0/0012.png,266,0.21890679001808167,0,1,0,0,1,0,0,0,0
0,scratch,FP,0/0012.png,267,1.1547197103500366,0,1,0,0,1,0,0,0,0
0,scratch,FP,0/0012.png,268,0.39024558663368225,0,1,0,0,1,0,0,0,0
0,scratch,FP,0/0012.png,269,0.5670379400253296,0,1,0,0,1,0,0,0,0
0,scratch,FP,0/0012.png,270,0.06615738570690155,0,1,0,0,1,0,0,0,0
0,scratch,FP,0/0012.png,271,0.9951596260070801,0,1,0,0,1,0,0,0,0
0,scratch,FP,0/0012.png,272,0.06729253381490707,0,1,0,0,1,0,0,0,0
0,scratch,FP,0/0012.png,273,0.10423063486814499,0,1,0,0,1,0,0,0,0
0,scratch,FP,0/0012.png,274,0.2040788233280182,0,1,0,0,1,0,0,0,0
0,scratch,FP,0/0012.png,275,0.587812066078186,0,1,0,0,1,0,0,0,0
0,scratch,FP,0/0012.png,276,0.18228355050086975,0,1,0,0,1,0,0,0,0
0,scratch,FP,0/0012.png,277,1.136099100112915,0,1,0,0,1,0,0,0,0
0,scratch,FP,0/0012.png,278,0.41694560647010803,0,1,0,0,1,0,0,0,0
0,scratch,FP,0/0012.png,279,0.08240862190723419,0,1,0,0,1,0,0,0,0
0,scratch,FP,0/0012.png,280,0.11330325901508331,0,1,0,0,1,0,0,0,0
0,scratch,FP,0/0012.png,281,0.47105708718299866,0,1,0,0,1,0,0,0,0
0,scratch,FP,0/0012.png,282,0.09683475643396378,0,1,0,0,1,0,0,0,0
0,scratch,FP,0/0012.png,283,0.256618857383728,0,1,0,0,1,0,0,0,0
0,scratch,FP,0/0012.png,284,0.6965296268463135,0,1,0,0,1,0,0,0,0
0,scratch,FP,0/0012.png,285,0.02790827490389347,0,1,0,0,1,0,0,0,0
0,scratch,FP,0/0012.png,286,0.7283975481987,0,1,0,0,1,0,0,0,0
0,scratch,FP,0/0012.png,287,0.4564262628555298,0,1,0,0,1,0,0,0,0
0,scratch,FP,0/0012.png,288,0.293844074010849,0,1,0,0,1,0,0,0,0
0,scratch,FP,0/0012.png,289,0.5874341130256653,0,1,0,0,1,0,0,0,0
0,scratch,FP,0/0012.png,290,0.2960537374019623,0,1,0,0,1,0,0,0,0
0,scratch,FP,0/0012.png,291,1.184749960899353,0,1,0,0,1,0,0,0,0
0,scratch,FP,0/0012.png,292,0.2752699851989746,0,1,0,0,1,0,0,0,0
0,scratch,FP,0/0012.png,293,0.12369172275066376,0,1,0,0,1,0,0,0,0
0,scratch,FP,0/0012.png,294,0.33146074414253235,0,1,0,0,1,0,0,0,0
0,scratch,FP,0/0012.png,295,0.8505457043647766,0,1,0,0,1,0,0,0,0
0,scratch,FP,0/0012.png,296,0.10264743119478226,0,1,0,0,1,0,0,0,0
0,scratch,FP,0/0012.png,297,0.2818581759929657,0,1,0,0,1,0,0,0,0
0,scratch,FP,0/0012.png,298,1.1874971389770508,0,1,0,0,1,0,0,0,0
0,scratch,FP,0/0012.png,299,0.15567272901535034,0,1,0,0,1,0,0,0,0
0,scratch,FP,0/0012.png,300,0.10144238919019699,0,1,0,0,1,0,0,0,0
0,scratch,FP,0/0012.png,301,1.0975065231323242,0,1,0,0,1,0,0,0,0
0,scratch,FP,0/0012.png,302,0.6190522909164429,0,1,0,0,1,0,0,0,0
0,scratch,FP,0/0012.png,303,1.5004674196243286,0,1,0,0,1,0,0,0,0
0,scratch,FP,0/0012.png,304,0.21663913130760193,0,1,0,0,1,0,0,0,0
0,scratch,FP,0/0012.png,305,0.40686488151550293,0,1,0,0,1,0,0,0,0
0,scratch,FP,0/0012.png,306,0.0074683683924376965,0,1,0,0,1,0,0,0,0
0,scratch,FP,0/0012.png,307,0.029385335743427277,0,1,0,0,1,0,0,0,0
0,scratch,FP,0/0012.png,308,0.6274222135543823,0,1,0,0,1,0,0,0,0
0,scratch,FP,0/0012.png,309,0.41233494877815247,0,1,0,0,1,0,0,0,0
0,scratch,FP,0/0012.png,310,0.3171742856502533,0,1,0,0,1,0,0,0,0
0,scratch,FP,0/0012.png,311,1.2541401386260986,0,1,0,0,1,0,0,0,0
0,scratch,FP,0/0012.png,312,0.34282636642456055,0,1,0,0,1,0,0,0,0
0,scratch,FP,0/0012.png,313,0.17529582977294922,0,1,0,0,1,0,0,0,0
0,scratch,FP,0/0012.png,314,0.22353002429008484,0,1,0,0,1,0,0,0,0
0,scratch,FP,0/0012.png,315,0.1858312040567398,0,1,0,0,1,0,0,0,0
0,scratch,FP,0/0012.png,316,0.43386611342430115,0,1,0,0,1,0,0,0,0
0,scratch,FP,0/0012.png,317,0.4485909640789032,0,1,0,0,1,0,0,0,0
0,scratch,FP,0/0012.png,318,0.3758624792098999,0,1,0,0,1,0,0,0,0
0,scratch,FP,0/0012.png,319,0.035020798444747925,0,1,0,0,1,0,0,0,0
0,scratch,FP,0/0012.png,320,0.5158449411392212,0,1,0,0,1,0,0,0,0
0,scratch,FP,0/0012.png,321,0.283680260181427,0,1,0,0,1,0,0,0,0
0,scratch,FP,0/0012.png,322,1.2590287923812866,0,1,0,0,1,0,0,0,0
0,scratch,FP,0/0012.png,323,1.0485268831253052,0,1,0,0,1,0,0,0,0
0,scratch,FP,0/0012.png,324,0.6790451407432556,0,1,0,0,1,0,0,0,0
0,scratch,FP,0/0012.png,325,0.23163725435733795,0,1,0,0,1,0,0,0,0
0,scratch,FP,0/0012.png,326,0.12411107867956161,0,1,0,0,1,0,0,0,0
0,scratch,FP,0/0012.png,327,0.590392529964447,0,1,0,0,1,0,0,0,0
0,scratch,FP,0/0012.png,328,0.018837153911590576,0,1,0,0,1,0,0,0,0
0,scratch,FP,0/0012.png,329,0.11519454419612885,0,1,0,0,1,0,0,0,0
0,scratch,FP,0/0012.png,330,0.01198985893279314,0,1,0,0,1,0,0,0,0
0,scratch,FP,0/0012.png,331,0.9984161853790283,0,1,0,0,1,0,0,0,0
0,scratch,FP,0/0012.png,332,0.05874376744031906,0,1,0,0,1,0,0,0,0
0,scratch,FP,0/0012.png,333,0.04866563156247139,0,1,0,0,1,0,0,0,0
0,scratch,FP,0/0012.png,334,0.03430454060435295,0,1,0,0,1,0,0,0,0
0,scratch,FP,0/0012.png,335,0.13899095356464386,0,1,0,0,1,0,0,0,0
0,scratch,FP,0/0012.png,336,0.16081474721431732,0,1,0,0,1,0,0,0,0
0,scratch,FP,0/0012.png,337,0.41966453194618225,0,1,0,0,1,0,0,0,0
0,scratch,FP,0/0012.png,338,0.5777466297149658,0,1,0,0,1,0,0,0,0
0,scratch,FP,0/0012.png,339,1.518790602684021,0,1,0,0,1,0,0,0,0
0,scratch,FP,0/0012.png,340,0.6365378499031067,0,1,0,0,1,0,0,0,0
0,scratch,FP,0/0012.png,341,0.3672657310962677,0,1,0,0,1,0,0,0,0
0,scratch,FP,0/0012.png,342,0.02687828615307808,0,1,0,0,1,0,0,0,0
0,scratch,FP,0/0012.png,343,0.6802389025688171,0,1,0,0,1,0,0,0,0
0,scratch,FP,0/0012.png,344,0.5286195874214172,0,1,0,0,1,0,0,0,0
0,scratch,FP,0/0012.png,345,0.205704927444458,0,1,0,0,1,0,0,0,0
0,scratch,FP,0/0012.png,346,0.7294870615005493,0,1,0,0,1,0,0,0,0
0,scratch,FP,0/0012.png,347,0.795218825340271,0,1,0,0,1,0,0,0,0
0,scratch,FP,0/0012.png,348,0.1495319902896881,0,1,0,0,1,0,0,0,0
0,scratch,FP,0/0012.png,349,0.7117874622344971,0,1,0,0,1,0,0,0,0
0,scratch,FP,0/0012.png,350,1.0791118144989014,0,1,0,0,1,0,0,0,0
0,scratch,FP,0/0012.png,351,0.10780731588602066,0,1,0,0,1,0,0,0,0
0,scratch,FP,0/0012.png,352,0.06679471582174301,0,1,0,0,1,0,0,0,0
0,scratch,FP,0/0012.png,353,0.187405526638031,0,1,0,0,1,0,0,0,0
0,scratch,FP,0/0012.png,354,0.8606420755386353,0,1,0,0,1,0,0,0,0
0,scratch,FP,0/0012.png,355,0.14777977764606476,0,1,0,0,1,0,0,0,0
0,scratch,FP,0/0012.png,356,0.02368771843612194,0,1,0,0,1,0,0,0,0
0,scratch,FP,0/0012.png,357,0.0692915990948677,0,1,0,0,1,0,0,0,0
0,scratch,FP,0/0012.png,358,0.1886468231678009,0,1,0,0,1,0,0,0,0
0,scratch,FP,0/0012.png,359,0.014471237547695637,0,1,0,0,1,0,0,0,0
0,scratch,FP,0/0012.png,360,0.290056437253952,0,1,0,0,1,0,0,0,0
0,scratch,FP,0/0012.png,361,0.245408296585083,0,1,0,0,1,0,0,0,0
0,scratch,FP,0/0012.png,362,0.4157837927341461,0,1,0,0,1,0,0,0,0
0,scratch,FP,0/0012.png,363,0.8149009943008423,0,1,0,0,1,0,0,0,0
0,scratch,FP,0/0012.png,364,0.08294138312339783,0,1,0,0,1,0,0,0,0
0,scratch,FP,0/0012.png,365,0.13543713092803955,0,1,0,0,1,0,0,0,0
0,scratch,FP,0/0012.png,366,0.12572281062602997,0,1,0,0,1,0,0,0,0
0,scratch,FP,0/0012.png,367,0.4226520359516144,0,1,0,0,1,0,0,0,0
0,scratch,FP,0/0012.png,368,0.20431505143642426,0,1,0,0,1,0,0,0,0
0,scratch,FP,0/0012.png,369,0.10424255579710007,0,1,0,0,1,0,0,0,0
0,scratch,FP,0/0012.png,370,1.0007343292236328,0,1,0,0,1,0,0,0,0
0,scratch,FP,0/0012.png,371,0.01807277835905552,0,1,0,0,1,0,0,0,0
0,scratch,FP,0/0012.png,372,0.05910168215632439,0,1,0,0,1,0,0,0,0
0,scratch,FP,0/0012.png,373,0.5583624839782715,0,1,0,0,1,0,0,0,0
0,scratch,FP,0/0012.png,374,0.15544730424880981,0,1,0,0,1,0,0,0,0
0,scratch,FP,0/0012.png,375,0.16114632785320282,0,1,0,0,1,0,0,0,0
0,scratch,FP,0/0012.png,376,0.029139893129467964,0,1,0,0,1,0,0,0,0
0,scratch,FP,0/0012.png,377,0.03437930345535278,0,1,0,0,1,0,0,0,0
0,scratch,FP,0/0012.png,378,0.05423075333237648,0,1,0,0,1,0,0,0,0
0,scratch,FP,0/0012.png,379,0.2345806211233139,0,1,0,0,1,0,0,0,0
0,scratch,FP,0/0012.png,380,0.07165855914354324,0,1,0,0,1,0,0,0,0
0,scratch,FP,0/0012.png,381,0.1613922119140625,0,1,0,0,1,0,0,0,0
0,scratch,FP,0/0012.png,382,0.25393393635749817,0,1,0,0,1,0,0,0,0
0,scratch,FP,0/0012.png,383,0.6032500267028809,0,1,0,0,1,0,0,0,0
0,scratch,FP,0/0012.png,384,0.06645980477333069,0,1,0,0,1,0,0,0,0
0,scratch,FP,0/0012.png,385,0.8186296224594116,0,1,0,0,1,0,0,0,0
0,scratch,FP,0/0012.png,386,0.04239654913544655,0,1,0,0,1,0,0,0,0
0,scratch,FP,0/0012.png,387,0.36269694566726685,0,1,0,0,1,0,0,0,0
0,scratch,FP,0/0012.png,388,1.2668359279632568,0,1,0,0,1,0,0,0,0
0,scratch,FP,0/0012.png,389,0.3728503882884979,0,1,0,0,1,0,0,0,0
0,scratch,FP,0/0012.png,390,0.2058844119310379,0,1,0,0,1,0,0,0,0
0,scratch,FP,0/0012.png,391,0.6852994561195374,0,1,0,0,1,0,0,0,0
0,scratch,FP,0/0012.png,392,0.4167316257953644,0,1,0,0,1,0,0,0,0
0,scratch,FP,0/0012.png,393,0.31429803371429443,0,1,0,0,1,0,0,0,0
0,scratch,FP,0/0012.png,394,0.058352991938591,0,1,0,0,1,0,0,0,0
0,scratch,FP,0/0012.png,395,0.022402245551347733,0,1,0,0,1,0,0,0,0
0,scratch,FP,0/0012.png,396,0.12785103917121887,0,1,0,0,1,0,0,0,0
0,scratch,FP,0/0012.png,397,0.1086503267288208,0,1,0,0,1,0,0,0,0
0,scratch,FP,0/0012.png,398,0.8465339541435242,0,1,0,0,1,0,0,0,0
0,scratch,FP,0/0012.png,399,0.4964272379875183,0,1,0,0,1,0,0,0,0
0,scratch,FP,0/0012.png,400,0.7497222423553467,0,1,0,0,1,0,0,0,0
0,scratch,FP,0/0012.png,401,0.37790390849113464,0,1,0,0,1,0,0,0,0
0,scratch,FP,0/0012.png,402,0.3327524662017822,0,1,0,0,1,0,0,0,0
0,scratch,FP,0/0012.png,403,0.05771750211715698,0,1,0,0,1,0,0,0,0
0,scratch,FP,0/0012.png,404,0.5576662421226501,0,1,0,0,1,0,0,0,0
0,scratch,FP,0/0012.png,405,0.6927099227905273,0,1,0,0,1,0,0,0,0
0,scratch,FP,0/0012.png,406,0.8255147933959961,0,1,0,0,1,0,0,0,0
0,scratch,FP,0/0012.png,407,0.7306462526321411,0,1,0,0,1,0,0,0,0
0,scratch,FP,0/0012.png,408,0.1911586970090866,0,1,0,0,1,0,0,0,0
0,scratch,FP,0/0012.png,409,0.9109896421432495,0,1,0,0,1,0,0,0,0
0,scratch,FP,0/0012.png,410,0.04650242626667023,0,1,0,0,1,0,0,0,0
0,scratch,FP,0/0012.png,411,0.11468087136745453,0,1,0,0,1,0,0,0,0
0,scratch,FP,0/0012.png,412,0.037939347326755524,0,1,0,0,1,0,0,0,0
0,scratch,FP,0/0012.png,413,0.36876484751701355,0,1,0,0,1,0,0,0,0
0,scratch,FP,0/0012.png,414,1.048396348953247,0,1,0,0,1,0,0,0,0
0,scratch,FP,0/0012.png,415,0.09582406282424927,0,1,0,0,1,0,0,0,0
0,scratch,FP,0/0012.png,416,0.637362539768219,0,1,0,0,1,0,0,0,0
0,scratch,FP,0/0012.png,417,0.5115494728088379,0,1,0,0,1,0,0,0,0
0,scratch,FP,0/0012.png,418,0.16107222437858582,0,1,0,0,1,0,0,0,0
0,scratch,FP,0/0012.png,419,0.5253267288208008,0,1,0,0,1,0,0,0,0
0,scratch,FP,0/0012.png,420,0.08346157521009445,0,1,0,0,1,0,0,0,0
0,scratch,FP,0/0012.png,421,0.3073670566082001,0,1,0,0,1,0,0,0,0
0,scratch,FP,0/0012.png,422,0.05122365802526474,0,1,0,0,1,0,0,0,0
0,scratch,FP,0/0012.png,423,0.41642239689826965,0,1,0,0,1,0,0,0,0
0,scratch,FP,0/0012.png,424,0.08367523550987244,0,1,0,0,1,0,0,0,0
0,scratch,FP,0/0012.png,425,0.04413609579205513,0,1,0,0,1,0,0,0,0
0,scratch,FP,0/0012.png,426,0.34239718317985535,0,1,0,0,1,0,0,0,0
0,scratch,FP,0/0012.png,427,1.2298957109451294,0,1,0,0,1,0,0,0,0
0,scratch,FP,0/0012.png,428,0.16164036095142365,0,1,0,0,1,0,0,0,0
0,scratch,FP,0/0012.png,429,0.214291051030159,0,1,0,0,1,0,0,0,0
0,scratch,FP,0/0012.png,430,0.15613102912902832,0,1,0,0,1,0,0,0,0
0,scratch,FP,0/0012.png,431,0.11065320670604706,0,1,0,0,1,0,0,0,0
0,scratch,FP,0/0012.png,432,0.04799534007906914,0,1,0,0,1,0,0,0,0
0,scratch,FP,0/0012.png,433,0.09006372094154358,0,1,0,0,1,0,0,0,0
0,scratch,FP,0/0012.png,434,0.10113667696714401,0,1,0,0,1,0,0,0,0
0,scratch,FP,0/0012.png,435,0.3234211504459381,0,1,0,0,1,0,0,0,0
0,scratch,FP,0/0012.png,436,0.04321260750293732,0,1,0,0,1,0,0,0,0
0,scratch,FP,0/0012.png,437,0.14402753114700317,0,1,0,0,1,0,0,0,0
0,scratch,FP,0/0012.png,438,0.7269506454467773,0,1,0,0,1,0,0,0,0
0,scratch,FP,0/0012.png,439,0.5376282334327698,0,1,0,0,1,0,0,0,0
0,scratch,FP,0/0012.png,440,1.0557111501693726,0,1,0,0,1,0,0,0,0
0,scratch,FP,0/0012.png,441,0.544672429561615,0,1,0,0,1,0,0,0,0
0,scratch,FP,0/0012.png,442,0.08179124444723129,0,1,0,0,1,0,0,0,0
0,scratch,FP,0/0012.png,443,0.627541720867157,0,1,0,0,1,0,0,0,0
0,scratch,FP,0/0012.png,444,0.5554903149604797,0,1,0,0,1,0,0,0,0
0,scratch,FP,0/0012.png,445,0.12923508882522583,0,1,0,0,1,0,0,0,0
0,scratch,FP,0/0012.png,446,0.7335728406906128,0,1,0,0,1,0,0,0,0
0,scratch,FP,0/0012.png,447,0.04203497990965843,0,1,0,0,1,0,0,0,0
0,scratch,FP,0/0012.png,448,0.061784885823726654,0,1,0,0,1,0,0,0,0
0,scratch,FP,0/0012.png,449,0.10892333090305328,0,1,0,0,1,0,0,0,0
0,scratch,FP,0/0012.png,450,0.6076675057411194,0,1,0,0,1,0,0,0,0
0,scratch,FP,0/0012.png,451,0.01374877616763115,0,1,0,0,1,0,0,0,0
0,scratch,FP,0/0012.png,452,0.9271759390830994,0,1,0,0,1,0,0,0,0
0,scratch,FP,0/0012.png,453,0.6791749000549316,0,1,0,0,1,0,0,0,0
0,scratch,FP,0/0012.png,454,0.08052759617567062,0,1,0,0,1,0,0,0,0
0,scratch,FP,0/0012.png,455,0.21163493394851685,0,1,0,0,1,0,0,0,0
0,scratch,FP,0/0012.png,456,0.07728826999664307,0,1,0,0,1,0,0,0,0
0,scratch,FP,0/0012.png,457,0.6696116924285889,0,1,0,0,1,0,0,0,0
0,scratch,FP,0/0012.png,458,0.05731361731886864,0,1,0,0,1,0,0,0,0
0,scratch,FP,0/0012.png,459,0.025960158556699753,0,1,0,0,1,0,0,0,0
0,scratch,FP,0/0012.png,460,0.12370181828737259,0,1,0,0,1,0,0,0,0
0,scratch,FP,0/0012.png,461,0.2546863257884979,0,1,0,0,1,0,0,0,0
0,scratch,FP,0/0012.png,462,0.0525989904999733,0,1,0,0,1,0,0,0,0
0,scratch,FP,0/0012.png,463,0.4791235327720642,0,1,0,0,1,0,0,0,0
0,scratch,FP,0/0012.png,464,0.1287487894296646,0,1,0,0,1,0,0,0,0
0,scratch,FP,0/0012.png,465,0.09921711683273315,0,1,0,0,1,0,0,0,0
0,scratch,FP,0/0012.png,466,0.7612125873565674,0,1,0,0,1,0,0,0,0
0,scratch,FP,0/0012.png,467,0.06158246845006943,0,1,0,0,1,0,0,0,0
0,scratch,FP,0/0012.png,468,1.0085047483444214,0,1,0,0,1,0,0,0,0
0,scratch,FP,0/0012.png,469,0.1424657106399536,0,1,0,0,1,0,0,0,0
0,scratch,FP,0/0012.png,470,0.006274092476814985,0,1,0,0,1,0,0,0,0
0,scratch,FP,0/0012.png,471,0.026809969916939735,0,1,0,0,1,0,0,0,0
0,scratch,FP,0/0012.png,472,0.06724461913108826,0,1,0,0,1,0,0,0,0
0,scratch,FP,0/0012.png,473,0.18707415461540222,0,1,0,0,1,0,0,0,0
0,scratch,FP,0/0012.png,474,0.6945313215255737,0,1,0,0,1,0,0,0,0
0,scratch,FP,0/0012.png,475,0.3595835566520691,0,1,0,0,1,0,0,0,0
0,scratch,FP,0/0012.png,476,0.16745738685131073,0,1,0,0,1,0,0,0,0
0,scratch,FP,0/0012.png,477,0.032631952315568924,0,1,0,0,1,0,0,0,0
0,scratch,FP,0/0012.png,478,0.05940534174442291,0,1,0,0,1,0,0,0,0
0,scratch,FP,0/0012.png,479,0.04985923320055008,0,1,0,0,1,0,0,0,0
0,scratch,FP,0/0012.png,480,0.4399762749671936,0,1,0,0,1,0,0,0,0
0,scratch,FP,0/0012.png,481,0.6744753122329712,0,1,0,0,1,0,0,0,0
0,scratch,FP,0/0012.png,482,0.3844337463378906,0,1,0,0,1,0,0,0,0
0,scratch,FP,0/0012.png,483,0.07541532069444656,0,1,0,0,1,0,0,0,0
0,scratch,FP,0/0012.png,484,0.09658461064100266,0,1,0,0,1,0,0,0,0
0,scratch,FP,0/0012.png,485,0.13736484944820404,0,1,0,0,1,0,0,0,0
0,scratch,FP,0/0012.png,486,0.18209101259708405,0,1,0,0,1,0,0,0,0
0,scratch,FP,0/0012.png,487,0.3015521466732025,0,1,0,0,1,0,0,0,0
0,scratch,FP,0/0012.png,488,0.4597941040992737,0,1,0,0,1,0,0,0,0
0,scratch,FP,0/0012.png,489,0.20219650864601135,0,1,0,0,1,0,0,0,0
0,scratch,FP,0/0012.png,490,1.0535675287246704,0,1,0,0,1,0,0,0,0
0,scratch,FP,0/0012.png,491,0.06646031141281128,0,1,0,0,1,0,0,0,0
0,scratch,FP,0/0012.png,492,0.26367759704589844,0,1,0,0,1,0,0,0,0
0,scratch,FP,0/0012.png,493,0.8492504954338074,0,1,0,0,1,0,0,0,0
0,scratch,FP,0/0012.png,494,0.7811481952667236,0,1,0,0,1,0,0,0,0
0,scratch,FP,0/0012.png,495,0.7492268085479736,0,1,0,0,1,0,0,0,0
0,scratch,FP,0/0012.png,496,1.4196443557739258,0,1,0,0,1,0,0,0,0
0,scratch,FP,0/0012.png,497,0.538421630859375,0,1,0,0,1,0,0,0,0
0,scratch,FP,0/0012.png,498,0.12462665885686874,0,1,0,0,1,0,0,0,0
0,scratch,FP,0/0012.png,499,1.3668462038040161,0,1,0,0,1,0,0,0,0
0,scratch,FP,0/0012.png,500,0.831242561340332,0,1,0,0,1,0,0,0,0
0,scratch,FP,0/0012.png,501,0.07312074303627014,0,1,0,0,1,0,0,0,0
0,scratch,FP,0/0012.png,502,0.6952704787254333,0,1,0,0,1,0,0,0,0
0,scratch,FP,0/0012.png,503,0.22330708801746368,0,1,0,0,1,0,0,0,0
0,scratch,FP,0/0012.png,504,1.3503869771957397,0,1,0,0,1,0,0,0,0
0,scratch,FP,0/0012.png,505,0.13337016105651855,0,1,0,0,1,0,0,0,0
0,scratch,FP,0/0012.png,506,0.12757258117198944,0,1,0,0,1,0,0,0,0
0,scratch,FP,0/0012.png,507,0.04781714826822281,0,1,0,0,1,0,0,0,0
0,scratch,FP,0/0012.png,508,0.035547029227018356,0,1,0,0,1,0,0,0,0
0,scratch,FP,0/0012.png,509,0.38512369990348816,0,1,0,0,1,0,0,0,0
0,scratch,FP,0/0012.png,510,0.20305673778057098,0,1,0,0,1,0,0,0,0
0,scratch,FP,0/0012.png,511,0.06378314644098282,0,1,0,0,1,0,0,0,0
9,pretrained,TP,9/0016.png,0,0.7357478141784668,1,1,0,1,0,0,0,0,1
9,pretrained,TP,9/0016.png,1,0.5224748253822327,1,1,0,1,0,0,0,0,1
9,pretrained,TP,9/0016.png,2,1.0546541213989258,1,1,0,1,0,0,0,0,1
9,pretrained,TP,9/0016.png,3,1.4146114587783813,1,1,0,1,0,0,0,0,1
9,pretrained,TP,9/0016.png,4,0.20680631697177887,1,1,0,1,0,0,0,0,1
9,pretrained,TP,9/0016.png,5,1.877276062965393,1,1,0,1,0,0,0,0,1
9,pretrained,TP,9/0016.png,6,0.11905760318040848,1,1,0,1,0,0,0,0,1
9,pretrained,TP,9/0016.png,7,2.1778581142425537,1,1,0,1,0,0,0,0,1
9,pretrained,TP,9/0016.png,8,1.3526579141616821,1,1,0,1,0,0,0,0,1
9,pretrained,TP,9/0016.png,9,1.1621071100234985,1,1,0,1,0,0,0,0,1
9,pretrained,TP,9/0016.png,10,1.350728988647461,1,1,0,1,0,0,0,0,1
9,pretrained,TP,9/0016.png,11,1.722792387008667,1,1,0,1,0,0,0,0,1
9,pretrained,TP,9/0016.png,12,0.928126871585846,1,1,0,1,0,0,0,0,1
9,pretrained,TP,9/0016.png,13,1.7333049774169922,1,1,0,1,0,0,0,0,1
9,pretrained,TP,9/0016.png,14,1.9368094205856323,1,1,0,1,0,0,0,0,1
9,pretrained,TP,9/0016.png,15,0.9165022969245911,1,1,0,1,0,0,0,0,1
9,pretrained,TP,9/0016.png,16,2.205152750015259,1,1,0,1,0,0,0,0,1
9,pretrained,TP,9/0016.png,17,3.0765647888183594,1,1,0,1,0,0,0,0,1
9,pretrained,TP,9/0016.png,18,1.9826915264129639,1,1,0,1,0,0,0,0,1
9,pretrained,TP,9/0016.png,19,1.334890604019165,1,1,0,1,0,0,0,0,1
9,pretrained,TP,9/0016.png,20,0.6468009948730469,1,1,0,1,0,0,0,0,1
9,pretrained,TP,9/0016.png,21,0.5684587955474854,1,1,0,1,0,0,0,0,1
9,pretrained,TP,9/0016.png,22,0.6362367868423462,1,1,0,1,0,0,0,0,1
9,pretrained,TP,9/0016.png,23,0.7473487854003906,1,1,0,1,0,0,0,0,1
9,pretrained,TP,9/0016.png,24,2.1526756286621094,1,1,0,1,0,0,0,0,1
9,pretrained,TP,9/0016.png,25,0.9718843698501587,1,1,0,1,0,0,0,0,1
9,pretrained,TP,9/0016.png,26,0.6129948496818542,1,1,0,1,0,0,0,0,1
9,pretrained,TP,9/0016.png,27,0.5505618453025818,1,1,0,1,0,0,0,0,1
9,pretrained,TP,9/0016.png,28,0.30408361554145813,1,1,0,1,0,0,0,0,1
9,pretrained,TP,9/0016.png,29,1.839959740638733,1,1,0,1,0,0,0,0,1
9,pretrained,TP,9/0016.png,30,0.6816157102584839,1,1,0,1,0,0,0,0,1
9,pretrained,TP,9/0016.png,31,0.3352587819099426,1,1,0,1,0,0,0,0,1
9,pretrained,TP,9/0016.png,32,0.3655434548854828,1,1,0,1,0,0,0,0,1
9,pretrained,TP,9/0016.png,33,2.148958921432495,1,1,0,1,0,0,0,0,1
9,pretrained,TP,9/0016.png,34,1.994588851928711,1,1,0,1,0,0,0,0,1
9,pretrained,TP,9/0016.png,35,1.9175516366958618,1,1,0,1,0,0,0,0,1
9,pretrained,TP,9/0016.png,36,0.8248226642608643,1,1,0,1,0,0,0,0,1
9,pretrained,TP,9/0016.png,37,0.5754441022872925,1,1,0,1,0,0,0,0,1
9,pretrained,TP,9/0016.png,38,1.5560604333877563,1,1,0,1,0,0,0,0,1
9,pretrained,TP,9/0016.png,39,0.30523717403411865,1,1,0,1,0,0,0,0,1
9,pretrained,TP,9/0016.png,40,1.953214168548584,1,1,0,1,0,0,0,0,1
9,pretrained,TP,9/0016.png,41,0.43573275208473206,1,1,0,1,0,0,0,0,1
9,pretrained,TP,9/0016.png,42,1.6783783435821533,1,1,0,1,0,0,0,0,1
9,pretrained,TP,9/0016.png,43,0.726854681968689,1,1,0,1,0,0,0,0,1
9,pretrained,TP,9/0016.png,44,1.9294391870498657,1,1,0,1,0,0,0,0,1
9,pretrained,TP,9/0016.png,45,0.5857875347137451,1,1,0,1,0,0,0,0,1
9,pretrained,TP,9/0016.png,46,1.521519660949707,1,1,0,1,0,0,0,0,1
9,pretrained,TP,9/0016.png,47,2.5020968914031982,1,1,0,1,0,0,0,0,1
9,pretrained,TP,9/0016.png,48,2.0347185134887695,1,1,0,1,0,0,0,0,1
9,pretrained,TP,9/0016.png,49,1.1553547382354736,1,1,0,1,0,0,0,0,1
9,pretrained,TP,9/0016.png,50,2.0116066932678223,1,1,0,1,0,0,0,0,1
9,pretrained,TP,9/0016.png,51,0.7925048470497131,1,1,0,1,0,0,0,0,1
9,pretrained,TP,9/0016.png,52,0.6954717040061951,1,1,0,1,0,0,0,0,1
9,pretrained,TP,9/0016.png,53,0.6165704727172852,1,1,0,1,0,0,0,0,1
9,pretrained,TP,9/0016.png,54,0.7679699659347534,1,1,0,1,0,0,0,0,1
9,pretrained,TP,9/0016.png,55,2.377248525619507,1,1,0,1,0,0,0,0,1
9,pretrained,TP,9/0016.png,56,0.5475395917892456,1,1,0,1,0,0,0,0,1
9,pretrained,TP,9/0016.png,57,1.8250662088394165,1,1,0,1,0,0,0,0,1
9,pretrained,TP,9/0016.png,58,0.9567888975143433,1,1,0,1,0,0,0,0,1
9,pretrained,TP,9/0016.png,59,1.1949349641799927,1,1,0,1,0,0,0,0,1
9,pretrained,TP,9/0016.png,60,1.0389598608016968,1,1,0,1,0,0,0,0,1
9,pretrained,TP,9/0016.png,61,0.8571915030479431,1,1,0,1,0,0,0,0,1
9,pretrained,TP,9/0016.png,62,0.8275976181030273,1,1,0,1,0,0,0,0,1
9,pretrained,TP,9/0016.png,63,0.3698623776435852,1,1,0,1,0,0,0,0,1
9,pretrained,TP,9/0016.png,64,2.057260036468506,1,1,0,1,0,0,0,0,1
9,pretrained,TP,9/0016.png,65,0.7062285542488098,1,1,0,1,0,0,0,0,1
9,pretrained,TP,9/0016.png,66,1.4153273105621338,1,1,0,1,0,0,0,0,1
9,pretrained,TP,9/0016.png,67,2.1387670040130615,1,1,0,1,0,0,0,0,1
9,pretrained,TP,9/0016.png,68,0.33681920170783997,1,1,0,1,0,0,0,0,1
9,pretrained,TP,9/0016.png,69,1.7811588048934937,1,1,0,1,0,0,0,0,1
9,pretrained,TP,9/0016.png,70,0.9743309617042542,1,1,0,1,0,0,0,0,1
9,pretrained,TP,9/0016.png,71,0.10227769613265991,1,1,0,1,0,0,0,0,1
9,pretrained,TP,9/0016.png,72,1.5991744995117188,1,1,0,1,0,0,0,0,1
9,pretrained,TP,9/0016.png,73,0.19204707443714142,1,1,0,1,0,0,0,0,1
9,pretrained,TP,9/0016.png,74,1.859025239944458,1,1,0,1,0,0,0,0,1
9,pretrained,TP,9/0016.png,75,1.795311450958252,1,1,0,1,0,0,0,0,1
9,pretrained,TP,9/0016.png,76,2.3914554119110107,1,1,0,1,0,0,0,0,1
9,pretrained,TP,9/0016.png,77,1.7919986248016357,1,1,0,1,0,0,0,0,1
9,pretrained,TP,9/0016.png,78,1.128504753112793,1,1,0,1,0,0,0,0,1
9,pretrained,TP,9/0016.png,79,1.5987287759780884,1,1,0,1,0,0,0,0,1
9,pretrained,TP,9/0016.png,80,0.24294452369213104,1,1,0,1,0,0,0,0,1
9,pretrained,TP,9/0016.png,81,0.445238322019577,1,1,0,1,0,0,0,0,1
9,pretrained,TP,9/0016.png,82,2.091609477996826,1,1,0,1,0,0,0,0,1
9,pretrained,TP,9/0016.png,83,0.7448543906211853,1,1,0,1,0,0,0,0,1
9,pretrained,TP,9/0016.png,84,0.3428150415420532,1,1,0,1,0,0,0,0,1
9,pretrained,TP,9/0016.png,85,1.7524374723434448,1,1,0,1,0,0,0,0,1
9,pretrained,TP,9/0016.png,86,0.6312655210494995,1,1,0,1,0,0,0,0,1
9,pretrained,TP,9/0016.png,87,1.2923016548156738,1,1,0,1,0,0,0,0,1
9,pretrained,TP,9/0016.png,88,0.26334914565086365,1,1,0,1,0,0,0,0,1
9,pretrained,TP,9/0016.png,89,0.7266825437545776,1,1,0,1,0,0,0,0,1
9,pretrained,TP,9/0016.png,90,1.8820343017578125,1,1,0,1,0,0,0,0,1
9,pretrained,TP,9/0016.png,91,0.3620550334453583,1,1,0,1,0,0,0,0,1
9,pretrained,TP,9/0016.png,92,2.305333375930786,1,1,0,1,0,0,0,0,1
9,pretrained,TP,9/0016.png,93,1.2359741926193237,1,1,0,1,0,0,0,0,1
9,pretrained,TP,9/0016.png,94,0.24555723369121552,1,1,0,1,0,0,0,0,1
9,pretrained,TP,9/0016.png,95,1.14301598072052,1,1,0,1,0,0,0,0,1
9,pretrained,TP,9/0016.png,96,0.3962115943431854,1,1,0,1,0,0,0,0,1
9,pretrained,TP,9/0016.png,97,2.0689663887023926,1,1,0,1,0,0,0,0,1
9,pretrained,TP,9/0016.png,98,1.9912751913070679,1,1,0,1,0,0,0,0,1
9,pretrained,TP,9/0016.png,99,0.41837334632873535,1,1,0,1,0,0,0,0,1
9,pretrained,TP,9/0016.png,100,0.7087105512619019,1,1,0,1,0,0,0,0,1
9,pretrained,TP,9/0016.png,101,1.4806932210922241,1,1,0,1,0,0,0,0,1
9,pretrained,TP,9/0016.png,102,1.772952675819397,1,1,0,1,0,0,0,0,1
9,pretrained,TP,9/0016.png,103,1.6321766376495361,1,1,0,1,0,0,0,0,1
9,pretrained,TP,9/0016.png,104,0.3631465435028076,1,1,0,1,0,0,0,0,1
9,pretrained,TP,9/0016.png,105,0.19102032482624054,1,1,0,1,0,0,0,0,1
9,pretrained,TP,9/0016.png,106,0.17978669703006744,1,1,0,1,0,0,0,0,1
9,pretrained,TP,9/0016.png,107,2.0966708660125732,1,1,0,1,0,0,0,0,1
9,pretrained,TP,9/0016.png,108,0.4443914592266083,1,1,0,1,0,0,0,0,1
9,pretrained,TP,9/0016.png,109,0.047472670674324036,1,1,0,1,0,0,0,0,1
9,pretrained,TP,9/0016.png,110,0.11115367710590363,1,1,0,1,0,0,0,0,1
9,pretrained,TP,9/0016.png,111,1.5978240966796875,1,1,0,1,0,0,0,0,1
9,pretrained,TP,9/0016.png,112,2.130573272705078,1,1,0,1,0,0,0,0,1
9,pretrained,TP,9/0016.png,113,1.725583553314209,1,1,0,1,0,0,0,0,1
9,pretrained,TP,9/0016.png,114,0.8744903802871704,1,1,0,1,0,0,0,0,1
9,pretrained,TP,9/0016.png,115,0.31208276748657227,1,1,0,1,0,0,0,0,1
9,pretrained,TP,9/0016.png,116,0.11895234137773514,1,1,0,1,0,0,0,0,1
9,pretrained,TP,9/0016.png,117,0.709796130657196,1,1,0,1,0,0,0,0,1
9,pretrained,TP,9/0016.png,118,2.150198221206665,1,1,0,1,0,0,0,0,1
9,pretrained,TP,9/0016.png,119,1.0926640033721924,1,1,0,1,0,0,0,0,1
9,pretrained,TP,9/0016.png,120,1.9308271408081055,1,1,0,1,0,0,0,0,1
9,pretrained,TP,9/0016.png,121,1.0589377880096436,1,1,0,1,0,0,0,0,1
9,pretrained,TP,9/0016.png,122,1.4187846183776855,1,1,0,1,0,0,0,0,1
9,pretrained,TP,9/0016.png,123,0.7134727835655212,1,1,0,1,0,0,0,0,1
9,pretrained,TP,9/0016.png,124,2.133662700653076,1,1,0,1,0,0,0,0,1
9,pretrained,TP,9/0016.png,125,1.5282104015350342,1,1,0,1,0,0,0,0,1
9,pretrained,TP,9/0016.png,126,1.6446936130523682,1,1,0,1,0,0,0,0,1
9,pretrained,TP,9/0016.png,127,2.5054678916931152,1,1,0,1,0,0,0,0,1
9,pretrained,TP,9/0016.png,128,1.2435921430587769,1,1,0,1,0,0,0,0,1
9,pretrained,TP,9/0016.png,129,1.9090182781219482,1,1,0,1,0,0,0,0,1
9,pretrained,TP,9/0016.png,130,1.0966421365737915,1,1,0,1,0,0,0,0,1
9,pretrained,TP,9/0016.png,131,1.9364680051803589,1,1,0,1,0,0,0,0,1
9,pretrained,TP,9/0016.png,132,1.236025333404541,1,1,0,1,0,0,0,0,1
9,pretrained,TP,9/0016.png,133,2.1893181800842285,1,1,0,1,0,0,0,0,1
9,pretrained,TP,9/0016.png,134,0.49439823627471924,1,1,0,1,0,0,0,0,1
9,pretrained,TP,9/0016.png,135,0.5936989784240723,1,1,0,1,0,0,0,0,1
9,pretrained,TP,9/0016.png,136,1.6474885940551758,1,1,0,1,0,0,0,0,1
9,pretrained,TP,9/0016.png,137,1.621964454650879,1,1,0,1,0,0,0,0,1
9,pretrained,TP,9/0016.png,138,0.7518181800842285,1,1,0,1,0,0,0,0,1
9,pretrained,TP,9/0016.png,139,1.783461332321167,1,1,0,1,0,0,0,0,1
9,pretrained,TP,9/0016.png,140,0.4309660494327545,1,1,0,1,0,0,0,0,1
9,pretrained,TP,9/0016.png,141,0.08650045841932297,1,1,0,1,0,0,0,0,1
9,pretrained,TP,9/0016.png,142,1.9767497777938843,1,1,0,1,0,0,0,0,1
9,pretrained,TP,9/0016.png,143,1.5470762252807617,1,1,0,1,0,0,0,0,1
9,pretrained,TP,9/0016.png,144,2.0678632259368896,1,1,0,1,0,0,0,0,1
9,pretrained,TP,9/0016.png,145,1.9613760709762573,1,1,0,1,0,0,0,0,1
9,pretrained,TP,9/0016.png,146,0.9183451533317566,1,1,0,1,0,0,0,0,1
9,pretrained,TP,9/0016.png,147,0.14307604730129242,1,1,0,1,0,0,0,0,1
9,pretrained,TP,9/0016.png,148,1.3405615091323853,1,1,0,1,0,0,0,0,1
9,pretrained,TP,9/0016.png,149,0.7088077068328857,1,1,0,1,0,0,0,0,1
9,pretrained,TP,9/0016.png,150,0.7901201248168945,1,1,0,1,0,0,0,0,1
9,pretrained,TP,9/0016.png,151,1.9985469579696655,1,1,0,1,0,0,0,0,1
9,pretrained,TP,9/0016.png,152,1.510331392288208,1,1,0,1,0,0,0,0,1
9,pretrained,TP,9/0016.png,153,0.6245549917221069,1,1,0,1,0,0,0,0,1
9,pretrained,TP,9/0016.png,154,1.9324203729629517,1,1,0,1,0,0,0,0,1
9,pretrained,TP,9/0016.png,155,2.021942138671875,1,1,0,1,0,0,0,0,1
9,pretrained,TP,9/0016.png,156,0.9482988119125366,1,1,0,1,0,0,0,0,1
9,pretrained,TP,9/0016.png,157,1.530615210533142,1,1,0,1,0,0,0,0,1
9,pretrained,TP,9/0016.png,158,0.6580654978752136,1,1,0,1,0,0,0,0,1
9,pretrained,TP,9/0016.png,159,0.2862675189971924,1,1,0,1,0,0,0,0,1
9,pretrained,TP,9/0016.png,160,0.07244367152452469,1,1,0,1,0,0,0,0,1
9,pretrained,TP,9/0016.png,161,2.398263454437256,1,1,0,1,0,0,0,0,1
9,pretrained,TP,9/0016.png,162,0.7538703680038452,1,1,0,1,0,0,0,0,1
9,pretrained,TP,9/0016.png,163,0.5272435545921326,1,1,0,1,0,0,0,0,1
9,pretrained,TP,9/0016.png,164,0.5113863945007324,1,1,0,1,0,0,0,0,1
9,pretrained,TP,9/0016.png,165,0.42049291729927063,1,1,0,1,0,0,0,0,1
9,pretrained,TP,9/0016.png,166,0.4658041298389435,1,1,0,1,0,0,0,0,1
9,pretrained,TP,9/0016.png,167,1.9890280961990356,1,1,0,1,0,0,0,0,1
9,pretrained,TP,9/0016.png,168,0.2472112625837326,1,1,0,1,0,0,0,0,1
9,pretrained,TP,9/0016.png,169,1.9888629913330078,1,1,0,1,0,0,0,0,1
9,pretrained,TP,9/0016.png,170,0.7801599502563477,1,1,0,1,0,0,0,0,1
9,pretrained,TP,9/0016.png,171,2.018427848815918,1,1,0,1,0,0,0,0,1
9,pretrained,TP,9/0016.png,172,2.219865560531616,1,1,0,1,0,0,0,0,1
9,pretrained,TP,9/0016.png,173,1.038449764251709,1,1,0,1,0,0,0,0,1
9,pretrained,TP,9/0016.png,174,0.4841468632221222,1,1,0,1,0,0,0,0,1
9,pretrained,TP,9/0016.png,175,0.4370120167732239,1,1,0,1,0,0,0,0,1
9,pretrained,TP,9/0016.png,176,0.7292653322219849,1,1,0,1,0,0,0,0,1
9,pretrained,TP,9/0016.png,177,0.8335029482841492,1,1,0,1,0,0,0,0,1
9,pretrained,TP,9/0016.png,178,1.6512572765350342,1,1,0,1,0,0,0,0,1
9,pretrained,TP,9/0016.png,179,2.3426196575164795,1,1,0,1,0,0,0,0,1
9,pretrained,TP,9/0016.png,180,2.4280853271484375,1,1,0,1,0,0,0,0,1
9,pretrained,TP,9/0016.png,181,2.1902310848236084,1,1,0,1,0,0,0,0,1
9,pretrained,TP,9/0016.png,182,1.2069627046585083,1,1,0,1,0,0,0,0,1
9,pretrained,TP,9/0016.png,183,0.9113408923149109,1,1,0,1,0,0,0,0,1
9,pretrained,TP,9/0016.png,184,0.9471878409385681,1,1,0,1,0,0,0,0,1
9,pretrained,TP,9/0016.png,185,0.8898452520370483,1,1,0,1,0,0,0,0,1
9,pretrained,TP,9/0016.png,186,0.783281147480011,1,1,0,1,0,0,0,0,1
9,pretrained,TP,9/0016.png,187,2.0936989784240723,1,1,0,1,0,0,0,0,1
9,pretrained,TP,9/0016.png,188,1.198941707611084,1,1,0,1,0,0,0,0,1
9,pretrained,TP,9/0016.png,189,0.8469759225845337,1,1,0,1,0,0,0,0,1
9,pretrained,TP,9/0016.png,190,0.34934455156326294,1,1,0,1,0,0,0,0,1
9,pretrained,TP,9/0016.png,191,2.035722255706787,1,1,0,1,0,0,0,0,1
9,pretrained,TP,9/0016.png,192,1.9675530195236206,1,1,0,1,0,0,0,0,1
9,pretrained,TP,9/0016.png,193,0.38684362173080444,1,1,0,1,0,0,0,0,1
9,pretrained,TP,9/0016.png,194,0.4624800384044647,1,1,0,1,0,0,0,0,1
9,pretrained,TP,9/0016.png,195,2.1175341606140137,1,1,0,1,0,0,0,0,1
9,pretrained,TP,9/0016.png,196,0.6316258311271667,1,1,0,1,0,0,0,0,1
9,pretrained,TP,9/0016.png,197,1.8023464679718018,1,1,0,1,0,0,0,0,1
9,pretrained,TP,9/0016.png,198,0.8697644472122192,1,1,0,1,0,0,0,0,1
9,pretrained,TP,9/0016.png,199,0.33601847290992737,1,1,0,1,0,0,0,0,1
9,pretrained,TP,9/0016.png,200,2.1007845401763916,1,1,0,1,0,0,0,0,1
9,pretrained,TP,9/0016.png,201,1.3276667594909668,1,1,0,1,0,0,0,0,1
9,pretrained,TP,9/0016.png,202,0.7916587591171265,1,1,0,1,0,0,0,0,1
9,pretrained,TP,9/0016.png,203,0.663765013217926,1,1,0,1,0,0,0,0,1
9,pretrained,TP,9/0016.png,204,0.12075210362672806,1,1,0,1,0,0,0,0,1
9,pretrained,TP,9/0016.png,205,1.8672114610671997,1,1,0,1,0,0,0,0,1
9,pretrained,TP,9/0016.png,206,1.5968785285949707,1,1,0,1,0,0,0,0,1
9,pretrained,TP,9/0016.png,207,0.6400604844093323,1,1,0,1,0,0,0,0,1
9,pretrained,TP,9/0016.png,208,1.6868382692337036,1,1,0,1,0,0,0,0,1
9,pretrained,TP,9/0016.png,209,2.0186216831207275,1,1,0,1,0,0,0,0,1
9,pretrained,TP,9/0016.png,210,1.7371196746826172,1,1,0,1,0,0,0,0,1
9,pretrained,TP,9/0016.png,211,1.7228437662124634,1,1,0,1,0,0,0,0,1
9,pretrained,TP,9/0016.png,212,1.0170538425445557,1,1,0,1,0,0,0,0,1
9,pretrained,TP,9/0016.png,213,2.1179113388061523,1,1,0,1,0,0,0,0,1
9,pretrained,TP,9/0016.png,214,2.2169811725616455,1,1,0,1,0,0,0,0,1
9,pretrained,TP,9/0016.png,215,2.105208158493042,1,1,0,1,0,0,0,0,1
9,pretrained,TP,9/0016.png,216,1.0155010223388672,1,1,0,1,0,0,0,0,1
9,pretrained,TP,9/0016.png,217,1.8348315954208374,1,1,0,1,0,0,0,0,1
9,pretrained,TP,9/0016.png,218,0.5496107339859009,1,1,0,1,0,0,0,0,1
9,pretrained,TP,9/0016.png,219,1.3228667974472046,1,1,0,1,0,0,0,0,1
9,pretrained,TP,9/0016.png,220,1.7026910781860352,1,1,0,1,0,0,0,0,1
9,pretrained,TP,9/0016.png,221,2.1079578399658203,1,1,0,1,0,0,0,0,1
9,pretrained,TP,9/0016.png,222,1.9880367517471313,1,1,0,1,0,0,0,0,1
9,pretrained,TP,9/0016.png,223,0.7001110911369324,1,1,0,1,0,0,0,0,1
9,pretrained,TP,9/0016.png,224,2.173676013946533,1,1,0,1,0,0,0,0,1
9,pretrained,TP,9/0016.png,225,0.5935255885124207,1,1,0,1,0,0,0,0,1
9,pretrained,TP,9/0016.png,226,0.6927592158317566,1,1,0,1,0,0,0,0,1
9,pretrained,TP,9/0016.png,227,0.6431738138198853,1,1,0,1,0,0,0,0,1
9,pretrained,TP,9/0016.png,228,2.2436940670013428,1,1,0,1,0,0,0,0,1
9,pretrained,TP,9/0016.png,229,0.7216466665267944,1,1,0,1,0,0,0,0,1
9,pretrained,TP,9/0016.png,230,0.3658919036388397,1,1,0,1,0,0,0,0,1
9,pretrained,TP,9/0016.png,231,2.1315560340881348,1,1,0,1,0,0,0,0,1
9,pretrained,TP,9/0016.png,232,0.5455030202865601,1,1,0,1,0,0,0,0,1
9,pretrained,TP,9/0016.png,233,0.9436960220336914,1,1,0,1,0,0,0,0,1
9,pretrained,TP,9/0016.png,234,0.17314229905605316,1,1,0,1,0,0,0,0,1
9,pretrained,TP,9/0016.png,235,0.30909493565559387,1,1,0,1,0,0,0,0,1
9,pretrained,TP,9/0016.png,236,0.7343105673789978,1,1,0,1,0,0,0,0,1
9,pretrained,TP,9/0016.png,237,0.6380748152732849,1,1,0,1,0,0,0,0,1
9,pretrained,TP,9/0016.png,238,1.6819955110549927,1,1,0,1,0,0,0,0,1
9,pretrained,TP,9/0016.png,239,0.5322574377059937,1,1,0,1,0,0,0,0,1
9,pretrained,TP,9/0016.png,240,1.041292667388916,1,1,0,1,0,0,0,0,1
9,pretrained,TP,9/0016.png,241,0.4022388160228729,1,1,0,1,0,0,0,0,1
9,pretrained,TP,9/0016.png,242,1.6035373210906982,1,1,0,1,0,0,0,0,1
9,pretrained,TP,9/0016.png,243,0.25663211941719055,1,1,0,1,0,0,0,0,1
9,pretrained,TP,9/0016.png,244,0.6511744260787964,1,1,0,1,0,0,0,0,1
9,pretrained,TP,9/0016.png,245,2.152863025665283,1,1,0,1,0,0,0,0,1
9,pretrained,TP,9/0016.png,246,0.505470335483551,1,1,0,1,0,0,0,0,1
9,pretrained,TP,9/0016.png,247,0.8727811574935913,1,1,0,1,0,0,0,0,1
9,pretrained,TP,9/0016.png,248,0.5414551496505737,1,1,0,1,0,0,0,0,1
9,pretrained,TP,9/0016.png,249,0.5455269813537598,1,1,0,1,0,0,0,0,1
9,pretrained,TP,9/0016.png,250,1.6080353260040283,1,1,0,1,0,0,0,0,1
9,pretrained,TP,9/0016.png,251,1.039712905883789,1,1,0,1,0,0,0,0,1
9,pretrained,TP,9/0016.png,252,2.0302677154541016,1,1,0,1,0,0,0,0,1
9,pretrained,TP,9/0016.png,253,1.5728257894515991,1,1,0,1,0,0,0,0,1
9,pretrained,TP,9/0016.png,254,1.0160770416259766,1,1,0,1,0,0,0,0,1
9,pretrained,TP,9/0016.png,255,2.2140016555786133,1,1,0,1,0,0,0,0,1
9,pretrained,TP,9/0016.png,256,2.234375238418579,1,1,0,1,0,0,0,0,1
9,pretrained,TP,9/0016.png,257,1.1579176187515259,1,1,0,1,0,0,0,0,1
9,pretrained,TP,9/0016.png,258,1.4660414457321167,1,1,0,1,0,0,0,0,1
9,pretrained,TP,9/0016.png,259,2.323413372039795,1,1,0,1,0,0,0,0,1
9,pretrained,TP,9/0016.png,260,1.8556578159332275,1,1,0,1,0,0,0,0,1
9,pretrained,TP,9/0016.png,261,0.515385627746582,1,1,0,1,0,0,0,0,1
9,pretrained,TP,9/0016.png,262,1.7215795516967773,1,1,0,1,0,0,0,0,1
9,pretrained,TP,9/0016.png,263,1.119306206703186,1,1,0,1,0,0,0,0,1
9,pretrained,TP,9/0016.png,264,2.6558115482330322,1,1,0,1,0,0,0,0,1
9,pretrained,TP,9/0016.png,265,0.45648959279060364,1,1,0,1,0,0,0,0,1
9,pretrained,TP,9/0016.png,266,1.9444199800491333,1,1,0,1,0,0,0,0,1
9,pretrained,TP,9/0016.png,267,1.889410376548767,1,1,0,1,0,0,0,0,1
9,pretrained,TP,9/0016.png,268,1.7761905193328857,1,1,0,1,0,0,0,0,1
9,pretrained,TP,9/0016.png,269,0.7587818503379822,1,1,0,1,0,0,0,0,1
9,pretrained,TP,9/0016.png,270,1.2081804275512695,1,1,0,1,0,0,0,0,1
9,pretrained,TP,9/0016.png,271,2.34464168548584,1,1,0,1,0,0,0,0,1
9,pretrained,TP,9/0016.png,272,2.3592305183410645,1,1,0,1,0,0,0,0,1
9,pretrained,TP,9/0016.png,273,0.3015090525150299,1,1,0,1,0,0,0,0,1
9,pretrained,TP,9/0016.png,274,1.702597975730896,1,1,0,1,0,0,0,0,1
9,pretrained,TP,9/0016.png,275,0.429470032453537,1,1,0,1,0,0,0,0,1
9,pretrained,TP,9/0016.png,276,1.729427456855774,1,1,0,1,0,0,0,0,1
9,pretrained,TP,9/0016.png,277,2.0963563919067383,1,1,0,1,0,0,0,0,1
9,pretrained,TP,9/0016.png,278,0.5667538046836853,1,1,0,1,0,0,0,0,1
9,pretrained,TP,9/0016.png,279,1.0829453468322754,1,1,0,1,0,0,0,0,1
9,pretrained,TP,9/0016.png,280,2.99836802482605,1,1,0,1,0,0,0,0,1
9,pretrained,TP,9/0016.png,281,0.3935079872608185,1,1,0,1,0,0,0,0,1
9,pretrained,TP,9/0016.png,282,1.7812539339065552,1,1,0,1,0,0,0,0,1
9,pretrained,TP,9/0016.png,283,0.8844960331916809,1,1,0,1,0,0,0,0,1
9,pretrained,TP,9/0016.png,284,0.7298392653465271,1,1,0,1,0,0,0,0,1
9,pretrained,TP,9/0016.png,285,2.0398502349853516,1,1,0,1,0,0,0,0,1
9,pretrained,TP,9/0016.png,286,0.9077436327934265,1,1,0,1,0,0,0,0,1
9,pretrained,TP,9/0016.png,287,1.4180704355239868,1,1,0,1,0,0,0,0,1
9,pretrained,TP,9/0016.png,288,0.6040502190589905,1,1,0,1,0,0,0,0,1
9,pretrained,TP,9/0016.png,289,2.1130566596984863,1,1,0,1,0,0,0,0,1
9,pretrained,TP,9/0016.png,290,1.0057023763656616,1,1,0,1,0,0,0,0,1
9,pretrained,TP,9/0016.png,291,2.4971766471862793,1,1,0,1,0,0,0,0,1
9,pretrained,TP,9/0016.png,292,0.5272891521453857,1,1,0,1,0,0,0,0,1
9,pretrained,TP,9/0016.png,293,1.2074464559555054,1,1,0,1,0,0,0,0,1
9,pretrained,TP,9/0016.png,294,2.462719678878784,1,1,0,1,0,0,0,0,1
9,pretrained,TP,9/0016.png,295,0.4579322934150696,1,1,0,1,0,0,0,0,1
9,pretrained,TP,9/0016.png,296,0.9704200625419617,1,1,0,1,0,0,0,0,1
9,pretrained,TP,9/0016.png,297,1.8414459228515625,1,1,0,1,0,0,0,0,1
9,pretrained,TP,9/0016.png,298,0.23342832922935486,1,1,0,1,0,0,0,0,1
9,pretrained,TP,9/0016.png,299,0.856804370880127,1,1,0,1,0,0,0,0,1
9,pretrained,TP,9/0016.png,300,0.5423827171325684,1,1,0,1,0,0,0,0,1
9,pretrained,TP,9/0016.png,301,2.083470344543457,1,1,0,1,0,0,0,0,1
9,pretrained,TP,9/0016.png,302,1.1093719005584717,1,1,0,1,0,0,0,0,1
9,pretrained,TP,9/0016.png,303,1.0736533403396606,1,1,0,1,0,0,0,0,1
9,pretrained,TP,9/0016.png,304,0.9960414171218872,1,1,0,1,0,0,0,0,1
9,pretrained,TP,9/0016.png,305,1.6497313976287842,1,1,0,1,0,0,0,0,1
9,pretrained,TP,9/0016.png,306,0.22736935317516327,1,1,0,1,0,0,0,0,1
9,pretrained,TP,9/0016.png,307,2.4179935455322266,1,1,0,1,0,0,0,0,1
9,pretrained,TP,9/0016.png,308,1.827078938484192,1,1,0,1,0,0,0,0,1
9,pretrained,TP,9/0016.png,309,0.7450278401374817,1,1,0,1,0,0,0,0,1
9,pretrained,TP,9/0016.png,310,1.4783471822738647,1,1,0,1,0,0,0,0,1
9,pretrained,TP,9/0016.png,311,0.1444428712129593,1,1,0,1,0,0,0,0,1
9,pretrained,TP,9/0016.png,312,1.5589567422866821,1,1,0,1,0,0,0,0,1
9,pretrained,TP,9/0016.png,313,0.7688069343566895,1,1,0,1,0,0,0,0,1
9,pretrained,TP,9/0016.png,314,0.559660017490387,1,1,0,1,0,0,0,0,1
9,pretrained,TP,9/0016.png,315,1.9671086072921753,1,1,0,1,0,0,0,0,1
9,pretrained,TP,9/0016.png,316,1.2845386266708374,1,1,0,1,0,0,0,0,1
9,pretrained,TP,9/0016.png,317,1.6352300643920898,1,1,0,1,0,0,0,0,1
9,pretrained,TP,9/0016.png,318,2.3690602779388428,1,1,0,1,0,0,0,0,1
9,pretrained,TP,9/0016.png,319,2.0373709201812744,1,1,0,1,0,0,0,0,1
9,pretrained,TP,9/0016.png,320,0.843812882900238,1,1,0,1,0,0,0,0,1
9,pretrained,TP,9/0016.png,321,0.9517550468444824,1,1,0,1,0,0,0,0,1
9,pretrained,TP,9/0016.png,322,1.945675253868103,1,1,0,1,0,0,0,0,1
9,pretrained,TP,9/0016.png,323,1.8923619985580444,1,1,0,1,0,0,0,0,1
9,pretrained,TP,9/0016.png,324,2.3010687828063965,1,1,0,1,0,0,0,0,1
9,pretrained,TP,9/0016.png,325,0.5635732412338257,1,1,0,1,0,0,0,0,1
9,pretrained,TP,9/0016.png,326,0.6306514143943787,1,1,0,1,0,0,0,0,1
9,pretrained,TP,9/0016.png,327,1.24101984500885,1,1,0,1,0,0,0,0,1
9,pretrained,TP,9/0016.png,328,0.9872561097145081,1,1,0,1,0,0,0,0,1
9,pretrained,TP,9/0016.png,329,1.5933780670166016,1,1,0,1,0,0,0,0,1
9,pretrained,TP,9/0016.png,330,1.3415981531143188,1,1,0,1,0,0,0,0,1
9,pretrained,TP,9/0016.png,331,1.791108250617981,1,1,0,1,0,0,0,0,1
9,pretrained,TP,9/0016.png,332,1.984201192855835,1,1,0,1,0,0,0,0,1
9,pretrained,TP,9/0016.png,333,2.1589744091033936,1,1,0,1,0,0,0,0,1
9,pretrained,TP,9/0016.png,334,0.7377164959907532,1,1,0,1,0,0,0,0,1
9,pretrained,TP,9/0016.png,335,0.12483752518892288,1,1,0,1,0,0,0,0,1
9,pretrained,TP,9/0016.png,336,2.040041446685791,1,1,0,1,0,0,0,0,1
9,pretrained,TP,9/0016.png,337,1.2710473537445068,1,1,0,1,0,0,0,0,1
9,pretrained,TP,9/0016.png,338,0.36349940299987793,1,1,0,1,0,0,0,0,1
9,pretrained,TP,9/0016.png,339,2.127540111541748,1,1,0,1,0,0,0,0,1
9,pretrained,TP,9/0016.png,340,2.1737589836120605,1,1,0,1,0,0,0,0,1
9,pretrained,TP,9/0016.png,341,0.6306255459785461,1,1,0,1,0,0,0,0,1
9,pretrained,TP,9/0016.png,342,0.6867003440856934,1,1,0,1,0,0,0,0,1
9,pretrained,TP,9/0016.png,343,1.6247819662094116,1,1,0,1,0,0,0,0,1
9,pretrained,TP,9/0016.png,344,0.6690233945846558,1,1,0,1,0,0,0,0,1
9,pretrained,TP,9/0016.png,345,2.21909499168396,1,1,0,1,0,0,0,0,1
9,pretrained,TP,9/0016.png,346,1.9518476724624634,1,1,0,1,0,0,0,0,1
9,pretrained,TP,9/0016.png,347,1.7571314573287964,1,1,0,1,0,0,0,0,1
9,pretrained,TP,9/0016.png,348,0.4730452001094818,1,1,0,1,0,0,0,0,1
9,pretrained,TP,9/0016.png,349,1.8147233724594116,1,1,0,1,0,0,0,0,1
9,pretrained,TP,9/0016.png,350,0.7961977124214172,1,1,0,1,0,0,0,0,1
9,pretrained,TP,9/0016.png,351,0.841399073600769,1,1,0,1,0,0,0,0,1
9,pretrained,TP,9/0016.png,352,0.6303071975708008,1,1,0,1,0,0,0,0,1
9,pretrained,TP,9/0016.png,353,1.6092935800552368,1,1,0,1,0,0,0,0,1
9,pretrained,TP,9/0016.png,354,1.7181321382522583,1,1,0,1,0,0,0,0,1
9,pretrained,TP,9/0016.png,355,2.208021879196167,1,1,0,1,0,0,0,0,1
9,pretrained,TP,9/0016.png,356,1.3262165784835815,1,1,0,1,0,0,0,0,1
9,pretrained,TP,9/0016.png,357,2.3120734691619873,1,1,0,1,0,0,0,0,1
9,pretrained,TP,9/0016.png,358,1.8791592121124268,1,1,0,1,0,0,0,0,1
9,pretrained,TP,9/0016.png,359,1.6273798942565918,1,1,0,1,0,0,0,0,1
9,pretrained,TP,9/0016.png,360,1.962299108505249,1,1,0,1,0,0,0,0,1
9,pretrained,TP,9/0016.png,361,1.4433268308639526,1,1,0,1,0,0,0,0,1
9,pretrained,TP,9/0016.png,362,0.4108912944793701,1,1,0,1,0,0,0,0,1
9,pretrained,TP,9/0016.png,363,1.9515308141708374,1,1,0,1,0,0,0,0,1
9,pretrained,TP,9/0016.png,364,0.6461821794509888,1,1,0,1,0,0,0,0,1
9,pretrained,TP,9/0016.png,365,2.348623275756836,1,1,0,1,0,0,0,0,1
9,pretrained,TP,9/0016.png,366,0.39155951142311096,1,1,0,1,0,0,0,0,1
9,pretrained,TP,9/0016.png,367,0.5044510364532471,1,1,0,1,0,0,0,0,1
9,pretrained,TP,9/0016.png,368,1.667508602142334,1,1,0,1,0,0,0,0,1
9,pretrained,TP,9/0016.png,369,1.5486643314361572,1,1,0,1,0,0,0,0,1
9,pretrained,TP,9/0016.png,370,2.2828240394592285,1,1,0,1,0,0,0,0,1
9,pretrained,TP,9/0016.png,371,0.9577322006225586,1,1,0,1,0,0,0,0,1
9,pretrained,TP,9/0016.png,372,1.9549640417099,1,1,0,1,0,0,0,0,1
9,pretrained,TP,9/0016.png,373,1.577718734741211,1,1,0,1,0,0,0,0,1
9,pretrained,TP,9/0016.png,374,1.0695880651474,1,1,0,1,0,0,0,0,1
9,pretrained,TP,9/0016.png,375,0.48940056562423706,1,1,0,1,0,0,0,0,1
9,pretrained,TP,9/0016.png,376,0.6616935729980469,1,1,0,1,0,0,0,0,1
9,pretrained,TP,9/0016.png,377,1.8733224868774414,1,1,0,1,0,0,0,0,1
9,pretrained,TP,9/0016.png,378,0.2512567937374115,1,1,0,1,0,0,0,0,1
9,pretrained,TP,9/0016.png,379,1.5590617656707764,1,1,0,1,0,0,0,0,1
9,pretrained,TP,9/0016.png,380,1.8951324224472046,1,1,0,1,0,0,0,0,1
9,pretrained,TP,9/0016.png,381,1.6315851211547852,1,1,0,1,0,0,0,0,1
9,pretrained,TP,9/0016.png,382,0.7037871479988098,1,1,0,1,0,0,0,0,1
9,pretrained,TP,9/0016.png,383,1.8089909553527832,1,1,0,1,0,0,0,0,1
9,pretrained,TP,9/0016.png,384,1.4392391443252563,1,1,0,1,0,0,0,0,1
9,pretrained,TP,9/0016.png,385,2.6848855018615723,1,1,0,1,0,0,0,0,1
9,pretrained,TP,9/0016.png,386,0.6126088500022888,1,1,0,1,0,0,0,0,1
9,pretrained,TP,9/0016.png,387,2.600060224533081,1,1,0,1,0,0,0,0,1
9,pretrained,TP,9/0016.png,388,1.6995668411254883,1,1,0,1,0,0,0,0,1
9,pretrained,TP,9/0016.png,389,1.9532548189163208,1,1,0,1,0,0,0,0,1
9,pretrained,TP,9/0016.png,390,0.7566483020782471,1,1,0,1,0,0,0,0,1
9,pretrained,TP,9/0016.png,391,1.6926988363265991,1,1,0,1,0,0,0,0,1
9,pretrained,TP,9/0016.png,392,2.4723029136657715,1,1,0,1,0,0,0,0,1
9,pretrained,TP,9/0016.png,393,0.8106472492218018,1,1,0,1,0,0,0,0,1
9,pretrained,TP,9/0016.png,394,2.341353178024292,1,1,0,1,0,0,0,0,1
9,pretrained,TP,9/0016.png,395,2.2473888397216797,1,1,0,1,0,0,0,0,1
9,pretrained,TP,9/0016.png,396,1.572737693786621,1,1,0,1,0,0,0,0,1
9,pretrained,TP,9/0016.png,397,2.1410226821899414,1,1,0,1,0,0,0,0,1
9,pretrained,TP,9/0016.png,398,1.0013855695724487,1,1,0,1,0,0,0,0,1
9,pretrained,TP,9/0016.png,399,0.14611314237117767,1,1,0,1,0,0,0,0,1
9,pretrained,TP,9/0016.png,400,0.4972906708717346,1,1,0,1,0,0,0,0,1
9,pretrained,TP,9/0016.png,401,0.5191165208816528,1,1,0,1,0,0,0,0,1
9,pretrained,TP,9/0016.png,402,1.0297999382019043,1,1,0,1,0,0,0,0,1
9,pretrained,TP,9/0016.png,403,0.8784223794937134,1,1,0,1,0,0,0,0,1
9,pretrained,TP,9/0016.png,404,2.967827558517456,1,1,0,1,0,0,0,0,1
9,pretrained,TP,9/0016.png,405,1.9420957565307617,1,1,0,1,0,0,0,0,1
9,pretrained,TP,9/0016.png,406,0.359170526266098,1,1,0,1,0,0,0,0,1
9,pretrained,TP,9/0016.png,407,0.5575520396232605,1,1,0,1,0,0,0,0,1
9,pretrained,TP,9/0016.png,408,1.097432017326355,1,1,0,1,0,0,0,0,1
9,pretrained,TP,9/0016.png,409,0.8175010085105896,1,1,0,1,0,0,0,0,1
9,pretrained,TP,9/0016.png,410,1.5093408823013306,1,1,0,1,0,0,0,0,1
9,pretrained,TP,9/0016.png,411,0.57614666223526,1,1,0,1,0,0,0,0,1
9,pretrained,TP,9/0016.png,412,0.9570704698562622,1,1,0,1,0,0,0,0,1
9,pretrained,TP,9/0016.png,413,1.6084903478622437,1,1,0,1,0,0,0,0,1
9,pretrained,TP,9/0016.png,414,1.1365840435028076,1,1,0,1,0,0,0,0,1
9,pretrained,TP,9/0016.png,415,1.1062508821487427,1,1,0,1,0,0,0,0,1
9,pretrained,TP,9/0016.png,416,2.055652618408203,1,1,0,1,0,0,0,0,1
9,pretrained,TP,9/0016.png,417,0.7915263772010803,1,1,0,1,0,0,0,0,1
9,pretrained,TP,9/0016.png,418,1.82915461063385,1,1,0,1,0,0,0,0,1
9,pretrained,TP,9/0016.png,419,2.549093723297119,1,1,0,1,0,0,0,0,1
9,pretrained,TP,9/0016.png,420,1.8031738996505737,1,1,0,1,0,0,0,0,1
9,pretrained,TP,9/0016.png,421,1.0147428512573242,1,1,0,1,0,0,0,0,1
9,pretrained,TP,9/0016.png,422,0.8733174204826355,1,1,0,1,0,0,0,0,1
9,pretrained,TP,9/0016.png,423,1.6523425579071045,1,1,0,1,0,0,0,0,1
9,pretrained,TP,9/0016.png,424,0.9259001016616821,1,1,0,1,0,0,0,0,1
9,pretrained,TP,9/0016.png,425,1.085944652557373,1,1,0,1,0,0,0,0,1
9,pretrained,TP,9/0016.png,426,0.7334280014038086,1,1,0,1,0,0,0,0,1
9,pretrained,TP,9/0016.png,427,2.2457385063171387,1,1,0,1,0,0,0,0,1
9,pretrained,TP,9/0016.png,428,1.384520411491394,1,1,0,1,0,0,0,0,1
9,pretrained,TP,9/0016.png,429,0.21495112776756287,1,1,0,1,0,0,0,0,1
9,pretrained,TP,9/0016.png,430,1.4493002891540527,1,1,0,1,0,0,0,0,1
9,pretrained,TP,9/0016.png,431,0.609611988067627,1,1,0,1,0,0,0,0,1
9,pretrained,TP,9/0016.png,432,0.8043649792671204,1,1,0,1,0,0,0,0,1
9,pretrained,TP,9/0016.png,433,0.7368730902671814,1,1,0,1,0,0,0,0,1
9,pretrained,TP,9/0016.png,434,0.27469968795776367,1,1,0,1,0,0,0,0,1
9,pretrained,TP,9/0016.png,435,0.3355844020843506,1,1,0,1,0,0,0,0,1
9,pretrained,TP,9/0016.png,436,2.2785956859588623,1,1,0,1,0,0,0,0,1
9,pretrained,TP,9/0016.png,437,0.7716282606124878,1,1,0,1,0,0,0,0,1
9,pretrained,TP,9/0016.png,438,0.34816449880599976,1,1,0,1,0,0,0,0,1
9,pretrained,TP,9/0016.png,439,1.5043666362762451,1,1,0,1,0,0,0,0,1
9,pretrained,TP,9/0016.png,440,1.0735526084899902,1,1,0,1,0,0,0,0,1
9,pretrained,TP,9/0016.png,441,0.5202067494392395,1,1,0,1,0,0,0,0,1
9,pretrained,TP,9/0016.png,442,0.282003253698349,1,1,0,1,0,0,0,0,1
9,pretrained,TP,9/0016.png,443,1.0276588201522827,1,1,0,1,0,0,0,0,1
9,pretrained,TP,9/0016.png,444,1.3118386268615723,1,1,0,1,0,0,0,0,1
9,pretrained,TP,9/0016.png,445,0.6716634035110474,1,1,0,1,0,0,0,0,1
9,pretrained,TP,9/0016.png,446,0.22490304708480835,1,1,0,1,0,0,0,0,1
9,pretrained,TP,9/0016.png,447,2.112102508544922,1,1,0,1,0,0,0,0,1
9,pretrained,TP,9/0016.png,448,1.0293327569961548,1,1,0,1,0,0,0,0,1
9,pretrained,TP,9/0016.png,449,0.291666179895401,1,1,0,1,0,0,0,0,1
9,pretrained,TP,9/0016.png,450,2.289271354675293,1,1,0,1,0,0,0,0,1
9,pretrained,TP,9/0016.png,451,2.6098132133483887,1,1,0,1,0,0,0,0,1
9,pretrained,TP,9/0016.png,452,1.7372735738754272,1,1,0,1,0,0,0,0,1
9,pretrained,TP,9/0016.png,453,1.9393305778503418,1,1,0,1,0,0,0,0,1
9,pretrained,TP,9/0016.png,454,0.5183238387107849,1,1,0,1,0,0,0,0,1
9,pretrained,TP,9/0016.png,455,0.3195398151874542,1,1,0,1,0,0,0,0,1
9,pretrained,TP,9/0016.png,456,0.34537947177886963,1,1,0,1,0,0,0,0,1
9,pretrained,TP,9/0016.png,457,1.0427895784378052,1,1,0,1,0,0,0,0,1
9,pretrained,TP,9/0016.png,458,1.4641780853271484,1,1,0,1,0,0,0,0,1
9,pretrained,TP,9/0016.png,459,1.8627640008926392,1,1,0,1,0,0,0,0,1
9,pretrained,TP,9/0016.png,460,2.47349214553833,1,1,0,1,0,0,0,0,1
9,pretrained,TP,9/0016.png,461,0.11291586607694626,1,1,0,1,0,0,0,0,1
9,pretrained,TP,9/0016.png,462,1.0331894159317017,1,1,0,1,0,0,0,0,1
9,pretrained,TP,9/0016.png,463,2.350186586380005,1,1,0,1,0,0,0,0,1
9,pretrained,TP,9/0016.png,464,2.2937958240509033,1,1,0,1,0,0,0,0,1
9,pretrained,TP,9/0016.png,465,0.5176618695259094,1,1,0,1,0,0,0,0,1
9,pretrained,TP,9/0016.png,466,2.0094759464263916,1,1,0,1,0,0,0,0,1
9,pretrained,TP,9/0016.png,467,2.0908591747283936,1,1,0,1,0,0,0,0,1
9,pretrained,TP,9/0016.png,468,0.3744133412837982,1,1,0,1,0,0,0,0,1
9,pretrained,TP,9/0016.png,469,2.5829951763153076,1,1,0,1,0,0,0,0,1
9,pretrained,TP,9/0016.png,470,1.9919846057891846,1,1,0,1,0,0,0,0,1
9,pretrained,TP,9/0016.png,471,1.757859230041504,1,1,0,1,0,0,0,0,1
9,pretrained,TP,9/0016.png,472,1.6334919929504395,1,1,0,1,0,0,0,0,1
9,pretrained,TP,9/0016.png,473,0.6893185973167419,1,1,0,1,0,0,0,0,1
9,pretrained,TP,9/0016.png,474,0.2494376003742218,1,1,0,1,0,0,0,0,1
9,pretrained,TP,9/0016.png,475,1.0093926191329956,1,1,0,1,0,0,0,0,1
9,pretrained,TP,9/0016.png,476,1.558559536933899,1,1,0,1,0,0,0,0,1
9,pretrained,TP,9/0016.png,477,1.7613657712936401,1,1,0,1,0,0,0,0,1
9,pretrained,TP,9/0016.png,478,1.6787364482879639,1,1,0,1,0,0,0,0,1
9,pretrained,TP,9/0016.png,479,1.839266300201416,1,1,0,1,0,0,0,0,1
9,pretrained,TP,9/0016.png,480,0.17054487764835358,1,1,0,1,0,0,0,0,1
9,pretrained,TP,9/0016.png,481,1.0315186977386475,1,1,0,1,0,0,0,0,1
9,pretrained,TP,9/0016.png,482,0.544157087802887,1,1,0,1,0,0,0,0,1
9,pretrained,TP,9/0016.png,483,1.7222543954849243,1,1,0,1,0,0,0,0,1
9,pretrained,TP,9/0016.png,484,0.5692839622497559,1,1,0,1,0,0,0,0,1
9,pretrained,TP,9/0016.png,485,1.372031569480896,1,1,0,1,0,0,0,0,1
9,pretrained,TP,9/0016.png,486,0.5745765566825867,1,1,0,1,0,0,0,0,1
9,pretrained,TP,9/0016.png,487,0.47486746311187744,1,1,0,1,0,0,0,0,1
9,pretrained,TP,9/0016.png,488,1.4296183586120605,1,1,0,1,0,0,0,0,1
9,pretrained,TP,9/0016.png,489,0.703794538974762,1,1,0,1,0,0,0,0,1
9,pretrained,TP,9/0016.png,490,0.6650192737579346,1,1,0,1,0,0,0,0,1
9,pretrained,TP,9/0016.png,491,2.038048505783081,1,1,0,1,0,0,0,0,1
9,pretrained,TP,9/0016.png,492,2.068991184234619,1,1,0,1,0,0,0,0,1
9,pretrained,TP,9/0016.png,493,0.5097182393074036,1,1,0,1,0,0,0,0,1
9,pretrained,TP,9/0016.png,494,0.7983924150466919,1,1,0,1,0,0,0,0,1
9,pretrained,TP,9/0016.png,495,0.9203025102615356,1,1,0,1,0,0,0,0,1
9,pretrained,TP,9/0016.png,496,0.8787318468093872,1,1,0,1,0,0,0,0,1
9,pretrained,TP,9/0016.png,497,1.0894421339035034,1,1,0,1,0,0,0,0,1
9,pretrained,TP,9/0016.png,498,2.2663073539733887,1,1,0,1,0,0,0,0,1
9,pretrained,TP,9/0016.png,499,2.4167604446411133,1,1,0,1,0,0,0,0,1
9,pretrained,TP,9/0016.png,500,2.33492374420166,1,1,0,1,0,0,0,0,1
9,pretrained,TP,9/0016.png,501,0.6891792416572571,1,1,0,1,0,0,0,0,1
9,pretrained,TP,9/0016.png,502,1.279387354850769,1,1,0,1,0,0,0,0,1
9,pretrained,TP,9/0016.png,503,1.911344289779663,1,1,0,1,0,0,0,0,1
9,pretrained,TP,9/0016.png,504,0.8670053482055664,1,1,0,1,0,0,0,0,1
9,pretrained,TP,9/0016.png,505,0.7889817953109741,1,1,0,1,0,0,0,0,1
9,pretrained,TP,9/0016.png,506,1.2656261920928955,1,1,0,1,0,0,0,0,1
9,pretrained,TP,9/0016.png,507,0.6984023451805115,1,1,0,1,0,0,0,0,1
9,pretrained,TP,9/0016.png,508,0.2766493260860443,1,1,0,1,0,0,0,0,1
9,pretrained,TP,9/0016.png,509,0.8056533336639404,1,1,0,1,0,0,0,0,1
9,pretrained,TP,9/0016.png,510,2.1090450286865234,1,1,0,1,0,0,0,0,1
9,pretrained,TP,9/0016.png,511,1.5035359859466553,1,1,0,1,0,0,0,0,1
9,pretrained,TN,9/0012.png,0,2.286182403564453,1,1,0,0,0,0,1,1,0
9,pretrained,TN,9/0012.png,1,1.9743566513061523,1,1,0,0,0,0,1,1,0
9,pretrained,TN,9/0012.png,2,1.73551344871521,1,1,0,0,0,0,1,1,0
9,pretrained,TN,9/0012.png,3,1.9662048816680908,1,1,0,0,0,0,1,1,0
9,pretrained,TN,9/0012.png,4,2.15340256690979,1,1,0,0,0,0,1,1,0
9,pretrained,TN,9/0012.png,5,0.12880074977874756,1,1,0,0,0,0,1,1,0
9,pretrained,TN,9/0012.png,6,0.897644579410553,1,1,0,0,0,0,1,1,0
9,pretrained,TN,9/0012.png,7,0.34184592962265015,1,1,0,0,0,0,1,1,0
9,pretrained,TN,9/0012.png,8,1.2211400270462036,1,1,0,0,0,0,1,1,0
9,pretrained,TN,9/0012.png,9,0.45609280467033386,1,1,0,0,0,0,1,1,0
9,pretrained,TN,9/0012.png,10,0.45769739151000977,1,1,0,0,0,0,1,1,0
9,pretrained,TN,9/0012.png,11,0.6250072121620178,1,1,0,0,0,0,1,1,0
9,pretrained,TN,9/0012.png,12,0.9383880496025085,1,1,0,0,0,0,1,1,0
9,pretrained,TN,9/0012.png,13,0.4906374216079712,1,1,0,0,0,0,1,1,0
9,pretrained,TN,9/0012.png,14,0.4593977630138397,1,1,0,0,0,0,1,1,0
9,pretrained,TN,9/0012.png,15,1.0381062030792236,1,1,0,0,0,0,1,1,0
9,pretrained,TN,9/0012.png,16,0.7276463508605957,1,1,0,0,0,0,1,1,0
9,pretrained,TN,9/0012.png,17,0.18652527034282684,1,1,0,0,0,0,1,1,0
9,pretrained,TN,9/0012.png,18,0.17059975862503052,1,1,0,0,0,0,1,1,0
9,pretrained,TN,9/0012.png,19,1.2022756338119507,1,1,0,0,0,0,1,1,0
9,pretrained,TN,9/0012.png,20,1.107795000076294,1,1,0,0,0,0,1,1,0
9,pretrained,TN,9/0012.png,21,0.8028040528297424,1,1,0,0,0,0,1,1,0
9,pretrained,TN,9/0012.png,22,1.8228191137313843,1,1,0,0,0,0,1,1,0
9,pretrained,TN,9/0012.png,23,0.9900265336036682,1,1,0,0,0,0,1,1,0
9,pretrained,TN,9/0012.png,24,0.0203082412481308,1,1,0,0,0,0,1,1,0
9,pretrained,TN,9/0012.png,25,0.8039420247077942,1,1,0,0,0,0,1,1,0
9,pretrained,TN,9/0012.png,26,0.833982527256012,1,1,0,0,0,0,1,1,0
9,pretrained,TN,9/0012.png,27,1.005176067352295,1,1,0,0,0,0,1,1,0
9,pretrained,TN,9/0012.png,28,0.528424084186554,1,1,0,0,0,0,1,1,0
9,pretrained,TN,9/0012.png,29,0.04385460168123245,1,1,0,0,0,0,1,1,0
9,pretrained,TN,9/0012.png,30,1.635832667350769,1,1,0,0,0,0,1,1,0
9,pretrained,TN,9/0012.png,31,0.35780712962150574,1,1,0,0,0,0,1,1,0
9,pretrained,TN,9/0012.png,32,0.9823155999183655,1,1,0,0,0,0,1,1,0
9,pretrained,TN,9/0012.png,33,0.0,1,1,0,0,0,0,1,1,0
9,pretrained,TN,9/0012.png,34,0.4123059809207916,1,1,0,0,0,0,1,1,0
9,pretrained,TN,9/0012.png,35,0.12609060108661652,1,1,0,0,0,0,1,1,0
9,pretrained,TN,9/0012.png,36,1.5324198007583618,1,1,0,0,0,0,1,1,0
9,pretrained,TN,9/0012.png,37,1.5774537324905396,1,1,0,0,0,0,1,1,0
9,pretrained,TN,9/0012.png,38,0.8833449482917786,1,1,0,0,0,0,1,1,0
9,pretrained,TN,9/0012.png,39,0.4310457408428192,1,1,0,0,0,0,1,1,0
9,pretrained,TN,9/0012.png,40,0.17823776602745056,1,1,0,0,0,0,1,1,0
9,pretrained,TN,9/0012.png,41,1.199967384338379,1,1,0,0,0,0,1,1,0
9,pretrained,TN,9/0012.png,42,0.1135365217924118,1,1,0,0,0,0,1,1,0
9,pretrained,TN,9/0012.png,43,1.1158473491668701,1,1,0,0,0,0,1,1,0
9,pretrained,TN,9/0012.png,44,0.08930094540119171,1,1,0,0,0,0,1,1,0
9,pretrained,TN,9/0012.png,45,1.7285127639770508,1,1,0,0,0,0,1,1,0
9,pretrained,TN,9/0012.png,46,1.8747072219848633,1,1,0,0,0,0,1,1,0
9,pretrained,TN,9/0012.png,47,1.8668049573898315,1,1,0,0,0,0,1,1,0
9,pretrained,TN,9/0012.png,48,0.022445153445005417,1,1,0,0,0,0,1,1,0
9,pretrained,TN,9/0012.png,49,1.2768548727035522,1,1,0,0,0,0,1,1,0
9,pretrained,TN,9/0012.png,50,0.196777805685997,1,1,0,0,0,0,1,1,0
9,pretrained,TN,9/0012.png,51,1.0444018840789795,1,1,0,0,0,0,1,1,0
9,pretrained,TN,9/0012.png,52,1.6251535415649414,1,1,0,0,0,0,1,1,0
9,pretrained,TN,9/0012.png,53,1.4063811302185059,1,1,0,0,0,0,1,1,0
9,pretrained,TN,9/0012.png,54,1.3646143674850464,1,1,0,0,0,0,1,1,0
9,pretrained,TN,9/0012.png,55,0.4903027415275574,1,1,0,0,0,0,1,1,0
9,pretrained,TN,9/0012.png,56,0.9110469222068787,1,1,0,0,0,0,1,1,0
9,pretrained,TN,9/0012.png,57,0.44158440828323364,1,1,0,0,0,0,1,1,0
9,pretrained,TN,9/0012.png,58,1.8170571327209473,1,1,0,0,0,0,1,1,0
9,pretrained,TN,9/0012.png,59,0.6126821637153625,1,1,0,0,0,0,1,1,0
9,pretrained,TN,9/0012.png,60,1.5539968013763428,1,1,0,0,0,0,1,1,0
9,pretrained,TN,9/0012.png,61,2.023859977722168,1,1,0,0,0,0,1,1,0
9,pretrained,TN,9/0012.png,62,0.5280548334121704,1,1,0,0,0,0,1,1,0
9,pretrained,TN,9/0012.png,63,1.152418613433838,1,1,0,0,0,0,1,1,0
9,pretrained,TN,9/0012.png,64,0.08195696026086807,1,1,0,0,0,0,1,1,0
9,pretrained,TN,9/0012.png,65,1.7295002937316895,1,1,0,0,0,0,1,1,0
9,pretrained,TN,9/0012.png,66,1.175125241279602,1,1,0,0,0,0,1,1,0
9,pretrained,TN,9/0012.png,67,0.015760762616991997,1,1,0,0,0,0,1,1,0
9,pretrained,TN,9/0012.png,68,1.8576152324676514,1,1,0,0,0,0,1,1,0
9,pretrained,TN,9/0012.png,69,0.2691551446914673,1,1,0,0,0,0,1,1,0
9,pretrained,TN,9/0012.png,70,0.9503690600395203,1,1,0,0,0,0,1,1,0
9,pretrained,TN,9/0012.png,71,1.420654296875,1,1,0,0,0,0,1,1,0
9,pretrained,TN,9/0012.png,72,0.5822967290878296,1,1,0,0,0,0,1,1,0
9,pretrained,TN,9/0012.png,73,1.1960526704788208,1,1,0,0,0,0,1,1,0
9,pretrained,TN,9/0012.png,74,0.4567497670650482,1,1,0,0,0,0,1,1,0
9,pretrained,TN,9/0012.png,75,0.6423196792602539,1,1,0,0,0,0,1,1,0
9,pretrained,TN,9/0012.png,76,0.07908941805362701,1,1,0,0,0,0,1,1,0
9,pretrained,TN,9/0012.png,77,0.5298620462417603,1,1,0,0,0,0,1,1,0
9,pretrained,TN,9/0012.png,78,0.4718688130378723,1,1,0,0,0,0,1,1,0
9,pretrained,TN,9/0012.png,79,0.005183469969779253,1,1,0,0,0,0,1,1,0
9,pretrained,TN,9/0012.png,80,1.5620077848434448,1,1,0,0,0,0,1,1,0
9,pretrained,TN,9/0012.png,81,1.3613269329071045,1,1,0,0,0,0,1,1,0
9,pretrained,TN,9/0012.png,82,0.36837154626846313,1,1,0,0,0,0,1,1,0
9,pretrained,TN,9/0012.png,83,0.36433833837509155,1,1,0,0,0,0,1,1,0
9,pretrained,TN,9/0012.png,84,1.8137004375457764,1,1,0,0,0,0,1,1,0
9,pretrained,TN,9/0012.png,85,0.4564124643802643,1,1,0,0,0,0,1,1,0
9,pretrained,TN,9/0012.png,86,0.8355872631072998,1,1,0,0,0,0,1,1,0
9,pretrained,TN,9/0012.png,87,0.35772281885147095,1,1,0,0,0,0,1,1,0
9,pretrained,TN,9/0012.png,88,0.987522542476654,1,1,0,0,0,0,1,1,0
9,pretrained,TN,9/0012.png,89,1.6729981899261475,1,1,0,0,0,0,1,1,0
9,pretrained,TN,9/0012.png,90,0.14215399324893951,1,1,0,0,0,0,1,1,0
9,pretrained,TN,9/0012.png,91,0.8763014078140259,1,1,0,0,0,0,1,1,0
9,pretrained,TN,9/0012.png,92,1.0612859725952148,1,1,0,0,0,0,1,1,0
9,pretrained,TN,9/0012.png,93,1.4401582479476929,1,1,0,0,0,0,1,1,0
9,pretrained,TN,9/0012.png,94,1.7382258176803589,1,1,0,0,0,0,1,1,0
9,pretrained,TN,9/0012.png,95,0.5643178820610046,1,1,0,0,0,0,1,1,0
9,pretrained,TN,9/0012.png,96,0.888832688331604,1,1,0,0,0,0,1,1,0
9,pretrained,TN,9/0012.png,97,0.27096718549728394,1,1,0,0,0,0,1,1,0
9,pretrained,TN,9/0012.png,98,0.05926411971449852,1,1,0,0,0,0,1,1,0
9,pretrained,TN,9/0012.png,99,1.896498680114746,1,1,0,0,0,0,1,1,0
9,pretrained,TN,9/0012.png,100,1.2718802690505981,1,1,0,0,0,0,1,1,0
9,pretrained,TN,9/0012.png,101,1.7540490627288818,1,1,0,0,0,0,1,1,0
9,pretrained,TN,9/0012.png,102,0.12383367866277695,1,1,0,0,0,0,1,1,0
9,pretrained,TN,9/0012.png,103,0.8529670238494873,1,1,0,0,0,0,1,1,0
9,pretrained,TN,9/0012.png,104,1.7453237771987915,1,1,0,0,0,0,1,1,0
9,pretrained,TN,9/0012.png,105,0.5681799054145813,1,1,0,0,0,0,1,1,0
9,pretrained,TN,9/0012.png,106,0.5521011352539062,1,1,0,0,0,0,1,1,0
9,pretrained,TN,9/0012.png,107,0.07934917509555817,1,1,0,0,0,0,1,1,0
9,pretrained,TN,9/0012.png,108,0.7541404366493225,1,1,0,0,0,0,1,1,0
9,pretrained,TN,9/0012.png,109,1.6063579320907593,1,1,0,0,0,0,1,1,0
9,pretrained,TN,9/0012.png,110,0.3797883689403534,1,1,0,0,0,0,1,1,0
9,pretrained,TN,9/0012.png,111,1.4618546962738037,1,1,0,0,0,0,1,1,0
9,pretrained,TN,9/0012.png,112,0.10786374658346176,1,1,0,0,0,0,1,1,0
9,pretrained,TN,9/0012.png,113,0.28915783762931824,1,1,0,0,0,0,1,1,0
9,pretrained,TN,9/0012.png,114,1.0530636310577393,1,1,0,0,0,0,1,1,0
9,pretrained,TN,9/0012.png,115,0.9952663779258728,1,1,0,0,0,0,1,1,0
9,pretrained,TN,9/0012.png,116,1.291164755821228,1,1,0,0,0,0,1,1,0
9,pretrained,TN,9/0012.png,117,1.0931830406188965,1,1,0,0,0,0,1,1,0
9,pretrained,TN,9/0012.png,118,0.08543270826339722,1,1,0,0,0,0,1,1,0
9,pretrained,TN,9/0012.png,119,1.2873162031173706,1,1,0,0,0,0,1,1,0
9,pretrained,TN,9/0012.png,120,0.25677409768104553,1,1,0,0,0,0,1,1,0
9,pretrained,TN,9/0012.png,121,1.629927396774292,1,1,0,0,0,0,1,1,0
9,pretrained,TN,9/0012.png,122,0.5175210237503052,1,1,0,0,0,0,1,1,0
9,pretrained,TN,9/0012.png,123,1.5503358840942383,1,1,0,0,0,0,1,1,0
9,pretrained,TN,9/0012.png,124,0.5601468086242676,1,1,0,0,0,0,1,1,0
9,pretrained,TN,9/0012.png,125,0.43770894408226013,1,1,0,0,0,0,1,1,0
9,pretrained,TN,9/0012.png,126,1.1292791366577148,1,1,0,0,0,0,1,1,0
9,pretrained,TN,9/0012.png,127,0.158943772315979,1,1,0,0,0,0,1,1,0
9,pretrained,TN,9/0012.png,128,0.08609629422426224,1,1,0,0,0,0,1,1,0
9,pretrained,TN,9/0012.png,129,0.30198580026626587,1,1,0,0,0,0,1,1,0
9,pretrained,TN,9/0012.png,130,0.25544267892837524,1,1,0,0,0,0,1,1,0
9,pretrained,TN,9/0012.png,131,0.2834075391292572,1,1,0,0,0,0,1,1,0
9,pretrained,TN,9/0012.png,132,0.7140882015228271,1,1,0,0,0,0,1,1,0
9,pretrained,TN,9/0012.png,133,0.5034965872764587,1,1,0,0,0,0,1,1,0
9,pretrained,TN,9/0012.png,134,2.06019926071167,1,1,0,0,0,0,1,1,0
9,pretrained,TN,9/0012.png,135,1.4712820053100586,1,1,0,0,0,0,1,1,0
9,pretrained,TN,9/0012.png,136,0.5930765867233276,1,1,0,0,0,0,1,1,0
9,pretrained,TN,9/0012.png,137,0.2419731616973877,1,1,0,0,0,0,1,1,0
9,pretrained,TN,9/0012.png,138,0.994550347328186,1,1,0,0,0,0,1,1,0
9,pretrained,TN,9/0012.png,139,1.5940368175506592,1,1,0,0,0,0,1,1,0
9,pretrained,TN,9/0012.png,140,1.7473738193511963,1,1,0,0,0,0,1,1,0
9,pretrained,TN,9/0012.png,141,0.4635675251483917,1,1,0,0,0,0,1,1,0
9,pretrained,TN,9/0012.png,142,0.03595515340566635,1,1,0,0,0,0,1,1,0
9,pretrained,TN,9/0012.png,143,0.7247354984283447,1,1,0,0,0,0,1,1,0
9,pretrained,TN,9/0012.png,144,0.7184747457504272,1,1,0,0,0,0,1,1,0
9,pretrained,TN,9/0012.png,145,0.2099100947380066,1,1,0,0,0,0,1,1,0
9,pretrained,TN,9/0012.png,146,1.981189489364624,1,1,0,0,0,0,1,1,0
9,pretrained,TN,9/0012.png,147,1.1005140542984009,1,1,0,0,0,0,1,1,0
9,pretrained,TN,9/0012.png,148,1.123164415359497,1,1,0,0,0,0,1,1,0
9,pretrained,TN,9/0012.png,149,0.5799831748008728,1,1,0,0,0,0,1,1,0
9,pretrained,TN,9/0012.png,150,2.162280321121216,1,1,0,0,0,0,1,1,0
9,pretrained,TN,9/0012.png,151,0.025947703048586845,1,1,0,0,0,0,1,1,0
9,pretrained,TN,9/0012.png,152,0.3619024455547333,1,1,0,0,0,0,1,1,0
9,pretrained,TN,9/0012.png,153,0.7639012932777405,1,1,0,0,0,0,1,1,0
9,pretrained,TN,9/0012.png,154,0.31155142188072205,1,1,0,0,0,0,1,1,0
9,pretrained,TN,9/0012.png,155,0.10005193203687668,1,1,0,0,0,0,1,1,0
9,pretrained,TN,9/0012.png,156,1.325453758239746,1,1,0,0,0,0,1,1,0
9,pretrained,TN,9/0012.png,157,0.9694448113441467,1,1,0,0,0,0,1,1,0
9,pretrained,TN,9/0012.png,158,1.3770341873168945,1,1,0,0,0,0,1,1,0
9,pretrained,TN,9/0012.png,159,0.6703944802284241,1,1,0,0,0,0,1,1,0
9,pretrained,TN,9/0012.png,160,0.7999109029769897,1,1,0,0,0,0,1,1,0
9,pretrained,TN,9/0012.png,161,2.250568389892578,1,1,0,0,0,0,1,1,0
9,pretrained,TN,9/0012.png,162,0.7157931923866272,1,1,0,0,0,0,1,1,0
9,pretrained,TN,9/0012.png,163,0.9039204716682434,1,1,0,0,0,0,1,1,0
9,pretrained,TN,9/0012.png,164,2.2875423431396484,1,1,0,0,0,0,1,1,0
9,pretrained,TN,9/0012.png,165,1.444838285446167,1,1,0,0,0,0,1,1,0
9,pretrained,TN,9/0012.png,166,1.8072782754898071,1,1,0,0,0,0,1,1,0
9,pretrained,TN,9/0012.png,167,0.045074157416820526,1,1,0,0,0,0,1,1,0
9,pretrained,TN,9/0012.png,168,0.21562740206718445,1,1,0,0,0,0,1,1,0
9,pretrained,TN,9/0012.png,169,0.061538614332675934,1,1,0,0,0,0,1,1,0
9,pretrained,TN,9/0012.png,170,1.3094127178192139,1,1,0,0,0,0,1,1,0
9,pretrained,TN,9/0012.png,171,1.1972097158432007,1,1,0,0,0,0,1,1,0
9,pretrained,TN,9/0012.png,172,0.02759505622088909,1,1,0,0,0,0,1,1,0
9,pretrained,TN,9/0012.png,173,1.697036862373352,1,1,0,0,0,0,1,1,0
9,pretrained,TN,9/0012.png,174,1.79327392578125,1,1,0,0,0,0,1,1,0
9,pretrained,TN,9/0012.png,175,1.8639382123947144,1,1,0,0,0,0,1,1,0
9,pretrained,TN,9/0012.png,176,1.1096978187561035,1,1,0,0,0,0,1,1,0
9,pretrained,TN,9/0012.png,177,0.99181067943573,1,1,0,0,0,0,1,1,0
9,pretrained,TN,9/0012.png,178,1.7205854654312134,1,1,0,0,0,0,1,1,0
9,pretrained,TN,9/0012.png,179,0.028354860842227936,1,1,0,0,0,0,1,1,0
9,pretrained,TN,9/0012.png,180,0.007089752703905106,1,1,0,0,0,0,1,1,0
9,pretrained,TN,9/0012.png,181,0.4696609079837799,1,1,0,0,0,0,1,1,0
9,pretrained,TN,9/0012.png,182,2.124842405319214,1,1,0,0,0,0,1,1,0
9,pretrained,TN,9/0012.png,183,1.3086652755737305,1,1,0,0,0,0,1,1,0
9,pretrained,TN,9/0012.png,184,0.6212847232818604,1,1,0,0,0,0,1,1,0
9,pretrained,TN,9/0012.png,185,0.5623713731765747,1,1,0,0,0,0,1,1,0
9,pretrained,TN,9/0012.png,186,0.7081519961357117,1,1,0,0,0,0,1,1,0
9,pretrained,TN,9/0012.png,187,0.037210263311862946,1,1,0,0,0,0,1,1,0
9,pretrained,TN,9/0012.png,188,1.6128259897232056,1,1,0,0,0,0,1,1,0
9,pretrained,TN,9/0012.png,189,0.8727529048919678,1,1,0,0,0,0,1,1,0
9,pretrained,TN,9/0012.png,190,2.0931129455566406,1,1,0,0,0,0,1,1,0
9,pretrained,TN,9/0012.png,191,0.006673624739050865,1,1,0,0,0,0,1,1,0
9,pretrained,TN,9/0012.png,192,0.33101561665534973,1,1,0,0,0,0,1,1,0
9,pretrained,TN,9/0012.png,193,1.2535901069641113,1,1,0,0,0,0,1,1,0
9,pretrained,TN,9/0012.png,194,0.5348974466323853,1,1,0,0,0,0,1,1,0
9,pretrained,TN,9/0012.png,195,0.23822441697120667,1,1,0,0,0,0,1,1,0
9,pretrained,TN,9/0012.png,196,0.9435026049613953,1,1,0,0,0,0,1,1,0
9,pretrained,TN,9/0012.png,197,0.2897782325744629,1,1,0,0,0,0,1,1,0
9,pretrained,TN,9/0012.png,198,1.465659737586975,1,1,0,0,0,0,1,1,0
9,pretrained,TN,9/0012.png,199,1.4849780797958374,1,1,0,0,0,0,1,1,0
9,pretrained,TN,9/0012.png,200,0.2634139657020569,1,1,0,0,0,0,1,1,0
9,pretrained,TN,9/0012.png,201,1.4556504487991333,1,1,0,0,0,0,1,1,0
9,pretrained,TN,9/0012.png,202,0.9011672139167786,1,1,0,0,0,0,1,1,0
9,pretrained,TN,9/0012.png,203,1.217889428138733,1,1,0,0,0,0,1,1,0
9,pretrained,TN,9/0012.png,204,1.6354050636291504,1,1,0,0,0,0,1,1,0
9,pretrained,TN,9/0012.png,205,0.49818333983421326,1,1,0,0,0,0,1,1,0
9,pretrained,TN,9/0012.png,206,0.12405626475811005,1,1,0,0,0,0,1,1,0
9,pretrained,TN,9/0012.png,207,1.136978030204773,1,1,0,0,0,0,1,1,0
9,pretrained,TN,9/0012.png,208,0.28324994444847107,1,1,0,0,0,0,1,1,0
9,pretrained,TN,9/0012.png,209,0.6625285744667053,1,1,0,0,0,0,1,1,0
9,pretrained,TN,9/0012.png,210,0.5003249645233154,1,1,0,0,0,0,1,1,0
9,pretrained,TN,9/0012.png,211,0.22911566495895386,1,1,0,0,0,0,1,1,0
9,pretrained,TN,9/0012.png,212,0.5638375282287598,1,1,0,0,0,0,1,1,0
9,pretrained,TN,9/0012.png,213,0.45526501536369324,1,1,0,0,0,0,1,1,0
9,pretrained,TN,9/0012.png,214,0.10498708486557007,1,1,0,0,0,0,1,1,0
9,pretrained,TN,9/0012.png,215,0.07165456563234329,1,1,0,0,0,0,1,1,0
9,pretrained,TN,9/0012.png,216,1.4366627931594849,1,1,0,0,0,0,1,1,0
9,pretrained,TN,9/0012.png,217,0.23985899984836578,1,1,0,0,0,0,1,1,0
9,pretrained,TN,9/0012.png,218,0.8794177174568176,1,1,0,0,0,0,1,1,0
9,pretrained,TN,9/0012.png,219,2.255098581314087,1,1,0,0,0,0,1,1,0
9,pretrained,TN,9/0012.png,220,0.2522134780883789,1,1,0,0,0,0,1,1,0
9,pretrained,TN,9/0012.png,221,0.2995719611644745,1,1,0,0,0,0,1,1,0
9,pretrained,TN,9/0012.png,222,1.3450475931167603,1,1,0,0,0,0,1,1,0
9,pretrained,TN,9/0012.png,223,0.6650879383087158,1,1,0,0,0,0,1,1,0
9,pretrained,TN,9/0012.png,224,0.011534386314451694,1,1,0,0,0,0,1,1,0
9,pretrained,TN,9/0012.png,225,0.7587175965309143,1,1,0,0,0,0,1,1,0
9,pretrained,TN,9/0012.png,226,1.1767263412475586,1,1,0,0,0,0,1,1,0
9,pretrained,TN,9/0012.png,227,1.6141389608383179,1,1,0,0,0,0,1,1,0
9,pretrained,TN,9/0012.png,228,0.32361873984336853,1,1,0,0,0,0,1,1,0
9,pretrained,TN,9/0012.png,229,0.6046712398529053,1,1,0,0,0,0,1,1,0
9,pretrained,TN,9/0012.png,230,0.28970929980278015,1,1,0,0,0,0,1,1,0
9,pretrained,TN,9/0012.png,231,0.05430767312645912,1,1,0,0,0,0,1,1,0
9,pretrained,TN,9/0012.png,232,0.9564499258995056,1,1,0,0,0,0,1,1,0
9,pretrained,TN,9/0012.png,233,0.9509829878807068,1,1,0,0,0,0,1,1,0
9,pretrained,TN,9/0012.png,234,1.8019287586212158,1,1,0,0,0,0,1,1,0
9,pretrained,TN,9/0012.png,235,0.5089167356491089,1,1,0,0,0,0,1,1,0
9,pretrained,TN,9/0012.png,236,0.39441418647766113,1,1,0,0,0,0,1,1,0
9,pretrained,TN,9/0012.png,237,2.3945319652557373,1,1,0,0,0,0,1,1,0
9,pretrained,TN,9/0012.png,238,2.314025640487671,1,1,0,0,0,0,1,1,0
9,pretrained,TN,9/0012.png,239,0.20980605483055115,1,1,0,0,0,0,1,1,0
9,pretrained,TN,9/0012.png,240,0.18131408095359802,1,1,0,0,0,0,1,1,0
9,pretrained,TN,9/0012.png,241,1.6679884195327759,1,1,0,0,0,0,1,1,0
9,pretrained,TN,9/0012.png,242,1.1161901950836182,1,1,0,0,0,0,1,1,0
9,pretrained,TN,9/0012.png,243,1.8052961826324463,1,1,0,0,0,0,1,1,0
9,pretrained,TN,9/0012.png,244,0.9016233682632446,1,1,0,0,0,0,1,1,0
9,pretrained,TN,9/0012.png,245,0.33648067712783813,1,1,0,0,0,0,1,1,0
9,pretrained,TN,9/0012.png,246,0.5348669290542603,1,1,0,0,0,0,1,1,0
9,pretrained,TN,9/0012.png,247,1.3709598779678345,1,1,0,0,0,0,1,1,0
9,pretrained,TN,9/0012.png,248,1.4477518796920776,1,1,0,0,0,0,1,1,0
9,pretrained,TN,9/0012.png,249,1.4229933023452759,1,1,0,0,0,0,1,1,0
9,pretrained,TN,9/0012.png,250,0.976843535900116,1,1,0,0,0,0,1,1,0
9,pretrained,TN,9/0012.png,251,1.5906083583831787,1,1,0,0,0,0,1,1,0
9,pretrained,TN,9/0012.png,252,0.5318201184272766,1,1,0,0,0,0,1,1,0
9,pretrained,TN,9/0012.png,253,0.35705721378326416,1,1,0,0,0,0,1,1,0
9,pretrained,TN,9/0012.png,254,1.211411952972412,1,1,0,0,0,0,1,1,0
9,pretrained,TN,9/0012.png,255,0.5697970986366272,1,1,0,0,0,0,1,1,0
9,pretrained,TN,9/0012.png,256,0.26085060834884644,1,1,0,0,0,0,1,1,0
9,pretrained,TN,9/0012.png,257,1.415995717048645,1,1,0,0,0,0,1,1,0
9,pretrained,TN,9/0012.png,258,0.7914286255836487,1,1,0,0,0,0,1,1,0
9,pretrained,TN,9/0012.png,259,0.5105847716331482,1,1,0,0,0,0,1,1,0
9,pretrained,TN,9/0012.png,260,0.5246443748474121,1,1,0,0,0,0,1,1,0
9,pretrained,TN,9/0012.png,261,1.2724801301956177,1,1,0,0,0,0,1,1,0
9,pretrained,TN,9/0012.png,262,0.4402439594268799,1,1,0,0,0,0,1,1,0
9,pretrained,TN,9/0012.png,263,2.5024125576019287,1,1,0,0,0,0,1,1,0
9,pretrained,TN,9/0012.png,264,0.4572252035140991,1,1,0,0,0,0,1,1,0
9,pretrained,TN,9/0012.png,265,2.4756414890289307,1,1,0,0,0,0,1,1,0
9,pretrained,TN,9/0012.png,266,0.241018146276474,1,1,0,0,0,0,1,1,0
9,pretrained,TN,9/0012.png,267,0.6015455722808838,1,1,0,0,0,0,1,1,0
9,pretrained,TN,9/0012.png,268,0.3393455147743225,1,1,0,0,0,0,1,1,0
9,pretrained,TN,9/0012.png,269,1.678596019744873,1,1,0,0,0,0,1,1,0
9,pretrained,TN,9/0012.png,270,0.821330189704895,1,1,0,0,0,0,1,1,0
9,pretrained,TN,9/0012.png,271,0.24302659928798676,1,1,0,0,0,0,1,1,0
9,pretrained,TN,9/0012.png,272,0.0777893140912056,1,1,0,0,0,0,1,1,0
9,pretrained,TN,9/0012.png,273,0.9661977887153625,1,1,0,0,0,0,1,1,0
9,pretrained,TN,9/0012.png,274,0.06346965581178665,1,1,0,0,0,0,1,1,0
9,pretrained,TN,9/0012.png,275,0.3193325698375702,1,1,0,0,0,0,1,1,0
9,pretrained,TN,9/0012.png,276,0.772217333316803,1,1,0,0,0,0,1,1,0
9,pretrained,TN,9/0012.png,277,0.42148423194885254,1,1,0,0,0,0,1,1,0
9,pretrained,TN,9/0012.png,278,1.3519537448883057,1,1,0,0,0,0,1,1,0
9,pretrained,TN,9/0012.png,279,0.7379745244979858,1,1,0,0,0,0,1,1,0
9,pretrained,TN,9/0012.png,280,2.5565764904022217,1,1,0,0,0,0,1,1,0
9,pretrained,TN,9/0012.png,281,0.7100303769111633,1,1,0,0,0,0,1,1,0
9,pretrained,TN,9/0012.png,282,0.12319885939359665,1,1,0,0,0,0,1,1,0
9,pretrained,TN,9/0012.png,283,0.14132510125637054,1,1,0,0,0,0,1,1,0
9,pretrained,TN,9/0012.png,284,0.94998699426651,1,1,0,0,0,0,1,1,0
9,pretrained,TN,9/0012.png,285,0.5164812207221985,1,1,0,0,0,0,1,1,0
9,pretrained,TN,9/0012.png,286,1.6879541873931885,1,1,0,0,0,0,1,1,0
9,pretrained,TN,9/0012.png,287,0.18810081481933594,1,1,0,0,0,0,1,1,0
9,pretrained,TN,9/0012.png,288,0.8526222705841064,1,1,0,0,0,0,1,1,0
9,pretrained,TN,9/0012.png,289,0.26215535402297974,1,1,0,0,0,0,1,1,0
9,pretrained,TN,9/0012.png,290,1.5431638956069946,1,1,0,0,0,0,1,1,0
9,pretrained,TN,9/0012.png,291,1.0500622987747192,1,1,0,0,0,0,1,1,0
9,pretrained,TN,9/0012.png,292,1.3707753419876099,1,1,0,0,0,0,1,1,0
9,pretrained,TN,9/0012.png,293,0.25177308917045593,1,1,0,0,0,0,1,1,0
9,pretrained,TN,9/0012.png,294,0.0012259971117600799,1,1,0,0,0,0,1,1,0
9,pretrained,TN,9/0012.png,295,1.557777762413025,1,1,0,0,0,0,1,1,0
9,pretrained,TN,9/0012.png,296,2.059706449508667,1,1,0,0,0,0,1,1,0
9,pretrained,TN,9/0012.png,297,0.2857007384300232,1,1,0,0,0,0,1,1,0
9,pretrained,TN,9/0012.png,298,1.1698130369186401,1,1,0,0,0,0,1,1,0
9,pretrained,TN,9/0012.png,299,1.3649104833602905,1,1,0,0,0,0,1,1,0
9,pretrained,TN,9/0012.png,300,0.8053815960884094,1,1,0,0,0,0,1,1,0
9,pretrained,TN,9/0012.png,301,0.30900004506111145,1,1,0,0,0,0,1,1,0
9,pretrained,TN,9/0012.png,302,0.8651967644691467,1,1,0,0,0,0,1,1,0
9,pretrained,TN,9/0012.png,303,1.5006229877471924,1,1,0,0,0,0,1,1,0
9,pretrained,TN,9/0012.png,304,0.7766317129135132,1,1,0,0,0,0,1,1,0
9,pretrained,TN,9/0012.png,305,0.5147463083267212,1,1,0,0,0,0,1,1,0
9,pretrained,TN,9/0012.png,306,0.9492815732955933,1,1,0,0,0,0,1,1,0
9,pretrained,TN,9/0012.png,307,0.5702317357063293,1,1,0,0,0,0,1,1,0
9,pretrained,TN,9/0012.png,308,0.21094657480716705,1,1,0,0,0,0,1,1,0
9,pretrained,TN,9/0012.png,309,0.35857149958610535,1,1,0,0,0,0,1,1,0
9,pretrained,TN,9/0012.png,310,2.1181745529174805,1,1,0,0,0,0,1,1,0
9,pretrained,TN,9/0012.png,311,2.2334535121917725,1,1,0,0,0,0,1,1,0
9,pretrained,TN,9/0012.png,312,1.3769007921218872,1,1,0,0,0,0,1,1,0
9,pretrained,TN,9/0012.png,313,2.331101894378662,1,1,0,0,0,0,1,1,0
9,pretrained,TN,9/0012.png,314,0.2794199287891388,1,1,0,0,0,0,1,1,0
9,pretrained,TN,9/0012.png,315,0.2875382602214813,1,1,0,0,0,0,1,1,0
9,pretrained,TN,9/0012.png,316,1.8929682970046997,1,1,0,0,0,0,1,1,0
9,pretrained,TN,9/0012.png,317,0.5715396404266357,1,1,0,0,0,0,1,1,0
9,pretrained,TN,9/0012.png,318,0.2917007505893707,1,1,0,0,0,0,1,1,0
9,pretrained,TN,9/0012.png,319,0.24098841845989227,1,1,0,0,0,0,1,1,0
9,pretrained,TN,9/0012.png,320,0.5695459246635437,1,1,0,0,0,0,1,1,0
9,pretrained,TN,9/0012.png,321,1.2894140481948853,1,1,0,0,0,0,1,1,0
9,pretrained,TN,9/0012.png,322,0.11282060295343399,1,1,0,0,0,0,1,1,0
9,pretrained,TN,9/0012.png,323,0.10483761131763458,1,1,0,0,0,0,1,1,0
9,pretrained,TN,9/0012.png,324,0.04753241688013077,1,1,0,0,0,0,1,1,0
9,pretrained,TN,9/0012.png,325,1.851137638092041,1,1,0,0,0,0,1,1,0
9,pretrained,TN,9/0012.png,326,1.487225890159607,1,1,0,0,0,0,1,1,0
9,pretrained,TN,9/0012.png,327,0.17744456231594086,1,1,0,0,0,0,1,1,0
9,pretrained,TN,9/0012.png,328,1.143107533454895,1,1,0,0,0,0,1,1,0
9,pretrained,TN,9/0012.png,329,0.5168675780296326,1,1,0,0,0,0,1,1,0
9,pretrained,TN,9/0012.png,330,0.6568291187286377,1,1,0,0,0,0,1,1,0
9,pretrained,TN,9/0012.png,331,0.5125669836997986,1,1,0,0,0,0,1,1,0
9,pretrained,TN,9/0012.png,332,0.37131714820861816,1,1,0,0,0,0,1,1,0
9,pretrained,TN,9/0012.png,333,0.12224503606557846,1,1,0,0,0,0,1,1,0
9,pretrained,TN,9/0012.png,334,0.11136429011821747,1,1,0,0,0,0,1,1,0
9,pretrained,TN,9/0012.png,335,1.9218097925186157,1,1,0,0,0,0,1,1,0
9,pretrained,TN,9/0012.png,336,0.3753359615802765,1,1,0,0,0,0,1,1,0
9,pretrained,TN,9/0012.png,337,0.9346046447753906,1,1,0,0,0,0,1,1,0
9,pretrained,TN,9/0012.png,338,1.4881523847579956,1,1,0,0,0,0,1,1,0
9,pretrained,TN,9/0012.png,339,0.21542887389659882,1,1,0,0,0,0,1,1,0
9,pretrained,TN,9/0012.png,340,0.2486136257648468,1,1,0,0,0,0,1,1,0
9,pretrained,TN,9/0012.png,341,1.230783224105835,1,1,0,0,0,0,1,1,0
9,pretrained,TN,9/0012.png,342,1.7184183597564697,1,1,0,0,0,0,1,1,0
9,pretrained,TN,9/0012.png,343,1.7222100496292114,1,1,0,0,0,0,1,1,0
9,pretrained,TN,9/0012.png,344,1.5515975952148438,1,1,0,0,0,0,1,1,0
9,pretrained,TN,9/0012.png,345,0.2535935938358307,1,1,0,0,0,0,1,1,0
9,pretrained,TN,9/0012.png,346,0.2341090440750122,1,1,0,0,0,0,1,1,0
9,pretrained,TN,9/0012.png,347,0.00980522483587265,1,1,0,0,0,0,1,1,0
9,pretrained,TN,9/0012.png,348,0.8396139144897461,1,1,0,0,0,0,1,1,0
9,pretrained,TN,9/0012.png,349,1.0262608528137207,1,1,0,0,0,0,1,1,0
9,pretrained,TN,9/0012.png,350,2.108211040496826,1,1,0,0,0,0,1,1,0
9,pretrained,TN,9/0012.png,351,1.7952667474746704,1,1,0,0,0,0,1,1,0
9,pretrained,TN,9/0012.png,352,1.753485083580017,1,1,0,0,0,0,1,1,0
9,pretrained,TN,9/0012.png,353,0.391381174325943,1,1,0,0,0,0,1,1,0
9,pretrained,TN,9/0012.png,354,0.28898724913597107,1,1,0,0,0,0,1,1,0
9,pretrained,TN,9/0012.png,355,0.17382657527923584,1,1,0,0,0,0,1,1,0
9,pretrained,TN,9/0012.png,356,0.7533726096153259,1,1,0,0,0,0,1,1,0
9,pretrained,TN,9/0012.png,357,0.08800024539232254,1,1,0,0,0,0,1,1,0
9,pretrained,TN,9/0012.png,358,0.3382915258407593,1,1,0,0,0,0,1,1,0
9,pretrained,TN,9/0012.png,359,0.5352960824966431,1,1,0,0,0,0,1,1,0
9,pretrained,TN,9/0012.png,360,0.25014975666999817,1,1,0,0,0,0,1,1,0
9,pretrained,TN,9/0012.png,361,1.147559404373169,1,1,0,0,0,0,1,1,0
9,pretrained,TN,9/0012.png,362,1.7858623266220093,1,1,0,0,0,0,1,1,0
9,pretrained,TN,9/0012.png,363,0.7144190073013306,1,1,0,0,0,0,1,1,0
9,pretrained,TN,9/0012.png,364,0.126106858253479,1,1,0,0,0,0,1,1,0
9,pretrained,TN,9/0012.png,365,0.0957171767950058,1,1,0,0,0,0,1,1,0
9,pretrained,TN,9/0012.png,366,0.8554399609565735,1,1,0,0,0,0,1,1,0
9,pretrained,TN,9/0012.png,367,0.9996415972709656,1,1,0,0,0,0,1,1,0
9,pretrained,TN,9/0012.png,368,1.1660990715026855,1,1,0,0,0,0,1,1,0
9,pretrained,TN,9/0012.png,369,1.2017805576324463,1,1,0,0,0,0,1,1,0
9,pretrained,TN,9/0012.png,370,0.1643829196691513,1,1,0,0,0,0,1,1,0
9,pretrained,TN,9/0012.png,371,1.0396976470947266,1,1,0,0,0,0,1,1,0
9,pretrained,TN,9/0012.png,372,0.23779349029064178,1,1,0,0,0,0,1,1,0
9,pretrained,TN,9/0012.png,373,0.3248523771762848,1,1,0,0,0,0,1,1,0
9,pretrained,TN,9/0012.png,374,1.3377106189727783,1,1,0,0,0,0,1,1,0
9,pretrained,TN,9/0012.png,375,1.641361117362976,1,1,0,0,0,0,1,1,0
9,pretrained,TN,9/0012.png,376,1.4939754009246826,1,1,0,0,0,0,1,1,0
9,pretrained,TN,9/0012.png,377,0.9561886787414551,1,1,0,0,0,0,1,1,0
9,pretrained,TN,9/0012.png,378,1.410957932472229,1,1,0,0,0,0,1,1,0
9,pretrained,TN,9/0012.png,379,0.7043179869651794,1,1,0,0,0,0,1,1,0
9,pretrained,TN,9/0012.png,380,0.6965240240097046,1,1,0,0,0,0,1,1,0
9,pretrained,TN,9/0012.png,381,0.8070329427719116,1,1,0,0,0,0,1,1,0
9,pretrained,TN,9/0012.png,382,0.9396308660507202,1,1,0,0,0,0,1,1,0
9,pretrained,TN,9/0012.png,383,0.2038901150226593,1,1,0,0,0,0,1,1,0
9,pretrained,TN,9/0012.png,384,0.8956211805343628,1,1,0,0,0,0,1,1,0
9,pretrained,TN,9/0012.png,385,0.24814178049564362,1,1,0,0,0,0,1,1,0
9,pretrained,TN,9/0012.png,386,1.5267767906188965,1,1,0,0,0,0,1,1,0
9,pretrained,TN,9/0012.png,387,0.1332569718360901,1,1,0,0,0,0,1,1,0
9,pretrained,TN,9/0012.png,388,0.5409078598022461,1,1,0,0,0,0,1,1,0
9,pretrained,TN,9/0012.png,389,0.13174930214881897,1,1,0,0,0,0,1,1,0
9,pretrained,TN,9/0012.png,390,1.0322562456130981,1,1,0,0,0,0,1,1,0
9,pretrained,TN,9/0012.png,391,1.260000467300415,1,1,0,0,0,0,1,1,0
9,pretrained,TN,9/0012.png,392,0.002999203512445092,1,1,0,0,0,0,1,1,0
9,pretrained,TN,9/0012.png,393,1.9008307456970215,1,1,0,0,0,0,1,1,0
9,pretrained,TN,9/0012.png,394,0.6532050967216492,1,1,0,0,0,0,1,1,0
9,pretrained,TN,9/0012.png,395,0.03452969342470169,1,1,0,0,0,0,1,1,0
9,pretrained,TN,9/0012.png,396,0.2622562050819397,1,1,0,0,0,0,1,1,0
9,pretrained,TN,9/0012.png,397,0.1197742149233818,1,1,0,0,0,0,1,1,0
9,pretrained,TN,9/0012.png,398,1.7019739151000977,1,1,0,0,0,0,1,1,0
9,pretrained,TN,9/0012.png,399,2.58378267288208,1,1,0,0,0,0,1,1,0
9,pretrained,TN,9/0012.png,400,1.525113821029663,1,1,0,0,0,0,1,1,0
9,pretrained,TN,9/0012.png,401,0.35782086849212646,1,1,0,0,0,0,1,1,0
9,pretrained,TN,9/0012.png,402,0.6777223944664001,1,1,0,0,0,0,1,1,0
9,pretrained,TN,9/0012.png,403,1.7603296041488647,1,1,0,0,0,0,1,1,0
9,pretrained,TN,9/0012.png,404,1.3596566915512085,1,1,0,0,0,0,1,1,0
9,pretrained,TN,9/0012.png,405,0.11798975616693497,1,1,0,0,0,0,1,1,0
9,pretrained,TN,9/0012.png,406,1.75446355342865,1,1,0,0,0,0,1,1,0
9,pretrained,TN,9/0012.png,407,2.458211660385132,1,1,0,0,0,0,1,1,0
9,pretrained,TN,9/0012.png,408,0.4030812382698059,1,1,0,0,0,0,1,1,0
9,pretrained,TN,9/0012.png,409,1.0384093523025513,1,1,0,0,0,0,1,1,0
9,pretrained,TN,9/0012.png,410,0.1391843557357788,1,1,0,0,0,0,1,1,0
9,pretrained,TN,9/0012.png,411,0.4963603615760803,1,1,0,0,0,0,1,1,0
9,pretrained,TN,9/0012.png,412,1.4215993881225586,1,1,0,0,0,0,1,1,0
9,pretrained,TN,9/0012.png,413,0.7598632574081421,1,1,0,0,0,0,1,1,0
9,pretrained,TN,9/0012.png,414,0.6710344552993774,1,1,0,0,0,0,1,1,0
9,pretrained,TN,9/0012.png,415,0.0771111398935318,1,1,0,0,0,0,1,1,0
9,pretrained,TN,9/0012.png,416,0.16992628574371338,1,1,0,0,0,0,1,1,0
9,pretrained,TN,9/0012.png,417,1.4247053861618042,1,1,0,0,0,0,1,1,0
9,pretrained,TN,9/0012.png,418,0.981178879737854,1,1,0,0,0,0,1,1,0
9,pretrained,TN,9/0012.png,419,0.14349257946014404,1,1,0,0,0,0,1,1,0
9,pretrained,TN,9/0012.png,420,0.09074103087186813,1,1,0,0,0,0,1,1,0
9,pretrained,TN,9/0012.png,421,0.9773889780044556,1,1,0,0,0,0,1,1,0
9,pretrained,TN,9/0012.png,422,1.554126501083374,1,1,0,0,0,0,1,1,0
9,pretrained,TN,9/0012.png,423,0.14259472489356995,1,1,0,0,0,0,1,1,0
9,pretrained,TN,9/0012.png,424,0.6128140687942505,1,1,0,0,0,0,1,1,0
9,pretrained,TN,9/0012.png,425,1.5656434297561646,1,1,0,0,0,0,1,1,0
9,pretrained,TN,9/0012.png,426,0.7060612440109253,1,1,0,0,0,0,1,1,0
9,pretrained,TN,9/0012.png,427,1.0177335739135742,1,1,0,0,0,0,1,1,0
9,pretrained,TN,9/0012.png,428,0.6485794186592102,1,1,0,0,0,0,1,1,0
9,pretrained,TN,9/0012.png,429,1.1702220439910889,1,1,0,0,0,0,1,1,0
9,pretrained,TN,9/0012.png,430,1.0195822715759277,1,1,0,0,0,0,1,1,0
9,pretrained,TN,9/0012.png,431,1.624529480934143,1,1,0,0,0,0,1,1,0
9,pretrained,TN,9/0012.png,432,0.691797137260437,1,1,0,0,0,0,1,1,0
9,pretrained,TN,9/0012.png,433,0.6119834184646606,1,1,0,0,0,0,1,1,0
9,pretrained,TN,9/0012.png,434,1.8752858638763428,1,1,0,0,0,0,1,1,0
9,pretrained,TN,9/0012.png,435,0.9653784036636353,1,1,0,0,0,0,1,1,0
9,pretrained,TN,9/0012.png,436,0.005257436074316502,1,1,0,0,0,0,1,1,0
9,pretrained,TN,9/0012.png,437,1.4507617950439453,1,1,0,0,0,0,1,1,0
9,pretrained,TN,9/0012.png,438,1.4737895727157593,1,1,0,0,0,0,1,1,0
9,pretrained,TN,9/0012.png,439,1.1108689308166504,1,1,0,0,0,0,1,1,0
9,pretrained,TN,9/0012.png,440,2.095060348510742,1,1,0,0,0,0,1,1,0
9,pretrained,TN,9/0012.png,441,1.290785789489746,1,1,0,0,0,0,1,1,0
9,pretrained,TN,9/0012.png,442,1.0968066453933716,1,1,0,0,0,0,1,1,0
9,pretrained,TN,9/0012.png,443,0.5314424633979797,1,1,0,0,0,0,1,1,0
9,pretrained,TN,9/0012.png,444,0.5997726917266846,1,1,0,0,0,0,1,1,0
9,pretrained,TN,9/0012.png,445,1.0300291776657104,1,1,0,0,0,0,1,1,0
9,pretrained,TN,9/0012.png,446,1.7037765979766846,1,1,0,0,0,0,1,1,0
9,pretrained,TN,9/0012.png,447,0.11048784852027893,1,1,0,0,0,0,1,1,0
9,pretrained,TN,9/0012.png,448,1.200579047203064,1,1,0,0,0,0,1,1,0
9,pretrained,TN,9/0012.png,449,1.3819177150726318,1,1,0,0,0,0,1,1,0
9,pretrained,TN,9/0012.png,450,0.6141750812530518,1,1,0,0,0,0,1,1,0
9,pretrained,TN,9/0012.png,451,0.2565249502658844,1,1,0,0,0,0,1,1,0
9,pretrained,TN,9/0012.png,452,0.5967353582382202,1,1,0,0,0,0,1,1,0
9,pretrained,TN,9/0012.png,453,0.28897058963775635,1,1,0,0,0,0,1,1,0
9,pretrained,TN,9/0012.png,454,0.3059028685092926,1,1,0,0,0,0,1,1,0
9,pretrained,TN,9/0012.png,455,0.91616290807724,1,1,0,0,0,0,1,1,0
9,pretrained,TN,9/0012.png,456,1.129616141319275,1,1,0,0,0,0,1,1,0
9,pretrained,TN,9/0012.png,457,0.3538111448287964,1,1,0,0,0,0,1,1,0
9,pretrained,TN,9/0012.png,458,1.5244680643081665,1,1,0,0,0,0,1,1,0
9,pretrained,TN,9/0012.png,459,0.3122282326221466,1,1,0,0,0,0,1,1,0
9,pretrained,TN,9/0012.png,460,0.20628371834754944,1,1,0,0,0,0,1,1,0
9,pretrained,TN,9/0012.png,461,2.1877007484436035,1,1,0,0,0,0,1,1,0
9,pretrained,TN,9/0012.png,462,2.020726203918457,1,1,0,0,0,0,1,1,0
9,pretrained,TN,9/0012.png,463,0.06519906222820282,1,1,0,0,0,0,1,1,0
9,pretrained,TN,9/0012.png,464,0.17059491574764252,1,1,0,0,0,0,1,1,0
9,pretrained,TN,9/0012.png,465,1.168204426765442,1,1,0,0,0,0,1,1,0
9,pretrained,TN,9/0012.png,466,0.6089339852333069,1,1,0,0,0,0,1,1,0
9,pretrained,TN,9/0012.png,467,0.11125273257493973,1,1,0,0,0,0,1,1,0
9,pretrained,TN,9/0012.png,468,1.2264318466186523,1,1,0,0,0,0,1,1,0
9,pretrained,TN,9/0012.png,469,0.05933026224374771,1,1,0,0,0,0,1,1,0
9,pretrained,TN,9/0012.png,470,0.2896549701690674,1,1,0,0,0,0,1,1,0
9,pretrained,TN,9/0012.png,471,0.25852805376052856,1,1,0,0,0,0,1,1,0
9,pretrained,TN,9/0012.png,472,0.831633985042572,1,1,0,0,0,0,1,1,0
9,pretrained,TN,9/0012.png,473,1.7188620567321777,1,1,0,0,0,0,1,1,0
9,pretrained,TN,9/0012.png,474,0.7335222959518433,1,1,0,0,0,0,1,1,0
9,pretrained,TN,9/0012.png,475,1.4811416864395142,1,1,0,0,0,0,1,1,0
9,pretrained,TN,9/0012.png,476,0.6774631142616272,1,1,0,0,0,0,1,1,0
9,pretrained,TN,9/0012.png,477,0.07110416889190674,1,1,0,0,0,0,1,1,0
9,pretrained,TN,9/0012.png,478,0.0,1,1,0,0,0,0,1,1,0
9,pretrained,TN,9/0012.png,479,0.5376229286193848,1,1,0,0,0,0,1,1,0
9,pretrained,TN,9/0012.png,480,0.8481962084770203,1,1,0,0,0,0,1,1,0
9,pretrained,TN,9/0012.png,481,1.6029789447784424,1,1,0,0,0,0,1,1,0
9,pretrained,TN,9/0012.png,482,2.054591417312622,1,1,0,0,0,0,1,1,0
9,pretrained,TN,9/0012.png,483,1.0591117143630981,1,1,0,0,0,0,1,1,0
9,pretrained,TN,9/0012.png,484,2.030410051345825,1,1,0,0,0,0,1,1,0
9,pretrained,TN,9/0012.png,485,0.8046948909759521,1,1,0,0,0,0,1,1,0
9,pretrained,TN,9/0012.png,486,1.188503384590149,1,1,0,0,0,0,1,1,0
9,pretrained,TN,9/0012.png,487,0.7232738137245178,1,1,0,0,0,0,1,1,0
9,pretrained,TN,9/0012.png,488,2.795029640197754,1,1,0,0,0,0,1,1,0
9,pretrained,TN,9/0012.png,489,0.6693528890609741,1,1,0,0,0,0,1,1,0
9,pretrained,TN,9/0012.png,490,1.3135967254638672,1,1,0,0,0,0,1,1,0
9,pretrained,TN,9/0012.png,491,0.3700132668018341,1,1,0,0,0,0,1,1,0
9,pretrained,TN,9/0012.png,492,1.7331862449645996,1,1,0,0,0,0,1,1,0
9,pretrained,TN,9/0012.png,493,1.040320873260498,1,1,0,0,0,0,1,1,0
9,pretrained,TN,9/0012.png,494,1.636845350265503,1,1,0,0,0,0,1,1,0
9,pretrained,TN,9/0012.png,495,1.7912441492080688,1,1,0,0,0,0,1,1,0
9,pretrained,TN,9/0012.png,496,1.019290566444397,1,1,0,0,0,0,1,1,0
9,pretrained,TN,9/0012.png,497,0.3791661560535431,1,1,0,0,0,0,1,1,0
9,pretrained,TN,9/0012.png,498,0.06759405136108398,1,1,0,0,0,0,1,1,0
9,pretrained,TN,9/0012.png,499,0.21960313618183136,1,1,0,0,0,0,1,1,0
9,pretrained,TN,9/0012.png,500,0.4032938480377197,1,1,0,0,0,0,1,1,0
9,pretrained,TN,9/0012.png,501,1.438308835029602,1,1,0,0,0,0,1,1,0
9,pretrained,TN,9/0012.png,502,1.4599319696426392,1,1,0,0,0,0,1,1,0
9,pretrained,TN,9/0012.png,503,1.1928504705429077,1,1,0,0,0,0,1,1,0
9,pretrained,TN,9/0012.png,504,0.8036600351333618,1,1,0,0,0,0,1,1,0
9,pretrained,TN,9/0012.png,505,0.9384233355522156,1,1,0,0,0,0,1,1,0
9,pretrained,TN,9/0012.png,506,2.0599443912506104,1,1,0,0,0,0,1,1,0
9,pretrained,TN,9/0012.png,507,0.7646054625511169,1,1,0,0,0,0,1,1,0
9,pretrained,TN,9/0012.png,508,0.6842573285102844,1,1,0,0,0,0,1,1,0
9,pretrained,TN,9/0012.png,509,1.1864320039749146,1,1,0,0,0,0,1,1,0
9,pretrained,TN,9/0012.png,510,0.41817089915275574,1,1,0,0,0,0,1,1,0
9,pretrained,TN,9/0012.png,511,0.4668081998825073,1,1,0,0,0,0,1,1,0
9,scratch,TP,9/0004.png,0,0.2204468995332718,1,0,1,1,1,0,0,0,0
9,scratch,TP,9/0004.png,1,0.6731633543968201,1,0,1,1,1,0,0,0,0
9,scratch,TP,9/0004.png,2,0.6542128920555115,1,0,1,1,1,0,0,0,0
9,scratch,TP,9/0004.png,3,0.17972971498966217,1,0,1,1,1,0,0,0,0
9,scratch,TP,9/0004.png,4,0.4983193576335907,1,0,1,1,1,0,0,0,0
9,scratch,TP,9/0004.png,5,0.28869014978408813,1,0,1,1,1,0,0,0,0
9,scratch,TP,9/0004.png,6,0.3259761333465576,1,0,1,1,1,0,0,0,0
9,scratch,TP,9/0004.png,7,0.15993879735469818,1,0,1,1,1,0,0,0,0
9,scratch,TP,9/0004.png,8,0.08972971886396408,1,0,1,1,1,0,0,0,0
9,scratch,TP,9/0004.png,9,0.8855245113372803,1,0,1,1,1,0,0,0,0
9,scratch,TP,9/0004.png,10,0.4086553752422333,1,0,1,1,1,0,0,0,0
9,scratch,TP,9/0004.png,11,0.5300388932228088,1,0,1,1,1,0,0,0,0
9,scratch,TP,9/0004.png,12,0.34871092438697815,1,0,1,1,1,0,0,0,0
9,scratch,TP,9/0004.png,13,0.24600167572498322,1,0,1,1,1,0,0,0,0
9,scratch,TP,9/0004.png,14,0.12186308205127716,1,0,1,1,1,0,0,0,0
9,scratch,TP,9/0004.png,15,0.3869752287864685,1,0,1,1,1,0,0,0,0
9,scratch,TP,9/0004.png,16,0.49301478266716003,1,0,1,1,1,0,0,0,0
9,scratch,TP,9/0004.png,17,0.28703051805496216,1,0,1,1,1,0,0,0,0
9,scratch,TP,9/0004.png,18,0.2441791445016861,1,0,1,1,1,0,0,0,0
9,scratch,TP,9/0004.png,19,0.28717607259750366,1,0,1,1,1,0,0,0,0
9,scratch,TP,9/0004.png,20,0.3851001560688019,1,0,1,1,1,0,0,0,0
9,scratch,TP,9/0004.png,21,0.15165568888187408,1,0,1,1,1,0,0,0,0
9,scratch,TP,9/0004.png,22,0.37171003222465515,1,0,1,1,1,0,0,0,0
9,scratch,TP,9/0004.png,23,0.46591630578041077,1,0,1,1,1,0,0,0,0
9,scratch,TP,9/0004.png,24,0.08265525102615356,1,0,1,1,1,0,0,0,0
9,scratch,TP,9/0004.png,25,0.24876224994659424,1,0,1,1,1,0,0,0,0
9,scratch,TP,9/0004.png,26,0.330291211605072,1,0,1,1,1,0,0,0,0
9,scratch,TP,9/0004.png,27,0.31521862745285034,1,0,1,1,1,0,0,0,0
9,scratch,TP,9/0004.png,28,0.035200633108615875,1,0,1,1,1,0,0,0,0
9,scratch,TP,9/0004.png,29,0.01148078590631485,1,0,1,1,1,0,0,0,0
9,scratch,TP,9/0004.png,30,0.5828495621681213,1,0,1,1,1,0,0,0,0
9,scratch,TP,9/0004.png,31,0.4047979712486267,1,0,1,1,1,0,0,0,0
9,scratch,TP,9/0004.png,32,0.0,1,0,1,1,1,0,0,0,0
9,scratch,TP,9/0004.png,33,0.028025731444358826,1,0,1,1,1,0,0,0,0
9,scratch,TP,9/0004.png,34,0.5548772811889648,1,0,1,1,1,0,0,0,0
9,scratch,TP,9/0004.png,35,0.27539676427841187,1,0,1,1,1,0,0,0,0
9,scratch,TP,9/0004.png,36,0.7200498580932617,1,0,1,1,1,0,0,0,0
9,scratch,TP,9/0004.png,37,0.23713207244873047,1,0,1,1,1,0,0,0,0
9,scratch,TP,9/0004.png,38,0.3557514548301697,1,0,1,1,1,0,0,0,0
9,scratch,TP,9/0004.png,39,0.12974156439304352,1,0,1,1,1,0,0,0,0
9,scratch,TP,9/0004.png,40,0.5355696082115173,1,0,1,1,1,0,0,0,0
9,scratch,TP,9/0004.png,41,0.3034991919994354,1,0,1,1,1,0,0,0,0
9,scratch,TP,9/0004.png,42,0.24283432960510254,1,0,1,1,1,0,0,0,0
9,scratch,TP,9/0004.png,43,0.25273460149765015,1,0,1,1,1,0,0,0,0
9,scratch,TP,9/0004.png,44,0.01556332502514124,1,0,1,1,1,0,0,0,0
9,scratch,TP,9/0004.png,45,0.0076178922317922115,1,0,1,1,1,0,0,0,0
9,scratch,TP,9/0004.png,46,0.057595063000917435,1,0,1,1,1,0,0,0,0
9,scratch,TP,9/0004.png,47,0.19963569939136505,1,0,1,1,1,0,0,0,0
9,scratch,TP,9/0004.png,48,0.3989378809928894,1,0,1,1,1,0,0,0,0
9,scratch,TP,9/0004.png,49,0.06463288515806198,1,0,1,1,1,0,0,0,0
9,scratch,TP,9/0004.png,50,0.13093122839927673,1,0,1,1,1,0,0,0,0
9,scratch,TP,9/0004.png,51,0.6251225471496582,1,0,1,1,1,0,0,0,0
9,scratch,TP,9/0004.png,52,0.01862393505871296,1,0,1,1,1,0,0,0,0
9,scratch,TP,9/0004.png,53,0.26096609234809875,1,0,1,1,1,0,0,0,0
9,scratch,TP,9/0004.png,54,0.09315653145313263,1,0,1,1,1,0,0,0,0
9,scratch,TP,9/0004.png,55,0.19811291992664337,1,0,1,1,1,0,0,0,0
9,scratch,TP,9/0004.png,56,0.01210529450327158,1,0,1,1,1,0,0,0,0
9,scratch,TP,9/0004.png,57,0.30524399876594543,1,0,1,1,1,0,0,0,0
9,scratch,TP,9/0004.png,58,0.363530695438385,1,0,1,1,1,0,0,0,0
9,scratch,TP,9/0004.png,59,0.09938059002161026,1,0,1,1,1,0,0,0,0
9,scratch,TP,9/0004.png,60,0.8610175848007202,1,0,1,1,1,0,0,0,0
9,scratch,TP,9/0004.png,61,0.012432514689862728,1,0,1,1,1,0,0,0,0
9,scratch,TP,9/0004.png,62,0.4586981236934662,1,0,1,1,1,0,0,0,0
9,scratch,TP,9/0004.png,63,0.0,1,0,1,1,1,0,0,0,0
9,scratch,TP,9/0004.png,64,0.18455462157726288,1,0,1,1,1,0,0,0,0
9,scratch,TP,9/0004.png,65,0.16491375863552094,1,0,1,1,1,0,0,0,0
9,scratch,TP,9/0004.png,66,0.28955644369125366,1,0,1,1,1,0,0,0,0
9,scratch,TP,9/0004.png,67,0.039882220327854156,1,0,1,1,1,0,0,0,0
9,scratch,TP,9/0004.png,68,0.39375975728034973,1,0,1,1,1,0,0,0,0
9,scratch,TP,9/0004.png,69,0.20161649584770203,1,0,1,1,1,0,0,0,0
9,scratch,TP,9/0004.png,70,0.0015422945143654943,1,0,1,1,1,0,0,0,0
9,scratch,TP,9/0004.png,71,0.5235209465026855,1,0,1,1,1,0,0,0,0
9,scratch,TP,9/0004.png,72,0.22952327132225037,1,0,1,1,1,0,0,0,0
9,scratch,TP,9/0004.png,73,0.45295578241348267,1,0,1,1,1,0,0,0,0
9,scratch,TP,9/0004.png,74,0.15483780205249786,1,0,1,1,1,0,0,0,0
9,scratch,TP,9/0004.png,75,0.4531805217266083,1,0,1,1,1,0,0,0,0
9,scratch,TP,9/0004.png,76,0.01203564926981926,1,0,1,1,1,0,0,0,0
9,scratch,TP,9/0004.png,77,0.030736079439520836,1,0,1,1,1,0,0,0,0
9,scratch,TP,9/0004.png,78,0.24154655635356903,1,0,1,1,1,0,0,0,0
9,scratch,TP,9/0004.png,79,0.2071623057126999,1,0,1,1,1,0,0,0,0
9,scratch,TP,9/0004.png,80,0.336128830909729,1,0,1,1,1,0,0,0,0
9,scratch,TP,9/0004.png,81,0.8130757808685303,1,0,1,1,1,0,0,0,0
9,scratch,TP,9/0004.png,82,0.06850702315568924,1,0,1,1,1,0,0,0,0
9,scratch,TP,9/0004.png,83,0.08978276699781418,1,0,1,1,1,0,0,0,0
9,scratch,TP,9/0004.png,84,0.003013161476701498,1,0,1,1,1,0,0,0,0
9,scratch,TP,9/0004.png,85,0.5704178810119629,1,0,1,1,1,0,0,0,0
9,scratch,TP,9/0004.png,86,0.07071805745363235,1,0,1,1,1,0,0,0,0
9,scratch,TP,9/0004.png,87,0.06417276710271835,1,0,1,1,1,0,0,0,0
9,scratch,TP,9/0004.png,88,0.06442185491323471,1,0,1,1,1,0,0,0,0
9,scratch,TP,9/0004.png,89,0.4097033143043518,1,0,1,1,1,0,0,0,0
9,scratch,TP,9/0004.png,90,0.07577233761548996,1,0,1,1,1,0,0,0,0
9,scratch,TP,9/0004.png,91,0.16986440122127533,1,0,1,1,1,0,0,0,0
9,scratch,TP,9/0004.png,92,0.692608118057251,1,0,1,1,1,0,0,0,0
9,scratch,TP,9/0004.png,93,0.17982789874076843,1,0,1,1,1,0,0,0,0
9,scratch,TP,9/0004.png,94,0.2544752359390259,1,0,1,1,1,0,0,0,0
9,scratch,TP,9/0004.png,95,0.10207676142454147,1,0,1,1,1,0,0,0,0
9,scratch,TP,9/0004.png,96,0.7517987489700317,1,0,1,1,1,0,0,0,0
9,scratch,TP,9/0004.png,97,0.23349031805992126,1,0,1,1,1,0,0,0,0
9,scratch,TP,9/0004.png,98,0.05281618610024452,1,0,1,1,1,0,0,0,0
9,scratch,TP,9/0004.png,99,0.007603428792208433,1,0,1,1,1,0,0,0,0
9,scratch,TP,9/0004.png,100,0.40743038058280945,1,0,1,1,1,0,0,0,0
9,scratch,TP,9/0004.png,101,0.06197916343808174,1,0,1,1,1,0,0,0,0
9,scratch,TP,9/0004.png,102,0.31544092297554016,1,0,1,1,1,0,0,0,0
9,scratch,TP,9/0004.png,103,0.002731787972152233,1,0,1,1,1,0,0,0,0
9,scratch,TP,9/0004.png,104,0.12248069047927856,1,0,1,1,1,0,0,0,0
9,scratch,TP,9/0004.png,105,0.0027443459257483482,1,0,1,1,1,0,0,0,0
9,scratch,TP,9/0004.png,106,0.2381376028060913,1,0,1,1,1,0,0,0,0
9,scratch,TP,9/0004.png,107,0.5897330641746521,1,0,1,1,1,0,0,0,0
9,scratch,TP,9/0004.png,108,0.3033599555492401,1,0,1,1,1,0,0,0,0
9,scratch,TP,9/0004.png,109,0.1813500076532364,1,0,1,1,1,0,0,0,0
9,scratch,TP,9/0004.png,110,0.12049690634012222,1,0,1,1,1,0,0,0,0
9,scratch,TP,9/0004.png,111,0.19439131021499634,1,0,1,1,1,0,0,0,0
9,scratch,TP,9/0004.png,112,0.10536397993564606,1,0,1,1,1,0,0,0,0
9,scratch,TP,9/0004.png,113,0.11188559979200363,1,0,1,1,1,0,0,0,0
9,scratch,TP,9/0004.png,114,0.3285766839981079,1,0,1,1,1,0,0,0,0
9,scratch,TP,9/0004.png,115,0.7309174537658691,1,0,1,1,1,0,0,0,0
9,scratch,TP,9/0004.png,116,0.07480194419622421,1,0,1,1,1,0,0,0,0
9,scratch,TP,9/0004.png,117,0.447905570268631,1,0,1,1,1,0,0,0,0
9,scratch,TP,9/0004.png,118,0.30869391560554504,1,0,1,1,1,0,0,0,0
9,scratch,TP,9/0004.png,119,0.22858284413814545,1,0,1,1,1,0,0,0,0
9,scratch,TP,9/0004.png,120,0.0223399568349123,1,0,1,1,1,0,0,0,0
9,scratch,TP,9/0004.png,121,0.010052557103335857,1,0,1,1,1,0,0,0,0
9,scratch,TP,9/0004.png,122,0.1424081027507782,1,0,1,1,1,0,0,0,0
9,scratch,TP,9/0004.png,123,0.3008475601673126,1,0,1,1,1,0,0,0,0
9,scratch,TP,9/0004.png,124,0.00886387936770916,1,0,1,1,1,0,0,0,0
9,scratch,TP,9/0004.png,125,0.04395437240600586,1,0,1,1,1,0,0,0,0
9,scratch,TP,9/0004.png,126,0.04092000797390938,1,0,1,1,1,0,0,0,0
9,scratch,TP,9/0004.png,127,0.0,1,0,1,1,1,0,0,0,0
9,scratch,TP,9/0004.png,128,0.49573278427124023,1,0,1,1,1,0,0,0,0
9,scratch,TP,9/0004.png,129,0.244845449924469,1,0,1,1,1,0,0,0,0
9,scratch,TP,9/0004.png,130,0.3513314127922058,1,0,1,1,1,0,0,0,0
9,scratch,TP,9/0004.png,131,0.02985451929271221,1,0,1,1,1,0,0,0,0
9,scratch,TP,9/0004.png,132,0.33451563119888306,1,0,1,1,1,0,0,0,0
9,scratch,TP,9/0004.png,133,0.1381862610578537,1,0,1,1,1,0,0,0,0
9,scratch,TP,9/0004.png,134,0.04651064798235893,1,0,1,1,1,0,0,0,0
9,scratch,TP,9/0004.png,135,0.28116586804389954,1,0,1,1,1,0,0,0,0
9,scratch,TP,9/0004.png,136,0.44636544585227966,1,0,1,1,1,0,0,0,0
9,scratch,TP,9/0004.png,137,0.05190903693437576,1,0,1,1,1,0,0,0,0
9,scratch,TP,9/0004.png,138,0.5853214859962463,1,0,1,1,1,0,0,0,0
9,scratch,TP,9/0004.png,139,0.1559964418411255,1,0,1,1,1,0,0,0,0
9,scratch,TP,9/0004.png,140,0.007253296673297882,1,0,1,1,1,0,0,0,0
9,scratch,TP,9/0004.png,141,0.15389962494373322,1,0,1,1,1,0,0,0,0
9,scratch,TP,9/0004.png,142,0.0396464504301548,1,0,1,1,1,0,0,0,0
9,scratch,TP,9/0004.png,143,0.12355345487594604,1,0,1,1,1,0,0,0,0
9,scratch,TP,9/0004.png,144,0.11350039392709732,1,0,1,1,1,0,0,0,0
9,scratch,TP,9/0004.png,145,0.23966313898563385,1,0,1,1,1,0,0,0,0
9,scratch,TP,9/0004.png,146,0.5125302672386169,1,0,1,1,1,0,0,0,0
9,scratch,TP,9/0004.png,147,0.3233170509338379,1,0,1,1,1,0,0,0,0
9,scratch,TP,9/0004.png,148,0.40656188130378723,1,0,1,1,1,0,0,0,0
9,scratch,TP,9/0004.png,149,0.03065306507050991,1,0,1,1,1,0,0,0,0
9,scratch,TP,9/0004.png,150,0.5857687592506409,1,0,1,1,1,0,0,0,0
9,scratch,TP,9/0004.png,151,0.03752196207642555,1,0,1,1,1,0,0,0,0
9,scratch,TP,9/0004.png,152,0.5927994251251221,1,0,1,1,1,0,0,0,0
9,scratch,TP,9/0004.png,153,0.5989536643028259,1,0,1,1,1,0,0,0,0
9,scratch,TP,9/0004.png,154,0.061744946986436844,1,0,1,1,1,0,0,0,0
9,scratch,TP,9/0004.png,155,0.9703825116157532,1,0,1,1,1,0,0,0,0
9,scratch,TP,9/0004.png,156,0.019855603575706482,1,0,1,1,1,0,0,0,0
9,scratch,TP,9/0004.png,157,0.06715115904808044,1,0,1,1,1,0,0,0,0
9,scratch,TP,9/0004.png,158,0.4102362394332886,1,0,1,1,1,0,0,0,0
9,scratch,TP,9/0004.png,159,0.05377184972167015,1,0,1,1,1,0,0,0,0
9,scratch,TP,9/0004.png,160,0.14120322465896606,1,0,1,1,1,0,0,0,0
9,scratch,TP,9/0004.png,161,0.3288620114326477,1,0,1,1,1,0,0,0,0
9,scratch,TP,9/0004.png,162,0.09516385197639465,1,0,1,1,1,0,0,0,0
9,scratch,TP,9/0004.png,163,0.07539812475442886,1,0,1,1,1,0,0,0,0
9,scratch,TP,9/0004.png,164,0.10091962665319443,1,0,1,1,1,0,0,0,0
9,scratch,TP,9/0004.png,165,0.20450831949710846,1,0,1,1,1,0,0,0,0
9,scratch,TP,9/0004.png,166,0.07942701131105423,1,0,1,1,1,0,0,0,0
9,scratch,TP,9/0004.png,167,0.04421434924006462,1,0,1,1,1,0,0,0,0
9,scratch,TP,9/0004.png,168,0.17401976883411407,1,0,1,1,1,0,0,0,0
9,scratch,TP,9/0004.png,169,0.547965943813324,1,0,1,1,1,0,0,0,0
9,scratch,TP,9/0004.png,170,0.19783751666545868,1,0,1,1,1,0,0,0,0
9,scratch,TP,9/0004.png,171,0.28191378712654114,1,0,1,1,1,0,0,0,0
9,scratch,TP,9/0004.png,172,0.13143987953662872,1,0,1,1,1,0,0,0,0
9,scratch,TP,9/0004.png,173,0.3794863224029541,1,0,1,1,1,0,0,0,0
9,scratch,TP,9/0004.png,174,0.11434756219387054,1,0,1,1,1,0,0,0,0
9,scratch,TP,9/0004.png,175,0.5119962692260742,1,0,1,1,1,0,0,0,0
9,scratch,TP,9/0004.png,176,0.40237244963645935,1,0,1,1,1,0,0,0,0
9,scratch,TP,9/0004.png,177,0.41254425048828125,1,0,1,1,1,0,0,0,0
9,scratch,TP,9/0004.png,178,0.5489122867584229,1,0,1,1,1,0,0,0,0
9,scratch,TP,9/0004.png,179,0.3959992825984955,1,0,1,1,1,0,0,0,0
9,scratch,TP,9/0004.png,180,0.0462963730096817,1,0,1,1,1,0,0,0,0
9,scratch,TP,9/0004.png,181,0.11981826275587082,1,0,1,1,1,0,0,0,0
9,scratch,TP,9/0004.png,182,0.49384042620658875,1,0,1,1,1,0,0,0,0
9,scratch,TP,9/0004.png,183,0.4766627252101898,1,0,1,1,1,0,0,0,0
9,scratch,TP,9/0004.png,184,0.3011414706707001,1,0,1,1,1,0,0,0,0
9,scratch,TP,9/0004.png,185,0.2472899705171585,1,0,1,1,1,0,0,0,0
9,scratch,TP,9/0004.png,186,1.129642367362976,1,0,1,1,1,0,0,0,0
9,scratch,TP,9/0004.png,187,0.6639337539672852,1,0,1,1,1,0,0,0,0
9,scratch,TP,9/0004.png,188,0.03304281830787659,1,0,1,1,1,0,0,0,0
9,scratch,TP,9/0004.png,189,0.08034689724445343,1,0,1,1,1,0,0,0,0
9,scratch,TP,9/0004.png,190,0.2963506281375885,1,0,1,1,1,0,0,0,0
9,scratch,TP,9/0004.png,191,0.2487255334854126,1,0,1,1,1,0,0,0,0
9,scratch,TP,9/0004.png,192,0.2547149956226349,1,0,1,1,1,0,0,0,0
9,scratch,TP,9/0004.png,193,0.4150190055370331,1,0,1,1,1,0,0,0,0
9,scratch,TP,9/0004.png,194,0.4447537362575531,1,0,1,1,1,0,0,0,0
9,scratch,TP,9/0004.png,195,0.2704128623008728,1,0,1,1,1,0,0,0,0
9,scratch,TP,9/0004.png,196,0.07032769173383713,1,0,1,1,1,0,0,0,0
9,scratch,TP,9/0004.png,197,0.2854931056499481,1,0,1,1,1,0,0,0,0
9,scratch,TP,9/0004.png,198,0.2361445128917694,1,0,1,1,1,0,0,0,0
9,scratch,TP,9/0004.png,199,0.04791407287120819,1,0,1,1,1,0,0,0,0
9,scratch,TP,9/0004.png,200,0.3788664937019348,1,0,1,1,1,0,0,0,0
9,scratch,TP,9/0004.png,201,0.525062620639801,1,0,1,1,1,0,0,0,0
9,scratch,TP,9/0004.png,202,0.26497864723205566,1,0,1,1,1,0,0,0,0
9,scratch,TP,9/0004.png,203,0.439231276512146,1,0,1,1,1,0,0,0,0
9,scratch,TP,9/0004.png,204,0.3886365592479706,1,0,1,1,1,0,0,0,0
9,scratch,TP,9/0004.png,205,0.4774759113788605,1,0,1,1,1,0,0,0,0
9,scratch,TP,9/0004.png,206,0.02344381995499134,1,0,1,1,1,0,0,0,0
9,scratch,TP,9/0004.png,207,0.26215237379074097,1,0,1,1,1,0,0,0,0
9,scratch,TP,9/0004.png,208,0.057312868535518646,1,0,1,1,1,0,0,0,0
9,scratch,TP,9/0004.png,209,0.30186885595321655,1,0,1,1,1,0,0,0,0
9,scratch,TP,9/0004.png,210,1.126591444015503,1,0,1,1,1,0,0,0,0
9,scratch,TP,9/0004.png,211,0.11945517361164093,1,0,1,1,1,0,0,0,0
9,scratch,TP,9/0004.png,212,0.22659945487976074,1,0,1,1,1,0,0,0,0
9,scratch,TP,9/0004.png,213,0.11164204031229019,1,0,1,1,1,0,0,0,0
9,scratch,TP,9/0004.png,214,0.02255118638277054,1,0,1,1,1,0,0,0,0
9,scratch,TP,9/0004.png,215,0.24291634559631348,1,0,1,1,1,0,0,0,0
9,scratch,TP,9/0004.png,216,0.1089988723397255,1,0,1,1,1,0,0,0,0
9,scratch,TP,9/0004.png,217,0.18405494093894958,1,0,1,1,1,0,0,0,0
9,scratch,TP,9/0004.png,218,0.06477697193622589,1,0,1,1,1,0,0,0,0
9,scratch,TP,9/0004.png,219,0.00620801979675889,1,0,1,1,1,0,0,0,0
9,scratch,TP,9/0004.png,220,0.13326986134052277,1,0,1,1,1,0,0,0,0
9,scratch,TP,9/0004.png,221,0.6906786561012268,1,0,1,1,1,0,0,0,0
9,scratch,TP,9/0004.png,222,0.039076294749975204,1,0,1,1,1,0,0,0,0
9,scratch,TP,9/0004.png,223,0.25755855441093445,1,0,1,1,1,0,0,0,0
9,scratch,TP,9/0004.png,224,0.06370308250188828,1,0,1,1,1,0,0,0,0
9,scratch,TP,9/0004.png,225,0.005271765869110823,1,0,1,1,1,0,0,0,0
9,scratch,TP,9/0004.png,226,0.1444900631904602,1,0,1,1,1,0,0,0,0
9,scratch,TP,9/0004.png,227,0.007946834899485111,1,0,1,1,1,0,0,0,0
9,scratch,TP,9/0004.png,228,0.020512355491518974,1,0,1,1,1,0,0,0,0
9,scratch,TP,9/0004.png,229,0.5350107550621033,1,0,1,1,1,0,0,0,0
9,scratch,TP,9/0004.png,230,0.1669245809316635,1,0,1,1,1,0,0,0,0
9,scratch,TP,9/0004.png,231,0.0700337290763855,1,0,1,1,1,0,0,0,0
9,scratch,TP,9/0004.png,232,0.5421673059463501,1,0,1,1,1,0,0,0,0
9,scratch,TP,9/0004.png,233,0.6289445757865906,1,0,1,1,1,0,0,0,0
9,scratch,TP,9/0004.png,234,0.38945335149765015,1,0,1,1,1,0,0,0,0
9,scratch,TP,9/0004.png,235,0.08104494959115982,1,0,1,1,1,0,0,0,0
9,scratch,TP,9/0004.png,236,0.02707788720726967,1,0,1,1,1,0,0,0,0
9,scratch,TP,9/0004.png,237,0.15914738178253174,1,0,1,1,1,0,0,0,0
9,scratch,TP,9/0004.png,238,0.25167423486709595,1,0,1,1,1,0,0,0,0
9,scratch,TP,9/0004.png,239,0.25018051266670227,1,0,1,1,1,0,0,0,0
9,scratch,TP,9/0004.png,240,0.2155400812625885,1,0,1,1,1,0,0,0,0
9,scratch,TP,9/0004.png,241,0.03783645108342171,1,0,1,1,1,0,0,0,0
9,scratch,TP,9/0004.png,242,0.15386518836021423,1,0,1,1,1,0,0,0,0
9,scratch,TP,9/0004.png,243,0.1735665649175644,1,0,1,1,1,0,0,0,0
9,scratch,TP,9/0004.png,244,0.35709652304649353,1,0,1,1,1,0,0,0,0
9,scratch,TP,9/0004.png,245,0.3800252079963684,1,0,1,1,1,0,0,0,0
9,scratch,TP,9/0004.png,246,0.6014763712882996,1,0,1,1,1,0,0,0,0
9,scratch,TP,9/0004.png,247,0.5903414487838745,1,0,1,1,1,0,0,0,0
9,scratch,TP,9/0004.png,248,0.12446669489145279,1,0,1,1,1,0,0,0,0
9,scratch,TP,9/0004.png,249,0.2019142210483551,1,0,1,1,1,0,0,0,0
9,scratch,TP,9/0004.png,250,0.052295684814453125,1,0,1,1,1,0,0,0,0
9,scratch,TP,9/0004.png,251,0.0803801566362381,1,0,1,1,1,0,0,0,0
9,scratch,TP,9/0004.png,252,0.03793010115623474,1,0,1,1,1,0,0,0,0
9,scratch,TP,9/0004.png,253,0.3815711736679077,1,0,1,1,1,0,0,0,0
9,scratch,TP,9/0004.png,254,0.10161002725362778,1,0,1,1,1,0,0,0,0
9,scratch,TP,9/0004.png,255,0.08315378427505493,1,0,1,1,1,0,0,0,0
9,scratch,TP,9/0004.png,256,0.7179278135299683,1,0,1,1,1,0,0,0,0
9,scratch,TP,9/0004.png,257,0.2877998650074005,1,0,1,1,1,0,0,0,0
9,scratch,TP,9/0004.png,258,0.36939138174057007,1,0,1,1,1,0,0,0,0
9,scratch,TP,9/0004.png,259,0.3971553444862366,1,0,1,1,1,0,0,0,0
9,scratch,TP,9/0004.png,260,0.12317784875631332,1,0,1,1,1,0,0,0,0
9,scratch,TP,9/0004.png,261,0.14090809226036072,1,0,1,1,1,0,0,0,0
9,scratch,TP,9/0004.png,262,0.208809956908226,1,0,1,1,1,0,0,0,0
9,scratch,TP,9/0004.png,263,0.7558171153068542,1,0,1,1,1,0,0,0,0
9,scratch,TP,9/0004.png,264,0.10554756224155426,1,0,1,1,1,0,0,0,0
9,scratch,TP,9/0004.png,265,0.21225282549858093,1,0,1,1,1,0,0,0,0
9,scratch,TP,9/0004.png,266,0.13369110226631165,1,0,1,1,1,0,0,0,0
9,scratch,TP,9/0004.png,267,0.23155280947685242,1,0,1,1,1,0,0,0,0
9,scratch,TP,9/0004.png,268,0.09860824793577194,1,0,1,1,1,0,0,0,0
9,scratch,TP,9/0004.png,269,0.17811192572116852,1,0,1,1,1,0,0,0,0
9,scratch,TP,9/0004.png,270,0.1615036129951477,1,0,1,1,1,0,0,0,0
9,scratch,TP,9/0004.png,271,0.08333788812160492,1,0,1,1,1,0,0,0,0
9,scratch,TP,9/0004.png,272,0.021672312170267105,1,0,1,1,1,0,0,0,0
9,scratch,TP,9/0004.png,273,0.07373780012130737,1,0,1,1,1,0,0,0,0
9,scratch,TP,9/0004.png,274,0.3775966763496399,1,0,1,1,1,0,0,0,0
9,scratch,TP,9/0004.png,275,0.4522053003311157,1,0,1,1,1,0,0,0,0
9,scratch,TP,9/0004.png,276,0.3209105432033539,1,0,1,1,1,0,0,0,0
9,scratch,TP,9/0004.png,277,0.6699907183647156,1,0,1,1,1,0,0,0,0
9,scratch,TP,9/0004.png,278,0.3082045018672943,1,0,1,1,1,0,0,0,0
9,scratch,TP,9/0004.png,279,0.10704775899648666,1,0,1,1,1,0,0,0,0
9,scratch,TP,9/0004.png,280,0.04605470225214958,1,0,1,1,1,0,0,0,0
9,scratch,TP,9/0004.png,281,0.14326825737953186,1,0,1,1,1,0,0,0,0
9,scratch,TP,9/0004.png,282,0.11964382231235504,1,0,1,1,1,0,0,0,0
9,scratch,TP,9/0004.png,283,0.6531590223312378,1,0,1,1,1,0,0,0,0
9,scratch,TP,9/0004.png,284,0.2706089913845062,1,0,1,1,1,0,0,0,0
9,scratch,TP,9/0004.png,285,0.25964948534965515,1,0,1,1,1,0,0,0,0
9,scratch,TP,9/0004.png,286,0.07976430654525757,1,0,1,1,1,0,0,0,0
9,scratch,TP,9/0004.png,287,0.2620953619480133,1,0,1,1,1,0,0,0,0
9,scratch,TP,9/0004.png,288,0.01574055850505829,1,0,1,1,1,0,0,0,0
9,scratch,TP,9/0004.png,289,0.5056869387626648,1,0,1,1,1,0,0,0,0
9,scratch,TP,9/0004.png,290,0.7923941612243652,1,0,1,1,1,0,0,0,0
9,scratch,TP,9/0004.png,291,0.024683088064193726,1,0,1,1,1,0,0,0,0
9,scratch,TP,9/0004.png,292,0.2061181217432022,1,0,1,1,1,0,0,0,0
9,scratch,TP,9/0004.png,293,0.509429395198822,1,0,1,1,1,0,0,0,0
9,scratch,TP,9/0004.png,294,0.18870809674263,1,0,1,1,1,0,0,0,0
9,scratch,TP,9/0004.png,295,0.2989667057991028,1,0,1,1,1,0,0,0,0
9,scratch,TP,9/0004.png,296,0.26147931814193726,1,0,1,1,1,0,0,0,0
9,scratch,TP,9/0004.png,297,0.20214791595935822,1,0,1,1,1,0,0,0,0
9,scratch,TP,9/0004.png,298,0.21334993839263916,1,0,1,1,1,0,0,0,0
9,scratch,TP,9/0004.png,299,0.44274652004241943,1,0,1,1,1,0,0,0,0
9,scratch,TP,9/0004.png,300,0.40403997898101807,1,0,1,1,1,0,0,0,0
9,scratch,TP,9/0004.png,301,0.07951034605503082,1,0,1,1,1,0,0,0,0
9,scratch,TP,9/0004.png,302,0.383740097284317,1,0,1,1,1,0,0,0,0
9,scratch,TP,9/0004.png,303,0.020209195092320442,1,0,1,1,1,0,0,0,0
9,scratch,TP,9/0004.png,304,0.21355095505714417,1,0,1,1,1,0,0,0,0
9,scratch,TP,9/0004.png,305,0.1982206404209137,1,0,1,1,1,0,0,0,0
9,scratch,TP,9/0004.png,306,0.09757483750581741,1,0,1,1,1,0,0,0,0
9,scratch,TP,9/0004.png,307,0.10049711167812347,1,0,1,1,1,0,0,0,0
9,scratch,TP,9/0004.png,308,0.06862029433250427,1,0,1,1,1,0,0,0,0
9,scratch,TP,9/0004.png,309,0.16539721190929413,1,0,1,1,1,0,0,0,0
9,scratch,TP,9/0004.png,310,0.017476556822657585,1,0,1,1,1,0,0,0,0
9,scratch,TP,9/0004.png,311,0.03861177712678909,1,0,1,1,1,0,0,0,0
9,scratch,TP,9/0004.png,312,0.05956316366791725,1,0,1,1,1,0,0,0,0
9,scratch,TP,9/0004.png,313,0.12266721576452255,1,0,1,1,1,0,0,0,0
9,scratch,TP,9/0004.png,314,0.537451446056366,1,0,1,1,1,0,0,0,0
9,scratch,TP,9/0004.png,315,0.26615089178085327,1,0,1,1,1,0,0,0,0
9,scratch,TP,9/0004.png,316,0.11412988603115082,1,0,1,1,1,0,0,0,0
9,scratch,TP,9/0004.png,317,0.07070812582969666,1,0,1,1,1,0,0,0,0
9,scratch,TP,9/0004.png,318,0.07927978038787842,1,0,1,1,1,0,0,0,0
9,scratch,TP,9/0004.png,319,0.004239792935550213,1,0,1,1,1,0,0,0,0
9,scratch,TP,9/0004.png,320,0.022425435483455658,1,0,1,1,1,0,0,0,0
9,scratch,TP,9/0004.png,321,0.36418774724006653,1,0,1,1,1,0,0,0,0
9,scratch,TP,9/0004.png,322,0.46215760707855225,1,0,1,1,1,0,0,0,0
9,scratch,TP,9/0004.png,323,0.32589420676231384,1,0,1,1,1,0,0,0,0
9,scratch,TP,9/0004.png,324,0.09446337819099426,1,0,1,1,1,0,0,0,0
9,scratch,TP,9/0004.png,325,0.14972718060016632,1,0,1,1,1,0,0,0,0
9,scratch,TP,9/0004.png,326,0.22836551070213318,1,0,1,1,1,0,0,0,0
9,scratch,TP,9/0004.png,327,0.45773032307624817,1,0,1,1,1,0,0,0,0
9,scratch,TP,9/0004.png,328,0.07052233070135117,1,0,1,1,1,0,0,0,0
9,scratch,TP,9/0004.png,329,0.40986400842666626,1,0,1,1,1,0,0,0,0
9,scratch,TP,9/0004.png,330,0.591162383556366,1,0,1,1,1,0,0,0,0
9,scratch,TP,9/0004.png,331,0.5348303318023682,1,0,1,1,1,0,0,0,0
9,scratch,TP,9/0004.png,332,0.17253799736499786,1,0,1,1,1,0,0,0,0
9,scratch,TP,9/0004.png,333,0.00895759928971529,1,0,1,1,1,0,0,0,0
9,scratch,TP,9/0004.png,334,0.026177819818258286,1,0,1,1,1,0,0,0,0
9,scratch,TP,9/0004.png,335,0.027264077216386795,1,0,1,1,1,0,0,0,0
9,scratch,TP,9/0004.png,336,0.5557836294174194,1,0,1,1,1,0,0,0,0
9,scratch,TP,9/0004.png,337,0.46753960847854614,1,0,1,1,1,0,0,0,0
9,scratch,TP,9/0004.png,338,0.3315625786781311,1,0,1,1,1,0,0,0,0
9,scratch,TP,9/0004.png,339,0.33193713426589966,1,0,1,1,1,0,0,0,0
9,scratch,TP,9/0004.png,340,0.2631235420703888,1,0,1,1,1,0,0,0,0
9,scratch,TP,9/0004.png,341,0.03456249460577965,1,0,1,1,1,0,0,0,0
9,scratch,TP,9/0004.png,342,0.06822599470615387,1,0,1,1,1,0,0,0,0
9,scratch,TP,9/0004.png,343,0.057909246534109116,1,0,1,1,1,0,0,0,0
9,scratch,TP,9/0004.png,344,0.7205579876899719,1,0,1,1,1,0,0,0,0
9,scratch,TP,9/0004.png,345,0.16804122924804688,1,0,1,1,1,0,0,0,0
9,scratch,TP,9/0004.png,346,0.04866809397935867,1,0,1,1,1,0,0,0,0
9,scratch,TP,9/0004.png,347,0.6003268361091614,1,0,1,1,1,0,0,0,0
9,scratch,TP,9/0004.png,348,0.04494142532348633,1,0,1,1,1,0,0,0,0
9,scratch,TP,9/0004.png,349,0.3803538382053375,1,0,1,1,1,0,0,0,0
9,scratch,TP,9/0004.png,350,0.20672813057899475,1,0,1,1,1,0,0,0,0
9,scratch,TP,9/0004.png,351,0.09552266448736191,1,0,1,1,1,0,0,0,0
9,scratch,TP,9/0004.png,352,0.021462084725499153,1,0,1,1,1,0,0,0,0
9,scratch,TP,9/0004.png,353,0.9707340598106384,1,0,1,1,1,0,0,0,0
9,scratch,TP,9/0004.png,354,0.019685590639710426,1,0,1,1,1,0,0,0,0
9,scratch,TP,9/0004.png,355,0.363097608089447,1,0,1,1,1,0,0,0,0
9,scratch,TP,9/0004.png,356,0.47709137201309204,1,0,1,1,1,0,0,0,0
9,scratch,TP,9/0004.png,357,0.46566420793533325,1,0,1,1,1,0,0,0,0
9,scratch,TP,9/0004.png,358,0.4916549623012543,1,0,1,1,1,0,0,0,0
9,scratch,TP,9/0004.png,359,0.010232276283204556,1,0,1,1,1,0,0,0,0
9,scratch,TP,9/0004.png,360,0.23366901278495789,1,0,1,1,1,0,0,0,0
9,scratch,TP,9/0004.png,361,0.21373754739761353,1,0,1,1,1,0,0,0,0
9,scratch,TP,9/0004.png,362,0.0258562620729208,1,0,1,1,1,0,0,0,0
9,scratch,TP,9/0004.png,363,0.018074020743370056,1,0,1,1,1,0,0,0,0
9,scratch,TP,9/0004.png,364,0.03466508910059929,1,0,1,1,1,0,0,0,0
9,scratch,TP,9/0004.png,365,0.46263718605041504,1,0,1,1,1,0,0,0,0
9,scratch,TP,9/0004.png,366,0.06607972830533981,1,0,1,1,1,0,0,0,0
9,scratch,TP,9/0004.png,367,0.17870290577411652,1,0,1,1,1,0,0,0,0
9,scratch,TP,9/0004.png,368,0.11896225810050964,1,0,1,1,1,0,0,0,0
9,scratch,TP,9/0004.png,369,0.05480720475316048,1,0,1,1,1,0,0,0,0
9,scratch,TP,9/0004.png,370,0.14536085724830627,1,0,1,1,1,0,0,0,0
9,scratch,TP,9/0004.png,371,0.4880445897579193,1,0,1,1,1,0,0,0,0
9,scratch,TP,9/0004.png,372,0.0,1,0,1,1,1,0,0,0,0
9,scratch,TP,9/0004.png,373,0.1576949954032898,1,0,1,1,1,0,0,0,0
9,scratch,TP,9/0004.png,374,0.13006415963172913,1,0,1,1,1,0,0,0,0
9,scratch,TP,9/0004.png,375,0.09229644387960434,1,0,1,1,1,0,0,0,0
9,scratch,TP,9/0004.png,376,0.35319116711616516,1,0,1,1,1,0,0,0,0
9,scratch,TP,9/0004.png,377,0.5518561601638794,1,0,1,1,1,0,0,0,0
9,scratch,TP,9/0004.png,378,0.08069311827421188,1,0,1,1,1,0,0,0,0
9,scratch,TP,9/0004.png,379,0.3449603021144867,1,0,1,1,1,0,0,0,0
9,scratch,TP,9/0004.png,380,0.05692846328020096,1,0,1,1,1,0,0,0,0
9,scratch,TP,9/0004.png,381,0.2162482738494873,1,0,1,1,1,0,0,0,0
9,scratch,TP,9/0004.png,382,0.009629493579268456,1,0,1,1,1,0,0,0,0
9,scratch,TP,9/0004.png,383,0.06990646570920944,1,0,1,1,1,0,0,0,0
9,scratch,TP,9/0004.png,384,0.16254682838916779,1,0,1,1,1,0,0,0,0
9,scratch,TP,9/0004.png,385,0.009273682720959187,1,0,1,1,1,0,0,0,0
9,scratch,TP,9/0004.png,386,0.2648515999317169,1,0,1,1,1,0,0,0,0
9,scratch,TP,9/0004.png,387,0.2960236668586731,1,0,1,1,1,0,0,0,0
9,scratch,TP,9/0004.png,388,0.22660483419895172,1,0,1,1,1,0,0,0,0
9,scratch,TP,9/0004.png,389,0.3862747550010681,1,0,1,1,1,0,0,0,0
9,scratch,TP,9/0004.png,390,0.0059913164004683495,1,0,1,1,1,0,0,0,0
9,scratch,TP,9/0004.png,391,0.24526283144950867,1,0,1,1,1,0,0,0,0
9,scratch,TP,9/0004.png,392,0.07723735272884369,1,0,1,1,1,0,0,0,0
9,scratch,TP,9/0004.png,393,0.10155321657657623,1,0,1,1,1,0,0,0,0
9,scratch,TP,9/0004.png,394,0.05876161530613899,1,0,1,1,1,0,0,0,0
9,scratch,TP,9/0004.png,395,0.18998508155345917,1,0,1,1,1,0,0,0,0
9,scratch,TP,9/0004.png,396,0.40734580159187317,1,0,1,1,1,0,0,0,0
9,scratch,TP,9/0004.png,397,0.20102174580097198,1,0,1,1,1,0,0,0,0
9,scratch,TP,9/0004.png,398,0.33315175771713257,1,0,1,1,1,0,0,0,0
9,scratch,TP,9/0004.png,399,0.16305185854434967,1,0,1,1,1,0,0,0,0
9,scratch,TP,9/0004.png,400,0.1007428914308548,1,0,1,1,1,0,0,0,0
9,scratch,TP,9/0004.png,401,0.06085449457168579,1,0,1,1,1,0,0,0,0
9,scratch,TP,9/0004.png,402,0.1634083241224289,1,0,1,1,1,0,0,0,0
9,scratch,TP,9/0004.png,403,0.7420489192008972,1,0,1,1,1,0,0,0,0
9,scratch,TP,9/0004.png,404,0.06822513788938522,1,0,1,1,1,0,0,0,0
9,scratch,TP,9/0004.png,405,0.5609796643257141,1,0,1,1,1,0,0,0,0
9,scratch,TP,9/0004.png,406,0.12159916013479233,1,0,1,1,1,0,0,0,0
9,scratch,TP,9/0004.png,407,0.24682867527008057,1,0,1,1,1,0,0,0,0
9,scratch,TP,9/0004.png,408,0.2192557156085968,1,0,1,1,1,0,0,0,0
9,scratch,TP,9/0004.png,409,0.3830787241458893,1,0,1,1,1,0,0,0,0
9,scratch,TP,9/0004.png,410,0.21198809146881104,1,0,1,1,1,0,0,0,0
9,scratch,TP,9/0004.png,411,0.18547001481056213,1,0,1,1,1,0,0,0,0
9,scratch,TP,9/0004.png,412,0.1667904406785965,1,0,1,1,1,0,0,0,0
9,scratch,TP,9/0004.png,413,0.08686213940382004,1,0,1,1,1,0,0,0,0
9,scratch,TP,9/0004.png,414,0.17702020704746246,1,0,1,1,1,0,0,0,0
9,scratch,TP,9/0004.png,415,0.22083111107349396,1,0,1,1,1,0,0,0,0
9,scratch,TP,9/0004.png,416,0.20494316518306732,1,0,1,1,1,0,0,0,0
9,scratch,TP,9/0004.png,417,0.28021493554115295,1,0,1,1,1,0,0,0,0
9,scratch,TP,9/0004.png,418,0.022751983255147934,1,0,1,1,1,0,0,0,0
9,scratch,TP,9/0004.png,419,0.23050887882709503,1,0,1,1,1,0,0,0,0
9,scratch,TP,9/0004.png,420,0.3967946171760559,1,0,1,1,1,0,0,0,0
9,scratch,TP,9/0004.png,421,0.015356779098510742,1,0,1,1,1,0,0,0,0
9,scratch,TP,9/0004.png,422,0.001968667609617114,1,0,1,1,1,0,0,0,0
9,scratch,TP,9/0004.png,423,0.06844780594110489,1,0,1,1,1,0,0,0,0
9,scratch,TP,9/0004.png,424,0.06565266847610474,1,0,1,1,1,0,0,0,0
9,scratch,TP,9/0004.png,425,0.9025217890739441,1,0,1,1,1,0,0,0,0
9,scratch,TP,9/0004.png,426,0.8850898742675781,1,0,1,1,1,0,0,0,0
9,scratch,TP,9/0004.png,427,0.1144498810172081,1,0,1,1,1,0,0,0,0
9,scratch,TP,9/0004.png,428,0.024147838354110718,1,0,1,1,1,0,0,0,0
9,scratch,TP,9/0004.png,429,0.03554916009306908,1,0,1,1,1,0,0,0,0
9,scratch,TP,9/0004.png,430,0.0730932205915451,1,0,1,1,1,0,0,0,0
9,scratch,TP,9/0004.png,431,0.0962730422616005,1,0,1,1,1,0,0,0,0
9,scratch,TP,9/0004.png,432,0.5173266530036926,1,0,1,1,1,0,0,0,0
9,scratch,TP,9/0004.png,433,0.37214481830596924,1,0,1,1,1,0,0,0,0
9,scratch,TP,9/0004.png,434,0.023474348708987236,1,0,1,1,1,0,0,0,0
9,scratch,TP,9/0004.png,435,0.2677595317363739,1,0,1,1,1,0,0,0,0
9,scratch,TP,9/0004.png,436,0.04836650937795639,1,0,1,1,1,0,0,0,0
9,scratch,TP,9/0004.png,437,0.022568965330719948,1,0,1,1,1,0,0,0,0
9,scratch,TP,9/0004.png,438,0.19442594051361084,1,0,1,1,1,0,0,0,0
9,scratch,TP,9/0004.png,439,0.5465098023414612,1,0,1,1,1,0,0,0,0
9,scratch,TP,9/0004.png,440,0.8071535229682922,1,0,1,1,1,0,0,0,0
9,scratch,TP,9/0004.png,441,0.1822526752948761,1,0,1,1,1,0,0,0,0
9,scratch,TP,9/0004.png,442,0.3003412187099457,1,0,1,1,1,0,0,0,0
9,scratch,TP,9/0004.png,443,0.45123201608657837,1,0,1,1,1,0,0,0,0
9,scratch,TP,9/0004.png,444,0.49139565229415894,1,0,1,1,1,0,0,0,0
9,scratch,TP,9/0004.png,445,0.12206640094518661,1,0,1,1,1,0,0,0,0
9,scratch,TP,9/0004.png,446,0.8163192868232727,1,0,1,1,1,0,0,0,0
9,scratch,TP,9/0004.png,447,0.15240494906902313,1,0,1,1,1,0,0,0,0
9,scratch,TP,9/0004.png,448,0.008838859386742115,1,0,1,1,1,0,0,0,0
9,scratch,TP,9/0004.png,449,0.22689546644687653,1,0,1,1,1,0,0,0,0
9,scratch,TP,9/0004.png,450,0.5406658053398132,1,0,1,1,1,0,0,0,0
9,scratch,TP,9/0004.png,451,0.4164077937602997,1,0,1,1,1,0,0,0,0
9,scratch,TP,9/0004.png,452,0.3531148135662079,1,0,1,1,1,0,0,0,0
9,scratch,TP,9/0004.png,453,0.4273007810115814,1,0,1,1,1,0,0,0,0
9,scratch,TP,9/0004.png,454,0.006540315691381693,1,0,1,1,1,0,0,0,0
9,scratch,TP,9/0004.png,455,0.2226167470216751,1,0,1,1,1,0,0,0,0
9,scratch,TP,9/0004.png,456,0.32189619541168213,1,0,1,1,1,0,0,0,0
9,scratch,TP,9/0004.png,457,0.24215801060199738,1,0,1,1,1,0,0,0,0
9,scratch,TP,9/0004.png,458,0.05479968711733818,1,0,1,1,1,0,0,0,0
9,scratch,TP,9/0004.png,459,0.1990990787744522,1,0,1,1,1,0,0,0,0
9,scratch,TP,9/0004.png,460,0.3207302391529083,1,0,1,1,1,0,0,0,0
9,scratch,TP,9/0004.png,461,0.21353863179683685,1,0,1,1,1,0,0,0,0
9,scratch,TP,9/0004.png,462,0.10278641432523727,1,0,1,1,1,0,0,0,0
9,scratch,TP,9/0004.png,463,0.008673833683133125,1,0,1,1,1,0,0,0,0
9,scratch,TP,9/0004.png,464,0.1243763193488121,1,0,1,1,1,0,0,0,0
9,scratch,TP,9/0004.png,465,0.34104374051094055,1,0,1,1,1,0,0,0,0
9,scratch,TP,9/0004.png,466,0.0024230109993368387,1,0,1,1,1,0,0,0,0
9,scratch,TP,9/0004.png,467,0.06894583255052567,1,0,1,1,1,0,0,0,0
9,scratch,TP,9/0004.png,468,0.5813323855400085,1,0,1,1,1,0,0,0,0
9,scratch,TP,9/0004.png,469,0.04909317195415497,1,0,1,1,1,0,0,0,0
9,scratch,TP,9/0004.png,470,0.6875892877578735,1,0,1,1,1,0,0,0,0
9,scratch,TP,9/0004.png,471,0.20018725097179413,1,0,1,1,1,0,0,0,0
9,scratch,TP,9/0004.png,472,0.3560607433319092,1,0,1,1,1,0,0,0,0
9,scratch,TP,9/0004.png,473,0.376539021730423,1,0,1,1,1,0,0,0,0
9,scratch,TP,9/0004.png,474,0.22651207447052002,1,0,1,1,1,0,0,0,0
9,scratch,TP,9/0004.png,475,0.41735386848449707,1,0,1,1,1,0,0,0,0
9,scratch,TP,9/0004.png,476,0.12677247822284698,1,0,1,1,1,0,0,0,0
9,scratch,TP,9/0004.png,477,0.13560663163661957,1,0,1,1,1,0,0,0,0
9,scratch,TP,9/0004.png,478,0.4394357204437256,1,0,1,1,1,0,0,0,0
9,scratch,TP,9/0004.png,479,0.14407841861248016,1,0,1,1,1,0,0,0,0
9,scratch,TP,9/0004.png,480,0.19415970146656036,1,0,1,1,1,0,0,0,0
9,scratch,TP,9/0004.png,481,0.030148552730679512,1,0,1,1,1,0,0,0,0
9,scratch,TP,9/0004.png,482,0.3257673978805542,1,0,1,1,1,0,0,0,0
9,scratch,TP,9/0004.png,483,0.09183549135923386,1,0,1,1,1,0,0,0,0
9,scratch,TP,9/0004.png,484,0.25115856528282166,1,0,1,1,1,0,0,0,0
9,scratch,TP,9/0004.png,485,0.08392978459596634,1,0,1,1,1,0,0,0,0
9,scratch,TP,9/0004.png,486,0.25559282302856445,1,0,1,1,1,0,0,0,0
9,scratch,TP,9/0004.png,487,0.1556750386953354,1,0,1,1,1,0,0,0,0
9,scratch,TP,9/0004.png,488,0.2474803775548935,1,0,1,1,1,0,0,0,0
9,scratch,TP,9/0004.png,489,0.1716403216123581,1,0,1,1,1,0,0,0,0
9,scratch,TP,9/0004.png,490,0.34479281306266785,1,0,1,1,1,0,0,0,0
9,scratch,TP,9/0004.png,491,0.4965240955352783,1,0,1,1,1,0,0,0,0
9,scratch,TP,9/0004.png,492,0.45036542415618896,1,0,1,1,1,0,0,0,0
9,scratch,TP,9/0004.png,493,0.21301956474781036,1,0,1,1,1,0,0,0,0
9,scratch,TP,9/0004.png,494,0.6779534220695496,1,0,1,1,1,0,0,0,0
9,scratch,TP,9/0004.png,495,0.21005135774612427,1,0,1,1,1,0,0,0,0
9,scratch,TP,9/0004.png,496,0.595241129398346,1,0,1,1,1,0,0,0,0
9,scratch,TP,9/0004.png,497,0.03832278400659561,1,0,1,1,1,0,0,0,0
9,scratch,TP,9/0004.png,498,0.2822505235671997,1,0,1,1,1,0,0,0,0
9,scratch,TP,9/0004.png,499,0.842359185218811,1,0,1,1,1,0,0,0,0
9,scratch,TP,9/0004.png,500,0.10567271709442139,1,0,1,1,1,0,0,0,0
9,scratch,TP,9/0004.png,501,0.24708230793476105,1,0,1,1,1,0,0,0,0
9,scratch,TP,9/0004.png,502,0.33014118671417236,1,0,1,1,1,0,0,0,0
9,scratch,TP,9/0004.png,503,0.3333839476108551,1,0,1,1,1,0,0,0,0
9,scratch,TP,9/0004.png,504,0.566236138343811,1,0,1,1,1,0,0,0,0
9,scratch,TP,9/0004.png,505,0.0552927702665329,1,0,1,1,1,0,0,0,0
9,scratch,TP,9/0004.png,506,0.11373459547758102,1,0,1,1,1,0,0,0,0
9,scratch,TP,9/0004.png,507,0.0014295204309746623,1,0,1,1,1,0,0,0,0
9,scratch,TP,9/0004.png,508,0.1105593889951706,1,0,1,1,1,0,0,0,0
9,scratch,TP,9/0004.png,509,0.009113801643252373,1,0,1,1,1,0,0,0,0
9,scratch,TP,9/0004.png,510,0.33155351877212524,1,0,1,1,1,0,0,0,0
9,scratch,TP,9/0004.png,511,0.27940601110458374,1,0,1,1,1,0,0,0,0
9,scratch,FP,9/0010.png,0,0.20823439955711365,1,1,0,0,0,0,0,1,1
9,scratch,FP,9/0010.png,1,0.645159125328064,1,1,0,0,0,0,0,1,1
9,scratch,FP,9/0010.png,2,0.6363584399223328,1,1,0,0,0,0,0,1,1
9,scratch,FP,9/0010.png,3,0.18549440801143646,1,1,0,0,0,0,0,1,1
9,scratch,FP,9/0010.png,4,0.49433594942092896,1,1,0,0,0,0,0,1,1
9,scratch,FP,9/0010.png,5,0.28100284934043884,1,1,0,0,0,0,0,1,1
9,scratch,FP,9/0010.png,6,0.36692339181900024,1,1,0,0,0,0,0,1,1
9,scratch,FP,9/0010.png,7,0.11799217015504837,1,1,0,0,0,0,0,1,1
9,scratch,FP,9/0010.png,8,0.10231617838144302,1,1,0,0,0,0,0,1,1
9,scratch,FP,9/0010.png,9,0.8302961587905884,1,1,0,0,0,0,0,1,1
9,scratch,FP,9/0010.png,10,0.3558829128742218,1,1,0,0,0,0,0,1,1
9,scratch,FP,9/0010.png,11,0.5667524933815002,1,1,0,0,0,0,0,1,1
9,scratch,FP,9/0010.png,12,0.33800479769706726,1,1,0,0,0,0,0,1,1
9,scratch,FP,9/0010.png,13,0.24022243916988373,1,1,0,0,0,0,0,1,1
9,scratch,FP,9/0010.png,14,0.16930383443832397,1,1,0,0,0,0,0,1,1
9,scratch,FP,9/0010.png,15,0.40439873933792114,1,1,0,0,0,0,0,1,1
9,scratch,FP,9/0010.png,16,0.5051210522651672,1,1,0,0,0,0,0,1,1
9,scratch,FP,9/0010.png,17,0.29495617747306824,1,1,0,0,0,0,0,1,1
9,scratch,FP,9/0010.png,18,0.25986382365226746,1,1,0,0,0,0,0,1,1
9,scratch,FP,9/0010.png,19,0.2948070168495178,1,1,0,0,0,0,0,1,1
9,scratch,FP,9/0010.png,20,0.3595835566520691,1,1,0,0,0,0,0,1,1
9,scratch,FP,9/0010.png,21,0.18426722288131714,1,1,0,0,0,0,0,1,1
9,scratch,FP,9/0010.png,22,0.323513925075531,1,1,0,0,0,0,0,1,1
9,scratch,FP,9/0010.png,23,0.5182720422744751,1,1,0,0,0,0,0,1,1
9,scratch,FP,9/0010.png,24,0.07805845886468887,1,1,0,0,0,0,0,1,1
9,scratch,FP,9/0010.png,25,0.26407772302627563,1,1,0,0,0,0,0,1,1
9,scratch,FP,9/0010.png,26,0.36122754216194153,1,1,0,0,0,0,0,1,1
9,scratch,FP,9/0010.png,27,0.3507736623287201,1,1,0,0,0,0,0,1,1
9,scratch,FP,9/0010.png,28,0.041602689772844315,1,1,0,0,0,0,0,1,1
9,scratch,FP,9/0010.png,29,0.03159008547663689,1,1,0,0,0,0,0,1,1
9,scratch,FP,9/0010.png,30,0.5692574977874756,1,1,0,0,0,0,0,1,1
9,scratch,FP,9/0010.png,31,0.3658313453197479,1,1,0,0,0,0,0,1,1
9,scratch,FP,9/0010.png,32,0.0,1,1,0,0,0,0,0,1,1
9,scratch,FP,9/0010.png,33,0.03679085895419121,1,1,0,0,0,0,0,1,1
9,scratch,FP,9/0010.png,34,0.5516518354415894,1,1,0,0,0,0,0,1,1
9,scratch,FP,9/0010.png,35,0.27190208435058594,1,1,0,0,0,0,0,1,1
9,scratch,FP,9/0010.png,36,0.6694591045379639,1,1,0,0,0,0,0,1,1
9,scratch,FP,9/0010.png,37,0.2211582362651825,1,1,0,0,0,0,0,1,1
9,scratch,FP,9/0010.png,38,0.36215320229530334,1,1,0,0,0,0,0,1,1
9,scratch,FP,9/0010.png,39,0.13200528919696808,1,1,0,0,0,0,0,1,1
9,scratch,FP,9/0010.png,40,0.529636800289154,1,1,0,0,0,0,0,1,1
9,scratch,FP,9/0010.png,41,0.3509233891963959,1,1,0,0,0,0,0,1,1
9,scratch,FP,9/0010.png,42,0.22153231501579285,1,1,0,0,0,0,0,1,1
9,scratch,FP,9/0010.png,43,0.28838783502578735,1,1,0,0,0,0,0,1,1
9,scratch,FP,9/0010.png,44,0.018679451197385788,1,1,0,0,0,0,0,1,1
9,scratch,FP,9/0010.png,45,0.0034713647328317165,1,1,0,0,0,0,0,1,1
9,scratch,FP,9/0010.png,46,0.06122776120901108,1,1,0,0,0,0,0,1,1
9,scratch,FP,9/0010.png,47,0.21170058846473694,1,1,0,0,0,0,0,1,1
9,scratch,FP,9/0010.png,48,0.41934874653816223,1,1,0,0,0,0,0,1,1
9,scratch,FP,9/0010.png,49,0.06720175594091415,1,1,0,0,0,0,0,1,1
9,scratch,FP,9/0010.png,50,0.13060924410820007,1,1,0,0,0,0,0,1,1
9,scratch,FP,9/0010.png,51,0.6334537267684937,1,1,0,0,0,0,0,1,1
9,scratch,FP,9/0010.png,52,0.01835501752793789,1,1,0,0,0,0,0,1,1
9,scratch,FP,9/0010.png,53,0.2820874750614166,1,1,0,0,0,0,0,1,1
9,scratch,FP,9/0010.png,54,0.08536256104707718,1,1,0,0,0,0,0,1,1
9,scratch,FP,9/0010.png,55,0.228543221950531,1,1,0,0,0,0,0,1,1
9,scratch,FP,9/0010.png,56,0.012233038432896137,1,1,0,0,0,0,0,1,1
9,scratch,FP,9/0010.png,57,0.2793903052806854,1,1,0,0,0,0,0,1,1
9,scratch,FP,9/0010.png,58,0.3294570744037628,1,1,0,0,0,0,0,1,1
9,scratch,FP,9/0010.png,59,0.10171958059072495,1,1,0,0,0,0,0,1,1
9,scratch,FP,9/0010.png,60,0.8455382585525513,1,1,0,0,0,0,0,1,1
9,scratch,FP,9/0010.png,61,0.012807968072593212,1,1,0,0,0,0,0,1,1
9,scratch,FP,9/0010.png,62,0.43749597668647766,1,1,0,0,0,0,0,1,1
9,scratch,FP,9/0010.png,63,0.0037930477410554886,1,1,0,0,0,0,0,1,1
9,scratch,FP,9/0010.png,64,0.22303739190101624,1,1,0,0,0,0,0,1,1
9,scratch,FP,9/0010.png,65,0.16002725064754486,1,1,0,0,0,0,0,1,1
9,scratch,FP,9/0010.png,66,0.28604862093925476,1,1,0,0,0,0,0,1,1
9,scratch,FP,9/0010.png,67,0.04646618664264679,1,1,0,0,0,0,0,1,1
9,scratch,FP,9/0010.png,68,0.3870190978050232,1,1,0,0,0,0,0,1,1
9,scratch,FP,9/0010.png,69,0.20562750101089478,1,1,0,0,0,0,0,1,1
9,scratch,FP,9/0010.png,70,0.0037875198759138584,1,1,0,0,0,0,0,1,1
9,scratch,FP,9/0010.png,71,0.5495777726173401,1,1,0,0,0,0,0,1,1
9,scratch,FP,9/0010.png,72,0.26640626788139343,1,1,0,0,0,0,0,1,1
9,scratch,FP,9/0010.png,73,0.43323788046836853,1,1,0,0,0,0,0,1,1
9,scratch,FP,9/0010.png,74,0.14713653922080994,1,1,0,0,0,0,0,1,1
9,scratch,FP,9/0010.png,75,0.4369175434112549,1,1,0,0,0,0,0,1,1
9,scratch,FP,9/0010.png,76,0.011876794509589672,1,1,0,0,0,0,0,1,1
9,scratch,FP,9/0010.png,77,0.07369954884052277,1,1,0,0,0,0,0,1,1
9,scratch,FP,9/0010.png,78,0.2720598578453064,1,1,0,0,0,0,0,1,1
9,scratch,FP,9/0010.png,79,0.20779286324977875,1,1,0,0,0,0,0,1,1
9,scratch,FP,9/0010.png,80,0.32724544405937195,1,1,0,0,0,0,0,1,1
9,scratch,FP,9/0010.png,81,0.8264025449752808,1,1,0,0,0,0,0,1,1
9,scratch,FP,9/0010.png,82,0.07521792501211166,1,1,0,0,0,0,0,1,1
9,scratch,FP,9/0010.png,83,0.09044130146503448,1,1,0,0,0,0,0,1,1
9,scratch,FP,9/0010.png,84,0.006117722950875759,1,1,0,0,0,0,0,1,1
9,scratch,FP,9/0010.png,85,0.588054358959198,1,1,0,0,0,0,0,1,1
9,scratch,FP,9/0010.png,86,0.09449443221092224,1,1,0,0,0,0,0,1,1
9,scratch,FP,9/0010.png,87,0.06913015246391296,1,1,0,0,0,0,0,1,1
9,scratch,FP,9/0010.png,88,0.07377934455871582,1,1,0,0,0,0,0,1,1
9,scratch,FP,9/0010.png,89,0.4086109399795532,1,1,0,0,0,0,0,1,1
9,scratch,FP,9/0010.png,90,0.08381235599517822,1,1,0,0,0,0,0,1,1
9,scratch,FP,9/0010.png,91,0.16398891806602478,1,1,0,0,0,0,0,1,1
9,scratch,FP,9/0010.png,92,0.6995669007301331,1,1,0,0,0,0,0,1,1
9,scratch,FP,9/0010.png,93,0.1792321503162384,1,1,0,0,0,0,0,1,1
9,scratch,FP,9/0010.png,94,0.24980127811431885,1,1,0,0,0,0,0,1,1
9,scratch,FP,9/0010.png,95,0.11543846875429153,1,1,0,0,0,0,0,1,1
9,scratch,FP,9/0010.png,96,0.7260574698448181,1,1,0,0,0,0,0,1,1
9,scratch,FP,9/0010.png,97,0.19348901510238647,1,1,0,0,0,0,0,1,1
9,scratch,FP,9/0010.png,98,0.08589739352464676,1,1,0,0,0,0,0,1,1
9,scratch,FP,9/0010.png,99,0.001002765609882772,1,1,0,0,0,0,0,1,1
9,scratch,FP,9/0010.png,100,0.39026251435279846,1,1,0,0,0,0,0,1,1
9,scratch,FP,9/0010.png,101,0.07709062099456787,1,1,0,0,0,0,0,1,1
9,scratch,FP,9/0010.png,102,0.29123175144195557,1,1,0,0,0,0,0,1,1
9,scratch,FP,9/0010.png,103,0.011129073798656464,1,1,0,0,0,0,0,1,1
9,scratch,FP,9/0010.png,104,0.14268825948238373,1,1,0,0,0,0,0,1,1
9,scratch,FP,9/0010.png,105,0.0069399201311171055,1,1,0,0,0,0,0,1,1
9,scratch,FP,9/0010.png,106,0.28084322810173035,1,1,0,0,0,0,0,1,1
9,scratch,FP,9/0010.png,107,0.587128758430481,1,1,0,0,0,0,0,1,1
9,scratch,FP,9/0010.png,108,0.301567018032074,1,1,0,0,0,0,0,1,1
9,scratch,FP,9/0010.png,109,0.18591277301311493,1,1,0,0,0,0,0,1,1
9,scratch,FP,9/0010.png,110,0.12466738373041153,1,1,0,0,0,0,0,1,1
9,scratch,FP,9/0010.png,111,0.17676933109760284,1,1,0,0,0,0,0,1,1
9,scratch,FP,9/0010.png,112,0.08916018903255463,1,1,0,0,0,0,0,1,1
9,scratch,FP,9/0010.png,113,0.08724036812782288,1,1,0,0,0,0,0,1,1
9,scratch,FP,9/0010.png,114,0.28285303711891174,1,1,0,0,0,0,0,1,1
9,scratch,FP,9/0010.png,115,0.687764048576355,1,1,0,0,0,0,0,1,1
9,scratch,FP,9/0010.png,116,0.0874645859003067,1,1,0,0,0,0,0,1,1
9,scratch,FP,9/0010.png,117,0.45705872774124146,1,1,0,0,0,0,0,1,1
9,scratch,FP,9/0010.png,118,0.3002506196498871,1,1,0,0,0,0,0,1,1
9,scratch,FP,9/0010.png,119,0.2522602081298828,1,1,0,0,0,0,0,1,1
9,scratch,FP,9/0010.png,120,0.01417576428502798,1,1,0,0,0,0,0,1,1
9,scratch,FP,9/0010.png,121,0.01786688342690468,1,1,0,0,0,0,0,1,1
9,scratch,FP,9/0010.png,122,0.18312016129493713,1,1,0,0,0,0,0,1,1
9,scratch,FP,9/0010.png,123,0.26497870683670044,1,1,0,0,0,0,0,1,1
9,scratch,FP,9/0010.png,124,0.029048273339867592,1,1,0,0,0,0,0,1,1
9,scratch,FP,9/0010.png,125,0.03970228508114815,1,1,0,0,0,0,0,1,1
9,scratch,FP,9/0010.png,126,0.049173831939697266,1,1,0,0,0,0,0,1,1
9,scratch,FP,9/0010.png,127,0.0,1,1,0,0,0,0,0,1,1
9,scratch,FP,9/0010.png,128,0.46475881338119507,1,1,0,0,0,0,0,1,1
9,scratch,FP,9/0010.png,129,0.21323560178279877,1,1,0,0,0,0,0,1,1
9,scratch,FP,9/0010.png,130,0.3448536992073059,1,1,0,0,0,0,0,1,1
9,scratch,FP,9/0010.png,131,0.03859465569257736,1,1,0,0,0,0,0,1,1
9,scratch,FP,9/0010.png,132,0.3315802216529846,1,1,0,0,0,0,0,1,1
9,scratch,FP,9/0010.png,133,0.14324305951595306,1,1,0,0,0,0,0,1,1
9,scratch,FP,9/0010.png,134,0.0503251738846302,1,1,0,0,0,0,0,1,1
9,scratch,FP,9/0010.png,135,0.3025617003440857,1,1,0,0,0,0,0,1,1
9,scratch,FP,9/0010.png,136,0.44494691491127014,1,1,0,0,0,0,0,1,1
9,scratch,FP,9/0010.png,137,0.054411862045526505,1,1,0,0,0,0,0,1,1
9,scratch,FP,9/0010.png,138,0.6215647459030151,1,1,0,0,0,0,0,1,1
9,scratch,FP,9/0010.png,139,0.19137515127658844,1,1,0,0,0,0,0,1,1
9,scratch,FP,9/0010.png,140,0.021986020728945732,1,1,0,0,0,0,0,1,1
9,scratch,FP,9/0010.png,141,0.17381204664707184,1,1,0,0,0,0,0,1,1
9,scratch,FP,9/0010.png,142,0.04802185297012329,1,1,0,0,0,0,0,1,1
9,scratch,FP,9/0010.png,143,0.11547114700078964,1,1,0,0,0,0,0,1,1
9,scratch,FP,9/0010.png,144,0.11796834319829941,1,1,0,0,0,0,0,1,1
9,scratch,FP,9/0010.png,145,0.23797132074832916,1,1,0,0,0,0,0,1,1
9,scratch,FP,9/0010.png,146,0.5397009253501892,1,1,0,0,0,0,0,1,1
9,scratch,FP,9/0010.png,147,0.2616162896156311,1,1,0,0,0,0,0,1,1
9,scratch,FP,9/0010.png,148,0.36936521530151367,1,1,0,0,0,0,0,1,1
9,scratch,FP,9/0010.png,149,0.04977364465594292,1,1,0,0,0,0,0,1,1
9,scratch,FP,9/0010.png,150,0.5674533247947693,1,1,0,0,0,0,0,1,1
9,scratch,FP,9/0010.png,151,0.05752649903297424,1,1,0,0,0,0,0,1,1
9,scratch,FP,9/0010.png,152,0.6050628423690796,1,1,0,0,0,0,0,1,1
9,scratch,FP,9/0010.png,153,0.6190838813781738,1,1,0,0,0,0,0,1,1
9,scratch,FP,9/0010.png,154,0.0723792165517807,1,1,0,0,0,0,0,1,1
9,scratch,FP,9/0010.png,155,0.9329874515533447,1,1,0,0,0,0,0,1,1
9,scratch,FP,9/0010.png,156,0.04229816794395447,1,1,0,0,0,0,0,1,1
9,scratch,FP,9/0010.png,157,0.0783049613237381,1,1,0,0,0,0,0,1,1
9,scratch,FP,9/0010.png,158,0.43175214529037476,1,1,0,0,0,0,0,1,1
9,scratch,FP,9/0010.png,159,0.05656621232628822,1,1,0,0,0,0,0,1,1
9,scratch,FP,9/0010.png,160,0.13147152960300446,1,1,0,0,0,0,0,1,1
9,scratch,FP,9/0010.png,161,0.31876012682914734,1,1,0,0,0,0,0,1,1
9,scratch,FP,9/0010.png,162,0.12987148761749268,1,1,0,0,0,0,0,1,1
9,scratch,FP,9/0010.png,163,0.07234308123588562,1,1,0,0,0,0,0,1,1
9,scratch,FP,9/0010.png,164,0.11516914516687393,1,1,0,0,0,0,0,1,1
9,scratch,FP,9/0010.png,165,0.2057780772447586,1,1,0,0,0,0,0,1,1
9,scratch,FP,9/0010.png,166,0.1085556149482727,1,1,0,0,0,0,0,1,1
9,scratch,FP,9/0010.png,167,0.0667511373758316,1,1,0,0,0,0,0,1,1
9,scratch,FP,9/0010.png,168,0.1906801164150238,1,1,0,0,0,0,0,1,1
9,scratch,FP,9/0010.png,169,0.5263574123382568,1,1,0,0,0,0,0,1,1
9,scratch,FP,9/0010.png,170,0.20339453220367432,1,1,0,0,0,0,0,1,1
9,scratch,FP,9/0010.png,171,0.2652442157268524,1,1,0,0,0,0,0,1,1
9,scratch,FP,9/0010.png,172,0.11854613572359085,1,1,0,0,0,0,0,1,1
9,scratch,FP,9/0010.png,173,0.3531200885772705,1,1,0,0,0,0,0,1,1
9,scratch,FP,9/0010.png,174,0.1282598078250885,1,1,0,0,0,0,0,1,1
9,scratch,FP,9/0010.png,175,0.5064324140548706,1,1,0,0,0,0,0,1,1
9,scratch,FP,9/0010.png,176,0.40054336190223694,1,1,0,0,0,0,0,1,1
9,scratch,FP,9/0010.png,177,0.4019111692905426,1,1,0,0,0,0,0,1,1
9,scratch,FP,9/0010.png,178,0.5495308041572571,1,1,0,0,0,0,0,1,1
9,scratch,FP,9/0010.png,179,0.3871113061904907,1,1,0,0,0,0,0,1,1
9,scratch,FP,9/0010.png,180,0.04316491633653641,1,1,0,0,0,0,0,1,1
9,scratch,FP,9/0010.png,181,0.14308273792266846,1,1,0,0,0,0,0,1,1
9,scratch,FP,9/0010.png,182,0.4874408543109894,1,1,0,0,0,0,0,1,1
9,scratch,FP,9/0010.png,183,0.48671916127204895,1,1,0,0,0,0,0,1,1
9,scratch,FP,9/0010.png,184,0.3075866997241974,1,1,0,0,0,0,0,1,1
9,scratch,FP,9/0010.png,185,0.2744027376174927,1,1,0,0,0,0,0,1,1
9,scratch,FP,9/0010.png,186,1.0591245889663696,1,1,0,0,0,0,0,1,1
9,scratch,FP,9/0010.png,187,0.6530289053916931,1,1,0,0,0,0,0,1,1
9,scratch,FP,9/0010.png,188,0.04321739450097084,1,1,0,0,0,0,0,1,1
9,scratch,FP,9/0010.png,189,0.07400976866483688,1,1,0,0,0,0,0,1,1
9,scratch,FP,9/0010.png,190,0.2928566634654999,1,1,0,0,0,0,0,1,1
9,scratch,FP,9/0010.png,191,0.23261292278766632,1,1,0,0,0,0,0,1,1
9,scratch,FP,9/0010.png,192,0.2664192020893097,1,1,0,0,0,0,0,1,1
9,scratch,FP,9/0010.png,193,0.4470345973968506,1,1,0,0,0,0,0,1,1
9,scratch,FP,9/0010.png,194,0.4416753053665161,1,1,0,0,0,0,0,1,1
9,scratch,FP,9/0010.png,195,0.2609008252620697,1,1,0,0,0,0,0,1,1
9,scratch,FP,9/0010.png,196,0.05224038287997246,1,1,0,0,0,0,0,1,1
9,scratch,FP,9/0010.png,197,0.3197290897369385,1,1,0,0,0,0,0,1,1
9,scratch,FP,9/0010.png,198,0.22324547171592712,1,1,0,0,0,0,0,1,1
9,scratch,FP,9/0010.png,199,0.045015208423137665,1,1,0,0,0,0,0,1,1
9,scratch,FP,9/0010.png,200,0.3473781645298004,1,1,0,0,0,0,0,1,1
9,scratch,FP,9/0010.png,201,0.5510436296463013,1,1,0,0,0,0,0,1,1
9,scratch,FP,9/0010.png,202,0.2670572102069855,1,1,0,0,0,0,0,1,1
9,scratch,FP,9/0010.png,203,0.41700416803359985,1,1,0,0,0,0,0,1,1
9,scratch,FP,9/0010.png,204,0.36503779888153076,1,1,0,0,0,0,0,1,1
9,scratch,FP,9/0010.png,205,0.4384889304637909,1,1,0,0,0,0,0,1,1
9,scratch,FP,9/0010.png,206,0.013585377484560013,1,1,0,0,0,0,0,1,1
9,scratch,FP,9/0010.png,207,0.2429577112197876,1,1,0,0,0,0,0,1,1
9,scratch,FP,9/0010.png,208,0.054053548723459244,1,1,0,0,0,0,0,1,1
9,scratch,FP,9/0010.png,209,0.2770671844482422,1,1,0,0,0,0,0,1,1
9,scratch,FP,9/0010.png,210,1.0823014974594116,1,1,0,0,0,0,0,1,1
9,scratch,FP,9/0010.png,211,0.10879234224557877,1,1,0,0,0,0,0,1,1
9,scratch,FP,9/0010.png,212,0.2210473269224167,1,1,0,0,0,0,0,1,1
9,scratch,FP,9/0010.png,213,0.10606434941291809,1,1,0,0,0,0,0,1,1
9,scratch,FP,9/0010.png,214,0.028602050617337227,1,1,0,0,0,0,0,1,1
9,scratch,FP,9/0010.png,215,0.2420998364686966,1,1,0,0,0,0,0,1,1
9,scratch,FP,9/0010.png,216,0.10188798606395721,1,1,0,0,0,0,0,1,1
9,scratch,FP,9/0010.png,217,0.17757238447666168,1,1,0,0,0,0,0,1,1
9,scratch,FP,9/0010.png,218,0.07337205111980438,1,1,0,0,0,0,0,1,1
9,scratch,FP,9/0010.png,219,0.008174068294465542,1,1,0,0,0,0,0,1,1
9,scratch,FP,9/0010.png,220,0.14831896126270294,1,1,0,0,0,0,0,1,1
9,scratch,FP,9/0010.png,221,0.6547180414199829,1,1,0,0,0,0,0,1,1
9,scratch,FP,9/0010.png,222,0.04207870736718178,1,1,0,0,0,0,0,1,1
9,scratch,FP,9/0010.png,223,0.2617786228656769,1,1,0,0,0,0,0,1,1
9,scratch,FP,9/0010.png,224,0.06645124405622482,1,1,0,0,0,0,0,1,1
9,scratch,FP,9/0010.png,225,0.010445463471114635,1,1,0,0,0,0,0,1,1
9,scratch,FP,9/0010.png,226,0.15878872573375702,1,1,0,0,0,0,0,1,1
9,scratch,FP,9/0010.png,227,0.010727964341640472,1,1,0,0,0,0,0,1,1
9,scratch,FP,9/0010.png,228,0.02411836013197899,1,1,0,0,0,0,0,1,1
9,scratch,FP,9/0010.png,229,0.5500863194465637,1,1,0,0,0,0,0,1,1
9,scratch,FP,9/0010.png,230,0.19778434932231903,1,1,0,0,0,0,0,1,1
9,scratch,FP,9/0010.png,231,0.09652837365865707,1,1,0,0,0,0,0,1,1
9,scratch,FP,9/0010.png,232,0.5487024784088135,1,1,0,0,0,0,0,1,1
9,scratch,FP,9/0010.png,233,0.6063705682754517,1,1,0,0,0,0,0,1,1
9,scratch,FP,9/0010.png,234,0.38986891508102417,1,1,0,0,0,0,0,1,1
9,scratch,FP,9/0010.png,235,0.07816959172487259,1,1,0,0,0,0,0,1,1
9,scratch,FP,9/0010.png,236,0.03002985380589962,1,1,0,0,0,0,0,1,1
9,scratch,FP,9/0010.png,237,0.1811722368001938,1,1,0,0,0,0,0,1,1
9,scratch,FP,9/0010.png,238,0.24441613256931305,1,1,0,0,0,0,0,1,1
9,scratch,FP,9/0010.png,239,0.2799420952796936,1,1,0,0,0,0,0,1,1
9,scratch,FP,9/0010.png,240,0.21554800868034363,1,1,0,0,0,0,0,1,1
9,scratch,FP,9/0010.png,241,0.03173047676682472,1,1,0,0,0,0,0,1,1
9,scratch,FP,9/0010.png,242,0.15761330723762512,1,1,0,0,0,0,0,1,1
9,scratch,FP,9/0010.png,243,0.17257510125637054,1,1,0,0,0,0,0,1,1
9,scratch,FP,9/0010.png,244,0.36142221093177795,1,1,0,0,0,0,0,1,1
9,scratch,FP,9/0010.png,245,0.39144736528396606,1,1,0,0,0,0,0,1,1
9,scratch,FP,9/0010.png,246,0.5896084308624268,1,1,0,0,0,0,0,1,1
9,scratch,FP,9/0010.png,247,0.5788523554801941,1,1,0,0,0,0,0,1,1
9,scratch,FP,9/0010.png,248,0.14640913903713226,1,1,0,0,0,0,0,1,1
9,scratch,FP,9/0010.png,249,0.23286086320877075,1,1,0,0,0,0,0,1,1
9,scratch,FP,9/0010.png,250,0.05383076146245003,1,1,0,0,0,0,0,1,1
9,scratch,FP,9/0010.png,251,0.09452423453330994,1,1,0,0,0,0,0,1,1
9,scratch,FP,9/0010.png,252,0.05744967982172966,1,1,0,0,0,0,0,1,1
9,scratch,FP,9/0010.png,253,0.3769804537296295,1,1,0,0,0,0,0,1,1
9,scratch,FP,9/0010.png,254,0.11137497425079346,1,1,0,0,0,0,0,1,1
9,scratch,FP,9/0010.png,255,0.08938933163881302,1,1,0,0,0,0,0,1,1
9,scratch,FP,9/0010.png,256,0.6823489665985107,1,1,0,0,0,0,0,1,1
9,scratch,FP,9/0010.png,257,0.27991995215415955,1,1,0,0,0,0,0,1,1
9,scratch,FP,9/0010.png,258,0.3674492835998535,1,1,0,0,0,0,0,1,1
9,scratch,FP,9/0010.png,259,0.39476484060287476,1,1,0,0,0,0,0,1,1
9,scratch,FP,9/0010.png,260,0.11033779382705688,1,1,0,0,0,0,0,1,1
9,scratch,FP,9/0010.png,261,0.11066524684429169,1,1,0,0,0,0,0,1,1
9,scratch,FP,9/0010.png,262,0.18564674258232117,1,1,0,0,0,0,0,1,1
9,scratch,FP,9/0010.png,263,0.740675687789917,1,1,0,0,0,0,0,1,1
9,scratch,FP,9/0010.png,264,0.11431439220905304,1,1,0,0,0,0,0,1,1
9,scratch,FP,9/0010.png,265,0.23051416873931885,1,1,0,0,0,0,0,1,1
9,scratch,FP,9/0010.png,266,0.1489458680152893,1,1,0,0,0,0,0,1,1
9,scratch,FP,9/0010.png,267,0.24473878741264343,1,1,0,0,0,0,0,1,1
9,scratch,FP,9/0010.png,268,0.10832232236862183,1,1,0,0,0,0,0,1,1
9,scratch,FP,9/0010.png,269,0.17652271687984467,1,1,0,0,0,0,0,1,1
9,scratch,FP,9/0010.png,270,0.19002149999141693,1,1,0,0,0,0,0,1,1
9,scratch,FP,9/0010.png,271,0.10079381614923477,1,1,0,0,0,0,0,1,1
9,scratch,FP,9/0010.png,272,0.017625484615564346,1,1,0,0,0,0,0,1,1
9,scratch,FP,9/0010.png,273,0.07825559377670288,1,1,0,0,0,0,0,1,1
9,scratch,FP,9/0010.png,274,0.3969058096408844,1,1,0,0,0,0,0,1,1
9,scratch,FP,9/0010.png,275,0.39968082308769226,1,1,0,0,0,0,0,1,1
9,scratch,FP,9/0010.png,276,0.3354657292366028,1,1,0,0,0,0,0,1,1
9,scratch,FP,9/0010.png,277,0.6694781184196472,1,1,0,0,0,0,0,1,1
9,scratch,FP,9/0010.png,278,0.298565149307251,1,1,0,0,0,0,0,1,1
9,scratch,FP,9/0010.png,279,0.10955660790205002,1,1,0,0,0,0,0,1,1
9,scratch,FP,9/0010.png,280,0.061531953513622284,1,1,0,0,0,0,0,1,1
9,scratch,FP,9/0010.png,281,0.1408374309539795,1,1,0,0,0,0,0,1,1
9,scratch,FP,9/0010.png,282,0.12021226435899734,1,1,0,0,0,0,0,1,1
9,scratch,FP,9/0010.png,283,0.6029089093208313,1,1,0,0,0,0,0,1,1
9,scratch,FP,9/0010.png,284,0.28731992840766907,1,1,0,0,0,0,0,1,1
9,scratch,FP,9/0010.png,285,0.29325905442237854,1,1,0,0,0,0,0,1,1
9,scratch,FP,9/0010.png,286,0.04438481107354164,1,1,0,0,0,0,0,1,1
9,scratch,FP,9/0010.png,287,0.28329724073410034,1,1,0,0,0,0,0,1,1
9,scratch,FP,9/0010.png,288,0.012914849445223808,1,1,0,0,0,0,0,1,1
9,scratch,FP,9/0010.png,289,0.5295432806015015,1,1,0,0,0,0,0,1,1
9,scratch,FP,9/0010.png,290,0.7493672370910645,1,1,0,0,0,0,0,1,1
9,scratch,FP,9/0010.png,291,0.04117121919989586,1,1,0,0,0,0,0,1,1
9,scratch,FP,9/0010.png,292,0.20373934507369995,1,1,0,0,0,0,0,1,1
9,scratch,FP,9/0010.png,293,0.4897961914539337,1,1,0,0,0,0,0,1,1
9,scratch,FP,9/0010.png,294,0.18332135677337646,1,1,0,0,0,0,0,1,1
9,scratch,FP,9/0010.png,295,0.33796679973602295,1,1,0,0,0,0,0,1,1
9,scratch,FP,9/0010.png,296,0.25813063979148865,1,1,0,0,0,0,0,1,1
9,scratch,FP,9/0010.png,297,0.188689723610878,1,1,0,0,0,0,0,1,1
9,scratch,FP,9/0010.png,298,0.20894961059093475,1,1,0,0,0,0,0,1,1
9,scratch,FP,9/0010.png,299,0.4479862153530121,1,1,0,0,0,0,0,1,1
9,scratch,FP,9/0010.png,300,0.4072672128677368,1,1,0,0,0,0,0,1,1
9,scratch,FP,9/0010.png,301,0.06616144627332687,1,1,0,0,0,0,0,1,1
9,scratch,FP,9/0010.png,302,0.38628754019737244,1,1,0,0,0,0,0,1,1
9,scratch,FP,9/0010.png,303,0.016529636457562447,1,1,0,0,0,0,0,1,1
9,scratch,FP,9/0010.png,304,0.20305779576301575,1,1,0,0,0,0,0,1,1
9,scratch,FP,9/0010.png,305,0.20214495062828064,1,1,0,0,0,0,0,1,1
9,scratch,FP,9/0010.png,306,0.08828985691070557,1,1,0,0,0,0,0,1,1
9,scratch,FP,9/0010.png,307,0.12560725212097168,1,1,0,0,0,0,0,1,1
9,scratch,FP,9/0010.png,308,0.05027691647410393,1,1,0,0,0,0,0,1,1
9,scratch,FP,9/0010.png,309,0.14734221994876862,1,1,0,0,0,0,0,1,1
9,scratch,FP,9/0010.png,310,0.022203342989087105,1,1,0,0,0,0,0,1,1
9,scratch,FP,9/0010.png,311,0.023036273196339607,1,1,0,0,0,0,0,1,1
9,scratch,FP,9/0010.png,312,0.0701989233493805,1,1,0,0,0,0,0,1,1
9,scratch,FP,9/0010.png,313,0.09513209760189056,1,1,0,0,0,0,0,1,1
9,scratch,FP,9/0010.png,314,0.5262027978897095,1,1,0,0,0,0,0,1,1
9,scratch,FP,9/0010.png,315,0.3021945059299469,1,1,0,0,0,0,0,1,1
9,scratch,FP,9/0010.png,316,0.11388979107141495,1,1,0,0,0,0,0,1,1
9,scratch,FP,9/0010.png,317,0.08824526518583298,1,1,0,0,0,0,0,1,1
9,scratch,FP,9/0010.png,318,0.07462850213050842,1,1,0,0,0,0,0,1,1
9,scratch,FP,9/0010.png,319,0.002757746260613203,1,1,0,0,0,0,0,1,1
9,scratch,FP,9/0010.png,320,0.014185027219355106,1,1,0,0,0,0,0,1,1
9,scratch,FP,9/0010.png,321,0.35016658902168274,1,1,0,0,0,0,0,1,1
9,scratch,FP,9/0010.png,322,0.4555113613605499,1,1,0,0,0,0,0,1,1
9,scratch,FP,9/0010.png,323,0.31755703687667847,1,1,0,0,0,0,0,1,1
9,scratch,FP,9/0010.png,324,0.11582919210195541,1,1,0,0,0,0,0,1,1
9,scratch,FP,9/0010.png,325,0.14256532490253448,1,1,0,0,0,0,0,1,1
9,scratch,FP,9/0010.png,326,0.21122042834758759,1,1,0,0,0,0,0,1,1
9,scratch,FP,9/0010.png,327,0.4641030728816986,1,1,0,0,0,0,0,1,1
9,scratch,FP,9/0010.png,328,0.08557230979204178,1,1,0,0,0,0,0,1,1
9,scratch,FP,9/0010.png,329,0.4140656590461731,1,1,0,0,0,0,0,1,1
9,scratch,FP,9/0010.png,330,0.6186066269874573,1,1,0,0,0,0,0,1,1
9,scratch,FP,9/0010.png,331,0.5407984852790833,1,1,0,0,0,0,0,1,1
9,scratch,FP,9/0010.png,332,0.18355587124824524,1,1,0,0,0,0,0,1,1
9,scratch,FP,9/0010.png,333,0.018189281225204468,1,1,0,0,0,0,0,1,1
9,scratch,FP,9/0010.png,334,0.022876380011439323,1,1,0,0,0,0,0,1,1
9,scratch,FP,9/0010.png,335,0.02098822593688965,1,1,0,0,0,0,0,1,1
9,scratch,FP,9/0010.png,336,0.5302278399467468,1,1,0,0,0,0,0,1,1
9,scratch,FP,9/0010.png,337,0.45024722814559937,1,1,0,0,0,0,0,1,1
9,scratch,FP,9/0010.png,338,0.3388333320617676,1,1,0,0,0,0,0,1,1
9,scratch,FP,9/0010.png,339,0.3380306363105774,1,1,0,0,0,0,0,1,1
9,scratch,FP,9/0010.png,340,0.23251402378082275,1,1,0,0,0,0,0,1,1
9,scratch,FP,9/0010.png,341,0.029274998232722282,1,1,0,0,0,0,0,1,1
9,scratch,FP,9/0010.png,342,0.07686405628919601,1,1,0,0,0,0,0,1,1
9,scratch,FP,9/0010.png,343,0.07018380612134933,1,1,0,0,0,0,0,1,1
9,scratch,FP,9/0010.png,344,0.6880471110343933,1,1,0,0,0,0,0,1,1
9,scratch,FP,9/0010.png,345,0.18193159997463226,1,1,0,0,0,0,0,1,1
9,scratch,FP,9/0010.png,346,0.05940058454871178,1,1,0,0,0,0,0,1,1
9,scratch,FP,9/0010.png,347,0.5812321901321411,1,1,0,0,0,0,0,1,1
9,scratch,FP,9/0010.png,348,0.05140286684036255,1,1,0,0,0,0,0,1,1
9,scratch,FP,9/0010.png,349,0.374603807926178,1,1,0,0,0,0,0,1,1
9,scratch,FP,9/0010.png,350,0.20246627926826477,1,1,0,0,0,0,0,1,1
9,scratch,FP,9/0010.png,351,0.09566333144903183,1,1,0,0,0,0,0,1,1
9,scratch,FP,9/0010.png,352,0.028133973479270935,1,1,0,0,0,0,0,1,1
9,scratch,FP,9/0010.png,353,0.9383397698402405,1,1,0,0,0,0,0,1,1
9,scratch,FP,9/0010.png,354,0.01665567234158516,1,1,0,0,0,0,0,1,1
9,scratch,FP,9/0010.png,355,0.3941691219806671,1,1,0,0,0,0,0,1,1
9,scratch,FP,9/0010.png,356,0.46503156423568726,1,1,0,0,0,0,0,1,1
9,scratch,FP,9/0010.png,357,0.4496767818927765,1,1,0,0,0,0,0,1,1
9,scratch,FP,9/0010.png,358,0.5002309083938599,1,1,0,0,0,0,0,1,1
9,scratch,FP,9/0010.png,359,0.012754365801811218,1,1,0,0,0,0,0,1,1
9,scratch,FP,9/0010.png,360,0.22718563675880432,1,1,0,0,0,0,0,1,1
9,scratch,FP,9/0010.png,361,0.2024502456188202,1,1,0,0,0,0,0,1,1
9,scratch,FP,9/0010.png,362,0.037483107298612595,1,1,0,0,0,0,0,1,1
9,scratch,FP,9/0010.png,363,0.030251087620854378,1,1,0,0,0,0,0,1,1
9,scratch,FP,9/0010.png,364,0.03502838313579559,1,1,0,0,0,0,0,1,1
9,scratch,FP,9/0010.png,365,0.4924739599227905,1,1,0,0,0,0,0,1,1
9,scratch,FP,9/0010.png,366,0.07288581877946854,1,1,0,0,0,0,0,1,1
9,scratch,FP,9/0010.png,367,0.1608346402645111,1,1,0,0,0,0,0,1,1
9,scratch,FP,9/0010.png,368,0.13291187584400177,1,1,0,0,0,0,0,1,1
9,scratch,FP,9/0010.png,369,0.04890419542789459,1,1,0,0,0,0,0,1,1
9,scratch,FP,9/0010.png,370,0.15095047652721405,1,1,0,0,0,0,0,1,1
9,scratch,FP,9/0010.png,371,0.4861934185028076,1,1,0,0,0,0,0,1,1
9,scratch,FP,9/0010.png,372,0.0,1,1,0,0,0,0,0,1,1
9,scratch,FP,9/0010.png,373,0.17409610748291016,1,1,0,0,0,0,0,1,1
9,scratch,FP,9/0010.png,374,0.17159250378608704,1,1,0,0,0,0,0,1,1
9,scratch,FP,9/0010.png,375,0.06676503270864487,1,1,0,0,0,0,0,1,1
9,scratch,FP,9/0010.png,376,0.36810001730918884,1,1,0,0,0,0,0,1,1
9,scratch,FP,9/0010.png,377,0.5348122119903564,1,1,0,0,0,0,0,1,1
9,scratch,FP,9/0010.png,378,0.06948388367891312,1,1,0,0,0,0,0,1,1
9,scratch,FP,9/0010.png,379,0.3281722664833069,1,1,0,0,0,0,0,1,1
9,scratch,FP,9/0010.png,380,0.06332719326019287,1,1,0,0,0,0,0,1,1
9,scratch,FP,9/0010.png,381,0.2655748724937439,1,1,0,0,0,0,0,1,1
9,scratch,FP,9/0010.png,382,0.01250141765922308,1,1,0,0,0,0,0,1,1
9,scratch,FP,9/0010.png,383,0.07090849429368973,1,1,0,0,0,0,0,1,1
9,scratch,FP,9/0010.png,384,0.154925137758255,1,1,0,0,0,0,0,1,1
9,scratch,FP,9/0010.png,385,0.01082457322627306,1,1,0,0,0,0,0,1,1
9,scratch,FP,9/0010.png,386,0.26919957995414734,1,1,0,0,0,0,0,1,1
9,scratch,FP,9/0010.png,387,0.270062655210495,1,1,0,0,0,0,0,1,1
9,scratch,FP,9/0010.png,388,0.21111711859703064,1,1,0,0,0,0,0,1,1
9,scratch,FP,9/0010.png,389,0.3658790588378906,1,1,0,0,0,0,0,1,1
9,scratch,FP,9/0010.png,390,0.005933653563261032,1,1,0,0,0,0,0,1,1
9,scratch,FP,9/0010.png,391,0.22551731765270233,1,1,0,0,0,0,0,1,1
9,scratch,FP,9/0010.png,392,0.10627053678035736,1,1,0,0,0,0,0,1,1
9,scratch,FP,9/0010.png,393,0.12721946835517883,1,1,0,0,0,0,0,1,1
9,scratch,FP,9/0010.png,394,0.05547312647104263,1,1,0,0,0,0,0,1,1
9,scratch,FP,9/0010.png,395,0.20635972917079926,1,1,0,0,0,0,0,1,1
9,scratch,FP,9/0010.png,396,0.3941165506839752,1,1,0,0,0,0,0,1,1
9,scratch,FP,9/0010.png,397,0.21511311829090118,1,1,0,0,0,0,0,1,1
9,scratch,FP,9/0010.png,398,0.34264013171195984,1,1,0,0,0,0,0,1,1
9,scratch,FP,9/0010.png,399,0.2093464583158493,1,1,0,0,0,0,0,1,1
9,scratch,FP,9/0010.png,400,0.1117011308670044,1,1,0,0,0,0,0,1,1
9,scratch,FP,9/0010.png,401,0.049007728695869446,1,1,0,0,0,0,0,1,1
9,scratch,FP,9/0010.png,402,0.18121518194675446,1,1,0,0,0,0,0,1,1
9,scratch,FP,9/0010.png,403,0.7402158975601196,1,1,0,0,0,0,0,1,1
9,scratch,FP,9/0010.png,404,0.07497681677341461,1,1,0,0,0,0,0,1,1
9,scratch,FP,9/0010.png,405,0.5887519717216492,1,1,0,0,0,0,0,1,1
9,scratch,FP,9/0010.png,406,0.11636488884687424,1,1,0,0,0,0,0,1,1
9,scratch,FP,9/0010.png,407,0.23786155879497528,1,1,0,0,0,0,0,1,1
9,scratch,FP,9/0010.png,408,0.19166700541973114,1,1,0,0,0,0,0,1,1
9,scratch,FP,9/0010.png,409,0.40085554122924805,1,1,0,0,0,0,0,1,1
9,scratch,FP,9/0010.png,410,0.22199471294879913,1,1,0,0,0,0,0,1,1
9,scratch,FP,9/0010.png,411,0.18984369933605194,1,1,0,0,0,0,0,1,1
9,scratch,FP,9/0010.png,412,0.18131226301193237,1,1,0,0,0,0,0,1,1
9,scratch,FP,9/0010.png,413,0.1021469458937645,1,1,0,0,0,0,0,1,1
9,scratch,FP,9/0010.png,414,0.17894244194030762,1,1,0,0,0,0,0,1,1
9,scratch,FP,9/0010.png,415,0.23233653604984283,1,1,0,0,0,0,0,1,1
9,scratch,FP,9/0010.png,416,0.18793047964572906,1,1,0,0,0,0,0,1,1
9,scratch,FP,9/0010.png,417,0.2733665108680725,1,1,0,0,0,0,0,1,1
9,scratch,FP,9/0010.png,418,0.020397808402776718,1,1,0,0,0,0,0,1,1
9,scratch,FP,9/0010.png,419,0.21417400240898132,1,1,0,0,0,0,0,1,1
9,scratch,FP,9/0010.png,420,0.4242923855781555,1,1,0,0,0,0,0,1,1
9,scratch,FP,9/0010.png,421,0.025852831080555916,1,1,0,0,0,0,0,1,1
9,scratch,FP,9/0010.png,422,0.0,1,1,0,0,0,0,0,1,1
9,scratch,FP,9/0010.png,423,0.07694417983293533,1,1,0,0,0,0,0,1,1
9,scratch,FP,9/0010.png,424,0.056419290602207184,1,1,0,0,0,0,0,1,1
9,scratch,FP,9/0010.png,425,0.8540610671043396,1,1,0,0,0,0,0,1,1
9,scratch,FP,9/0010.png,426,0.8585973381996155,1,1,0,0,0,0,0,1,1
9,scratch,FP,9/0010.png,427,0.1312209665775299,1,1,0,0,0,0,0,1,1
9,scratch,FP,9/0010.png,428,0.043386202305555344,1,1,0,0,0,0,0,1,1
9,scratch,FP,9/0010.png,429,0.030352964997291565,1,1,0,0,0,0,0,1,1
9,scratch,FP,9/0010.png,430,0.06485915929079056,1,1,0,0,0,0,0,1,1
9,scratch,FP,9/0010.png,431,0.12665873765945435,1,1,0,0,0,0,0,1,1
9,scratch,FP,9/0010.png,432,0.5262704491615295,1,1,0,0,0,0,0,1,1
9,scratch,FP,9/0010.png,433,0.38755735754966736,1,1,0,0,0,0,0,1,1
9,scratch,FP,9/0010.png,434,0.028740396723151207,1,1,0,0,0,0,0,1,1
9,scratch,FP,9/0010.png,435,0.31069254875183105,1,1,0,0,0,0,0,1,1
9,scratch,FP,9/0010.png,436,0.06253553926944733,1,1,0,0,0,0,0,1,1
9,scratch,FP,9/0010.png,437,0.013078239746391773,1,1,0,0,0,0,0,1,1
9,scratch,FP,9/0010.png,438,0.17659492790699005,1,1,0,0,0,0,0,1,1
9,scratch,FP,9/0010.png,439,0.4917556941509247,1,1,0,0,0,0,0,1,1
9,scratch,FP,9/0010.png,440,0.7772637009620667,1,1,0,0,0,0,0,1,1
9,scratch,FP,9/0010.png,441,0.19456994533538818,1,1,0,0,0,0,0,1,1
9,scratch,FP,9/0010.png,442,0.2599193751811981,1,1,0,0,0,0,0,1,1
9,scratch,FP,9/0010.png,443,0.4743403494358063,1,1,0,0,0,0,0,1,1
9,scratch,FP,9/0010.png,444,0.46601948142051697,1,1,0,0,0,0,0,1,1
9,scratch,FP,9/0010.png,445,0.14269103109836578,1,1,0,0,0,0,0,1,1
9,scratch,FP,9/0010.png,446,0.7744705677032471,1,1,0,0,0,0,0,1,1
9,scratch,FP,9/0010.png,447,0.14940060675144196,1,1,0,0,0,0,0,1,1
9,scratch,FP,9/0010.png,448,0.01363193616271019,1,1,0,0,0,0,0,1,1
9,scratch,FP,9/0010.png,449,0.2517680525779724,1,1,0,0,0,0,0,1,1
9,scratch,FP,9/0010.png,450,0.5569608807563782,1,1,0,0,0,0,0,1,1
9,scratch,FP,9/0010.png,451,0.42925748229026794,1,1,0,0,0,0,0,1,1
9,scratch,FP,9/0010.png,452,0.278580904006958,1,1,0,0,0,0,0,1,1
9,scratch,FP,9/0010.png,453,0.426898717880249,1,1,0,0,0,0,0,1,1
9,scratch,FP,9/0010.png,454,0.018447650596499443,1,1,0,0,0,0,0,1,1
9,scratch,FP,9/0010.png,455,0.23323114216327667,1,1,0,0,0,0,0,1,1
9,scratch,FP,9/0010.png,456,0.3145464360713959,1,1,0,0,0,0,0,1,1
9,scratch,FP,9/0010.png,457,0.24370929598808289,1,1,0,0,0,0,0,1,1
9,scratch,FP,9/0010.png,458,0.043371062725782394,1,1,0,0,0,0,0,1,1
9,scratch,FP,9/0010.png,459,0.17256589233875275,1,1,0,0,0,0,0,1,1
9,scratch,FP,9/0010.png,460,0.31804096698760986,1,1,0,0,0,0,0,1,1
9,scratch,FP,9/0010.png,461,0.24489472806453705,1,1,0,0,0,0,0,1,1
9,scratch,FP,9/0010.png,462,0.12728896737098694,1,1,0,0,0,0,0,1,1
9,scratch,FP,9/0010.png,463,0.010751836001873016,1,1,0,0,0,0,0,1,1
9,scratch,FP,9/0010.png,464,0.11360327154397964,1,1,0,0,0,0,0,1,1
9,scratch,FP,9/0010.png,465,0.4195363521575928,1,1,0,0,0,0,0,1,1
9,scratch,FP,9/0010.png,466,0.009662015363574028,1,1,0,0,0,0,0,1,1
9,scratch,FP,9/0010.png,467,0.07292158901691437,1,1,0,0,0,0,0,1,1
9,scratch,FP,9/0010.png,468,0.5455672740936279,1,1,0,0,0,0,0,1,1
9,scratch,FP,9/0010.png,469,0.058787159621715546,1,1,0,0,0,0,0,1,1
9,scratch,FP,9/0010.png,470,0.6701537370681763,1,1,0,0,0,0,0,1,1
9,scratch,FP,9/0010.png,471,0.17339660227298737,1,1,0,0,0,0,0,1,1
9,scratch,FP,9/0010.png,472,0.3417433798313141,1,1,0,0,0,0,0,1,1
9,scratch,FP,9/0010.png,473,0.3484449088573456,1,1,0,0,0,0,0,1,1
9,scratch,FP,9/0010.png,474,0.22745533287525177,1,1,0,0,0,0,0,1,1
9,scratch,FP,9/0010.png,475,0.4274722933769226,1,1,0,0,0,0,0,1,1
9,scratch,FP,9/0010.png,476,0.14887931942939758,1,1,0,0,0,0,0,1,1
9,scratch,FP,9/0010.png,477,0.12784241139888763,1,1,0,0,0,0,0,1,1
9,scratch,FP,9/0010.png,478,0.437078058719635,1,1,0,0,0,0,0,1,1
9,scratch,FP,9/0010.png,479,0.15763287246227264,1,1,0,0,0,0,0,1,1
9,scratch,FP,9/0010.png,480,0.216389000415802,1,1,0,0,0,0,0,1,1
9,scratch,FP,9/0010.png,481,0.028980152681469917,1,1,0,0,0,0,0,1,1
9,scratch,FP,9/0010.png,482,0.316912442445755,1,1,0,0,0,0,0,1,1
9,scratch,FP,9/0010.png,483,0.10205373913049698,1,1,0,0,0,0,0,1,1
9,scratch,FP,9/0010.png,484,0.23390962183475494,1,1,0,0,0,0,0,1,1
9,scratch,FP,9/0010.png,485,0.1075124442577362,1,1,0,0,0,0,0,1,1
9,scratch,FP,9/0010.png,486,0.21937645971775055,1,1,0,0,0,0,0,1,1
9,scratch,FP,9/0010.png,487,0.1371002048254013,1,1,0,0,0,0,0,1,1
9,scratch,FP,9/0010.png,488,0.24999743700027466,1,1,0,0,0,0,0,1,1
9,scratch,FP,9/0010.png,489,0.1643621027469635,1,1,0,0,0,0,0,1,1
9,scratch,FP,9/0010.png,490,0.3437075614929199,1,1,0,0,0,0,0,1,1
9,scratch,FP,9/0010.png,491,0.5223994255065918,1,1,0,0,0,0,0,1,1
9,scratch,FP,9/0010.png,492,0.46488872170448303,1,1,0,0,0,0,0,1,1
9,scratch,FP,9/0010.png,493,0.21378330886363983,1,1,0,0,0,0,0,1,1
9,scratch,FP,9/0010.png,494,0.6646972298622131,1,1,0,0,0,0,0,1,1
9,scratch,FP,9/0010.png,495,0.23482060432434082,1,1,0,0,0,0,0,1,1
9,scratch,FP,9/0010.png,496,0.5352651476860046,1,1,0,0,0,0,0,1,1
9,scratch,FP,9/0010.png,497,0.03956107050180435,1,1,0,0,0,0,0,1,1
9,scratch,FP,9/0010.png,498,0.3085377812385559,1,1,0,0,0,0,0,1,1
9,scratch,FP,9/0010.png,499,0.8324916362762451,1,1,0,0,0,0,0,1,1
9,scratch,FP,9/0010.png,500,0.1371636539697647,1,1,0,0,0,0,0,1,1
9,scratch,FP,9/0010.png,501,0.30831587314605713,1,1,0,0,0,0,0,1,1
9,scratch,FP,9/0010.png,502,0.335687518119812,1,1,0,0,0,0,0,1,1
9,scratch,FP,9/0010.png,503,0.30767306685447693,1,1,0,0,0,0,0,1,1
9,scratch,FP,9/0010.png,504,0.5941058993339539,1,1,0,0,0,0,0,1,1
9,scratch,FP,9/0010.png,505,0.07264174520969391,1,1,0,0,0,0,0,1,1
9,scratch,FP,9/0010.png,506,0.1112026646733284,1,1,0,0,0,0,0,1,1
9,scratch,FP,9/0010.png,507,0.0113793620839715,1,1,0,0,0,0,0,1,1
9,scratch,FP,9/0010.png,508,0.12034513801336288,1,1,0,0,0,0,0,1,1
9,scratch,FP,9/0010.png,509,0.016750667244195938,1,1,0,0,0,0,0,1,1
9,scratch,FP,9/0010.png,510,0.3528457581996918,1,1,0,0,0,0,0,1,1
9,scratch,FP,9/0010.png,511,0.28157517313957214,1,1,0,0,0,0,0,1,1
13,pretrained,TP,13/0010.png,0,1.6161350011825562,1,1,0,0,0,1,0,0,0
13,pretrained,TP,13/0010.png,1,1.03322434425354,1,1,0,0,0,1,0,0,0
13,pretrained,TP,13/0010.png,2,1.4845601320266724,1,1,0,0,0,1,0,0,0
13,pretrained,TP,13/0010.png,3,2.0194690227508545,1,1,0,0,0,1,0,0,0
13,pretrained,TP,13/0010.png,4,0.6145458817481995,1,1,0,0,0,1,0,0,0
13,pretrained,TP,13/0010.png,5,0.4720157980918884,1,1,0,0,0,1,0,0,0
13,pretrained,TP,13/0010.png,6,0.1395307332277298,1,1,0,0,0,1,0,0,0
13,pretrained,TP,13/0010.png,7,1.7757257223129272,1,1,0,0,0,1,0,0,0
13,pretrained,TP,13/0010.png,8,0.8682470321655273,1,1,0,0,0,1,0,0,0
13,pretrained,TP,13/0010.png,9,0.5912171602249146,1,1,0,0,0,1,0,0,0
13,pretrained,TP,13/0010.png,10,0.28603431582450867,1,1,0,0,0,1,0,0,0
13,pretrained,TP,13/0010.png,11,2.1070728302001953,1,1,0,0,0,1,0,0,0
13,pretrained,TP,13/0010.png,12,0.36216023564338684,1,1,0,0,0,1,0,0,0
13,pretrained,TP,13/0010.png,13,0.9524661302566528,1,1,0,0,0,1,0,0,0
13,pretrained,TP,13/0010.png,14,2.134047508239746,1,1,0,0,0,1,0,0,0
13,pretrained,TP,13/0010.png,15,0.8220903873443604,1,1,0,0,0,1,0,0,0
13,pretrained,TP,13/0010.png,16,0.8161571025848389,1,1,0,0,0,1,0,0,0
13,pretrained,TP,13/0010.png,17,1.2930753231048584,1,1,0,0,0,1,0,0,0
13,pretrained,TP,13/0010.png,18,0.09815752506256104,1,1,0,0,0,1,0,0,0
13,pretrained,TP,13/0010.png,19,0.7727243900299072,1,1,0,0,0,1,0,0,0
13,pretrained,TP,13/0010.png,20,1.6876598596572876,1,1,0,0,0,1,0,0,0
13,pretrained,TP,13/0010.png,21,1.3537012338638306,1,1,0,0,0,1,0,0,0
13,pretrained,TP,13/0010.png,22,0.05281587690114975,1,1,0,0,0,1,0,0,0
13,pretrained,TP,13/0010.png,23,1.8951612710952759,1,1,0,0,0,1,0,0,0
13,pretrained,TP,13/0010.png,24,0.7172520756721497,1,1,0,0,0,1,0,0,0
13,pretrained,TP,13/0010.png,25,0.2792930603027344,1,1,0,0,0,1,0,0,0
13,pretrained,TP,13/0010.png,26,0.1637495756149292,1,1,0,0,0,1,0,0,0
13,pretrained,TP,13/0010.png,27,0.037220895290374756,1,1,0,0,0,1,0,0,0
13,pretrained,TP,13/0010.png,28,1.9154094457626343,1,1,0,0,0,1,0,0,0
13,pretrained,TP,13/0010.png,29,0.259196400642395,1,1,0,0,0,1,0,0,0
13,pretrained,TP,13/0010.png,30,0.4965496361255646,1,1,0,0,0,1,0,0,0
13,pretrained,TP,13/0010.png,31,0.9787867665290833,1,1,0,0,0,1,0,0,0
13,pretrained,TP,13/0010.png,32,1.6904805898666382,1,1,0,0,0,1,0,0,0
13,pretrained,TP,13/0010.png,33,1.0190261602401733,1,1,0,0,0,1,0,0,0
13,pretrained,TP,13/0010.png,34,0.03894014656543732,1,1,0,0,0,1,0,0,0
13,pretrained,TP,13/0010.png,35,0.7081357836723328,1,1,0,0,0,1,0,0,0
13,pretrained,TP,13/0010.png,36,0.25352761149406433,1,1,0,0,0,1,0,0,0
13,pretrained,TP,13/0010.png,37,0.6275647878646851,1,1,0,0,0,1,0,0,0
13,pretrained,TP,13/0010.png,38,2.4954540729522705,1,1,0,0,0,1,0,0,0
13,pretrained,TP,13/0010.png,39,0.8738173842430115,1,1,0,0,0,1,0,0,0
13,pretrained,TP,13/0010.png,40,0.7256617546081543,1,1,0,0,0,1,0,0,0
13,pretrained,TP,13/0010.png,41,0.002032708143815398,1,1,0,0,0,1,0,0,0
13,pretrained,TP,13/0010.png,42,1.7972661256790161,1,1,0,0,0,1,0,0,0
13,pretrained,TP,13/0010.png,43,2.015756607055664,1,1,0,0,0,1,0,0,0
13,pretrained,TP,13/0010.png,44,0.26061251759529114,1,1,0,0,0,1,0,0,0
13,pretrained,TP,13/0010.png,45,0.08636399358510971,1,1,0,0,0,1,0,0,0
13,pretrained,TP,13/0010.png,46,2.775902032852173,1,1,0,0,0,1,0,0,0
13,pretrained,TP,13/0010.png,47,0.12474075704813004,1,1,0,0,0,1,0,0,0
13,pretrained,TP,13/0010.png,48,0.6503804922103882,1,1,0,0,0,1,0,0,0
13,pretrained,TP,13/0010.png,49,2.103790760040283,1,1,0,0,0,1,0,0,0
13,pretrained,TP,13/0010.png,50,1.5712809562683105,1,1,0,0,0,1,0,0,0
13,pretrained,TP,13/0010.png,51,0.19421076774597168,1,1,0,0,0,1,0,0,0
13,pretrained,TP,13/0010.png,52,1.304909110069275,1,1,0,0,0,1,0,0,0
13,pretrained,TP,13/0010.png,53,0.001454584882594645,1,1,0,0,0,1,0,0,0
13,pretrained,TP,13/0010.png,54,1.5442825555801392,1,1,0,0,0,1,0,0,0
13,pretrained,TP,13/0010.png,55,0.7247382998466492,1,1,0,0,0,1,0,0,0
13,pretrained,TP,13/0010.png,56,1.1394964456558228,1,1,0,0,0,1,0,0,0
13,pretrained,TP,13/0010.png,57,2.5840165615081787,1,1,0,0,0,1,0,0,0
13,pretrained,TP,13/0010.png,58,0.33239278197288513,1,1,0,0,0,1,0,0,0
13,pretrained,TP,13/0010.png,59,0.9413072466850281,1,1,0,0,0,1,0,0,0
13,pretrained,TP,13/0010.png,60,1.786202311515808,1,1,0,0,0,1,0,0,0
13,pretrained,TP,13/0010.png,61,1.4968479871749878,1,1,0,0,0,1,0,0,0
13,pretrained,TP,13/0010.png,62,0.06894007325172424,1,1,0,0,0,1,0,0,0
13,pretrained,TP,13/0010.png,63,0.6346362829208374,1,1,0,0,0,1,0,0,0
13,pretrained,TP,13/0010.png,64,0.6733588576316833,1,1,0,0,0,1,0,0,0
13,pretrained,TP,13/0010.png,65,0.8194461464881897,1,1,0,0,0,1,0,0,0
13,pretrained,TP,13/0010.png,66,0.36596158146858215,1,1,0,0,0,1,0,0,0
13,pretrained,TP,13/0010.png,67,1.145835280418396,1,1,0,0,0,1,0,0,0
13,pretrained,TP,13/0010.png,68,1.3742704391479492,1,1,0,0,0,1,0,0,0
13,pretrained,TP,13/0010.png,69,0.8861134648323059,1,1,0,0,0,1,0,0,0
13,pretrained,TP,13/0010.png,70,0.37576812505722046,1,1,0,0,0,1,0,0,0
13,pretrained,TP,13/0010.png,71,0.17999504506587982,1,1,0,0,0,1,0,0,0
13,pretrained,TP,13/0010.png,72,0.496718168258667,1,1,0,0,0,1,0,0,0
13,pretrained,TP,13/0010.png,73,0.4206869900226593,1,1,0,0,0,1,0,0,0
13,pretrained,TP,13/0010.png,74,0.7416700124740601,1,1,0,0,0,1,0,0,0
13,pretrained,TP,13/0010.png,75,0.19972510635852814,1,1,0,0,0,1,0,0,0
13,pretrained,TP,13/0010.png,76,0.24225379526615143,1,1,0,0,0,1,0,0,0
13,pretrained,TP,13/0010.png,77,2.4069876670837402,1,1,0,0,0,1,0,0,0
13,pretrained,TP,13/0010.png,78,0.6583398580551147,1,1,0,0,0,1,0,0,0
13,pretrained,TP,13/0010.png,79,0.31504592299461365,1,1,0,0,0,1,0,0,0
13,pretrained,TP,13/0010.png,80,0.6103683710098267,1,1,0,0,0,1,0,0,0
13,pretrained,TP,13/0010.png,81,0.5114386677742004,1,1,0,0,0,1,0,0,0
13,pretrained,TP,13/0010.png,82,1.258182168006897,1,1,0,0,0,1,0,0,0
13,pretrained,TP,13/0010.png,83,0.1609172821044922,1,1,0,0,0,1,0,0,0
13,pretrained,TP,13/0010.png,84,0.3228398263454437,1,1,0,0,0,1,0,0,0
13,pretrained,TP,13/0010.png,85,0.6589370369911194,1,1,0,0,0,1,0,0,0
13,pretrained,TP,13/0010.png,86,0.09882324934005737,1,1,0,0,0,1,0,0,0
13,pretrained,TP,13/0010.png,87,1.306781530380249,1,1,0,0,0,1,0,0,0
13,pretrained,TP,13/0010.png,88,0.24041816592216492,1,1,0,0,0,1,0,0,0
13,pretrained,TP,13/0010.png,89,1.954695701599121,1,1,0,0,0,1,0,0,0
13,pretrained,TP,13/0010.png,90,0.21042035520076752,1,1,0,0,0,1,0,0,0
13,pretrained,TP,13/0010.png,91,1.3170140981674194,1,1,0,0,0,1,0,0,0
13,pretrained,TP,13/0010.png,92,1.0584214925765991,1,1,0,0,0,1,0,0,0
13,pretrained,TP,13/0010.png,93,0.13789576292037964,1,1,0,0,0,1,0,0,0
13,pretrained,TP,13/0010.png,94,2.064568042755127,1,1,0,0,0,1,0,0,0
13,pretrained,TP,13/0010.png,95,1.4287370443344116,1,1,0,0,0,1,0,0,0
13,pretrained,TP,13/0010.png,96,1.2169171571731567,1,1,0,0,0,1,0,0,0
13,pretrained,TP,13/0010.png,97,0.7849318981170654,1,1,0,0,0,1,0,0,0
13,pretrained,TP,13/0010.png,98,0.7374089956283569,1,1,0,0,0,1,0,0,0
13,pretrained,TP,13/0010.png,99,0.851392924785614,1,1,0,0,0,1,0,0,0
13,pretrained,TP,13/0010.png,100,0.47894543409347534,1,1,0,0,0,1,0,0,0
13,pretrained,TP,13/0010.png,101,1.321773648262024,1,1,0,0,0,1,0,0,0
13,pretrained,TP,13/0010.png,102,0.14755171537399292,1,1,0,0,0,1,0,0,0
13,pretrained,TP,13/0010.png,103,0.31551307439804077,1,1,0,0,0,1,0,0,0
13,pretrained,TP,13/0010.png,104,0.8890919089317322,1,1,0,0,0,1,0,0,0
13,pretrained,TP,13/0010.png,105,0.09276608377695084,1,1,0,0,0,1,0,0,0
13,pretrained,TP,13/0010.png,106,0.39717724919319153,1,1,0,0,0,1,0,0,0
13,pretrained,TP,13/0010.png,107,0.6505846381187439,1,1,0,0,0,1,0,0,0
13,pretrained,TP,13/0010.png,108,0.7009836435317993,1,1,0,0,0,1,0,0,0
13,pretrained,TP,13/0010.png,109,0.2542112469673157,1,1,0,0,0,1,0,0,0
13,pretrained,TP,13/0010.png,110,0.4392799139022827,1,1,0,0,0,1,0,0,0
13,pretrained,TP,13/0010.png,111,1.0993620157241821,1,1,0,0,0,1,0,0,0
13,pretrained,TP,13/0010.png,112,1.0356684923171997,1,1,0,0,0,1,0,0,0
13,pretrained,TP,13/0010.png,113,1.5838862657546997,1,1,0,0,0,1,0,0,0
13,pretrained,TP,13/0010.png,114,0.21766409277915955,1,1,0,0,0,1,0,0,0
13,pretrained,TP,13/0010.png,115,0.18934857845306396,1,1,0,0,0,1,0,0,0
13,pretrained,TP,13/0010.png,116,0.5397369861602783,1,1,0,0,0,1,0,0,0
13,pretrained,TP,13/0010.png,117,0.9909423589706421,1,1,0,0,0,1,0,0,0
13,pretrained,TP,13/0010.png,118,0.23635278642177582,1,1,0,0,0,1,0,0,0
13,pretrained,TP,13/0010.png,119,1.4080877304077148,1,1,0,0,0,1,0,0,0
13,pretrained,TP,13/0010.png,120,1.8913905620574951,1,1,0,0,0,1,0,0,0
13,pretrained,TP,13/0010.png,121,1.0146570205688477,1,1,0,0,0,1,0,0,0
13,pretrained,TP,13/0010.png,122,0.06334149837493896,1,1,0,0,0,1,0,0,0
13,pretrained,TP,13/0010.png,123,0.6808222532272339,1,1,0,0,0,1,0,0,0
13,pretrained,TP,13/0010.png,124,0.36668169498443604,1,1,0,0,0,1,0,0,0
13,pretrained,TP,13/0010.png,125,1.6151663064956665,1,1,0,0,0,1,0,0,0
13,pretrained,TP,13/0010.png,126,1.3583617210388184,1,1,0,0,0,1,0,0,0
13,pretrained,TP,13/0010.png,127,0.7813137769699097,1,1,0,0,0,1,0,0,0
13,pretrained,TP,13/0010.png,128,0.910188615322113,1,1,0,0,0,1,0,0,0
13,pretrained,TP,13/0010.png,129,0.19997702538967133,1,1,0,0,0,1,0,0,0
13,pretrained,TP,13/0010.png,130,0.4656469523906708,1,1,0,0,0,1,0,0,0
13,pretrained,TP,13/0010.png,131,0.2944796085357666,1,1,0,0,0,1,0,0,0
13,pretrained,TP,13/0010.png,132,1.660048007965088,1,1,0,0,0,1,0,0,0
13,pretrained,TP,13/0010.png,133,0.3859194219112396,1,1,0,0,0,1,0,0,0
13,pretrained,TP,13/0010.png,134,1.5339726209640503,1,1,0,0,0,1,0,0,0
13,pretrained,TP,13/0010.png,135,0.8877173662185669,1,1,0,0,0,1,0,0,0
13,pretrained,TP,13/0010.png,136,0.9832460284233093,1,1,0,0,0,1,0,0,0
13,pretrained,TP,13/0010.png,137,0.4547532796859741,1,1,0,0,0,1,0,0,0
13,pretrained,TP,13/0010.png,138,0.009199977852404118,1,1,0,0,0,1,0,0,0
13,pretrained,TP,13/0010.png,139,0.19223207235336304,1,1,0,0,0,1,0,0,0
13,pretrained,TP,13/0010.png,140,3.332740545272827,1,1,0,0,0,1,0,0,0
13,pretrained,TP,13/0010.png,141,0.834570586681366,1,1,0,0,0,1,0,0,0
13,pretrained,TP,13/0010.png,142,1.9985260963439941,1,1,0,0,0,1,0,0,0
13,pretrained,TP,13/0010.png,143,1.4355835914611816,1,1,0,0,0,1,0,0,0
13,pretrained,TP,13/0010.png,144,0.5268703103065491,1,1,0,0,0,1,0,0,0
13,pretrained,TP,13/0010.png,145,0.4094903767108917,1,1,0,0,0,1,0,0,0
13,pretrained,TP,13/0010.png,146,1.1418726444244385,1,1,0,0,0,1,0,0,0
13,pretrained,TP,13/0010.png,147,0.11959874629974365,1,1,0,0,0,1,0,0,0
13,pretrained,TP,13/0010.png,148,0.0006156610324978828,1,1,0,0,0,1,0,0,0
13,pretrained,TP,13/0010.png,149,1.686915397644043,1,1,0,0,0,1,0,0,0
13,pretrained,TP,13/0010.png,150,0.5450497269630432,1,1,0,0,0,1,0,0,0
13,pretrained,TP,13/0010.png,151,1.1971909999847412,1,1,0,0,0,1,0,0,0
13,pretrained,TP,13/0010.png,152,1.2308228015899658,1,1,0,0,0,1,0,0,0
13,pretrained,TP,13/0010.png,153,0.40105578303337097,1,1,0,0,0,1,0,0,0
13,pretrained,TP,13/0010.png,154,0.5943607687950134,1,1,0,0,0,1,0,0,0
13,pretrained,TP,13/0010.png,155,0.7382446527481079,1,1,0,0,0,1,0,0,0
13,pretrained,TP,13/0010.png,156,1.3623418807983398,1,1,0,0,0,1,0,0,0
13,pretrained,TP,13/0010.png,157,0.6171989440917969,1,1,0,0,0,1,0,0,0
13,pretrained,TP,13/0010.png,158,1.1125487089157104,1,1,0,0,0,1,0,0,0
13,pretrained,TP,13/0010.png,159,0.6753962635993958,1,1,0,0,0,1,0,0,0
13,pretrained,TP,13/0010.png,160,0.8649169206619263,1,1,0,0,0,1,0,0,0
13,pretrained,TP,13/0010.png,161,0.791661262512207,1,1,0,0,0,1,0,0,0
13,pretrained,TP,13/0010.png,162,2.5307412147521973,1,1,0,0,0,1,0,0,0
13,pretrained,TP,13/0010.png,163,0.7682016491889954,1,1,0,0,0,1,0,0,0
13,pretrained,TP,13/0010.png,164,1.4595000743865967,1,1,0,0,0,1,0,0,0
13,pretrained,TP,13/0010.png,165,0.002701078774407506,1,1,0,0,0,1,0,0,0
13,pretrained,TP,13/0010.png,166,0.6182874441146851,1,1,0,0,0,1,0,0,0
13,pretrained,TP,13/0010.png,167,0.01229263935238123,1,1,0,0,0,1,0,0,0
13,pretrained,TP,13/0010.png,168,0.5657552480697632,1,1,0,0,0,1,0,0,0
13,pretrained,TP,13/0010.png,169,0.1446186751127243,1,1,0,0,0,1,0,0,0
13,pretrained,TP,13/0010.png,170,0.6364179253578186,1,1,0,0,0,1,0,0,0
13,pretrained,TP,13/0010.png,171,0.050605133175849915,1,1,0,0,0,1,0,0,0
13,pretrained,TP,13/0010.png,172,0.058951377868652344,1,1,0,0,0,1,0,0,0
13,pretrained,TP,13/0010.png,173,1.0474045276641846,1,1,0,0,0,1,0,0,0
13,pretrained,TP,13/0010.png,174,0.27096042037010193,1,1,0,0,0,1,0,0,0
13,pretrained,TP,13/0010.png,175,0.9611549377441406,1,1,0,0,0,1,0,0,0
13,pretrained,TP,13/0010.png,176,1.7494319677352905,1,1,0,0,0,1,0,0,0
13,pretrained,TP,13/0010.png,177,0.0,1,1,0,0,0,1,0,0,0
13,pretrained,TP,13/0010.png,178,1.9366222620010376,1,1,0,0,0,1,0,0,0
13,pretrained,TP,13/0010.png,179,0.03782149404287338,1,1,0,0,0,1,0,0,0
13,pretrained,TP,13/0010.png,180,1.1629080772399902,1,1,0,0,0,1,0,0,0
13,pretrained,TP,13/0010.png,181,0.27888625860214233,1,1,0,0,0,1,0,0,0
13,pretrained,TP,13/0010.png,182,3.339770793914795,1,1,0,0,0,1,0,0,0
13,pretrained,TP,13/0010.png,183,1.572421908378601,1,1,0,0,0,1,0,0,0
13,pretrained,TP,13/0010.png,184,1.1642524003982544,1,1,0,0,0,1,0,0,0
13,pretrained,TP,13/0010.png,185,0.8792322874069214,1,1,0,0,0,1,0,0,0
13,pretrained,TP,13/0010.png,186,0.416104257106781,1,1,0,0,0,1,0,0,0
13,pretrained,TP,13/0010.png,187,1.2015153169631958,1,1,0,0,0,1,0,0,0
13,pretrained,TP,13/0010.png,188,0.7064442038536072,1,1,0,0,0,1,0,0,0
13,pretrained,TP,13/0010.png,189,0.18132665753364563,1,1,0,0,0,1,0,0,0
13,pretrained,TP,13/0010.png,190,0.6418632864952087,1,1,0,0,0,1,0,0,0
13,pretrained,TP,13/0010.png,191,0.5918711423873901,1,1,0,0,0,1,0,0,0
13,pretrained,TP,13/0010.png,192,2.581231117248535,1,1,0,0,0,1,0,0,0
13,pretrained,TP,13/0010.png,193,1.6803624629974365,1,1,0,0,0,1,0,0,0
13,pretrained,TP,13/0010.png,194,0.5760582685470581,1,1,0,0,0,1,0,0,0
13,pretrained,TP,13/0010.png,195,0.8526648879051208,1,1,0,0,0,1,0,0,0
13,pretrained,TP,13/0010.png,196,0.960480272769928,1,1,0,0,0,1,0,0,0
13,pretrained,TP,13/0010.png,197,0.5568339824676514,1,1,0,0,0,1,0,0,0
13,pretrained,TP,13/0010.png,198,0.5977314710617065,1,1,0,0,0,1,0,0,0
13,pretrained,TP,13/0010.png,199,0.050163257867097855,1,1,0,0,0,1,0,0,0
13,pretrained,TP,13/0010.png,200,0.5304682850837708,1,1,0,0,0,1,0,0,0
13,pretrained,TP,13/0010.png,201,1.9570318460464478,1,1,0,0,0,1,0,0,0
13,pretrained,TP,13/0010.png,202,1.681683897972107,1,1,0,0,0,1,0,0,0
13,pretrained,TP,13/0010.png,203,0.5365434885025024,1,1,0,0,0,1,0,0,0
13,pretrained,TP,13/0010.png,204,0.8337405323982239,1,1,0,0,0,1,0,0,0
13,pretrained,TP,13/0010.png,205,1.9115957021713257,1,1,0,0,0,1,0,0,0
13,pretrained,TP,13/0010.png,206,1.7627620697021484,1,1,0,0,0,1,0,0,0
13,pretrained,TP,13/0010.png,207,0.3372020423412323,1,1,0,0,0,1,0,0,0
13,pretrained,TP,13/0010.png,208,0.3578079640865326,1,1,0,0,0,1,0,0,0
13,pretrained,TP,13/0010.png,209,1.1699684858322144,1,1,0,0,0,1,0,0,0
13,pretrained,TP,13/0010.png,210,0.1260375678539276,1,1,0,0,0,1,0,0,0
13,pretrained,TP,13/0010.png,211,0.3309963643550873,1,1,0,0,0,1,0,0,0
13,pretrained,TP,13/0010.png,212,1.0045384168624878,1,1,0,0,0,1,0,0,0
13,pretrained,TP,13/0010.png,213,2.7974894046783447,1,1,0,0,0,1,0,0,0
13,pretrained,TP,13/0010.png,214,0.9649024605751038,1,1,0,0,0,1,0,0,0
13,pretrained,TP,13/0010.png,215,1.2006378173828125,1,1,0,0,0,1,0,0,0
13,pretrained,TP,13/0010.png,216,0.4398757815361023,1,1,0,0,0,1,0,0,0
13,pretrained,TP,13/0010.png,217,0.5378906726837158,1,1,0,0,0,1,0,0,0
13,pretrained,TP,13/0010.png,218,1.4909776449203491,1,1,0,0,0,1,0,0,0
13,pretrained,TP,13/0010.png,219,0.3874097466468811,1,1,0,0,0,1,0,0,0
13,pretrained,TP,13/0010.png,220,0.4989328682422638,1,1,0,0,0,1,0,0,0
13,pretrained,TP,13/0010.png,221,0.6201554536819458,1,1,0,0,0,1,0,0,0
13,pretrained,TP,13/0010.png,222,0.7569279670715332,1,1,0,0,0,1,0,0,0
13,pretrained,TP,13/0010.png,223,0.4565252959728241,1,1,0,0,0,1,0,0,0
13,pretrained,TP,13/0010.png,224,0.1305183470249176,1,1,0,0,0,1,0,0,0
13,pretrained,TP,13/0010.png,225,0.9442646503448486,1,1,0,0,0,1,0,0,0
13,pretrained,TP,13/0010.png,226,0.5044528245925903,1,1,0,0,0,1,0,0,0
13,pretrained,TP,13/0010.png,227,1.2386466264724731,1,1,0,0,0,1,0,0,0
13,pretrained,TP,13/0010.png,228,0.3659326136112213,1,1,0,0,0,1,0,0,0
13,pretrained,TP,13/0010.png,229,1.3806893825531006,1,1,0,0,0,1,0,0,0
13,pretrained,TP,13/0010.png,230,1.3276398181915283,1,1,0,0,0,1,0,0,0
13,pretrained,TP,13/0010.png,231,0.34386876225471497,1,1,0,0,0,1,0,0,0
13,pretrained,TP,13/0010.png,232,0.44520068168640137,1,1,0,0,0,1,0,0,0
13,pretrained,TP,13/0010.png,233,1.0167713165283203,1,1,0,0,0,1,0,0,0
13,pretrained,TP,13/0010.png,234,0.17173932492733002,1,1,0,0,0,1,0,0,0
13,pretrained,TP,13/0010.png,235,0.042985949665308,1,1,0,0,0,1,0,0,0
13,pretrained,TP,13/0010.png,236,0.31722018122673035,1,1,0,0,0,1,0,0,0
13,pretrained,TP,13/0010.png,237,1.3060835599899292,1,1,0,0,0,1,0,0,0
13,pretrained,TP,13/0010.png,238,0.15624010562896729,1,1,0,0,0,1,0,0,0
13,pretrained,TP,13/0010.png,239,0.44112280011177063,1,1,0,0,0,1,0,0,0
13,pretrained,TP,13/0010.png,240,0.16811731457710266,1,1,0,0,0,1,0,0,0
13,pretrained,TP,13/0010.png,241,0.477947860956192,1,1,0,0,0,1,0,0,0
13,pretrained,TP,13/0010.png,242,2.025759220123291,1,1,0,0,0,1,0,0,0
13,pretrained,TP,13/0010.png,243,0.60113924741745,1,1,0,0,0,1,0,0,0
13,pretrained,TP,13/0010.png,244,1.3202229738235474,1,1,0,0,0,1,0,0,0
13,pretrained,TP,13/0010.png,245,0.809766411781311,1,1,0,0,0,1,0,0,0
13,pretrained,TP,13/0010.png,246,2.4860548973083496,1,1,0,0,0,1,0,0,0
13,pretrained,TP,13/0010.png,247,0.263163298368454,1,1,0,0,0,1,0,0,0
13,pretrained,TP,13/0010.png,248,0.14286275207996368,1,1,0,0,0,1,0,0,0
13,pretrained,TP,13/0010.png,249,0.7258908152580261,1,1,0,0,0,1,0,0,0
13,pretrained,TP,13/0010.png,250,0.7232649922370911,1,1,0,0,0,1,0,0,0
13,pretrained,TP,13/0010.png,251,0.4374392032623291,1,1,0,0,0,1,0,0,0
13,pretrained,TP,13/0010.png,252,1.2191658020019531,1,1,0,0,0,1,0,0,0
13,pretrained,TP,13/0010.png,253,0.8516985177993774,1,1,0,0,0,1,0,0,0
13,pretrained,TP,13/0010.png,254,1.1844137907028198,1,1,0,0,0,1,0,0,0
13,pretrained,TP,13/0010.png,255,2.613917827606201,1,1,0,0,0,1,0,0,0
13,pretrained,TP,13/0010.png,256,0.5149264335632324,1,1,0,0,0,1,0,0,0
13,pretrained,TP,13/0010.png,257,0.057278867810964584,1,1,0,0,0,1,0,0,0
13,pretrained,TP,13/0010.png,258,1.7749602794647217,1,1,0,0,0,1,0,0,0
13,pretrained,TP,13/0010.png,259,1.4416167736053467,1,1,0,0,0,1,0,0,0
13,pretrained,TP,13/0010.png,260,0.12823925912380219,1,1,0,0,0,1,0,0,0
13,pretrained,TP,13/0010.png,261,1.312913179397583,1,1,0,0,0,1,0,0,0
13,pretrained,TP,13/0010.png,262,3.0591437816619873,1,1,0,0,0,1,0,0,0
13,pretrained,TP,13/0010.png,263,0.13653165102005005,1,1,0,0,0,1,0,0,0
13,pretrained,TP,13/0010.png,264,1.7902718782424927,1,1,0,0,0,1,0,0,0
13,pretrained,TP,13/0010.png,265,0.6949976086616516,1,1,0,0,0,1,0,0,0
13,pretrained,TP,13/0010.png,266,0.26693665981292725,1,1,0,0,0,1,0,0,0
13,pretrained,TP,13/0010.png,267,0.7149539589881897,1,1,0,0,0,1,0,0,0
13,pretrained,TP,13/0010.png,268,1.267340898513794,1,1,0,0,0,1,0,0,0
13,pretrained,TP,13/0010.png,269,0.5388331413269043,1,1,0,0,0,1,0,0,0
13,pretrained,TP,13/0010.png,270,0.3141601085662842,1,1,0,0,0,1,0,0,0
13,pretrained,TP,13/0010.png,271,1.1628996133804321,1,1,0,0,0,1,0,0,0
13,pretrained,TP,13/0010.png,272,0.5553870797157288,1,1,0,0,0,1,0,0,0
13,pretrained,TP,13/0010.png,273,1.1837546825408936,1,1,0,0,0,1,0,0,0
13,pretrained,TP,13/0010.png,274,0.3766867220401764,1,1,0,0,0,1,0,0,0
13,pretrained,TP,13/0010.png,275,1.5029921531677246,1,1,0,0,0,1,0,0,0
13,pretrained,TP,13/0010.png,276,1.1771483421325684,1,1,0,0,0,1,0,0,0
13,pretrained,TP,13/0010.png,277,0.6941894888877869,1,1,0,0,0,1,0,0,0
13,pretrained,TP,13/0010.png,278,2.0288021564483643,1,1,0,0,0,1,0,0,0
13,pretrained,TP,13/0010.png,279,0.5681429505348206,1,1,0,0,0,1,0,0,0
13,pretrained,TP,13/0010.png,280,1.7606017589569092,1,1,0,0,0,1,0,0,0
13,pretrained,TP,13/0010.png,281,0.03125936537981033,1,1,0,0,0,1,0,0,0
13,pretrained,TP,13/0010.png,282,0.026026492938399315,1,1,0,0,0,1,0,0,0
13,pretrained,TP,13/0010.png,283,1.1453548669815063,1,1,0,0,0,1,0,0,0
13,pretrained,TP,13/0010.png,284,0.0013121748343110085,1,1,0,0,0,1,0,0,0
13,pretrained,TP,13/0010.png,285,0.7680458426475525,1,1,0,0,0,1,0,0,0
13,pretrained,TP,13/0010.png,286,0.6802652478218079,1,1,0,0,0,1,0,0,0
13,pretrained,TP,13/0010.png,287,0.4575316905975342,1,1,0,0,0,1,0,0,0
13,pretrained,TP,13/0010.png,288,0.6435805559158325,1,1,0,0,0,1,0,0,0
13,pretrained,TP,13/0010.png,289,0.6385400891304016,1,1,0,0,0,1,0,0,0
13,pretrained,TP,13/0010.png,290,0.9657135009765625,1,1,0,0,0,1,0,0,0
13,pretrained,TP,13/0010.png,291,1.307188868522644,1,1,0,0,0,1,0,0,0
13,pretrained,TP,13/0010.png,292,2.7771146297454834,1,1,0,0,0,1,0,0,0
13,pretrained,TP,13/0010.png,293,0.22390636801719666,1,1,0,0,0,1,0,0,0
13,pretrained,TP,13/0010.png,294,1.8747293949127197,1,1,0,0,0,1,0,0,0
13,pretrained,TP,13/0010.png,295,1.3893018960952759,1,1,0,0,0,1,0,0,0
13,pretrained,TP,13/0010.png,296,0.7393321394920349,1,1,0,0,0,1,0,0,0
13,pretrained,TP,13/0010.png,297,1.4673080444335938,1,1,0,0,0,1,0,0,0
13,pretrained,TP,13/0010.png,298,1.1870262622833252,1,1,0,0,0,1,0,0,0
13,pretrained,TP,13/0010.png,299,1.0238451957702637,1,1,0,0,0,1,0,0,0
13,pretrained,TP,13/0010.png,300,0.841404139995575,1,1,0,0,0,1,0,0,0
13,pretrained,TP,13/0010.png,301,1.6241960525512695,1,1,0,0,0,1,0,0,0
13,pretrained,TP,13/0010.png,302,0.10648609697818756,1,1,0,0,0,1,0,0,0
13,pretrained,TP,13/0010.png,303,1.8416143655776978,1,1,0,0,0,1,0,0,0
13,pretrained,TP,13/0010.png,304,0.5063091516494751,1,1,0,0,0,1,0,0,0
13,pretrained,TP,13/0010.png,305,0.4175128638744354,1,1,0,0,0,1,0,0,0
13,pretrained,TP,13/0010.png,306,0.014540808275341988,1,1,0,0,0,1,0,0,0
13,pretrained,TP,13/0010.png,307,0.7880098819732666,1,1,0,0,0,1,0,0,0
13,pretrained,TP,13/0010.png,308,0.6230051517486572,1,1,0,0,0,1,0,0,0
13,pretrained,TP,13/0010.png,309,0.23641833662986755,1,1,0,0,0,1,0,0,0
13,pretrained,TP,13/0010.png,310,1.0986100435256958,1,1,0,0,0,1,0,0,0
13,pretrained,TP,13/0010.png,311,1.5407426357269287,1,1,0,0,0,1,0,0,0
13,pretrained,TP,13/0010.png,312,1.415813684463501,1,1,0,0,0,1,0,0,0
13,pretrained,TP,13/0010.png,313,1.0024099349975586,1,1,0,0,0,1,0,0,0
13,pretrained,TP,13/0010.png,314,1.4382200241088867,1,1,0,0,0,1,0,0,0
13,pretrained,TP,13/0010.png,315,1.5249922275543213,1,1,0,0,0,1,0,0,0
13,pretrained,TP,13/0010.png,316,0.2625068128108978,1,1,0,0,0,1,0,0,0
13,pretrained,TP,13/0010.png,317,0.4326303005218506,1,1,0,0,0,1,0,0,0
13,pretrained,TP,13/0010.png,318,0.7502224445343018,1,1,0,0,0,1,0,0,0
13,pretrained,TP,13/0010.png,319,1.0819636583328247,1,1,0,0,0,1,0,0,0
13,pretrained,TP,13/0010.png,320,0.23302213847637177,1,1,0,0,0,1,0,0,0
13,pretrained,TP,13/0010.png,321,0.20521117746829987,1,1,0,0,0,1,0,0,0
13,pretrained,TP,13/0010.png,322,1.0303505659103394,1,1,0,0,0,1,0,0,0
13,pretrained,TP,13/0010.png,323,1.5456451177597046,1,1,0,0,0,1,0,0,0
13,pretrained,TP,13/0010.png,324,0.0678091049194336,1,1,0,0,0,1,0,0,0
13,pretrained,TP,13/0010.png,325,0.43250715732574463,1,1,0,0,0,1,0,0,0
13,pretrained,TP,13/0010.png,326,1.2967671155929565,1,1,0,0,0,1,0,0,0
13,pretrained,TP,13/0010.png,327,0.6091262102127075,1,1,0,0,0,1,0,0,0
13,pretrained,TP,13/0010.png,328,1.8782215118408203,1,1,0,0,0,1,0,0,0
13,pretrained,TP,13/0010.png,329,0.5531181693077087,1,1,0,0,0,1,0,0,0
13,pretrained,TP,13/0010.png,330,0.35153818130493164,1,1,0,0,0,1,0,0,0
13,pretrained,TP,13/0010.png,331,0.7537354230880737,1,1,0,0,0,1,0,0,0
13,pretrained,TP,13/0010.png,332,0.8253936767578125,1,1,0,0,0,1,0,0,0
13,pretrained,TP,13/0010.png,333,0.46081772446632385,1,1,0,0,0,1,0,0,0
13,pretrained,TP,13/0010.png,334,1.196854829788208,1,1,0,0,0,1,0,0,0
13,pretrained,TP,13/0010.png,335,0.35006704926490784,1,1,0,0,0,1,0,0,0
13,pretrained,TP,13/0010.png,336,1.6434988975524902,1,1,0,0,0,1,0,0,0
13,pretrained,TP,13/0010.png,337,0.37254616618156433,1,1,0,0,0,1,0,0,0
13,pretrained,TP,13/0010.png,338,0.6844192147254944,1,1,0,0,0,1,0,0,0
13,pretrained,TP,13/0010.png,339,0.00047571866889484227,1,1,0,0,0,1,0,0,0
13,pretrained,TP,13/0010.png,340,0.16196885704994202,1,1,0,0,0,1,0,0,0
13,pretrained,TP,13/0010.png,341,0.22514337301254272,1,1,0,0,0,1,0,0,0
13,pretrained,TP,13/0010.png,342,1.2430182695388794,1,1,0,0,0,1,0,0,0
13,pretrained,TP,13/0010.png,343,1.6108590364456177,1,1,0,0,0,1,0,0,0
13,pretrained,TP,13/0010.png,344,0.985374391078949,1,1,0,0,0,1,0,0,0
13,pretrained,TP,13/0010.png,345,1.1269519329071045,1,1,0,0,0,1,0,0,0
13,pretrained,TP,13/0010.png,346,0.16044652462005615,1,1,0,0,0,1,0,0,0
13,pretrained,TP,13/0010.png,347,0.7027544379234314,1,1,0,0,0,1,0,0,0
13,pretrained,TP,13/0010.png,348,2.620022773742676,1,1,0,0,0,1,0,0,0
13,pretrained,TP,13/0010.png,349,0.4390164315700531,1,1,0,0,0,1,0,0,0
13,pretrained,TP,13/0010.png,350,0.1891460418701172,1,1,0,0,0,1,0,0,0
13,pretrained,TP,13/0010.png,351,0.7342768311500549,1,1,0,0,0,1,0,0,0
13,pretrained,TP,13/0010.png,352,0.5440046191215515,1,1,0,0,0,1,0,0,0
13,pretrained,TP,13/0010.png,353,0.35576197504997253,1,1,0,0,0,1,0,0,0
13,pretrained,TP,13/0010.png,354,0.438348650932312,1,1,0,0,0,1,0,0,0
13,pretrained,TP,13/0010.png,355,0.3361301124095917,1,1,0,0,0,1,0,0,0
13,pretrained,TP,13/0010.png,356,1.312038540840149,1,1,0,0,0,1,0,0,0
13,pretrained,TP,13/0010.png,357,0.5801584124565125,1,1,0,0,0,1,0,0,0
13,pretrained,TP,13/0010.png,358,1.111201286315918,1,1,0,0,0,1,0,0,0
13,pretrained,TP,13/0010.png,359,0.8135542869567871,1,1,0,0,0,1,0,0,0
13,pretrained,TP,13/0010.png,360,0.6872527599334717,1,1,0,0,0,1,0,0,0
13,pretrained,TP,13/0010.png,361,0.17549940943717957,1,1,0,0,0,1,0,0,0
13,pretrained,TP,13/0010.png,362,1.1547772884368896,1,1,0,0,0,1,0,0,0
13,pretrained,TP,13/0010.png,363,0.4576859772205353,1,1,0,0,0,1,0,0,0
13,pretrained,TP,13/0010.png,364,0.20266233384609222,1,1,0,0,0,1,0,0,0
13,pretrained,TP,13/0010.png,365,0.362754225730896,1,1,0,0,0,1,0,0,0
13,pretrained,TP,13/0010.png,366,1.389554738998413,1,1,0,0,0,1,0,0,0
13,pretrained,TP,13/0010.png,367,0.40551698207855225,1,1,0,0,0,1,0,0,0
13,pretrained,TP,13/0010.png,368,1.2770448923110962,1,1,0,0,0,1,0,0,0
13,pretrained,TP,13/0010.png,369,0.5608358383178711,1,1,0,0,0,1,0,0,0
13,pretrained,TP,13/0010.png,370,0.9654824137687683,1,1,0,0,0,1,0,0,0
13,pretrained,TP,13/0010.png,371,1.0677917003631592,1,1,0,0,0,1,0,0,0
13,pretrained,TP,13/0010.png,372,4.108620643615723,1,1,0,0,0,1,0,0,0
13,pretrained,TP,13/0010.png,373,0.44170936942100525,1,1,0,0,0,1,0,0,0
13,pretrained,TP,13/0010.png,374,0.9323096871376038,1,1,0,0,0,1,0,0,0
13,pretrained,TP,13/0010.png,375,0.1208905503153801,1,1,0,0,0,1,0,0,0
13,pretrained,TP,13/0010.png,376,0.01078395452350378,1,1,0,0,0,1,0,0,0
13,pretrained,TP,13/0010.png,377,0.19117601215839386,1,1,0,0,0,1,0,0,0
13,pretrained,TP,13/0010.png,378,1.4034820795059204,1,1,0,0,0,1,0,0,0
13,pretrained,TP,13/0010.png,379,2.5498664379119873,1,1,0,0,0,1,0,0,0
13,pretrained,TP,13/0010.png,380,0.9035741686820984,1,1,0,0,0,1,0,0,0
13,pretrained,TP,13/0010.png,381,0.9008128046989441,1,1,0,0,0,1,0,0,0
13,pretrained,TP,13/0010.png,382,1.5163508653640747,1,1,0,0,0,1,0,0,0
13,pretrained,TP,13/0010.png,383,2.953796625137329,1,1,0,0,0,1,0,0,0
13,pretrained,TP,13/0010.png,384,1.8030836582183838,1,1,0,0,0,1,0,0,0
13,pretrained,TP,13/0010.png,385,1.4464690685272217,1,1,0,0,0,1,0,0,0
13,pretrained,TP,13/0010.png,386,0.5408305525779724,1,1,0,0,0,1,0,0,0
13,pretrained,TP,13/0010.png,387,0.27127954363822937,1,1,0,0,0,1,0,0,0
13,pretrained,TP,13/0010.png,388,0.6339383125305176,1,1,0,0,0,1,0,0,0
13,pretrained,TP,13/0010.png,389,1.0826590061187744,1,1,0,0,0,1,0,0,0
13,pretrained,TP,13/0010.png,390,3.6769015789031982,1,1,0,0,0,1,0,0,0
13,pretrained,TP,13/0010.png,391,0.46564024686813354,1,1,0,0,0,1,0,0,0
13,pretrained,TP,13/0010.png,392,0.4016975164413452,1,1,0,0,0,1,0,0,0
13,pretrained,TP,13/0010.png,393,1.4536412954330444,1,1,0,0,0,1,0,0,0
13,pretrained,TP,13/0010.png,394,0.8310111165046692,1,1,0,0,0,1,0,0,0
13,pretrained,TP,13/0010.png,395,1.1237330436706543,1,1,0,0,0,1,0,0,0
13,pretrained,TP,13/0010.png,396,0.26729094982147217,1,1,0,0,0,1,0,0,0
13,pretrained,TP,13/0010.png,397,2.5550849437713623,1,1,0,0,0,1,0,0,0
13,pretrained,TP,13/0010.png,398,1.244178056716919,1,1,0,0,0,1,0,0,0
13,pretrained,TP,13/0010.png,399,1.9409351348876953,1,1,0,0,0,1,0,0,0
13,pretrained,TP,13/0010.png,400,0.579739511013031,1,1,0,0,0,1,0,0,0
13,pretrained,TP,13/0010.png,401,0.19194088876247406,1,1,0,0,0,1,0,0,0
13,pretrained,TP,13/0010.png,402,0.6211100816726685,1,1,0,0,0,1,0,0,0
13,pretrained,TP,13/0010.png,403,0.14386789500713348,1,1,0,0,0,1,0,0,0
13,pretrained,TP,13/0010.png,404,0.08158639073371887,1,1,0,0,0,1,0,0,0
13,pretrained,TP,13/0010.png,405,1.5444990396499634,1,1,0,0,0,1,0,0,0
13,pretrained,TP,13/0010.png,406,1.2053773403167725,1,1,0,0,0,1,0,0,0
13,pretrained,TP,13/0010.png,407,0.7533315420150757,1,1,0,0,0,1,0,0,0
13,pretrained,TP,13/0010.png,408,1.1487603187561035,1,1,0,0,0,1,0,0,0
13,pretrained,TP,13/0010.png,409,1.3390692472457886,1,1,0,0,0,1,0,0,0
13,pretrained,TP,13/0010.png,410,1.3670105934143066,1,1,0,0,0,1,0,0,0
13,pretrained,TP,13/0010.png,411,0.8569746017456055,1,1,0,0,0,1,0,0,0
13,pretrained,TP,13/0010.png,412,2.2304232120513916,1,1,0,0,0,1,0,0,0
13,pretrained,TP,13/0010.png,413,1.5420246124267578,1,1,0,0,0,1,0,0,0
13,pretrained,TP,13/0010.png,414,1.105725646018982,1,1,0,0,0,1,0,0,0
13,pretrained,TP,13/0010.png,415,0.6439325213432312,1,1,0,0,0,1,0,0,0
13,pretrained,TP,13/0010.png,416,0.8596996665000916,1,1,0,0,0,1,0,0,0
13,pretrained,TP,13/0010.png,417,0.584483802318573,1,1,0,0,0,1,0,0,0
13,pretrained,TP,13/0010.png,418,0.22742469608783722,1,1,0,0,0,1,0,0,0
13,pretrained,TP,13/0010.png,419,0.5396543145179749,1,1,0,0,0,1,0,0,0
13,pretrained,TP,13/0010.png,420,0.41988682746887207,1,1,0,0,0,1,0,0,0
13,pretrained,TP,13/0010.png,421,2.5420703887939453,1,1,0,0,0,1,0,0,0
13,pretrained,TP,13/0010.png,422,0.5530453324317932,1,1,0,0,0,1,0,0,0
13,pretrained,TP,13/0010.png,423,0.07026711106300354,1,1,0,0,0,1,0,0,0
13,pretrained,TP,13/0010.png,424,1.4952566623687744,1,1,0,0,0,1,0,0,0
13,pretrained,TP,13/0010.png,425,0.7773045301437378,1,1,0,0,0,1,0,0,0
13,pretrained,TP,13/0010.png,426,0.2954670190811157,1,1,0,0,0,1,0,0,0
13,pretrained,TP,13/0010.png,427,0.6191521286964417,1,1,0,0,0,1,0,0,0
13,pretrained,TP,13/0010.png,428,1.4315969944000244,1,1,0,0,0,1,0,0,0
13,pretrained,TP,13/0010.png,429,1.1308469772338867,1,1,0,0,0,1,0,0,0
13,pretrained,TP,13/0010.png,430,1.0864065885543823,1,1,0,0,0,1,0,0,0
13,pretrained,TP,13/0010.png,431,0.8233327865600586,1,1,0,0,0,1,0,0,0
13,pretrained,TP,13/0010.png,432,1.363852620124817,1,1,0,0,0,1,0,0,0
13,pretrained,TP,13/0010.png,433,1.5432053804397583,1,1,0,0,0,1,0,0,0
13,pretrained,TP,13/0010.png,434,0.6105155944824219,1,1,0,0,0,1,0,0,0
13,pretrained,TP,13/0010.png,435,3.0100412368774414,1,1,0,0,0,1,0,0,0
13,pretrained,TP,13/0010.png,436,1.306869387626648,1,1,0,0,0,1,0,0,0
13,pretrained,TP,13/0010.png,437,0.6893776059150696,1,1,0,0,0,1,0,0,0
13,pretrained,TP,13/0010.png,438,0.23367616534233093,1,1,0,0,0,1,0,0,0
13,pretrained,TP,13/0010.png,439,1.4156129360198975,1,1,0,0,0,1,0,0,0
13,pretrained,TP,13/0010.png,440,1.1381949186325073,1,1,0,0,0,1,0,0,0
13,pretrained,TP,13/0010.png,441,0.5452399253845215,1,1,0,0,0,1,0,0,0
13,pretrained,TP,13/0010.png,442,0.18562211096286774,1,1,0,0,0,1,0,0,0
13,pretrained,TP,13/0010.png,443,1.5595688819885254,1,1,0,0,0,1,0,0,0
13,pretrained,TP,13/0010.png,444,2.2742693424224854,1,1,0,0,0,1,0,0,0
13,pretrained,TP,13/0010.png,445,0.5408967733383179,1,1,0,0,0,1,0,0,0
13,pretrained,TP,13/0010.png,446,0.5209859013557434,1,1,0,0,0,1,0,0,0
13,pretrained,TP,13/0010.png,447,0.5086702108383179,1,1,0,0,0,1,0,0,0
13,pretrained,TP,13/0010.png,448,2.588203191757202,1,1,0,0,0,1,0,0,0
13,pretrained,TP,13/0010.png,449,0.39837852120399475,1,1,0,0,0,1,0,0,0
13,pretrained,TP,13/0010.png,450,0.14968015253543854,1,1,0,0,0,1,0,0,0
13,pretrained,TP,13/0010.png,451,0.889251708984375,1,1,0,0,0,1,0,0,0
13,pretrained,TP,13/0010.png,452,0.48911604285240173,1,1,0,0,0,1,0,0,0
13,pretrained,TP,13/0010.png,453,1.2189677953720093,1,1,0,0,0,1,0,0,0
13,pretrained,TP,13/0010.png,454,1.1984622478485107,1,1,0,0,0,1,0,0,0
13,pretrained,TP,13/0010.png,455,0.584343671798706,1,1,0,0,0,1,0,0,0
13,pretrained,TP,13/0010.png,456,1.3278861045837402,1,1,0,0,0,1,0,0,0
13,pretrained,TP,13/0010.png,457,0.04052304849028587,1,1,0,0,0,1,0,0,0
13,pretrained,TP,13/0010.png,458,2.220757007598877,1,1,0,0,0,1,0,0,0
13,pretrained,TP,13/0010.png,459,2.9579100608825684,1,1,0,0,0,1,0,0,0
13,pretrained,TP,13/0010.png,460,2.2830402851104736,1,1,0,0,0,1,0,0,0
13,pretrained,TP,13/0010.png,461,1.4596445560455322,1,1,0,0,0,1,0,0,0
13,pretrained,TP,13/0010.png,462,1.4209086894989014,1,1,0,0,0,1,0,0,0
13,pretrained,TP,13/0010.png,463,0.7687535881996155,1,1,0,0,0,1,0,0,0
13,pretrained,TP,13/0010.png,464,1.131527304649353,1,1,0,0,0,1,0,0,0
13,pretrained,TP,13/0010.png,465,0.3763009011745453,1,1,0,0,0,1,0,0,0
13,pretrained,TP,13/0010.png,466,0.6788368225097656,1,1,0,0,0,1,0,0,0
13,pretrained,TP,13/0010.png,467,1.1355129480361938,1,1,0,0,0,1,0,0,0
13,pretrained,TP,13/0010.png,468,0.24685916304588318,1,1,0,0,0,1,0,0,0
13,pretrained,TP,13/0010.png,469,1.1884006261825562,1,1,0,0,0,1,0,0,0
13,pretrained,TP,13/0010.png,470,0.5963632464408875,1,1,0,0,0,1,0,0,0
13,pretrained,TP,13/0010.png,471,1.157619833946228,1,1,0,0,0,1,0,0,0
13,pretrained,TP,13/0010.png,472,0.33306145668029785,1,1,0,0,0,1,0,0,0
13,pretrained,TP,13/0010.png,473,0.7514179944992065,1,1,0,0,0,1,0,0,0
13,pretrained,TP,13/0010.png,474,1.2341949939727783,1,1,0,0,0,1,0,0,0
13,pretrained,TP,13/0010.png,475,0.454718679189682,1,1,0,0,0,1,0,0,0
13,pretrained,TP,13/0010.png,476,0.997560441493988,1,1,0,0,0,1,0,0,0
13,pretrained,TP,13/0010.png,477,0.9365633130073547,1,1,0,0,0,1,0,0,0
13,pretrained,TP,13/0010.png,478,0.06488577276468277,1,1,0,0,0,1,0,0,0
13,pretrained,TP,13/0010.png,479,0.20081782341003418,1,1,0,0,0,1,0,0,0
13,pretrained,TP,13/0010.png,480,0.6918714046478271,1,1,0,0,0,1,0,0,0
13,pretrained,TP,13/0010.png,481,1.8857532739639282,1,1,0,0,0,1,0,0,0
13,pretrained,TP,13/0010.png,482,1.0343501567840576,1,1,0,0,0,1,0,0,0
13,pretrained,TP,13/0010.png,483,1.379912257194519,1,1,0,0,0,1,0,0,0
13,pretrained,TP,13/0010.png,484,0.4869733154773712,1,1,0,0,0,1,0,0,0
13,pretrained,TP,13/0010.png,485,1.3506053686141968,1,1,0,0,0,1,0,0,0
13,pretrained,TP,13/0010.png,486,0.37373071908950806,1,1,0,0,0,1,0,0,0
13,pretrained,TP,13/0010.png,487,0.09696055203676224,1,1,0,0,0,1,0,0,0
13,pretrained,TP,13/0010.png,488,1.188233733177185,1,1,0,0,0,1,0,0,0
13,pretrained,TP,13/0010.png,489,0.5423128008842468,1,1,0,0,0,1,0,0,0
13,pretrained,TP,13/0010.png,490,1.1447265148162842,1,1,0,0,0,1,0,0,0
13,pretrained,TP,13/0010.png,491,0.5215167999267578,1,1,0,0,0,1,0,0,0
13,pretrained,TP,13/0010.png,492,0.33695027232170105,1,1,0,0,0,1,0,0,0
13,pretrained,TP,13/0010.png,493,0.8449481129646301,1,1,0,0,0,1,0,0,0
13,pretrained,TP,13/0010.png,494,1.4908303022384644,1,1,0,0,0,1,0,0,0
13,pretrained,TP,13/0010.png,495,0.41341644525527954,1,1,0,0,0,1,0,0,0
13,pretrained,TP,13/0010.png,496,0.583509624004364,1,1,0,0,0,1,0,0,0
13,pretrained,TP,13/0010.png,497,0.7792633771896362,1,1,0,0,0,1,0,0,0
13,pretrained,TP,13/0010.png,498,0.43548935651779175,1,1,0,0,0,1,0,0,0
13,pretrained,TP,13/0010.png,499,0.21621030569076538,1,1,0,0,0,1,0,0,0
13,pretrained,TP,13/0010.png,500,0.48192277550697327,1,1,0,0,0,1,0,0,0
13,pretrained,TP,13/0010.png,501,1.4162946939468384,1,1,0,0,0,1,0,0,0
13,pretrained,TP,13/0010.png,502,2.6280527114868164,1,1,0,0,0,1,0,0,0
13,pretrained,TP,13/0010.png,503,0.6702494025230408,1,1,0,0,0,1,0,0,0
13,pretrained,TP,13/0010.png,504,0.004857529886066914,1,1,0,0,0,1,0,0,0
13,pretrained,TP,13/0010.png,505,1.212490200996399,1,1,0,0,0,1,0,0,0
13,pretrained,TP,13/0010.png,506,0.7598292827606201,1,1,0,0,0,1,0,0,0
13,pretrained,TP,13/0010.png,507,0.2083759307861328,1,1,0,0,0,1,0,0,0
13,pretrained,TP,13/0010.png,508,0.7949692606925964,1,1,0,0,0,1,0,0,0
13,pretrained,TP,13/0010.png,509,1.2953332662582397,1,1,0,0,0,1,0,0,0
13,pretrained,TP,13/0010.png,510,0.9596070051193237,1,1,0,0,0,1,0,0,0
13,pretrained,TP,13/0010.png,511,0.04736856371164322,1,1,0,0,0,1,0,0,0
13,pretrained,FP,13/0022.png,0,1.817997694015503,0,1,1,0,1,0,0,0,0
13,pretrained,FP,13/0022.png,1,1.38555109500885,0,1,1,0,1,0,0,0,0
13,pretrained,FP,13/0022.png,2,1.1376062631607056,0,1,1,0,1,0,0,0,0
13,pretrained,FP,13/0022.png,3,2.682927370071411,0,1,1,0,1,0,0,0,0
13,pretrained,FP,13/0022.png,4,0.6097626686096191,0,1,1,0,1,0,0,0,0
13,pretrained,FP,13/0022.png,5,0.5727733969688416,0,1,1,0,1,0,0,0,0
13,pretrained,FP,13/0022.png,6,0.10762619227170944,0,1,1,0,1,0,0,0,0
13,pretrained,FP,13/0022.png,7,1.2411830425262451,0,1,1,0,1,0,0,0,0
13,pretrained,FP,13/0022.png,8,0.9923868179321289,0,1,1,0,1,0,0,0,0
13,pretrained,FP,13/0022.png,9,0.6176978945732117,0,1,1,0,1,0,0,0,0
13,pretrained,FP,13/0022.png,10,0.333254337310791,0,1,1,0,1,0,0,0,0
13,pretrained,FP,13/0022.png,11,2.301964521408081,0,1,1,0,1,0,0,0,0
13,pretrained,FP,13/0022.png,12,0.34812313318252563,0,1,1,0,1,0,0,0,0
13,pretrained,FP,13/0022.png,13,0.7506346702575684,0,1,1,0,1,0,0,0,0
13,pretrained,FP,13/0022.png,14,1.9830392599105835,0,1,1,0,1,0,0,0,0
13,pretrained,FP,13/0022.png,15,1.015490174293518,0,1,1,0,1,0,0,0,0
13,pretrained,FP,13/0022.png,16,0.6136084794998169,0,1,1,0,1,0,0,0,0
13,pretrained,FP,13/0022.png,17,1.1692739725112915,0,1,1,0,1,0,0,0,0
13,pretrained,FP,13/0022.png,18,0.859128475189209,0,1,1,0,1,0,0,0,0
13,pretrained,FP,13/0022.png,19,1.1189916133880615,0,1,1,0,1,0,0,0,0
13,pretrained,FP,13/0022.png,20,2.8481240272521973,0,1,1,0,1,0,0,0,0
13,pretrained,FP,13/0022.png,21,1.3230509757995605,0,1,1,0,1,0,0,0,0
13,pretrained,FP,13/0022.png,22,0.21391808986663818,0,1,1,0,1,0,0,0,0
13,pretrained,FP,13/0022.png,23,1.5918476581573486,0,1,1,0,1,0,0,0,0
13,pretrained,FP,13/0022.png,24,0.515708863735199,0,1,1,0,1,0,0,0,0
13,pretrained,FP,13/0022.png,25,0.3346347510814667,0,1,1,0,1,0,0,0,0
13,pretrained,FP,13/0022.png,26,0.15017010271549225,0,1,1,0,1,0,0,0,0
13,pretrained,FP,13/0022.png,27,0.09029170125722885,0,1,1,0,1,0,0,0,0
13,pretrained,FP,13/0022.png,28,1.384871006011963,0,1,1,0,1,0,0,0,0
13,pretrained,FP,13/0022.png,29,0.012185955420136452,0,1,1,0,1,0,0,0,0
13,pretrained,FP,13/0022.png,30,0.36632221937179565,0,1,1,0,1,0,0,0,0
13,pretrained,FP,13/0022.png,31,0.45716118812561035,0,1,1,0,1,0,0,0,0
13,pretrained,FP,13/0022.png,32,1.83652663230896,0,1,1,0,1,0,0,0,0
13,pretrained,FP,13/0022.png,33,0.9511439800262451,0,1,1,0,1,0,0,0,0
13,pretrained,FP,13/0022.png,34,0.6847962141036987,0,1,1,0,1,0,0,0,0
13,pretrained,FP,13/0022.png,35,0.8340917825698853,0,1,1,0,1,0,0,0,0
13,pretrained,FP,13/0022.png,36,0.1723570078611374,0,1,1,0,1,0,0,0,0
13,pretrained,FP,13/0022.png,37,0.35973432660102844,0,1,1,0,1,0,0,0,0
13,pretrained,FP,13/0022.png,38,1.8362064361572266,0,1,1,0,1,0,0,0,0
13,pretrained,FP,13/0022.png,39,0.8484166264533997,0,1,1,0,1,0,0,0,0
13,pretrained,FP,13/0022.png,40,0.06793887913227081,0,1,1,0,1,0,0,0,0
13,pretrained,FP,13/0022.png,41,0.23017100989818573,0,1,1,0,1,0,0,0,0
13,pretrained,FP,13/0022.png,42,1.1676286458969116,0,1,1,0,1,0,0,0,0
13,pretrained,FP,13/0022.png,43,2.0799639225006104,0,1,1,0,1,0,0,0,0
13,pretrained,FP,13/0022.png,44,0.03460802137851715,0,1,1,0,1,0,0,0,0
13,pretrained,FP,13/0022.png,45,0.25645074248313904,0,1,1,0,1,0,0,0,0
13,pretrained,FP,13/0022.png,46,2.2072277069091797,0,1,1,0,1,0,0,0,0
13,pretrained,FP,13/0022.png,47,0.31697964668273926,0,1,1,0,1,0,0,0,0
13,pretrained,FP,13/0022.png,48,0.32604196667671204,0,1,1,0,1,0,0,0,0
13,pretrained,FP,13/0022.png,49,1.093283772468567,0,1,1,0,1,0,0,0,0
13,pretrained,FP,13/0022.png,50,1.716374397277832,0,1,1,0,1,0,0,0,0
13,pretrained,FP,13/0022.png,51,1.0229378938674927,0,1,1,0,1,0,0,0,0
13,pretrained,FP,13/0022.png,52,1.7098145484924316,0,1,1,0,1,0,0,0,0
13,pretrained,FP,13/0022.png,53,0.07078689336776733,0,1,1,0,1,0,0,0,0
13,pretrained,FP,13/0022.png,54,2.419022560119629,0,1,1,0,1,0,0,0,0
13,pretrained,FP,13/0022.png,55,1.2411922216415405,0,1,1,0,1,0,0,0,0
13,pretrained,FP,13/0022.png,56,0.8699279427528381,0,1,1,0,1,0,0,0,0
13,pretrained,FP,13/0022.png,57,3.2138335704803467,0,1,1,0,1,0,0,0,0
13,pretrained,FP,13/0022.png,58,1.2530618906021118,0,1,1,0,1,0,0,0,0
13,pretrained,FP,13/0022.png,59,0.55411297082901,0,1,1,0,1,0,0,0,0
13,pretrained,FP,13/0022.png,60,1.414451241493225,0,1,1,0,1,0,0,0,0
13,pretrained,FP,13/0022.png,61,0.5789950489997864,0,1,1,0,1,0,0,0,0
13,pretrained,FP,13/0022.png,62,0.03339872136712074,0,1,1,0,1,0,0,0,0
13,pretrained,FP,13/0022.png,63,0.9261199235916138,0,1,1,0,1,0,0,0,0
13,pretrained,FP,13/0022.png,64,1.2736214399337769,0,1,1,0,1,0,0,0,0
13,pretrained,FP,13/0022.png,65,0.2469445765018463,0,1,1,0,1,0,0,0,0
13,pretrained,FP,13/0022.png,66,0.181931734085083,0,1,1,0,1,0,0,0,0
13,pretrained,FP,13/0022.png,67,0.8013755679130554,0,1,1,0,1,0,0,0,0
13,pretrained,FP,13/0022.png,68,1.7636311054229736,0,1,1,0,1,0,0,0,0
13,pretrained,FP,13/0022.png,69,0.4821705222129822,0,1,1,0,1,0,0,0,0
13,pretrained,FP,13/0022.png,70,0.959938108921051,0,1,1,0,1,0,0,0,0
13,pretrained,FP,13/0022.png,71,0.20955245196819305,0,1,1,0,1,0,0,0,0
13,pretrained,FP,13/0022.png,72,0.9614018201828003,0,1,1,0,1,0,0,0,0
13,pretrained,FP,13/0022.png,73,0.01933596283197403,0,1,1,0,1,0,0,0,0
13,pretrained,FP,13/0022.png,74,0.44054439663887024,0,1,1,0,1,0,0,0,0
13,pretrained,FP,13/0022.png,75,0.005011111032217741,0,1,1,0,1,0,0,0,0
13,pretrained,FP,13/0022.png,76,0.15800490975379944,0,1,1,0,1,0,0,0,0
13,pretrained,FP,13/0022.png,77,4.129953861236572,0,1,1,0,1,0,0,0,0
13,pretrained,FP,13/0022.png,78,0.8470441102981567,0,1,1,0,1,0,0,0,0
13,pretrained,FP,13/0022.png,79,0.34872159361839294,0,1,1,0,1,0,0,0,0
13,pretrained,FP,13/0022.png,80,0.9855374097824097,0,1,1,0,1,0,0,0,0
13,pretrained,FP,13/0022.png,81,0.8231918811798096,0,1,1,0,1,0,0,0,0
13,pretrained,FP,13/0022.png,82,1.4618611335754395,0,1,1,0,1,0,0,0,0
13,pretrained,FP,13/0022.png,83,0.11995992809534073,0,1,1,0,1,0,0,0,0
13,pretrained,FP,13/0022.png,84,0.659611701965332,0,1,1,0,1,0,0,0,0
13,pretrained,FP,13/0022.png,85,0.8998983502388,0,1,1,0,1,0,0,0,0
13,pretrained,FP,13/0022.png,86,0.11276807636022568,0,1,1,0,1,0,0,0,0
13,pretrained,FP,13/0022.png,87,0.527439534664154,0,1,1,0,1,0,0,0,0
13,pretrained,FP,13/0022.png,88,0.30116525292396545,0,1,1,0,1,0,0,0,0
13,pretrained,FP,13/0022.png,89,1.6374741792678833,0,1,1,0,1,0,0,0,0
13,pretrained,FP,13/0022.png,90,0.15261635184288025,0,1,1,0,1,0,0,0,0
13,pretrained,FP,13/0022.png,91,0.6417676210403442,0,1,1,0,1,0,0,0,0
13,pretrained,FP,13/0022.png,92,0.7677902579307556,0,1,1,0,1,0,0,0,0
13,pretrained,FP,13/0022.png,93,0.8715892434120178,0,1,1,0,1,0,0,0,0
13,pretrained,FP,13/0022.png,94,0.9225502610206604,0,1,1,0,1,0,0,0,0
13,pretrained,FP,13/0022.png,95,1.6472890377044678,0,1,1,0,1,0,0,0,0
13,pretrained,FP,13/0022.png,96,2.3405141830444336,0,1,1,0,1,0,0,0,0
13,pretrained,FP,13/0022.png,97,0.25069957971572876,0,1,1,0,1,0,0,0,0
13,pretrained,FP,13/0022.png,98,0.5144961476325989,0,1,1,0,1,0,0,0,0
13,pretrained,FP,13/0022.png,99,1.4000051021575928,0,1,1,0,1,0,0,0,0
13,pretrained,FP,13/0022.png,100,0.4500149190425873,0,1,1,0,1,0,0,0,0
13,pretrained,FP,13/0022.png,101,1.212446928024292,0,1,1,0,1,0,0,0,0
13,pretrained,FP,13/0022.png,102,0.16254985332489014,0,1,1,0,1,0,0,0,0
13,pretrained,FP,13/0022.png,103,0.29544568061828613,0,1,1,0,1,0,0,0,0
13,pretrained,FP,13/0022.png,104,0.9892959594726562,0,1,1,0,1,0,0,0,0
13,pretrained,FP,13/0022.png,105,0.4146187901496887,0,1,1,0,1,0,0,0,0
13,pretrained,FP,13/0022.png,106,0.7416315078735352,0,1,1,0,1,0,0,0,0
13,pretrained,FP,13/0022.png,107,0.24946460127830505,0,1,1,0,1,0,0,0,0
13,pretrained,FP,13/0022.png,108,0.19794298708438873,0,1,1,0,1,0,0,0,0
13,pretrained,FP,13/0022.png,109,0.24756693840026855,0,1,1,0,1,0,0,0,0
13,pretrained,FP,13/0022.png,110,0.3891574442386627,0,1,1,0,1,0,0,0,0
13,pretrained,FP,13/0022.png,111,0.9963180422782898,0,1,1,0,1,0,0,0,0
13,pretrained,FP,13/0022.png,112,1.5886638164520264,0,1,1,0,1,0,0,0,0
13,pretrained,FP,13/0022.png,113,1.917422890663147,0,1,1,0,1,0,0,0,0
13,pretrained,FP,13/0022.png,114,0.21562370657920837,0,1,1,0,1,0,0,0,0
13,pretrained,FP,13/0022.png,115,0.10539509356021881,0,1,1,0,1,0,0,0,0
13,pretrained,FP,13/0022.png,116,0.18970030546188354,0,1,1,0,1,0,0,0,0
13,pretrained,FP,13/0022.png,117,1.0692189931869507,0,1,1,0,1,0,0,0,0
13,pretrained,FP,13/0022.png,118,0.30216899514198303,0,1,1,0,1,0,0,0,0
13,pretrained,FP,13/0022.png,119,1.466286540031433,0,1,1,0,1,0,0,0,0
13,pretrained,FP,13/0022.png,120,0.7474822998046875,0,1,1,0,1,0,0,0,0
13,pretrained,FP,13/0022.png,121,2.1084775924682617,0,1,1,0,1,0,0,0,0
13,pretrained,FP,13/0022.png,122,0.01225361879914999,0,1,1,0,1,0,0,0,0
13,pretrained,FP,13/0022.png,123,0.9975989460945129,0,1,1,0,1,0,0,0,0
13,pretrained,FP,13/0022.png,124,1.0124030113220215,0,1,1,0,1,0,0,0,0
13,pretrained,FP,13/0022.png,125,1.68498694896698,0,1,1,0,1,0,0,0,0
13,pretrained,FP,13/0022.png,126,1.7712064981460571,0,1,1,0,1,0,0,0,0
13,pretrained,FP,13/0022.png,127,0.8678954243659973,0,1,1,0,1,0,0,0,0
13,pretrained,FP,13/0022.png,128,0.6317658424377441,0,1,1,0,1,0,0,0,0
13,pretrained,FP,13/0022.png,129,0.48729270696640015,0,1,1,0,1,0,0,0,0
13,pretrained,FP,13/0022.png,130,0.2976992726325989,0,1,1,0,1,0,0,0,0
13,pretrained,FP,13/0022.png,131,0.24872200191020966,0,1,1,0,1,0,0,0,0
13,pretrained,FP,13/0022.png,132,1.5509001016616821,0,1,1,0,1,0,0,0,0
13,pretrained,FP,13/0022.png,133,0.755756139755249,0,1,1,0,1,0,0,0,0
13,pretrained,FP,13/0022.png,134,1.591883897781372,0,1,1,0,1,0,0,0,0
13,pretrained,FP,13/0022.png,135,1.13703191280365,0,1,1,0,1,0,0,0,0
13,pretrained,FP,13/0022.png,136,1.0611326694488525,0,1,1,0,1,0,0,0,0
13,pretrained,FP,13/0022.png,137,0.5478760004043579,0,1,1,0,1,0,0,0,0
13,pretrained,FP,13/0022.png,138,0.08252427726984024,0,1,1,0,1,0,0,0,0
13,pretrained,FP,13/0022.png,139,0.2943069040775299,0,1,1,0,1,0,0,0,0
13,pretrained,FP,13/0022.png,140,2.338552951812744,0,1,1,0,1,0,0,0,0
13,pretrained,FP,13/0022.png,141,1.1211230754852295,0,1,1,0,1,0,0,0,0
13,pretrained,FP,13/0022.png,142,1.3977324962615967,0,1,1,0,1,0,0,0,0
13,pretrained,FP,13/0022.png,143,1.7339229583740234,0,1,1,0,1,0,0,0,0
13,pretrained,FP,13/0022.png,144,0.4470681846141815,0,1,1,0,1,0,0,0,0
13,pretrained,FP,13/0022.png,145,0.06085477024316788,0,1,1,0,1,0,0,0,0
13,pretrained,FP,13/0022.png,146,0.6804753541946411,0,1,1,0,1,0,0,0,0
13,pretrained,FP,13/0022.png,147,0.08998846262693405,0,1,1,0,1,0,0,0,0
13,pretrained,FP,13/0022.png,148,0.4339102804660797,0,1,1,0,1,0,0,0,0
13,pretrained,FP,13/0022.png,149,2.2121999263763428,0,1,1,0,1,0,0,0,0
13,pretrained,FP,13/0022.png,150,0.9637858867645264,0,1,1,0,1,0,0,0,0
13,pretrained,FP,13/0022.png,151,1.1274476051330566,0,1,1,0,1,0,0,0,0
13,pretrained,FP,13/0022.png,152,1.1989903450012207,0,1,1,0,1,0,0,0,0
13,pretrained,FP,13/0022.png,153,0.571928858757019,0,1,1,0,1,0,0,0,0
13,pretrained,FP,13/0022.png,154,1.6651127338409424,0,1,1,0,1,0,0,0,0
13,pretrained,FP,13/0022.png,155,0.4438161253929138,0,1,1,0,1,0,0,0,0
13,pretrained,FP,13/0022.png,156,1.5748815536499023,0,1,1,0,1,0,0,0,0
13,pretrained,FP,13/0022.png,157,0.8782083988189697,0,1,1,0,1,0,0,0,0
13,pretrained,FP,13/0022.png,158,1.2799856662750244,0,1,1,0,1,0,0,0,0
13,pretrained,FP,13/0022.png,159,0.3900645077228546,0,1,1,0,1,0,0,0,0
13,pretrained,FP,13/0022.png,160,1.7263954877853394,0,1,1,0,1,0,0,0,0
13,pretrained,FP,13/0022.png,161,0.8543422222137451,0,1,1,0,1,0,0,0,0
13,pretrained,FP,13/0022.png,162,3.600081443786621,0,1,1,0,1,0,0,0,0
13,pretrained,FP,13/0022.png,163,1.3142757415771484,0,1,1,0,1,0,0,0,0
13,pretrained,FP,13/0022.png,164,1.5624974966049194,0,1,1,0,1,0,0,0,0
13,pretrained,FP,13/0022.png,165,0.028478572145104408,0,1,1,0,1,0,0,0,0
13,pretrained,FP,13/0022.png,166,0.4731096029281616,0,1,1,0,1,0,0,0,0
13,pretrained,FP,13/0022.png,167,0.0,0,1,1,0,1,0,0,0,0
13,pretrained,FP,13/0022.png,168,1.500307321548462,0,1,1,0,1,0,0,0,0
13,pretrained,FP,13/0022.png,169,0.8099563717842102,0,1,1,0,1,0,0,0,0
13,pretrained,FP,13/0022.png,170,1.0764662027359009,0,1,1,0,1,0,0,0,0
13,pretrained,FP,13/0022.png,171,0.08478298038244247,0,1,1,0,1,0,0,0,0
13,pretrained,FP,13/0022.png,172,0.06197722256183624,0,1,1,0,1,0,0,0,0
13,pretrained,FP,13/0022.png,173,0.7651622295379639,0,1,1,0,1,0,0,0,0
13,pretrained,FP,13/0022.png,174,0.9975570440292358,0,1,1,0,1,0,0,0,0
13,pretrained,FP,13/0022.png,175,2.5548653602600098,0,1,1,0,1,0,0,0,0
13,pretrained,FP,13/0022.png,176,0.7490178942680359,0,1,1,0,1,0,0,0,0
13,pretrained,FP,13/0022.png,177,0.011217956431210041,0,1,1,0,1,0,0,0,0
13,pretrained,FP,13/0022.png,178,1.8600693941116333,0,1,1,0,1,0,0,0,0
13,pretrained,FP,13/0022.png,179,0.03622676432132721,0,1,1,0,1,0,0,0,0
13,pretrained,FP,13/0022.png,180,0.9637829661369324,0,1,1,0,1,0,0,0,0
13,pretrained,FP,13/0022.png,181,0.05121202766895294,0,1,1,0,1,0,0,0,0
13,pretrained,FP,13/0022.png,182,2.9647345542907715,0,1,1,0,1,0,0,0,0
13,pretrained,FP,13/0022.png,183,0.813848614692688,0,1,1,0,1,0,0,0,0
13,pretrained,FP,13/0022.png,184,0.7646097540855408,0,1,1,0,1,0,0,0,0
13,pretrained,FP,13/0022.png,185,0.5511879920959473,0,1,1,0,1,0,0,0,0
13,pretrained,FP,13/0022.png,186,0.14199216663837433,0,1,1,0,1,0,0,0,0
13,pretrained,FP,13/0022.png,187,0.7817761301994324,0,1,1,0,1,0,0,0,0
13,pretrained,FP,13/0022.png,188,0.9297629594802856,0,1,1,0,1,0,0,0,0
13,pretrained,FP,13/0022.png,189,0.6692698001861572,0,1,1,0,1,0,0,0,0
13,pretrained,FP,13/0022.png,190,0.849522054195404,0,1,1,0,1,0,0,0,0
13,pretrained,FP,13/0022.png,191,0.0,0,1,1,0,1,0,0,0,0
13,pretrained,FP,13/0022.png,192,2.1230757236480713,0,1,1,0,1,0,0,0,0
13,pretrained,FP,13/0022.png,193,1.1624904870986938,0,1,1,0,1,0,0,0,0
13,pretrained,FP,13/0022.png,194,0.643013060092926,0,1,1,0,1,0,0,0,0
13,pretrained,FP,13/0022.png,195,0.6088033318519592,0,1,1,0,1,0,0,0,0
13,pretrained,FP,13/0022.png,196,0.48617860674858093,0,1,1,0,1,0,0,0,0
13,pretrained,FP,13/0022.png,197,0.40647807717323303,0,1,1,0,1,0,0,0,0
13,pretrained,FP,13/0022.png,198,0.7854087948799133,0,1,1,0,1,0,0,0,0
13,pretrained,FP,13/0022.png,199,0.8610489368438721,0,1,1,0,1,0,0,0,0
13,pretrained,FP,13/0022.png,200,1.1888612508773804,0,1,1,0,1,0,0,0,0
13,pretrained,FP,13/0022.png,201,1.3085529804229736,0,1,1,0,1,0,0,0,0
13,pretrained,FP,13/0022.png,202,1.5835915803909302,0,1,1,0,1,0,0,0,0
13,pretrained,FP,13/0022.png,203,0.5944943428039551,0,1,1,0,1,0,0,0,0
13,pretrained,FP,13/0022.png,204,0.30339479446411133,0,1,1,0,1,0,0,0,0
13,pretrained,FP,13/0022.png,205,1.1589308977127075,0,1,1,0,1,0,0,0,0
13,pretrained,FP,13/0022.png,206,1.847446322441101,0,1,1,0,1,0,0,0,0
13,pretrained,FP,13/0022.png,207,0.2075233906507492,0,1,1,0,1,0,0,0,0
13,pretrained,FP,13/0022.png,208,0.1929055005311966,0,1,1,0,1,0,0,0,0
13,pretrained,FP,13/0022.png,209,0.8664421439170837,0,1,1,0,1,0,0,0,0
13,pretrained,FP,13/0022.png,210,0.04339000955224037,0,1,1,0,1,0,0,0,0
13,pretrained,FP,13/0022.png,211,0.5220533609390259,0,1,1,0,1,0,0,0,0
13,pretrained,FP,13/0022.png,212,0.9940744638442993,0,1,1,0,1,0,0,0,0
13,pretrained,FP,13/0022.png,213,3.1099233627319336,0,1,1,0,1,0,0,0,0
13,pretrained,FP,13/0022.png,214,0.8449560403823853,0,1,1,0,1,0,0,0,0
13,pretrained,FP,13/0022.png,215,1.6232860088348389,0,1,1,0,1,0,0,0,0
13,pretrained,FP,13/0022.png,216,0.2609896659851074,0,1,1,0,1,0,0,0,0
13,pretrained,FP,13/0022.png,217,0.5590510368347168,0,1,1,0,1,0,0,0,0
13,pretrained,FP,13/0022.png,218,0.9270344376564026,0,1,1,0,1,0,0,0,0
13,pretrained,FP,13/0022.png,219,1.4656882286071777,0,1,1,0,1,0,0,0,0
13,pretrained,FP,13/0022.png,220,0.5251868367195129,0,1,1,0,1,0,0,0,0
13,pretrained,FP,13/0022.png,221,0.39576736092567444,0,1,1,0,1,0,0,0,0
13,pretrained,FP,13/0022.png,222,1.2510732412338257,0,1,1,0,1,0,0,0,0
13,pretrained,FP,13/0022.png,223,0.050639472901821136,0,1,1,0,1,0,0,0,0
13,pretrained,FP,13/0022.png,224,0.13979198038578033,0,1,1,0,1,0,0,0,0
13,pretrained,FP,13/0022.png,225,1.5465490818023682,0,1,1,0,1,0,0,0,0
13,pretrained,FP,13/0022.png,226,0.9022826552391052,0,1,1,0,1,0,0,0,0
13,pretrained,FP,13/0022.png,227,0.9950001239776611,0,1,1,0,1,0,0,0,0
13,pretrained,FP,13/0022.png,228,0.039449647068977356,0,1,1,0,1,0,0,0,0
13,pretrained,FP,13/0022.png,229,2.243370532989502,0,1,1,0,1,0,0,0,0
13,pretrained,FP,13/0022.png,230,2.6568758487701416,0,1,1,0,1,0,0,0,0
13,pretrained,FP,13/0022.png,231,0.3687717616558075,0,1,1,0,1,0,0,0,0
13,pretrained,FP,13/0022.png,232,0.4485310912132263,0,1,1,0,1,0,0,0,0
13,pretrained,FP,13/0022.png,233,0.7667330503463745,0,1,1,0,1,0,0,0,0
13,pretrained,FP,13/0022.png,234,0.2526245415210724,0,1,1,0,1,0,0,0,0
13,pretrained,FP,13/0022.png,235,0.02368808723986149,0,1,1,0,1,0,0,0,0
13,pretrained,FP,13/0022.png,236,1.1535849571228027,0,1,1,0,1,0,0,0,0
13,pretrained,FP,13/0022.png,237,2.011120557785034,0,1,1,0,1,0,0,0,0
13,pretrained,FP,13/0022.png,238,0.21968238055706024,0,1,1,0,1,0,0,0,0
13,pretrained,FP,13/0022.png,239,0.24862220883369446,0,1,1,0,1,0,0,0,0
13,pretrained,FP,13/0022.png,240,0.201690673828125,0,1,1,0,1,0,0,0,0
13,pretrained,FP,13/0022.png,241,1.503483533859253,0,1,1,0,1,0,0,0,0
13,pretrained,FP,13/0022.png,242,2.2996203899383545,0,1,1,0,1,0,0,0,0
13,pretrained,FP,13/0022.png,243,0.5953211784362793,0,1,1,0,1,0,0,0,0
13,pretrained,FP,13/0022.png,244,0.6531672477722168,0,1,1,0,1,0,0,0,0
13,pretrained,FP,13/0022.png,245,0.879105806350708,0,1,1,0,1,0,0,0,0
13,pretrained,FP,13/0022.png,246,1.465036153793335,0,1,1,0,1,0,0,0,0
13,pretrained,FP,13/0022.png,247,0.4315830171108246,0,1,1,0,1,0,0,0,0
13,pretrained,FP,13/0022.png,248,0.12590676546096802,0,1,1,0,1,0,0,0,0
13,pretrained,FP,13/0022.png,249,0.651482105255127,0,1,1,0,1,0,0,0,0
13,pretrained,FP,13/0022.png,250,0.735813558101654,0,1,1,0,1,0,0,0,0
13,pretrained,FP,13/0022.png,251,0.5166922807693481,0,1,1,0,1,0,0,0,0
13,pretrained,FP,13/0022.png,252,0.6442283987998962,0,1,1,0,1,0,0,0,0
13,pretrained,FP,13/0022.png,253,0.27715030312538147,0,1,1,0,1,0,0,0,0
13,pretrained,FP,13/0022.png,254,1.4896554946899414,0,1,1,0,1,0,0,0,0
13,pretrained,FP,13/0022.png,255,3.603379249572754,0,1,1,0,1,0,0,0,0
13,pretrained,FP,13/0022.png,256,0.3277241885662079,0,1,1,0,1,0,0,0,0
13,pretrained,FP,13/0022.png,257,0.019568994641304016,0,1,1,0,1,0,0,0,0
13,pretrained,FP,13/0022.png,258,2.0009756088256836,0,1,1,0,1,0,0,0,0
13,pretrained,FP,13/0022.png,259,1.193338394165039,0,1,1,0,1,0,0,0,0
13,pretrained,FP,13/0022.png,260,0.7182582020759583,0,1,1,0,1,0,0,0,0
13,pretrained,FP,13/0022.png,261,1.8791478872299194,0,1,1,0,1,0,0,0,0
13,pretrained,FP,13/0022.png,262,2.913161039352417,0,1,1,0,1,0,0,0,0
13,pretrained,FP,13/0022.png,263,0.21200010180473328,0,1,1,0,1,0,0,0,0
13,pretrained,FP,13/0022.png,264,1.6189780235290527,0,1,1,0,1,0,0,0,0
13,pretrained,FP,13/0022.png,265,1.2362494468688965,0,1,1,0,1,0,0,0,0
13,pretrained,FP,13/0022.png,266,0.2258545458316803,0,1,1,0,1,0,0,0,0
13,pretrained,FP,13/0022.png,267,0.38141682744026184,0,1,1,0,1,0,0,0,0
13,pretrained,FP,13/0022.png,268,0.9659207463264465,0,1,1,0,1,0,0,0,0
13,pretrained,FP,13/0022.png,269,0.6283212304115295,0,1,1,0,1,0,0,0,0
13,pretrained,FP,13/0022.png,270,0.5248094201087952,0,1,1,0,1,0,0,0,0
13,pretrained,FP,13/0022.png,271,1.2090922594070435,0,1,1,0,1,0,0,0,0
13,pretrained,FP,13/0022.png,272,0.18312904238700867,0,1,1,0,1,0,0,0,0
13,pretrained,FP,13/0022.png,273,1.737363576889038,0,1,1,0,1,0,0,0,0
13,pretrained,FP,13/0022.png,274,0.36115357279777527,0,1,1,0,1,0,0,0,0
13,pretrained,FP,13/0022.png,275,1.085348129272461,0,1,1,0,1,0,0,0,0
13,pretrained,FP,13/0022.png,276,1.5656825304031372,0,1,1,0,1,0,0,0,0
13,pretrained,FP,13/0022.png,277,0.5549982786178589,0,1,1,0,1,0,0,0,0
13,pretrained,FP,13/0022.png,278,1.69120192527771,0,1,1,0,1,0,0,0,0
13,pretrained,FP,13/0022.png,279,0.5627467632293701,0,1,1,0,1,0,0,0,0
13,pretrained,FP,13/0022.png,280,1.5017523765563965,0,1,1,0,1,0,0,0,0
13,pretrained,FP,13/0022.png,281,0.2300039529800415,0,1,1,0,1,0,0,0,0
13,pretrained,FP,13/0022.png,282,0.187602236866951,0,1,1,0,1,0,0,0,0
13,pretrained,FP,13/0022.png,283,1.048696517944336,0,1,1,0,1,0,0,0,0
13,pretrained,FP,13/0022.png,284,0.8203856945037842,0,1,1,0,1,0,0,0,0
13,pretrained,FP,13/0022.png,285,0.8335954546928406,0,1,1,0,1,0,0,0,0
13,pretrained,FP,13/0022.png,286,0.5167836546897888,0,1,1,0,1,0,0,0,0
13,pretrained,FP,13/0022.png,287,0.5082411766052246,0,1,1,0,1,0,0,0,0
13,pretrained,FP,13/0022.png,288,0.3783760964870453,0,1,1,0,1,0,0,0,0
13,pretrained,FP,13/0022.png,289,0.4313194155693054,0,1,1,0,1,0,0,0,0
13,pretrained,FP,13/0022.png,290,1.1979525089263916,0,1,1,0,1,0,0,0,0
13,pretrained,FP,13/0022.png,291,1.4761255979537964,0,1,1,0,1,0,0,0,0
13,pretrained,FP,13/0022.png,292,2.8356966972351074,0,1,1,0,1,0,0,0,0
13,pretrained,FP,13/0022.png,293,0.5969768166542053,0,1,1,0,1,0,0,0,0
13,pretrained,FP,13/0022.png,294,1.0065672397613525,0,1,1,0,1,0,0,0,0
13,pretrained,FP,13/0022.png,295,1.5969853401184082,0,1,1,0,1,0,0,0,0
13,pretrained,FP,13/0022.png,296,0.8654711246490479,0,1,1,0,1,0,0,0,0
13,pretrained,FP,13/0022.png,297,1.5400587320327759,0,1,1,0,1,0,0,0,0
13,pretrained,FP,13/0022.png,298,1.4593191146850586,0,1,1,0,1,0,0,0,0
13,pretrained,FP,13/0022.png,299,1.5817855596542358,0,1,1,0,1,0,0,0,0
13,pretrained,FP,13/0022.png,300,2.681370973587036,0,1,1,0,1,0,0,0,0
13,pretrained,FP,13/0022.png,301,1.6647282838821411,0,1,1,0,1,0,0,0,0
13,pretrained,FP,13/0022.png,302,0.3639361262321472,0,1,1,0,1,0,0,0,0
13,pretrained,FP,13/0022.png,303,1.111503005027771,0,1,1,0,1,0,0,0,0
13,pretrained,FP,13/0022.png,304,0.47598791122436523,0,1,1,0,1,0,0,0,0
13,pretrained,FP,13/0022.png,305,0.3207850456237793,0,1,1,0,1,0,0,0,0
13,pretrained,FP,13/0022.png,306,0.11865879595279694,0,1,1,0,1,0,0,0,0
13,pretrained,FP,13/0022.png,307,1.4315792322158813,0,1,1,0,1,0,0,0,0
13,pretrained,FP,13/0022.png,308,0.0,0,1,1,0,1,0,0,0,0
13,pretrained,FP,13/0022.png,309,0.2236277312040329,0,1,1,0,1,0,0,0,0
13,pretrained,FP,13/0022.png,310,1.7773754596710205,0,1,1,0,1,0,0,0,0
13,pretrained,FP,13/0022.png,311,1.7968405485153198,0,1,1,0,1,0,0,0,0
13,pretrained,FP,13/0022.png,312,0.687977135181427,0,1,1,0,1,0,0,0,0
13,pretrained,FP,13/0022.png,313,1.0854933261871338,0,1,1,0,1,0,0,0,0
13,pretrained,FP,13/0022.png,314,1.4035946130752563,0,1,1,0,1,0,0,0,0
13,pretrained,FP,13/0022.png,315,1.2455967664718628,0,1,1,0,1,0,0,0,0
13,pretrained,FP,13/0022.png,316,0.4272346794605255,0,1,1,0,1,0,0,0,0
13,pretrained,FP,13/0022.png,317,0.4131474494934082,0,1,1,0,1,0,0,0,0
13,pretrained,FP,13/0022.png,318,0.7407338619232178,0,1,1,0,1,0,0,0,0
13,pretrained,FP,13/0022.png,319,0.6676997542381287,0,1,1,0,1,0,0,0,0
13,pretrained,FP,13/0022.png,320,0.5338751077651978,0,1,1,0,1,0,0,0,0
13,pretrained,FP,13/0022.png,321,0.24181294441223145,0,1,1,0,1,0,0,0,0
13,pretrained,FP,13/0022.png,322,1.35248601436615,0,1,1,0,1,0,0,0,0
13,pretrained,FP,13/0022.png,323,1.3961318731307983,0,1,1,0,1,0,0,0,0
13,pretrained,FP,13/0022.png,324,0.13047374784946442,0,1,1,0,1,0,0,0,0
13,pretrained,FP,13/0022.png,325,0.8078490495681763,0,1,1,0,1,0,0,0,0
13,pretrained,FP,13/0022.png,326,0.3267917335033417,0,1,1,0,1,0,0,0,0
13,pretrained,FP,13/0022.png,327,0.45001792907714844,0,1,1,0,1,0,0,0,0
13,pretrained,FP,13/0022.png,328,1.7565466165542603,0,1,1,0,1,0,0,0,0
13,pretrained,FP,13/0022.png,329,0.7120532393455505,0,1,1,0,1,0,0,0,0
13,pretrained,FP,13/0022.png,330,0.11462344229221344,0,1,1,0,1,0,0,0,0
13,pretrained,FP,13/0022.png,331,0.3461408019065857,0,1,1,0,1,0,0,0,0
13,pretrained,FP,13/0022.png,332,0.765449583530426,0,1,1,0,1,0,0,0,0
13,pretrained,FP,13/0022.png,333,0.26862114667892456,0,1,1,0,1,0,0,0,0
13,pretrained,FP,13/0022.png,334,0.9903671741485596,0,1,1,0,1,0,0,0,0
13,pretrained,FP,13/0022.png,335,0.2597982585430145,0,1,1,0,1,0,0,0,0
13,pretrained,FP,13/0022.png,336,1.6245310306549072,0,1,1,0,1,0,0,0,0
13,pretrained,FP,13/0022.png,337,0.5224964618682861,0,1,1,0,1,0,0,0,0
13,pretrained,FP,13/0022.png,338,0.7144544720649719,0,1,1,0,1,0,0,0,0
13,pretrained,FP,13/0022.png,339,0.0003402816946618259,0,1,1,0,1,0,0,0,0
13,pretrained,FP,13/0022.png,340,0.41803884506225586,0,1,1,0,1,0,0,0,0
13,pretrained,FP,13/0022.png,341,0.33826422691345215,0,1,1,0,1,0,0,0,0
13,pretrained,FP,13/0022.png,342,1.2284882068634033,0,1,1,0,1,0,0,0,0
13,pretrained,FP,13/0022.png,343,1.8834264278411865,0,1,1,0,1,0,0,0,0
13,pretrained,FP,13/0022.png,344,0.8924002647399902,0,1,1,0,1,0,0,0,0
13,pretrained,FP,13/0022.png,345,1.8396514654159546,0,1,1,0,1,0,0,0,0
13,pretrained,FP,13/0022.png,346,0.056885890662670135,0,1,1,0,1,0,0,0,0
13,pretrained,FP,13/0022.png,347,0.8751155138015747,0,1,1,0,1,0,0,0,0
13,pretrained,FP,13/0022.png,348,2.5949714183807373,0,1,1,0,1,0,0,0,0
13,pretrained,FP,13/0022.png,349,0.4961124360561371,0,1,1,0,1,0,0,0,0
13,pretrained,FP,13/0022.png,350,0.15001177787780762,0,1,1,0,1,0,0,0,0
13,pretrained,FP,13/0022.png,351,0.7220332026481628,0,1,1,0,1,0,0,0,0
13,pretrained,FP,13/0022.png,352,0.3763962984085083,0,1,1,0,1,0,0,0,0
13,pretrained,FP,13/0022.png,353,0.0026348300743848085,0,1,1,0,1,0,0,0,0
13,pretrained,FP,13/0022.png,354,0.2894667387008667,0,1,1,0,1,0,0,0,0
13,pretrained,FP,13/0022.png,355,0.1703234314918518,0,1,1,0,1,0,0,0,0
13,pretrained,FP,13/0022.png,356,1.589390754699707,0,1,1,0,1,0,0,0,0
13,pretrained,FP,13/0022.png,357,1.214311122894287,0,1,1,0,1,0,0,0,0
13,pretrained,FP,13/0022.png,358,1.1322139501571655,0,1,1,0,1,0,0,0,0
13,pretrained,FP,13/0022.png,359,0.57268887758255,0,1,1,0,1,0,0,0,0
13,pretrained,FP,13/0022.png,360,1.16530442237854,0,1,1,0,1,0,0,0,0
13,pretrained,FP,13/0022.png,361,1.0487992763519287,0,1,1,0,1,0,0,0,0
13,pretrained,FP,13/0022.png,362,1.8659698963165283,0,1,1,0,1,0,0,0,0
13,pretrained,FP,13/0022.png,363,1.9937742948532104,0,1,1,0,1,0,0,0,0
13,pretrained,FP,13/0022.png,364,0.29311054944992065,0,1,1,0,1,0,0,0,0
13,pretrained,FP,13/0022.png,365,0.33408284187316895,0,1,1,0,1,0,0,0,0
13,pretrained,FP,13/0022.png,366,0.6382155418395996,0,1,1,0,1,0,0,0,0
13,pretrained,FP,13/0022.png,367,0.6143121123313904,0,1,1,0,1,0,0,0,0
13,pretrained,FP,13/0022.png,368,1.5881338119506836,0,1,1,0,1,0,0,0,0
13,pretrained,FP,13/0022.png,369,0.313150554895401,0,1,1,0,1,0,0,0,0
13,pretrained,FP,13/0022.png,370,0.59778892993927,0,1,1,0,1,0,0,0,0
13,pretrained,FP,13/0022.png,371,1.767899751663208,0,1,1,0,1,0,0,0,0
13,pretrained,FP,13/0022.png,372,2.80793833732605,0,1,1,0,1,0,0,0,0
13,pretrained,FP,13/0022.png,373,0.38946154713630676,0,1,1,0,1,0,0,0,0
13,pretrained,FP,13/0022.png,374,1.1799943447113037,0,1,1,0,1,0,0,0,0
13,pretrained,FP,13/0022.png,375,0.0,0,1,1,0,1,0,0,0,0
13,pretrained,FP,13/0022.png,376,0.012796139344573021,0,1,1,0,1,0,0,0,0
13,pretrained,FP,13/0022.png,377,0.39708444476127625,0,1,1,0,1,0,0,0,0
13,pretrained,FP,13/0022.png,378,1.2609903812408447,0,1,1,0,1,0,0,0,0
13,pretrained,FP,13/0022.png,379,1.8596789836883545,0,1,1,0,1,0,0,0,0
13,pretrained,FP,13/0022.png,380,1.7655208110809326,0,1,1,0,1,0,0,0,0
13,pretrained,FP,13/0022.png,381,1.278508186340332,0,1,1,0,1,0,0,0,0
13,pretrained,FP,13/0022.png,382,0.571097195148468,0,1,1,0,1,0,0,0,0
13,pretrained,FP,13/0022.png,383,3.438882350921631,0,1,1,0,1,0,0,0,0
13,pretrained,FP,13/0022.png,384,1.1494059562683105,0,1,1,0,1,0,0,0,0
13,pretrained,FP,13/0022.png,385,0.44593101739883423,0,1,1,0,1,0,0,0,0
13,pretrained,FP,13/0022.png,386,0.5411912798881531,0,1,1,0,1,0,0,0,0
13,pretrained,FP,13/0022.png,387,0.7647616863250732,0,1,1,0,1,0,0,0,0
13,pretrained,FP,13/0022.png,388,0.8548024892807007,0,1,1,0,1,0,0,0,0
13,pretrained,FP,13/0022.png,389,0.9729463458061218,0,1,1,0,1,0,0,0,0
13,pretrained,FP,13/0022.png,390,2.354530096054077,0,1,1,0,1,0,0,0,0
13,pretrained,FP,13/0022.png,391,0.9572247266769409,0,1,1,0,1,0,0,0,0
13,pretrained,FP,13/0022.png,392,0.12268701195716858,0,1,1,0,1,0,0,0,0
13,pretrained,FP,13/0022.png,393,2.0767910480499268,0,1,1,0,1,0,0,0,0
13,pretrained,FP,13/0022.png,394,0.9633448719978333,0,1,1,0,1,0,0,0,0
13,pretrained,FP,13/0022.png,395,0.028422273695468903,0,1,1,0,1,0,0,0,0
13,pretrained,FP,13/0022.png,396,1.1207890510559082,0,1,1,0,1,0,0,0,0
13,pretrained,FP,13/0022.png,397,2.016021490097046,0,1,1,0,1,0,0,0,0
13,pretrained,FP,13/0022.png,398,1.2479757070541382,0,1,1,0,1,0,0,0,0
13,pretrained,FP,13/0022.png,399,3.623570680618286,0,1,1,0,1,0,0,0,0
13,pretrained,FP,13/0022.png,400,0.6966877579689026,0,1,1,0,1,0,0,0,0
13,pretrained,FP,13/0022.png,401,0.8196051716804504,0,1,1,0,1,0,0,0,0
13,pretrained,FP,13/0022.png,402,0.5841336250305176,0,1,1,0,1,0,0,0,0
13,pretrained,FP,13/0022.png,403,0.188902348279953,0,1,1,0,1,0,0,0,0
13,pretrained,FP,13/0022.png,404,0.13782963156700134,0,1,1,0,1,0,0,0,0
13,pretrained,FP,13/0022.png,405,1.4869096279144287,0,1,1,0,1,0,0,0,0
13,pretrained,FP,13/0022.png,406,1.7633123397827148,0,1,1,0,1,0,0,0,0
13,pretrained,FP,13/0022.png,407,0.7672582268714905,0,1,1,0,1,0,0,0,0
13,pretrained,FP,13/0022.png,408,1.4916304349899292,0,1,1,0,1,0,0,0,0
13,pretrained,FP,13/0022.png,409,0.9562675356864929,0,1,1,0,1,0,0,0,0
13,pretrained,FP,13/0022.png,410,1.409570336341858,0,1,1,0,1,0,0,0,0
13,pretrained,FP,13/0022.png,411,0.49986881017684937,0,1,1,0,1,0,0,0,0
13,pretrained,FP,13/0022.png,412,1.2095482349395752,0,1,1,0,1,0,0,0,0
13,pretrained,FP,13/0022.png,413,1.7259485721588135,0,1,1,0,1,0,0,0,0
13,pretrained,FP,13/0022.png,414,0.5688609480857849,0,1,1,0,1,0,0,0,0
13,pretrained,FP,13/0022.png,415,0.7326776385307312,0,1,1,0,1,0,0,0,0
13,pretrained,FP,13/0022.png,416,1.0553416013717651,0,1,1,0,1,0,0,0,0
13,pretrained,FP,13/0022.png,417,0.792670726776123,0,1,1,0,1,0,0,0,0
13,pretrained,FP,13/0022.png,418,0.3746904134750366,0,1,1,0,1,0,0,0,0
13,pretrained,FP,13/0022.png,419,0.3059161305427551,0,1,1,0,1,0,0,0,0
13,pretrained,FP,13/0022.png,420,0.5440294742584229,0,1,1,0,1,0,0,0,0
13,pretrained,FP,13/0022.png,421,2.574852466583252,0,1,1,0,1,0,0,0,0
13,pretrained,FP,13/0022.png,422,0.8053410053253174,0,1,1,0,1,0,0,0,0
13,pretrained,FP,13/0022.png,423,0.06457197666168213,0,1,1,0,1,0,0,0,0
13,pretrained,FP,13/0022.png,424,1.7922548055648804,0,1,1,0,1,0,0,0,0
13,pretrained,FP,13/0022.png,425,0.9294843673706055,0,1,1,0,1,0,0,0,0
13,pretrained,FP,13/0022.png,426,0.2317240834236145,0,1,1,0,1,0,0,0,0
13,pretrained,FP,13/0022.png,427,0.629253625869751,0,1,1,0,1,0,0,0,0
13,pretrained,FP,13/0022.png,428,0.7349360585212708,0,1,1,0,1,0,0,0,0
13,pretrained,FP,13/0022.png,429,0.8182854056358337,0,1,1,0,1,0,0,0,0
13,pretrained,FP,13/0022.png,430,0.451532244682312,0,1,1,0,1,0,0,0,0
13,pretrained,FP,13/0022.png,431,0.6568896174430847,0,1,1,0,1,0,0,0,0
13,pretrained,FP,13/0022.png,432,1.6910920143127441,0,1,1,0,1,0,0,0,0
13,pretrained,FP,13/0022.png,433,1.6809879541397095,0,1,1,0,1,0,0,0,0
13,pretrained,FP,13/0022.png,434,1.8670727014541626,0,1,1,0,1,0,0,0,0
13,pretrained,FP,13/0022.png,435,1.6260970830917358,0,1,1,0,1,0,0,0,0
13,pretrained,FP,13/0022.png,436,1.8143993616104126,0,1,1,0,1,0,0,0,0
13,pretrained,FP,13/0022.png,437,0.6938375234603882,0,1,1,0,1,0,0,0,0
13,pretrained,FP,13/0022.png,438,0.25618061423301697,0,1,1,0,1,0,0,0,0
13,pretrained,FP,13/0022.png,439,2.8035645484924316,0,1,1,0,1,0,0,0,0
13,pretrained,FP,13/0022.png,440,1.6717685461044312,0,1,1,0,1,0,0,0,0
13,pretrained,FP,13/0022.png,441,0.38684985041618347,0,1,1,0,1,0,0,0,0
13,pretrained,FP,13/0022.png,442,0.4670294225215912,0,1,1,0,1,0,0,0,0
13,pretrained,FP,13/0022.png,443,2.1869864463806152,0,1,1,0,1,0,0,0,0
13,pretrained,FP,13/0022.png,444,2.846118450164795,0,1,1,0,1,0,0,0,0
13,pretrained,FP,13/0022.png,445,0.5548574328422546,0,1,1,0,1,0,0,0,0
13,pretrained,FP,13/0022.png,446,0.6068135499954224,0,1,1,0,1,0,0,0,0
13,pretrained,FP,13/0022.png,447,0.9379092454910278,0,1,1,0,1,0,0,0,0
13,pretrained,FP,13/0022.png,448,2.1584906578063965,0,1,1,0,1,0,0,0,0
13,pretrained,FP,13/0022.png,449,1.059382677078247,0,1,1,0,1,0,0,0,0
13,pretrained,FP,13/0022.png,450,0.10951557755470276,0,1,1,0,1,0,0,0,0
13,pretrained,FP,13/0022.png,451,0.49334657192230225,0,1,1,0,1,0,0,0,0
13,pretrained,FP,13/0022.png,452,0.506018340587616,0,1,1,0,1,0,0,0,0
13,pretrained,FP,13/0022.png,453,0.9179681539535522,0,1,1,0,1,0,0,0,0
13,pretrained,FP,13/0022.png,454,1.61785888671875,0,1,1,0,1,0,0,0,0
13,pretrained,FP,13/0022.png,455,0.8542987108230591,0,1,1,0,1,0,0,0,0
13,pretrained,FP,13/0022.png,456,1.3897216320037842,0,1,1,0,1,0,0,0,0
13,pretrained,FP,13/0022.png,457,0.04673270881175995,0,1,1,0,1,0,0,0,0
13,pretrained,FP,13/0022.png,458,2.364527702331543,0,1,1,0,1,0,0,0,0
13,pretrained,FP,13/0022.png,459,2.1883609294891357,0,1,1,0,1,0,0,0,0
13,pretrained,FP,13/0022.png,460,2.765878200531006,0,1,1,0,1,0,0,0,0
13,pretrained,FP,13/0022.png,461,1.4239227771759033,0,1,1,0,1,0,0,0,0
13,pretrained,FP,13/0022.png,462,1.3790074586868286,0,1,1,0,1,0,0,0,0
13,pretrained,FP,13/0022.png,463,0.9800204634666443,0,1,1,0,1,0,0,0,0
13,pretrained,FP,13/0022.png,464,1.554909586906433,0,1,1,0,1,0,0,0,0
13,pretrained,FP,13/0022.png,465,0.3406383693218231,0,1,1,0,1,0,0,0,0
13,pretrained,FP,13/0022.png,466,0.7511296272277832,0,1,1,0,1,0,0,0,0
13,pretrained,FP,13/0022.png,467,1.4348453283309937,0,1,1,0,1,0,0,0,0
13,pretrained,FP,13/0022.png,468,0.1339941769838333,0,1,1,0,1,0,0,0,0
13,pretrained,FP,13/0022.png,469,1.553353190422058,0,1,1,0,1,0,0,0,0
13,pretrained,FP,13/0022.png,470,0.5611012578010559,0,1,1,0,1,0,0,0,0
13,pretrained,FP,13/0022.png,471,0.9759529829025269,0,1,1,0,1,0,0,0,0
13,pretrained,FP,13/0022.png,472,0.3092956244945526,0,1,1,0,1,0,0,0,0
13,pretrained,FP,13/0022.png,473,0.78731769323349,0,1,1,0,1,0,0,0,0
13,pretrained,FP,13/0022.png,474,2.508716583251953,0,1,1,0,1,0,0,0,0
13,pretrained,FP,13/0022.png,475,0.7268651723861694,0,1,1,0,1,0,0,0,0
13,pretrained,FP,13/0022.png,476,1.1393589973449707,0,1,1,0,1,0,0,0,0
13,pretrained,FP,13/0022.png,477,0.8359717726707458,0,1,1,0,1,0,0,0,0
13,pretrained,FP,13/0022.png,478,0.1311202496290207,0,1,1,0,1,0,0,0,0
13,pretrained,FP,13/0022.png,479,0.00026691571110859513,0,1,1,0,1,0,0,0,0
13,pretrained,FP,13/0022.png,480,0.9285503029823303,0,1,1,0,1,0,0,0,0
13,pretrained,FP,13/0022.png,481,1.6752560138702393,0,1,1,0,1,0,0,0,0
13,pretrained,FP,13/0022.png,482,1.60292649269104,0,1,1,0,1,0,0,0,0
13,pretrained,FP,13/0022.png,483,0.9342464804649353,0,1,1,0,1,0,0,0,0
13,pretrained,FP,13/0022.png,484,0.8097514510154724,0,1,1,0,1,0,0,0,0
13,pretrained,FP,13/0022.png,485,1.195054531097412,0,1,1,0,1,0,0,0,0
13,pretrained,FP,13/0022.png,486,0.0678897574543953,0,1,1,0,1,0,0,0,0
13,pretrained,FP,13/0022.png,487,0.09903841465711594,0,1,1,0,1,0,0,0,0
13,pretrained,FP,13/0022.png,488,1.505063533782959,0,1,1,0,1,0,0,0,0
13,pretrained,FP,13/0022.png,489,0.6092068552970886,0,1,1,0,1,0,0,0,0
13,pretrained,FP,13/0022.png,490,0.9736731648445129,0,1,1,0,1,0,0,0,0
13,pretrained,FP,13/0022.png,491,0.3908938467502594,0,1,1,0,1,0,0,0,0
13,pretrained,FP,13/0022.png,492,0.5595016479492188,0,1,1,0,1,0,0,0,0
13,pretrained,FP,13/0022.png,493,1.2536922693252563,0,1,1,0,1,0,0,0,0
13,pretrained,FP,13/0022.png,494,1.5919086933135986,0,1,1,0,1,0,0,0,0
13,pretrained,FP,13/0022.png,495,0.4290786683559418,0,1,1,0,1,0,0,0,0
13,pretrained,FP,13/0022.png,496,0.8432207703590393,0,1,1,0,1,0,0,0,0
13,pretrained,FP,13/0022.png,497,0.7732610702514648,0,1,1,0,1,0,0,0,0
13,pretrained,FP,13/0022.png,498,1.3537219762802124,0,1,1,0,1,0,0,0,0
13,pretrained,FP,13/0022.png,499,0.6970967650413513,0,1,1,0,1,0,0,0,0
13,pretrained,FP,13/0022.png,500,0.9767199754714966,0,1,1,0,1,0,0,0,0
13,pretrained,FP,13/0022.png,501,1.9812818765640259,0,1,1,0,1,0,0,0,0
13,pretrained,FP,13/0022.png,502,2.398895025253296,0,1,1,0,1,0,0,0,0
13,pretrained,FP,13/0022.png,503,1.5788726806640625,0,1,1,0,1,0,0,0,0
13,pretrained,FP,13/0022.png,504,0.1122274175286293,0,1,1,0,1,0,0,0,0
13,pretrained,FP,13/0022.png,505,1.5359363555908203,0,1,1,0,1,0,0,0,0
13,pretrained,FP,13/0022.png,506,0.7780329585075378,0,1,1,0,1,0,0,0,0
13,pretrained,FP,13/0022.png,507,0.08864271640777588,0,1,1,0,1,0,0,0,0
13,pretrained,FP,13/0022.png,508,0.7408977150917053,0,1,1,0,1,0,0,0,0
13,pretrained,FP,13/0022.png,509,0.9633545279502869,0,1,1,0,1,0,0,0,0
13,pretrained,FP,13/0022.png,510,0.19237713515758514,0,1,1,0,1,0,0,0,0
13,pretrained,FP,13/0022.png,511,0.0011169875506311655,0,1,1,0,1,0,0,0,0
13,pretrained,FN,13/0023.png,0,1.7035157680511475,1,1,0,1,0,0,0,0,0
13,pretrained,FN,13/0023.png,1,0.7098693251609802,1,1,0,1,0,0,0,0,0
13,pretrained,FN,13/0023.png,2,0.4378257393836975,1,1,0,1,0,0,0,0,0
13,pretrained,FN,13/0023.png,3,1.2658216953277588,1,1,0,1,0,0,0,0,0
13,pretrained,FN,13/0023.png,4,0.6017572283744812,1,1,0,1,0,0,0,0,0
13,pretrained,FN,13/0023.png,5,0.4488328695297241,1,1,0,1,0,0,0,0,0
13,pretrained,FN,13/0023.png,6,0.17684821784496307,1,1,0,1,0,0,0,0,0
13,pretrained,FN,13/0023.png,7,1.4958547353744507,1,1,0,1,0,0,0,0,0
13,pretrained,FN,13/0023.png,8,2.326030731201172,1,1,0,1,0,0,0,0,0
13,pretrained,FN,13/0023.png,9,0.8913349509239197,1,1,0,1,0,0,0,0,0
13,pretrained,FN,13/0023.png,10,0.18618568778038025,1,1,0,1,0,0,0,0,0
13,pretrained,FN,13/0023.png,11,1.661711573600769,1,1,0,1,0,0,0,0,0
13,pretrained,FN,13/0023.png,12,0.8125449419021606,1,1,0,1,0,0,0,0,0
13,pretrained,FN,13/0023.png,13,0.7303161025047302,1,1,0,1,0,0,0,0,0
13,pretrained,FN,13/0023.png,14,0.3602888286113739,1,1,0,1,0,0,0,0,0
13,pretrained,FN,13/0023.png,15,0.7305434346199036,1,1,0,1,0,0,0,0,0
13,pretrained,FN,13/0023.png,16,1.3221937417984009,1,1,0,1,0,0,0,0,0
13,pretrained,FN,13/0023.png,17,1.2722026109695435,1,1,0,1,0,0,0,0,0
13,pretrained,FN,13/0023.png,18,0.5005582571029663,1,1,0,1,0,0,0,0,0
13,pretrained,FN,13/0023.png,19,0.15658707916736603,1,1,0,1,0,0,0,0,0
13,pretrained,FN,13/0023.png,20,1.6118279695510864,1,1,0,1,0,0,0,0,0
13,pretrained,FN,13/0023.png,21,1.6003291606903076,1,1,0,1,0,0,0,0,0
13,pretrained,FN,13/0023.png,22,1.227846622467041,1,1,0,1,0,0,0,0,0
13,pretrained,FN,13/0023.png,23,1.260532021522522,1,1,0,1,0,0,0,0,0
13,pretrained,FN,13/0023.png,24,0.6408164501190186,1,1,0,1,0,0,0,0,0
13,pretrained,FN,13/0023.png,25,0.2791571617126465,1,1,0,1,0,0,0,0,0
13,pretrained,FN,13/0023.png,26,0.1628103256225586,1,1,0,1,0,0,0,0,0
13,pretrained,FN,13/0023.png,27,0.07960689067840576,1,1,0,1,0,0,0,0,0
13,pretrained,FN,13/0023.png,28,1.5873788595199585,1,1,0,1,0,0,0,0,0
13,pretrained,FN,13/0023.png,29,1.4400359392166138,1,1,0,1,0,0,0,0,0
13,pretrained,FN,13/0023.png,30,0.5165587663650513,1,1,0,1,0,0,0,0,0
13,pretrained,FN,13/0023.png,31,0.4350619912147522,1,1,0,1,0,0,0,0,0
13,pretrained,FN,13/0023.png,32,0.9650416374206543,1,1,0,1,0,0,0,0,0
13,pretrained,FN,13/0023.png,33,0.48339515924453735,1,1,0,1,0,0,0,0,0
13,pretrained,FN,13/0023.png,34,2.2926716804504395,1,1,0,1,0,0,0,0,0
13,pretrained,FN,13/0023.png,35,1.2366611957550049,1,1,0,1,0,0,0,0,0
13,pretrained,FN,13/0023.png,36,0.440141886472702,1,1,0,1,0,0,0,0,0
13,pretrained,FN,13/0023.png,37,0.39829662442207336,1,1,0,1,0,0,0,0,0
13,pretrained,FN,13/0023.png,38,1.8366440534591675,1,1,0,1,0,0,0,0,0
13,pretrained,FN,13/0023.png,39,1.3588826656341553,1,1,0,1,0,0,0,0,0
13,pretrained,FN,13/0023.png,40,0.14442865550518036,1,1,0,1,0,0,0,0,0
13,pretrained,FN,13/0023.png,41,0.19291990995407104,1,1,0,1,0,0,0,0,0
13,pretrained,FN,13/0023.png,42,0.42099788784980774,1,1,0,1,0,0,0,0,0
13,pretrained,FN,13/0023.png,43,2.2580060958862305,1,1,0,1,0,0,0,0,0
13,pretrained,FN,13/0023.png,44,0.24657133221626282,1,1,0,1,0,0,0,0,0
13,pretrained,FN,13/0023.png,45,0.30938735604286194,1,1,0,1,0,0,0,0,0
13,pretrained,FN,13/0023.png,46,1.780156135559082,1,1,0,1,0,0,0,0,0
13,pretrained,FN,13/0023.png,47,0.557519257068634,1,1,0,1,0,0,0,0,0
13,pretrained,FN,13/0023.png,48,1.3297775983810425,1,1,0,1,0,0,0,0,0
13,pretrained,FN,13/0023.png,49,1.1335738897323608,1,1,0,1,0,0,0,0,0
13,pretrained,FN,13/0023.png,50,1.5170172452926636,1,1,0,1,0,0,0,0,0
13,pretrained,FN,13/0023.png,51,0.04717499390244484,1,1,0,1,0,0,0,0,0
13,pretrained,FN,13/0023.png,52,0.8032447695732117,1,1,0,1,0,0,0,0,0
13,pretrained,FN,13/0023.png,53,0.07877589762210846,1,1,0,1,0,0,0,0,0
13,pretrained,FN,13/0023.png,54,0.5788323283195496,1,1,0,1,0,0,0,0,0
13,pretrained,FN,13/0023.png,55,0.7541823387145996,1,1,0,1,0,0,0,0,0
13,pretrained,FN,13/0023.png,56,0.9466959834098816,1,1,0,1,0,0,0,0,0
13,pretrained,FN,13/0023.png,57,3.348660945892334,1,1,0,1,0,0,0,0,0
13,pretrained,FN,13/0023.png,58,1.3910603523254395,1,1,0,1,0,0,0,0,0
13,pretrained,FN,13/0023.png,59,0.5827288627624512,1,1,0,1,0,0,0,0,0
13,pretrained,FN,13/0023.png,60,1.4108115434646606,1,1,0,1,0,0,0,0,0
13,pretrained,FN,13/0023.png,61,1.6583802700042725,1,1,0,1,0,0,0,0,0
13,pretrained,FN,13/0023.png,62,0.4750080406665802,1,1,0,1,0,0,0,0,0
13,pretrained,FN,13/0023.png,63,0.5898008942604065,1,1,0,1,0,0,0,0,0
13,pretrained,FN,13/0023.png,64,0.6492264270782471,1,1,0,1,0,0,0,0,0
13,pretrained,FN,13/0023.png,65,0.3221597671508789,1,1,0,1,0,0,0,0,0
13,pretrained,FN,13/0023.png,66,0.38994893431663513,1,1,0,1,0,0,0,0,0
13,pretrained,FN,13/0023.png,67,0.7928179502487183,1,1,0,1,0,0,0,0,0
13,pretrained,FN,13/0023.png,68,0.016432836651802063,1,1,0,1,0,0,0,0,0
13,pretrained,FN,13/0023.png,69,0.5852717161178589,1,1,0,1,0,0,0,0,0
13,pretrained,FN,13/0023.png,70,0.35685083270072937,1,1,0,1,0,0,0,0,0
13,pretrained,FN,13/0023.png,71,0.20413342118263245,1,1,0,1,0,0,0,0,0
13,pretrained,FN,13/0023.png,72,0.30449017882347107,1,1,0,1,0,0,0,0,0
13,pretrained,FN,13/0023.png,73,0.16719990968704224,1,1,0,1,0,0,0,0,0
13,pretrained,FN,13/0023.png,74,0.5921908020973206,1,1,0,1,0,0,0,0,0
13,pretrained,FN,13/0023.png,75,0.011612080037593842,1,1,0,1,0,0,0,0,0
13,pretrained,FN,13/0023.png,76,0.8140354752540588,1,1,0,1,0,0,0,0,0
13,pretrained,FN,13/0023.png,77,3.6340653896331787,1,1,0,1,0,0,0,0,0
13,pretrained,FN,13/0023.png,78,0.9248756170272827,1,1,0,1,0,0,0,0,0
13,pretrained,FN,13/0023.png,79,0.24278588593006134,1,1,0,1,0,0,0,0,0
13,pretrained,FN,13/0023.png,80,0.9229406118392944,1,1,0,1,0,0,0,0,0
13,pretrained,FN,13/0023.png,81,0.6759588122367859,1,1,0,1,0,0,0,0,0
13,pretrained,FN,13/0023.png,82,0.8763222098350525,1,1,0,1,0,0,0,0,0
13,pretrained,FN,13/0023.png,83,0.37583911418914795,1,1,0,1,0,0,0,0,0
13,pretrained,FN,13/0023.png,84,0.18876029551029205,1,1,0,1,0,0,0,0,0
13,pretrained,FN,13/0023.png,85,0.926771342754364,1,1,0,1,0,0,0,0,0
13,pretrained,FN,13/0023.png,86,0.14174163341522217,1,1,0,1,0,0,0,0,0
13,pretrained,FN,13/0023.png,87,0.46236830949783325,1,1,0,1,0,0,0,0,0
13,pretrained,FN,13/0023.png,88,1.2213268280029297,1,1,0,1,0,0,0,0,0
13,pretrained,FN,13/0023.png,89,1.2975568771362305,1,1,0,1,0,0,0,0,0
13,pretrained,FN,13/0023.png,90,0.1928805559873581,1,1,0,1,0,0,0,0,0
13,pretrained,FN,13/0023.png,91,0.7744957208633423,1,1,0,1,0,0,0,0,0
13,pretrained,FN,13/0023.png,92,0.51268470287323,1,1,0,1,0,0,0,0,0
13,pretrained,FN,13/0023.png,93,1.2245160341262817,1,1,0,1,0,0,0,0,0
13,pretrained,FN,13/0023.png,94,0.6837700605392456,1,1,0,1,0,0,0,0,0
13,pretrained,FN,13/0023.png,95,1.9450926780700684,1,1,0,1,0,0,0,0,0
13,pretrained,FN,13/0023.png,96,1.6569641828536987,1,1,0,1,0,0,0,0,0
13,pretrained,FN,13/0023.png,97,0.06507520377635956,1,1,0,1,0,0,0,0,0
13,pretrained,FN,13/0023.png,98,0.06340079754590988,1,1,0,1,0,0,0,0,0
13,pretrained,FN,13/0023.png,99,0.36264991760253906,1,1,0,1,0,0,0,0,0
13,pretrained,FN,13/0023.png,100,0.43919745087623596,1,1,0,1,0,0,0,0,0
13,pretrained,FN,13/0023.png,101,1.3356672525405884,1,1,0,1,0,0,0,0,0
13,pretrained,FN,13/0023.png,102,0.5784600377082825,1,1,0,1,0,0,0,0,0
13,pretrained,FN,13/0023.png,103,0.34973376989364624,1,1,0,1,0,0,0,0,0
13,pretrained,FN,13/0023.png,104,1.876509428024292,1,1,0,1,0,0,0,0,0
13,pretrained,FN,13/0023.png,105,1.2293535470962524,1,1,0,1,0,0,0,0,0
13,pretrained,FN,13/0023.png,106,0.5583592653274536,1,1,0,1,0,0,0,0,0
13,pretrained,FN,13/0023.png,107,1.056472659111023,1,1,0,1,0,0,0,0,0
13,pretrained,FN,13/0023.png,108,0.013302759267389774,1,1,0,1,0,0,0,0,0
13,pretrained,FN,13/0023.png,109,0.596723735332489,1,1,0,1,0,0,0,0,0
13,pretrained,FN,13/0023.png,110,1.262556791305542,1,1,0,1,0,0,0,0,0
13,pretrained,FN,13/0023.png,111,2.022336483001709,1,1,0,1,0,0,0,0,0
13,pretrained,FN,13/0023.png,112,1.7791270017623901,1,1,0,1,0,0,0,0,0
13,pretrained,FN,13/0023.png,113,0.6574000716209412,1,1,0,1,0,0,0,0,0
13,pretrained,FN,13/0023.png,114,0.22213569283485413,1,1,0,1,0,0,0,0,0
13,pretrained,FN,13/0023.png,115,0.06531742960214615,1,1,0,1,0,0,0,0,0
13,pretrained,FN,13/0023.png,116,0.7473967671394348,1,1,0,1,0,0,0,0,0
13,pretrained,FN,13/0023.png,117,1.2470135688781738,1,1,0,1,0,0,0,0,0
13,pretrained,FN,13/0023.png,118,0.5637729167938232,1,1,0,1,0,0,0,0,0
13,pretrained,FN,13/0023.png,119,1.6523329019546509,1,1,0,1,0,0,0,0,0
13,pretrained,FN,13/0023.png,120,1.4907197952270508,1,1,0,1,0,0,0,0,0
13,pretrained,FN,13/0023.png,121,0.8394984006881714,1,1,0,1,0,0,0,0,0
13,pretrained,FN,13/0023.png,122,0.6380946040153503,1,1,0,1,0,0,0,0,0
13,pretrained,FN,13/0023.png,123,0.3698517084121704,1,1,0,1,0,0,0,0,0
13,pretrained,FN,13/0023.png,124,0.9866648316383362,1,1,0,1,0,0,0,0,0
13,pretrained,FN,13/0023.png,125,0.9343996047973633,1,1,0,1,0,0,0,0,0
13,pretrained,FN,13/0023.png,126,0.3021169900894165,1,1,0,1,0,0,0,0,0
13,pretrained,FN,13/0023.png,127,1.1269855499267578,1,1,0,1,0,0,0,0,0
13,pretrained,FN,13/0023.png,128,1.2487047910690308,1,1,0,1,0,0,0,0,0
13,pretrained,FN,13/0023.png,129,0.14408385753631592,1,1,0,1,0,0,0,0,0
13,pretrained,FN,13/0023.png,130,0.26347747445106506,1,1,0,1,0,0,0,0,0
13,pretrained,FN,13/0023.png,131,0.3999384939670563,1,1,0,1,0,0,0,0,0
13,pretrained,FN,13/0023.png,132,0.7347396612167358,1,1,0,1,0,0,0,0,0
13,pretrained,FN,13/0023.png,133,0.8055911064147949,1,1,0,1,0,0,0,0,0
13,pretrained,FN,13/0023.png,134,1.8802821636199951,1,1,0,1,0,0,0,0,0
13,pretrained,FN,13/0023.png,135,1.006174921989441,1,1,0,1,0,0,0,0,0
13,pretrained,FN,13/0023.png,136,1.0087430477142334,1,1,0,1,0,0,0,0,0
13,pretrained,FN,13/0023.png,137,1.1522513628005981,1,1,0,1,0,0,0,0,0
13,pretrained,FN,13/0023.png,138,0.009211414493620396,1,1,0,1,0,0,0,0,0
13,pretrained,FN,13/0023.png,139,0.990203320980072,1,1,0,1,0,0,0,0,0
13,pretrained,FN,13/0023.png,140,1.044040322303772,1,1,0,1,0,0,0,0,0
13,pretrained,FN,13/0023.png,141,0.7392750978469849,1,1,0,1,0,0,0,0,0
13,pretrained,FN,13/0023.png,142,2.1992077827453613,1,1,0,1,0,0,0,0,0
13,pretrained,FN,13/0023.png,143,0.19567833840847015,1,1,0,1,0,0,0,0,0
13,pretrained,FN,13/0023.png,144,0.26665395498275757,1,1,0,1,0,0,0,0,0
13,pretrained,FN,13/0023.png,145,0.7313710451126099,1,1,0,1,0,0,0,0,0
13,pretrained,FN,13/0023.png,146,0.5876362919807434,1,1,0,1,0,0,0,0,0
13,pretrained,FN,13/0023.png,147,0.715124249458313,1,1,0,1,0,0,0,0,0
13,pretrained,FN,13/0023.png,148,0.8344365358352661,1,1,0,1,0,0,0,0,0
13,pretrained,FN,13/0023.png,149,0.673180878162384,1,1,0,1,0,0,0,0,0
13,pretrained,FN,13/0023.png,150,0.4256178140640259,1,1,0,1,0,0,0,0,0
13,pretrained,FN,13/0023.png,151,1.6568711996078491,1,1,0,1,0,0,0,0,0
13,pretrained,FN,13/0023.png,152,1.3820892572402954,1,1,0,1,0,0,0,0,0
13,pretrained,FN,13/0023.png,153,1.525914192199707,1,1,0,1,0,0,0,0,0
13,pretrained,FN,13/0023.png,154,1.7347248792648315,1,1,0,1,0,0,0,0,0
13,pretrained,FN,13/0023.png,155,0.7064549922943115,1,1,0,1,0,0,0,0,0
13,pretrained,FN,13/0023.png,156,2.0937507152557373,1,1,0,1,0,0,0,0,0
13,pretrained,FN,13/0023.png,157,0.8986263871192932,1,1,0,1,0,0,0,0,0
13,pretrained,FN,13/0023.png,158,1.716390609741211,1,1,0,1,0,0,0,0,0
13,pretrained,FN,13/0023.png,159,0.3310147821903229,1,1,0,1,0,0,0,0,0
13,pretrained,FN,13/0023.png,160,0.298783540725708,1,1,0,1,0,0,0,0,0
13,pretrained,FN,13/0023.png,161,2.0422627925872803,1,1,0,1,0,0,0,0,0
13,pretrained,FN,13/0023.png,162,1.379591703414917,1,1,0,1,0,0,0,0,0
13,pretrained,FN,13/0023.png,163,0.426067054271698,1,1,0,1,0,0,0,0,0
13,pretrained,FN,13/0023.png,164,1.8081854581832886,1,1,0,1,0,0,0,0,0
13,pretrained,FN,13/0023.png,165,0.01030787918716669,1,1,0,1,0,0,0,0,0
13,pretrained,FN,13/0023.png,166,0.5478335618972778,1,1,0,1,0,0,0,0,0
13,pretrained,FN,13/0023.png,167,0.0757964551448822,1,1,0,1,0,0,0,0,0
13,pretrained,FN,13/0023.png,168,0.9215317368507385,1,1,0,1,0,0,0,0,0
13,pretrained,FN,13/0023.png,169,0.8807459473609924,1,1,0,1,0,0,0,0,0
13,pretrained,FN,13/0023.png,170,0.9213183522224426,1,1,0,1,0,0,0,0,0
13,pretrained,FN,13/0023.png,171,0.044460806995630264,1,1,0,1,0,0,0,0,0
13,pretrained,FN,13/0023.png,172,0.20868170261383057,1,1,0,1,0,0,0,0,0
13,pretrained,FN,13/0023.png,173,0.6946864128112793,1,1,0,1,0,0,0,0,0
13,pretrained,FN,13/0023.png,174,1.369538426399231,1,1,0,1,0,0,0,0,0
13,pretrained,FN,13/0023.png,175,2.1770317554473877,1,1,0,1,0,0,0,0,0
13,pretrained,FN,13/0023.png,176,0.6737399697303772,1,1,0,1,0,0,0,0,0
13,pretrained,FN,13/0023.png,177,0.0,1,1,0,1,0,0,0,0,0
13,pretrained,FN,13/0023.png,178,1.7951585054397583,1,1,0,1,0,0,0,0,0
13,pretrained,FN,13/0023.png,179,1.2725785970687866,1,1,0,1,0,0,0,0,0
13,pretrained,FN,13/0023.png,180,1.3820984363555908,1,1,0,1,0,0,0,0,0
13,pretrained,FN,13/0023.png,181,0.7116080522537231,1,1,0,1,0,0,0,0,0
13,pretrained,FN,13/0023.png,182,2.7340822219848633,1,1,0,1,0,0,0,0,0
13,pretrained,FN,13/0023.png,183,1.8964900970458984,1,1,0,1,0,0,0,0,0
13,pretrained,FN,13/0023.png,184,0.5441972613334656,1,1,0,1,0,0,0,0,0
13,pretrained,FN,13/0023.png,185,1.5367130041122437,1,1,0,1,0,0,0,0,0
13,pretrained,FN,13/0023.png,186,0.04137595370411873,1,1,0,1,0,0,0,0,0
13,pretrained,FN,13/0023.png,187,1.5590269565582275,1,1,0,1,0,0,0,0,0
13,pretrained,FN,13/0023.png,188,1.6549367904663086,1,1,0,1,0,0,0,0,0
13,pretrained,FN,13/0023.png,189,0.3048092722892761,1,1,0,1,0,0,0,0,0
13,pretrained,FN,13/0023.png,190,0.9209949970245361,1,1,0,1,0,0,0,0,0
13,pretrained,FN,13/0023.png,191,0.2203783243894577,1,1,0,1,0,0,0,0,0
13,pretrained,FN,13/0023.png,192,1.747647762298584,1,1,0,1,0,0,0,0,0
13,pretrained,FN,13/0023.png,193,2.0618033409118652,1,1,0,1,0,0,0,0,0
13,pretrained,FN,13/0023.png,194,0.7105194330215454,1,1,0,1,0,0,0,0,0
13,pretrained,FN,13/0023.png,195,0.3585020899772644,1,1,0,1,0,0,0,0,0
13,pretrained,FN,13/0023.png,196,1.1613091230392456,1,1,0,1,0,0,0,0,0
13,pretrained,FN,13/0023.png,197,0.18368764221668243,1,1,0,1,0,0,0,0,0
13,pretrained,FN,13/0023.png,198,1.0692112445831299,1,1,0,1,0,0,0,0,0
13,pretrained,FN,13/0023.png,199,0.7039108276367188,1,1,0,1,0,0,0,0,0
13,pretrained,FN,13/0023.png,200,1.262258529663086,1,1,0,1,0,0,0,0,0
13,pretrained,FN,13/0023.png,201,1.46479070186615,1,1,0,1,0,0,0,0,0
13,pretrained,FN,13/0023.png,202,1.876239538192749,1,1,0,1,0,0,0,0,0
13,pretrained,FN,13/0023.png,203,0.2878718376159668,1,1,0,1,0,0,0,0,0
13,pretrained,FN,13/0023.png,204,1.0811412334442139,1,1,0,1,0,0,0,0,0
13,pretrained,FN,13/0023.png,205,0.843205988407135,1,1,0,1,0,0,0,0,0
13,pretrained,FN,13/0023.png,206,0.9860442876815796,1,1,0,1,0,0,0,0,0
13,pretrained,FN,13/0023.png,207,0.3262869119644165,1,1,0,1,0,0,0,0,0
13,pretrained,FN,13/0023.png,208,0.9529752135276794,1,1,0,1,0,0,0,0,0
13,pretrained,FN,13/0023.png,209,1.115025281906128,1,1,0,1,0,0,0,0,0
13,pretrained,FN,13/0023.png,210,0.1085430383682251,1,1,0,1,0,0,0,0,0
13,pretrained,FN,13/0023.png,211,0.5532374382019043,1,1,0,1,0,0,0,0,0
13,pretrained,FN,13/0023.png,212,0.9334948062896729,1,1,0,1,0,0,0,0,0
13,pretrained,FN,13/0023.png,213,2.080070734024048,1,1,0,1,0,0,0,0,0
13,pretrained,FN,13/0023.png,214,0.7093327641487122,1,1,0,1,0,0,0,0,0
13,pretrained,FN,13/0023.png,215,1.914425015449524,1,1,0,1,0,0,0,0,0
13,pretrained,FN,13/0023.png,216,0.4987831115722656,1,1,0,1,0,0,0,0,0
13,pretrained,FN,13/0023.png,217,0.3809022307395935,1,1,0,1,0,0,0,0,0
13,pretrained,FN,13/0023.png,218,0.9602139592170715,1,1,0,1,0,0,0,0,0
13,pretrained,FN,13/0023.png,219,0.5183559060096741,1,1,0,1,0,0,0,0,0
13,pretrained,FN,13/0023.png,220,0.5045217275619507,1,1,0,1,0,0,0,0,0
13,pretrained,FN,13/0023.png,221,0.10440817475318909,1,1,0,1,0,0,0,0,0
13,pretrained,FN,13/0023.png,222,1.4095630645751953,1,1,0,1,0,0,0,0,0
13,pretrained,FN,13/0023.png,223,0.39934268593788147,1,1,0,1,0,0,0,0,0
13,pretrained,FN,13/0023.png,224,0.38916417956352234,1,1,0,1,0,0,0,0,0
13,pretrained,FN,13/0023.png,225,1.0149343013763428,1,1,0,1,0,0,0,0,0
13,pretrained,FN,13/0023.png,226,0.42379021644592285,1,1,0,1,0,0,0,0,0
13,pretrained,FN,13/0023.png,227,0.3399278223514557,1,1,0,1,0,0,0,0,0
13,pretrained,FN,13/0023.png,228,0.19781704246997833,1,1,0,1,0,0,0,0,0
13,pretrained,FN,13/0023.png,229,1.2070587873458862,1,1,0,1,0,0,0,0,0
13,pretrained,FN,13/0023.png,230,0.8626896739006042,1,1,0,1,0,0,0,0,0
13,pretrained,FN,13/0023.png,231,0.4787013530731201,1,1,0,1,0,0,0,0,0
13,pretrained,FN,13/0023.png,232,0.6332374215126038,1,1,0,1,0,0,0,0,0
13,pretrained,FN,13/0023.png,233,1.61176598072052,1,1,0,1,0,0,0,0,0
13,pretrained,FN,13/0023.png,234,0.2977537214756012,1,1,0,1,0,0,0,0,0
13,pretrained,FN,13/0023.png,235,1.328667163848877,1,1,0,1,0,0,0,0,0
13,pretrained,FN,13/0023.png,236,1.9104101657867432,1,1,0,1,0,0,0,0,0
13,pretrained,FN,13/0023.png,237,1.4104013442993164,1,1,0,1,0,0,0,0,0
13,pretrained,FN,13/0023.png,238,0.973924458026886,1,1,0,1,0,0,0,0,0
13,pretrained,FN,13/0023.png,239,0.5701146125793457,1,1,0,1,0,0,0,0,0
13,pretrained,FN,13/0023.png,240,1.1127814054489136,1,1,0,1,0,0,0,0,0
13,pretrained,FN,13/0023.png,241,0.5632286667823792,1,1,0,1,0,0,0,0,0
13,pretrained,FN,13/0023.png,242,2.505781412124634,1,1,0,1,0,0,0,0,0
13,pretrained,FN,13/0023.png,243,1.874017357826233,1,1,0,1,0,0,0,0,0
13,pretrained,FN,13/0023.png,244,0.7373358011245728,1,1,0,1,0,0,0,0,0
13,pretrained,FN,13/0023.png,245,0.4427987337112427,1,1,0,1,0,0,0,0,0
13,pretrained,FN,13/0023.png,246,0.6402977705001831,1,1,0,1,0,0,0,0,0
13,pretrained,FN,13/0023.png,247,0.3432619571685791,1,1,0,1,0,0,0,0,0
13,pretrained,FN,13/0023.png,248,1.0986506938934326,1,1,0,1,0,0,0,0,0
13,pretrained,FN,13/0023.png,249,1.5305140018463135,1,1,0,1,0,0,0,0,0
13,pretrained,FN,13/0023.png,250,0.8739550709724426,1,1,0,1,0,0,0,0,0
13,pretrained,FN,13/0023.png,251,0.4268872141838074,1,1,0,1,0,0,0,0,0
13,pretrained,FN,13/0023.png,252,1.241904854774475,1,1,0,1,0,0,0,0,0
13,pretrained,FN,13/0023.png,253,0.346090167760849,1,1,0,1,0,0,0,0,0
13,pretrained,FN,13/0023.png,254,0.4339125454425812,1,1,0,1,0,0,0,0,0
13,pretrained,FN,13/0023.png,255,2.328711748123169,1,1,0,1,0,0,0,0,0
13,pretrained,FN,13/0023.png,256,0.3678131401538849,1,1,0,1,0,0,0,0,0
13,pretrained,FN,13/0023.png,257,0.16324648261070251,1,1,0,1,0,0,0,0,0
13,pretrained,FN,13/0023.png,258,1.362882375717163,1,1,0,1,0,0,0,0,0
13,pretrained,FN,13/0023.png,259,1.8802603483200073,1,1,0,1,0,0,0,0,0
13,pretrained,FN,13/0023.png,260,0.8080652952194214,1,1,0,1,0,0,0,0,0
13,pretrained,FN,13/0023.png,261,2.224339008331299,1,1,0,1,0,0,0,0,0
13,pretrained,FN,13/0023.png,262,1.8886762857437134,1,1,0,1,0,0,0,0,0
13,pretrained,FN,13/0023.png,263,0.6957929134368896,1,1,0,1,0,0,0,0,0
13,pretrained,FN,13/0023.png,264,1.946932315826416,1,1,0,1,0,0,0,0,0
13,pretrained,FN,13/0023.png,265,1.716462254524231,1,1,0,1,0,0,0,0,0
13,pretrained,FN,13/0023.png,266,0.373364120721817,1,1,0,1,0,0,0,0,0
13,pretrained,FN,13/0023.png,267,0.3864283561706543,1,1,0,1,0,0,0,0,0
13,pretrained,FN,13/0023.png,268,1.3406667709350586,1,1,0,1,0,0,0,0,0
13,pretrained,FN,13/0023.png,269,0.8714925050735474,1,1,0,1,0,0,0,0,0
13,pretrained,FN,13/0023.png,270,0.20345789194107056,1,1,0,1,0,0,0,0,0
13,pretrained,FN,13/0023.png,271,1.1974868774414062,1,1,0,1,0,0,0,0,0
13,pretrained,FN,13/0023.png,272,0.6089987754821777,1,1,0,1,0,0,0,0,0
13,pretrained,FN,13/0023.png,273,0.05781904608011246,1,1,0,1,0,0,0,0,0
13,pretrained,FN,13/0023.png,274,0.3724724054336548,1,1,0,1,0,0,0,0,0
13,pretrained,FN,13/0023.png,275,0.9213221669197083,1,1,0,1,0,0,0,0,0
13,pretrained,FN,13/0023.png,276,1.0002776384353638,1,1,0,1,0,0,0,0,0
13,pretrained,FN,13/0023.png,277,0.8287686109542847,1,1,0,1,0,0,0,0,0
13,pretrained,FN,13/0023.png,278,1.689171314239502,1,1,0,1,0,0,0,0,0
13,pretrained,FN,13/0023.png,279,1.180404543876648,1,1,0,1,0,0,0,0,0
13,pretrained,FN,13/0023.png,280,1.363085389137268,1,1,0,1,0,0,0,0,0
13,pretrained,FN,13/0023.png,281,0.7011171579360962,1,1,0,1,0,0,0,0,0
13,pretrained,FN,13/0023.png,282,0.04612713307142258,1,1,0,1,0,0,0,0,0
13,pretrained,FN,13/0023.png,283,1.6496524810791016,1,1,0,1,0,0,0,0,0
13,pretrained,FN,13/0023.png,284,1.3902146816253662,1,1,0,1,0,0,0,0,0
13,pretrained,FN,13/0023.png,285,1.1303682327270508,1,1,0,1,0,0,0,0,0
13,pretrained,FN,13/0023.png,286,0.9784120321273804,1,1,0,1,0,0,0,0,0
13,pretrained,FN,13/0023.png,287,0.4738902747631073,1,1,0,1,0,0,0,0,0
13,pretrained,FN,13/0023.png,288,0.44829294085502625,1,1,0,1,0,0,0,0,0
13,pretrained,FN,13/0023.png,289,0.27225783467292786,1,1,0,1,0,0,0,0,0
13,pretrained,FN,13/0023.png,290,0.717462420463562,1,1,0,1,0,0,0,0,0
13,pretrained,FN,13/0023.png,291,0.5913611650466919,1,1,0,1,0,0,0,0,0
13,pretrained,FN,13/0023.png,292,2.160064935684204,1,1,0,1,0,0,0,0,0
13,pretrained,FN,13/0023.png,293,0.45007553696632385,1,1,0,1,0,0,0,0,0
13,pretrained,FN,13/0023.png,294,1.22274649143219,1,1,0,1,0,0,0,0,0
13,pretrained,FN,13/0023.png,295,1.1684268712997437,1,1,0,1,0,0,0,0,0
13,pretrained,FN,13/0023.png,296,0.7690465450286865,1,1,0,1,0,0,0,0,0
13,pretrained,FN,13/0023.png,297,1.8371729850769043,1,1,0,1,0,0,0,0,0
13,pretrained,FN,13/0023.png,298,1.300742506980896,1,1,0,1,0,0,0,0,0
13,pretrained,FN,13/0023.png,299,0.4450168311595917,1,1,0,1,0,0,0,0,0
13,pretrained,FN,13/0023.png,300,1.429909110069275,1,1,0,1,0,0,0,0,0
13,pretrained,FN,13/0023.png,301,2.0850396156311035,1,1,0,1,0,0,0,0,0
13,pretrained,FN,13/0023.png,302,1.0665287971496582,1,1,0,1,0,0,0,0,0
13,pretrained,FN,13/0023.png,303,1.3931009769439697,1,1,0,1,0,0,0,0,0
13,pretrained,FN,13/0023.png,304,0.331589013338089,1,1,0,1,0,0,0,0,0
13,pretrained,FN,13/0023.png,305,0.01874808967113495,1,1,0,1,0,0,0,0,0
13,pretrained,FN,13/0023.png,306,0.708483874797821,1,1,0,1,0,0,0,0,0
13,pretrained,FN,13/0023.png,307,1.554427981376648,1,1,0,1,0,0,0,0,0
13,pretrained,FN,13/0023.png,308,0.05061148479580879,1,1,0,1,0,0,0,0,0
13,pretrained,FN,13/0023.png,309,0.1478651612997055,1,1,0,1,0,0,0,0,0
13,pretrained,FN,13/0023.png,310,2.0853965282440186,1,1,0,1,0,0,0,0,0
13,pretrained,FN,13/0023.png,311,1.385428547859192,1,1,0,1,0,0,0,0,0
13,pretrained,FN,13/0023.png,312,0.2195887714624405,1,1,0,1,0,0,0,0,0
13,pretrained,FN,13/0023.png,313,0.7188177108764648,1,1,0,1,0,0,0,0,0
13,pretrained,FN,13/0023.png,314,1.456015944480896,1,1,0,1,0,0,0,0,0
13,pretrained,FN,13/0023.png,315,0.28983306884765625,1,1,0,1,0,0,0,0,0
13,pretrained,FN,13/0023.png,316,0.26957935094833374,1,1,0,1,0,0,0,0,0
13,pretrained,FN,13/0023.png,317,0.8589168190956116,1,1,0,1,0,0,0,0,0
13,pretrained,FN,13/0023.png,318,0.8135698437690735,1,1,0,1,0,0,0,0,0
13,pretrained,FN,13/0023.png,319,0.4719473123550415,1,1,0,1,0,0,0,0,0
13,pretrained,FN,13/0023.png,320,1.008310317993164,1,1,0,1,0,0,0,0,0
13,pretrained,FN,13/0023.png,321,0.17525869607925415,1,1,0,1,0,0,0,0,0
13,pretrained,FN,13/0023.png,322,0.8113108277320862,1,1,0,1,0,0,0,0,0
13,pretrained,FN,13/0023.png,323,1.8402400016784668,1,1,0,1,0,0,0,0,0
13,pretrained,FN,13/0023.png,324,0.4446909725666046,1,1,0,1,0,0,0,0,0
13,pretrained,FN,13/0023.png,325,0.16475844383239746,1,1,0,1,0,0,0,0,0
13,pretrained,FN,13/0023.png,326,0.5091032981872559,1,1,0,1,0,0,0,0,0
13,pretrained,FN,13/0023.png,327,0.27793505787849426,1,1,0,1,0,0,0,0,0
13,pretrained,FN,13/0023.png,328,1.2949739694595337,1,1,0,1,0,0,0,0,0
13,pretrained,FN,13/0023.png,329,0.1506444811820984,1,1,0,1,0,0,0,0,0
13,pretrained,FN,13/0023.png,330,0.3818480372428894,1,1,0,1,0,0,0,0,0
13,pretrained,FN,13/0023.png,331,0.6940268874168396,1,1,0,1,0,0,0,0,0
13,pretrained,FN,13/0023.png,332,0.6218547821044922,1,1,0,1,0,0,0,0,0
13,pretrained,FN,13/0023.png,333,0.6743744015693665,1,1,0,1,0,0,0,0,0
13,pretrained,FN,13/0023.png,334,0.48668667674064636,1,1,0,1,0,0,0,0,0
13,pretrained,FN,13/0023.png,335,0.03778211772441864,1,1,0,1,0,0,0,0,0
13,pretrained,FN,13/0023.png,336,1.8924932479858398,1,1,0,1,0,0,0,0,0
13,pretrained,FN,13/0023.png,337,0.40928730368614197,1,1,0,1,0,0,0,0,0
13,pretrained,FN,13/0023.png,338,0.5012684464454651,1,1,0,1,0,0,0,0,0
13,pretrained,FN,13/0023.png,339,0.3244708776473999,1,1,0,1,0,0,0,0,0
13,pretrained,FN,13/0023.png,340,1.5307669639587402,1,1,0,1,0,0,0,0,0
13,pretrained,FN,13/0023.png,341,1.1725343465805054,1,1,0,1,0,0,0,0,0
13,pretrained,FN,13/0023.png,342,1.1628221273422241,1,1,0,1,0,0,0,0,0
13,pretrained,FN,13/0023.png,343,1.318149447441101,1,1,0,1,0,0,0,0,0
13,pretrained,FN,13/0023.png,344,0.8551562428474426,1,1,0,1,0,0,0,0,0
13,pretrained,FN,13/0023.png,345,1.8867874145507812,1,1,0,1,0,0,0,0,0
13,pretrained,FN,13/0023.png,346,0.08208361268043518,1,1,0,1,0,0,0,0,0
13,pretrained,FN,13/0023.png,347,0.6576571464538574,1,1,0,1,0,0,0,0,0
13,pretrained,FN,13/0023.png,348,1.1617629528045654,1,1,0,1,0,0,0,0,0
13,pretrained,FN,13/0023.png,349,1.0208392143249512,1,1,0,1,0,0,0,0,0
13,pretrained,FN,13/0023.png,350,0.22489173710346222,1,1,0,1,0,0,0,0,0
13,pretrained,FN,13/0023.png,351,0.5279963612556458,1,1,0,1,0,0,0,0,0
13,pretrained,FN,13/0023.png,352,0.5653324127197266,1,1,0,1,0,0,0,0,0
13,pretrained,FN,13/0023.png,353,0.1668711155653,1,1,0,1,0,0,0,0,0
13,pretrained,FN,13/0023.png,354,0.26815536618232727,1,1,0,1,0,0,0,0,0
13,pretrained,FN,13/0023.png,355,0.29203084111213684,1,1,0,1,0,0,0,0,0
13,pretrained,FN,13/0023.png,356,1.7272330522537231,1,1,0,1,0,0,0,0,0
13,pretrained,FN,13/0023.png,357,0.6845333576202393,1,1,0,1,0,0,0,0,0
13,pretrained,FN,13/0023.png,358,1.4979920387268066,1,1,0,1,0,0,0,0,0
13,pretrained,FN,13/0023.png,359,0.4729078710079193,1,1,0,1,0,0,0,0,0
13,pretrained,FN,13/0023.png,360,0.627166211605072,1,1,0,1,0,0,0,0,0
13,pretrained,FN,13/0023.png,361,0.3741534352302551,1,1,0,1,0,0,0,0,0
13,pretrained,FN,13/0023.png,362,0.9863179922103882,1,1,0,1,0,0,0,0,0
13,pretrained,FN,13/0023.png,363,0.8051370978355408,1,1,0,1,0,0,0,0,0
13,pretrained,FN,13/0023.png,364,0.3878680169582367,1,1,0,1,0,0,0,0,0
13,pretrained,FN,13/0023.png,365,1.280067801475525,1,1,0,1,0,0,0,0,0
13,pretrained,FN,13/0023.png,366,0.8463540077209473,1,1,0,1,0,0,0,0,0
13,pretrained,FN,13/0023.png,367,0.45593222975730896,1,1,0,1,0,0,0,0,0
13,pretrained,FN,13/0023.png,368,1.7472326755523682,1,1,0,1,0,0,0,0,0
13,pretrained,FN,13/0023.png,369,0.6008384823799133,1,1,0,1,0,0,0,0,0
13,pretrained,FN,13/0023.png,370,0.5510674118995667,1,1,0,1,0,0,0,0,0
13,pretrained,FN,13/0023.png,371,2.277822494506836,1,1,0,1,0,0,0,0,0
13,pretrained,FN,13/0023.png,372,2.405874490737915,1,1,0,1,0,0,0,0,0
13,pretrained,FN,13/0023.png,373,0.32548338174819946,1,1,0,1,0,0,0,0,0
13,pretrained,FN,13/0023.png,374,1.6667577028274536,1,1,0,1,0,0,0,0,0
13,pretrained,FN,13/0023.png,375,0.0,1,1,0,1,0,0,0,0,0
13,pretrained,FN,13/0023.png,376,0.1930198073387146,1,1,0,1,0,0,0,0,0
13,pretrained,FN,13/0023.png,377,0.9203670024871826,1,1,0,1,0,0,0,0,0
13,pretrained,FN,13/0023.png,378,1.311247706413269,1,1,0,1,0,0,0,0,0
13,pretrained,FN,13/0023.png,379,1.8791853189468384,1,1,0,1,0,0,0,0,0
13,pretrained,FN,13/0023.png,380,1.3600947856903076,1,1,0,1,0,0,0,0,0
13,pretrained,FN,13/0023.png,381,1.4726128578186035,1,1,0,1,0,0,0,0,0
13,pretrained,FN,13/0023.png,382,1.3237534761428833,1,1,0,1,0,0,0,0,0
13,pretrained,FN,13/0023.png,383,1.4266208410263062,1,1,0,1,0,0,0,0,0
13,pretrained,FN,13/0023.png,384,1.3817967176437378,1,1,0,1,0,0,0,0,0
13,pretrained,FN,13/0023.png,385,0.18952611088752747,1,1,0,1,0,0,0,0,0
13,pretrained,FN,13/0023.png,386,0.6762359738349915,1,1,0,1,0,0,0,0,0
13,pretrained,FN,13/0023.png,387,3.5911338329315186,1,1,0,1,0,0,0,0,0
13,pretrained,FN,13/0023.png,388,0.6293290853500366,1,1,0,1,0,0,0,0,0
13,pretrained,FN,13/0023.png,389,0.03930537402629852,1,1,0,1,0,0,0,0,0
13,pretrained,FN,13/0023.png,390,2.338143825531006,1,1,0,1,0,0,0,0,0
13,pretrained,FN,13/0023.png,391,0.6532779335975647,1,1,0,1,0,0,0,0,0
13,pretrained,FN,13/0023.png,392,0.16781678795814514,1,1,0,1,0,0,0,0,0
13,pretrained,FN,13/0023.png,393,2.118840217590332,1,1,0,1,0,0,0,0,0
13,pretrained,FN,13/0023.png,394,0.8533222675323486,1,1,0,1,0,0,0,0,0
13,pretrained,FN,13/0023.png,395,0.9574731588363647,1,1,0,1,0,0,0,0,0
13,pretrained,FN,13/0023.png,396,1.8274741172790527,1,1,0,1,0,0,0,0,0
13,pretrained,FN,13/0023.png,397,0.6990880966186523,1,1,0,1,0,0,0,0,0
13,pretrained,FN,13/0023.png,398,0.3288535177707672,1,1,0,1,0,0,0,0,0
13,pretrained,FN,13/0023.png,399,1.484317421913147,1,1,0,1,0,0,0,0,0
13,pretrained,FN,13/0023.png,400,0.4677157402038574,1,1,0,1,0,0,0,0,0
13,pretrained,FN,13/0023.png,401,0.0003829621127806604,1,1,0,1,0,0,0,0,0
13,pretrained,FN,13/0023.png,402,1.1835368871688843,1,1,0,1,0,0,0,0,0
13,pretrained,FN,13/0023.png,403,0.10808640718460083,1,1,0,1,0,0,0,0,0
13,pretrained,FN,13/0023.png,404,0.4221569299697876,1,1,0,1,0,0,0,0,0
13,pretrained,FN,13/0023.png,405,1.4436076879501343,1,1,0,1,0,0,0,0,0
13,pretrained,FN,13/0023.png,406,0.9267905950546265,1,1,0,1,0,0,0,0,0
13,pretrained,FN,13/0023.png,407,1.0060924291610718,1,1,0,1,0,0,0,0,0
13,pretrained,FN,13/0023.png,408,0.03378728777170181,1,1,0,1,0,0,0,0,0
13,pretrained,FN,13/0023.png,409,0.8698702454566956,1,1,0,1,0,0,0,0,0
13,pretrained,FN,13/0023.png,410,1.5021193027496338,1,1,0,1,0,0,0,0,0
13,pretrained,FN,13/0023.png,411,0.018549242988228798,1,1,0,1,0,0,0,0,0
13,pretrained,FN,13/0023.png,412,0.06442415714263916,1,1,0,1,0,0,0,0,0
13,pretrained,FN,13/0023.png,413,0.43076857924461365,1,1,0,1,0,0,0,0,0
13,pretrained,FN,13/0023.png,414,0.8985395431518555,1,1,0,1,0,0,0,0,0
13,pretrained,FN,13/0023.png,415,0.4476425051689148,1,1,0,1,0,0,0,0,0
13,pretrained,FN,13/0023.png,416,1.2340534925460815,1,1,0,1,0,0,0,0,0
13,pretrained,FN,13/0023.png,417,1.1672186851501465,1,1,0,1,0,0,0,0,0
13,pretrained,FN,13/0023.png,418,0.6936230659484863,1,1,0,1,0,0,0,0,0
13,pretrained,FN,13/0023.png,419,0.8870641589164734,1,1,0,1,0,0,0,0,0
13,pretrained,FN,13/0023.png,420,0.06687868386507034,1,1,0,1,0,0,0,0,0
13,pretrained,FN,13/0023.png,421,3.149162530899048,1,1,0,1,0,0,0,0,0
13,pretrained,FN,13/0023.png,422,0.9110844731330872,1,1,0,1,0,0,0,0,0
13,pretrained,FN,13/0023.png,423,0.5086828470230103,1,1,0,1,0,0,0,0,0
13,pretrained,FN,13/0023.png,424,0.497167706489563,1,1,0,1,0,0,0,0,0
13,pretrained,FN,13/0023.png,425,1.6707100868225098,1,1,0,1,0,0,0,0,0
13,pretrained,FN,13/0023.png,426,0.2488023042678833,1,1,0,1,0,0,0,0,0
13,pretrained,FN,13/0023.png,427,1.1797130107879639,1,1,0,1,0,0,0,0,0
13,pretrained,FN,13/0023.png,428,0.8717416524887085,1,1,0,1,0,0,0,0,0
13,pretrained,FN,13/0023.png,429,0.351324200630188,1,1,0,1,0,0,0,0,0
13,pretrained,FN,13/0023.png,430,0.22958193719387054,1,1,0,1,0,0,0,0,0
13,pretrained,FN,13/0023.png,431,1.6730276346206665,1,1,0,1,0,0,0,0,0
13,pretrained,FN,13/0023.png,432,0.5110618472099304,1,1,0,1,0,0,0,0,0
13,pretrained,FN,13/0023.png,433,1.9138762950897217,1,1,0,1,0,0,0,0,0
13,pretrained,FN,13/0023.png,434,0.2474806010723114,1,1,0,1,0,0,0,0,0
13,pretrained,FN,13/0023.png,435,1.8983210325241089,1,1,0,1,0,0,0,0,0
13,pretrained,FN,13/0023.png,436,1.7520867586135864,1,1,0,1,0,0,0,0,0
13,pretrained,FN,13/0023.png,437,0.789156436920166,1,1,0,1,0,0,0,0,0
13,pretrained,FN,13/0023.png,438,0.2232031673192978,1,1,0,1,0,0,0,0,0
13,pretrained,FN,13/0023.png,439,1.3683558702468872,1,1,0,1,0,0,0,0,0
13,pretrained,FN,13/0023.png,440,0.44142937660217285,1,1,0,1,0,0,0,0,0
13,pretrained,FN,13/0023.png,441,0.35596704483032227,1,1,0,1,0,0,0,0,0
13,pretrained,FN,13/0023.png,442,0.26148733496665955,1,1,0,1,0,0,0,0,0
13,pretrained,FN,13/0023.png,443,0.9741013050079346,1,1,0,1,0,0,0,0,0
13,pretrained,FN,13/0023.png,444,1.7481352090835571,1,1,0,1,0,0,0,0,0
13,pretrained,FN,13/0023.png,445,0.6361238360404968,1,1,0,1,0,0,0,0,0
13,pretrained,FN,13/0023.png,446,0.08931760489940643,1,1,0,1,0,0,0,0,0
13,pretrained,FN,13/0023.png,447,0.9033498764038086,1,1,0,1,0,0,0,0,0
13,pretrained,FN,13/0023.png,448,0.6082161068916321,1,1,0,1,0,0,0,0,0
13,pretrained,FN,13/0023.png,449,0.11398669332265854,1,1,0,1,0,0,0,0,0
13,pretrained,FN,13/0023.png,450,0.21877680718898773,1,1,0,1,0,0,0,0,0
13,pretrained,FN,13/0023.png,451,1.8886165618896484,1,1,0,1,0,0,0,0,0
13,pretrained,FN,13/0023.png,452,0.5528894662857056,1,1,0,1,0,0,0,0,0
13,pretrained,FN,13/0023.png,453,0.9904434084892273,1,1,0,1,0,0,0,0,0
13,pretrained,FN,13/0023.png,454,1.104619026184082,1,1,0,1,0,0,0,0,0
13,pretrained,FN,13/0023.png,455,0.7873286008834839,1,1,0,1,0,0,0,0,0
13,pretrained,FN,13/0023.png,456,1.2900131940841675,1,1,0,1,0,0,0,0,0
13,pretrained,FN,13/0023.png,457,0.054776113480329514,1,1,0,1,0,0,0,0,0
13,pretrained,FN,13/0023.png,458,1.0527515411376953,1,1,0,1,0,0,0,0,0
13,pretrained,FN,13/0023.png,459,2.6078011989593506,1,1,0,1,0,0,0,0,0
13,pretrained,FN,13/0023.png,460,1.2705466747283936,1,1,0,1,0,0,0,0,0
13,pretrained,FN,13/0023.png,461,1.3724473714828491,1,1,0,1,0,0,0,0,0
13,pretrained,FN,13/0023.png,462,0.979589581489563,1,1,0,1,0,0,0,0,0
13,pretrained,FN,13/0023.png,463,0.8939326405525208,1,1,0,1,0,0,0,0,0
13,pretrained,FN,13/0023.png,464,1.3905398845672607,1,1,0,1,0,0,0,0,0
13,pretrained,FN,13/0023.png,465,0.1488099843263626,1,1,0,1,0,0,0,0,0
13,pretrained,FN,13/0023.png,466,1.227548360824585,1,1,0,1,0,0,0,0,0
13,pretrained,FN,13/0023.png,467,1.8989715576171875,1,1,0,1,0,0,0,0,0
13,pretrained,FN,13/0023.png,468,2.0536084175109863,1,1,0,1,0,0,0,0,0
13,pretrained,FN,13/0023.png,469,1.3954143524169922,1,1,0,1,0,0,0,0,0
13,pretrained,FN,13/0023.png,470,0.3231682777404785,1,1,0,1,0,0,0,0,0
13,pretrained,FN,13/0023.png,471,0.6039279103279114,1,1,0,1,0,0,0,0,0
13,pretrained,FN,13/0023.png,472,0.33386683464050293,1,1,0,1,0,0,0,0,0
13,pretrained,FN,13/0023.png,473,0.7668166756629944,1,1,0,1,0,0,0,0,0
13,pretrained,FN,13/0023.png,474,0.7830260396003723,1,1,0,1,0,0,0,0,0
13,pretrained,FN,13/0023.png,475,0.12298534065485,1,1,0,1,0,0,0,0,0
13,pretrained,FN,13/0023.png,476,1.7776544094085693,1,1,0,1,0,0,0,0,0
13,pretrained,FN,13/0023.png,477,1.1502946615219116,1,1,0,1,0,0,0,0,0
13,pretrained,FN,13/0023.png,478,0.06512913852930069,1,1,0,1,0,0,0,0,0
13,pretrained,FN,13/0023.png,479,0.0430828295648098,1,1,0,1,0,0,0,0,0
13,pretrained,FN,13/0023.png,480,0.12117306143045425,1,1,0,1,0,0,0,0,0
13,pretrained,FN,13/0023.png,481,1.6729737520217896,1,1,0,1,0,0,0,0,0
13,pretrained,FN,13/0023.png,482,2.3539366722106934,1,1,0,1,0,0,0,0,0
13,pretrained,FN,13/0023.png,483,0.6798965334892273,1,1,0,1,0,0,0,0,0
13,pretrained,FN,13/0023.png,484,0.47487056255340576,1,1,0,1,0,0,0,0,0
13,pretrained,FN,13/0023.png,485,0.848533570766449,1,1,0,1,0,0,0,0,0
13,pretrained,FN,13/0023.png,486,0.25964224338531494,1,1,0,1,0,0,0,0,0
13,pretrained,FN,13/0023.png,487,0.3102911412715912,1,1,0,1,0,0,0,0,0
13,pretrained,FN,13/0023.png,488,1.4118101596832275,1,1,0,1,0,0,0,0,0
13,pretrained,FN,13/0023.png,489,0.1888706237077713,1,1,0,1,0,0,0,0,0
13,pretrained,FN,13/0023.png,490,1.0843175649642944,1,1,0,1,0,0,0,0,0
13,pretrained,FN,13/0023.png,491,0.658348560333252,1,1,0,1,0,0,0,0,0
13,pretrained,FN,13/0023.png,492,0.16305537521839142,1,1,0,1,0,0,0,0,0
13,pretrained,FN,13/0023.png,493,0.8084304332733154,1,1,0,1,0,0,0,0,0
13,pretrained,FN,13/0023.png,494,1.422661304473877,1,1,0,1,0,0,0,0,0
13,pretrained,FN,13/0023.png,495,0.401595801115036,1,1,0,1,0,0,0,0,0
13,pretrained,FN,13/0023.png,496,0.3384625315666199,1,1,0,1,0,0,0,0,0
13,pretrained,FN,13/0023.png,497,1.146114468574524,1,1,0,1,0,0,0,0,0
13,pretrained,FN,13/0023.png,498,0.7003319263458252,1,1,0,1,0,0,0,0,0
13,pretrained,FN,13/0023.png,499,0.17715799808502197,1,1,0,1,0,0,0,0,0
13,pretrained,FN,13/0023.png,500,0.37608781456947327,1,1,0,1,0,0,0,0,0
13,pretrained,FN,13/0023.png,501,2.878847360610962,1,1,0,1,0,0,0,0,0
13,pretrained,FN,13/0023.png,502,2.7909817695617676,1,1,0,1,0,0,0,0,0
13,pretrained,FN,13/0023.png,503,0.9551714062690735,1,1,0,1,0,0,0,0,0
13,pretrained,FN,13/0023.png,504,0.2585970163345337,1,1,0,1,0,0,0,0,0
13,pretrained,FN,13/0023.png,505,2.5171844959259033,1,1,0,1,0,0,0,0,0
13,pretrained,FN,13/0023.png,506,0.7312220931053162,1,1,0,1,0,0,0,0,0
13,pretrained,FN,13/0023.png,507,1.1162819862365723,1,1,0,1,0,0,0,0,0
13,pretrained,FN,13/0023.png,508,0.1460152119398117,1,1,0,1,0,0,0,0,0
13,pretrained,FN,13/0023.png,509,1.3087900876998901,1,1,0,1,0,0,0,0,0
13,pretrained,FN,13/0023.png,510,0.789277195930481,1,1,0,1,0,0,0,0,0
13,pretrained,FN,13/0023.png,511,0.03451261669397354,1,1,0,1,0,0,0,0,0
13,pretrained,TN,13/0000.png,0,2.249814987182617,0,1,0,1,0,0,1,0,0
13,pretrained,TN,13/0000.png,1,1.6067593097686768,0,1,0,1,0,0,1,0,0
13,pretrained,TN,13/0000.png,2,0.32991838455200195,0,1,0,1,0,0,1,0,0
13,pretrained,TN,13/0000.png,3,0.9492281079292297,0,1,0,1,0,0,1,0,0
13,pretrained,TN,13/0000.png,4,0.6084276437759399,0,1,0,1,0,0,1,0,0
13,pretrained,TN,13/0000.png,5,0.47418951988220215,0,1,0,1,0,0,1,0,0
13,pretrained,TN,13/0000.png,6,0.5156996846199036,0,1,0,1,0,0,1,0,0
13,pretrained,TN,13/0000.png,7,1.1040979623794556,0,1,0,1,0,0,1,0,0
13,pretrained,TN,13/0000.png,8,1.5980051755905151,0,1,0,1,0,0,1,0,0
13,pretrained,TN,13/0000.png,9,0.7188512682914734,0,1,0,1,0,0,1,0,0
13,pretrained,TN,13/0000.png,10,0.21672359108924866,0,1,0,1,0,0,1,0,0
13,pretrained,TN,13/0000.png,11,1.5462864637374878,0,1,0,1,0,0,1,0,0
13,pretrained,TN,13/0000.png,12,0.37818604707717896,0,1,0,1,0,0,1,0,0
13,pretrained,TN,13/0000.png,13,0.9053347110748291,0,1,0,1,0,0,1,0,0
13,pretrained,TN,13/0000.png,14,0.6178125739097595,0,1,0,1,0,0,1,0,0
13,pretrained,TN,13/0000.png,15,0.79171222448349,0,1,0,1,0,0,1,0,0
13,pretrained,TN,13/0000.png,16,0.16537953913211823,0,1,0,1,0,0,1,0,0
13,pretrained,TN,13/0000.png,17,1.166042685508728,0,1,0,1,0,0,1,0,0
13,pretrained,TN,13/0000.png,18,0.502045750617981,0,1,0,1,0,0,1,0,0
13,pretrained,TN,13/0000.png,19,0.8630465865135193,0,1,0,1,0,0,1,0,0
13,pretrained,TN,13/0000.png,20,2.293597936630249,0,1,0,1,0,0,1,0,0
13,pretrained,TN,13/0000.png,21,1.4010753631591797,0,1,0,1,0,0,1,0,0
13,pretrained,TN,13/0000.png,22,1.1657238006591797,0,1,0,1,0,0,1,0,0
13,pretrained,TN,13/0000.png,23,0.8834770917892456,0,1,0,1,0,0,1,0,0
13,pretrained,TN,13/0000.png,24,0.7633241415023804,0,1,0,1,0,0,1,0,0
13,pretrained,TN,13/0000.png,25,0.12822265923023224,0,1,0,1,0,0,1,0,0
13,pretrained,TN,13/0000.png,26,0.17793704569339752,0,1,0,1,0,0,1,0,0
13,pretrained,TN,13/0000.png,27,0.05309334397315979,0,1,0,1,0,0,1,0,0
13,pretrained,TN,13/0000.png,28,1.529809594154358,0,1,0,1,0,0,1,0,0
13,pretrained,TN,13/0000.png,29,1.557294249534607,0,1,0,1,0,0,1,0,0
13,pretrained,TN,13/0000.png,30,0.5194602608680725,0,1,0,1,0,0,1,0,0
13,pretrained,TN,13/0000.png,31,0.3656042814254761,0,1,0,1,0,0,1,0,0
13,pretrained,TN,13/0000.png,32,0.31938663125038147,0,1,0,1,0,0,1,0,0
13,pretrained,TN,13/0000.png,33,0.43274369835853577,0,1,0,1,0,0,1,0,0
13,pretrained,TN,13/0000.png,34,1.928369164466858,0,1,0,1,0,0,1,0,0
13,pretrained,TN,13/0000.png,35,0.4371059834957123,0,1,0,1,0,0,1,0,0
13,pretrained,TN,13/0000.png,36,0.33334973454475403,0,1,0,1,0,0,1,0,0
13,pretrained,TN,13/0000.png,37,0.7155752182006836,0,1,0,1,0,0,1,0,0
13,pretrained,TN,13/0000.png,38,1.4800374507904053,0,1,0,1,0,0,1,0,0
13,pretrained,TN,13/0000.png,39,1.0252867937088013,0,1,0,1,0,0,1,0,0
13,pretrained,TN,13/0000.png,40,0.03456924110651016,0,1,0,1,0,0,1,0,0
13,pretrained,TN,13/0000.png,41,0.29856470227241516,0,1,0,1,0,0,1,0,0
13,pretrained,TN,13/0000.png,42,0.16209033131599426,0,1,0,1,0,0,1,0,0
13,pretrained,TN,13/0000.png,43,1.6028722524642944,0,1,0,1,0,0,1,0,0
13,pretrained,TN,13/0000.png,44,0.009421374648809433,0,1,0,1,0,0,1,0,0
13,pretrained,TN,13/0000.png,45,0.12718765437602997,0,1,0,1,0,0,1,0,0
13,pretrained,TN,13/0000.png,46,1.8685312271118164,0,1,0,1,0,0,1,0,0
13,pretrained,TN,13/0000.png,47,0.6678103804588318,0,1,0,1,0,0,1,0,0
13,pretrained,TN,13/0000.png,48,0.3541162312030792,0,1,0,1,0,0,1,0,0
13,pretrained,TN,13/0000.png,49,1.1690149307250977,0,1,0,1,0,0,1,0,0
13,pretrained,TN,13/0000.png,50,0.9291072487831116,0,1,0,1,0,0,1,0,0
13,pretrained,TN,13/0000.png,51,0.8553040027618408,0,1,0,1,0,0,1,0,0
13,pretrained,TN,13/0000.png,52,1.9966583251953125,0,1,0,1,0,0,1,0,0
13,pretrained,TN,13/0000.png,53,0.10179178416728973,0,1,0,1,0,0,1,0,0
13,pretrained,TN,13/0000.png,54,0.7199901938438416,0,1,0,1,0,0,1,0,0
13,pretrained,TN,13/0000.png,55,1.0310050249099731,0,1,0,1,0,0,1,0,0
13,pretrained,TN,13/0000.png,56,0.9499428272247314,0,1,0,1,0,0,1,0,0
13,pretrained,TN,13/0000.png,57,3.4959826469421387,0,1,0,1,0,0,1,0,0
13,pretrained,TN,13/0000.png,58,0.7292568683624268,0,1,0,1,0,0,1,0,0
13,pretrained,TN,13/0000.png,59,0.3581679165363312,0,1,0,1,0,0,1,0,0
13,pretrained,TN,13/0000.png,60,1.4598321914672852,0,1,0,1,0,0,1,0,0
13,pretrained,TN,13/0000.png,61,0.4520033895969391,0,1,0,1,0,0,1,0,0
13,pretrained,TN,13/0000.png,62,0.015151471830904484,0,1,0,1,0,0,1,0,0
13,pretrained,TN,13/0000.png,63,0.7979668378829956,0,1,0,1,0,0,1,0,0
13,pretrained,TN,13/0000.png,64,0.038727786391973495,0,1,0,1,0,0,1,0,0
13,pretrained,TN,13/0000.png,65,0.22322160005569458,0,1,0,1,0,0,1,0,0
13,pretrained,TN,13/0000.png,66,0.3651885986328125,0,1,0,1,0,0,1,0,0
13,pretrained,TN,13/0000.png,67,0.8408716917037964,0,1,0,1,0,0,1,0,0
13,pretrained,TN,13/0000.png,68,0.014699987135827541,0,1,0,1,0,0,1,0,0
13,pretrained,TN,13/0000.png,69,0.9357854723930359,0,1,0,1,0,0,1,0,0
13,pretrained,TN,13/0000.png,70,0.3934875726699829,0,1,0,1,0,0,1,0,0
13,pretrained,TN,13/0000.png,71,0.21593424677848816,0,1,0,1,0,0,1,0,0
13,pretrained,TN,13/0000.png,72,0.7711942195892334,0,1,0,1,0,0,1,0,0
13,pretrained,TN,13/0000.png,73,0.39878857135772705,0,1,0,1,0,0,1,0,0
13,pretrained,TN,13/0000.png,74,0.5246462225914001,0,1,0,1,0,0,1,0,0
13,pretrained,TN,13/0000.png,75,0.17776858806610107,0,1,0,1,0,0,1,0,0
13,pretrained,TN,13/0000.png,76,0.21828925609588623,0,1,0,1,0,0,1,0,0
13,pretrained,TN,13/0000.png,77,2.7138898372650146,0,1,0,1,0,0,1,0,0
13,pretrained,TN,13/0000.png,78,0.5448499321937561,0,1,0,1,0,0,1,0,0
13,pretrained,TN,13/0000.png,79,0.22558875381946564,0,1,0,1,0,0,1,0,0
13,pretrained,TN,13/0000.png,80,0.7218849062919617,0,1,0,1,0,0,1,0,0
13,pretrained,TN,13/0000.png,81,1.2629938125610352,0,1,0,1,0,0,1,0,0
13,pretrained,TN,13/0000.png,82,1.0258835554122925,0,1,0,1,0,0,1,0,0
13,pretrained,TN,13/0000.png,83,0.3451966643333435,0,1,0,1,0,0,1,0,0
13,pretrained,TN,13/0000.png,84,0.23095525801181793,0,1,0,1,0,0,1,0,0
13,pretrained,TN,13/0000.png,85,0.8520586490631104,0,1,0,1,0,0,1,0,0
13,pretrained,TN,13/0000.png,86,0.13946284353733063,0,1,0,1,0,0,1,0,0
13,pretrained,TN,13/0000.png,87,0.7472777366638184,0,1,0,1,0,0,1,0,0
13,pretrained,TN,13/0000.png,88,0.613284707069397,0,1,0,1,0,0,1,0,0
13,pretrained,TN,13/0000.png,89,1.2390191555023193,0,1,0,1,0,0,1,0,0
13,pretrained,TN,13/0000.png,90,0.11417875438928604,0,1,0,1,0,0,1,0,0
13,pretrained,TN,13/0000.png,91,0.3314094841480255,0,1,0,1,0,0,1,0,0
13,pretrained,TN,13/0000.png,92,0.26935875415802,0,1,0,1,0,0,1,0,0
13,pretrained,TN,13/0000.png,93,1.9774062633514404,0,1,0,1,0,0,1,0,0
13,pretrained,TN,13/0000.png,94,0.6943413615226746,0,1,0,1,0,0,1,0,0
13,pretrained,TN,13/0000.png,95,1.572982668876648,0,1,0,1,0,0,1,0,0
13,pretrained,TN,13/0000.png,96,1.589780569076538,0,1,0,1,0,0,1,0,0
13,pretrained,TN,13/0000.png,97,0.027858171612024307,0,1,0,1,0,0,1,0,0
13,pretrained,TN,13/0000.png,98,0.05181025341153145,0,1,0,1,0,0,1,0,0
13,pretrained,TN,13/0000.png,99,0.41820770502090454,0,1,0,1,0,0,1,0,0
13,pretrained,TN,13/0000.png,100,0.47481292486190796,0,1,0,1,0,0,1,0,0
13,pretrained,TN,13/0000.png,101,1.2189040184020996,0,1,0,1,0,0,1,0,0
13,pretrained,TN,13/0000.png,102,0.12425228953361511,0,1,0,1,0,0,1,0,0
13,pretrained,TN,13/0000.png,103,0.23101575672626495,0,1,0,1,0,0,1,0,0
13,pretrained,TN,13/0000.png,104,1.5054212808609009,0,1,0,1,0,0,1,0,0
13,pretrained,TN,13/0000.png,105,1.0844297409057617,0,1,0,1,0,0,1,0,0
13,pretrained,TN,13/0000.png,106,0.8562721014022827,0,1,0,1,0,0,1,0,0
13,pretrained,TN,13/0000.png,107,1.0972168445587158,0,1,0,1,0,0,1,0,0
13,pretrained,TN,13/0000.png,108,0.027894817292690277,0,1,0,1,0,0,1,0,0
13,pretrained,TN,13/0000.png,109,0.4490225315093994,0,1,0,1,0,0,1,0,0
13,pretrained,TN,13/0000.png,110,1.0215448141098022,0,1,0,1,0,0,1,0,0
13,pretrained,TN,13/0000.png,111,1.0894628763198853,0,1,0,1,0,0,1,0,0
13,pretrained,TN,13/0000.png,112,2.032439947128296,0,1,0,1,0,0,1,0,0
13,pretrained,TN,13/0000.png,113,0.9602706432342529,0,1,0,1,0,0,1,0,0
13,pretrained,TN,13/0000.png,114,0.2224372923374176,0,1,0,1,0,0,1,0,0
13,pretrained,TN,13/0000.png,115,0.07963936030864716,0,1,0,1,0,0,1,0,0
13,pretrained,TN,13/0000.png,116,0.23990625143051147,0,1,0,1,0,0,1,0,0
13,pretrained,TN,13/0000.png,117,1.0757992267608643,0,1,0,1,0,0,1,0,0
13,pretrained,TN,13/0000.png,118,0.47366318106651306,0,1,0,1,0,0,1,0,0
13,pretrained,TN,13/0000.png,119,1.4782726764678955,0,1,0,1,0,0,1,0,0
13,pretrained,TN,13/0000.png,120,0.8286803960800171,0,1,0,1,0,0,1,0,0
13,pretrained,TN,13/0000.png,121,1.3562387228012085,0,1,0,1,0,0,1,0,0
13,pretrained,TN,13/0000.png,122,0.040669944137334824,0,1,0,1,0,0,1,0,0
13,pretrained,TN,13/0000.png,123,0.7777382731437683,0,1,0,1,0,0,1,0,0
13,pretrained,TN,13/0000.png,124,1.3767049312591553,0,1,0,1,0,0,1,0,0
13,pretrained,TN,13/0000.png,125,1.6566951274871826,0,1,0,1,0,0,1,0,0
13,pretrained,TN,13/0000.png,126,1.276210904121399,0,1,0,1,0,0,1,0,0
13,pretrained,TN,13/0000.png,127,1.2167866230010986,0,1,0,1,0,0,1,0,0
13,pretrained,TN,13/0000.png,128,0.6675465106964111,0,1,0,1,0,0,1,0,0
13,pretrained,TN,13/0000.png,129,0.2094932347536087,0,1,0,1,0,0,1,0,0
13,pretrained,TN,13/0000.png,130,0.2999175786972046,0,1,0,1,0,0,1,0,0
13,pretrained,TN,13/0000.png,131,0.3302663564682007,0,1,0,1,0,0,1,0,0
13,pretrained,TN,13/0000.png,132,0.7348430156707764,0,1,0,1,0,0,1,0,0
13,pretrained,TN,13/0000.png,133,0.8076329231262207,0,1,0,1,0,0,1,0,0
13,pretrained,TN,13/0000.png,134,2.108492851257324,0,1,0,1,0,0,1,0,0
13,pretrained,TN,13/0000.png,135,0.8695379495620728,0,1,0,1,0,0,1,0,0
13,pretrained,TN,13/0000.png,136,1.7166494131088257,0,1,0,1,0,0,1,0,0
13,pretrained,TN,13/0000.png,137,1.410327672958374,0,1,0,1,0,0,1,0,0
13,pretrained,TN,13/0000.png,138,0.1053943932056427,0,1,0,1,0,0,1,0,0
13,pretrained,TN,13/0000.png,139,0.7189401388168335,0,1,0,1,0,0,1,0,0
13,pretrained,TN,13/0000.png,140,1.2836706638336182,0,1,0,1,0,0,1,0,0
13,pretrained,TN,13/0000.png,141,1.014972448348999,0,1,0,1,0,0,1,0,0
13,pretrained,TN,13/0000.png,142,1.3420615196228027,0,1,0,1,0,0,1,0,0
13,pretrained,TN,13/0000.png,143,0.6262468099594116,0,1,0,1,0,0,1,0,0
13,pretrained,TN,13/0000.png,144,0.27137428522109985,0,1,0,1,0,0,1,0,0
13,pretrained,TN,13/0000.png,145,0.5549585223197937,0,1,0,1,0,0,1,0,0
13,pretrained,TN,13/0000.png,146,0.4241199493408203,0,1,0,1,0,0,1,0,0
13,pretrained,TN,13/0000.png,147,0.5231686234474182,0,1,0,1,0,0,1,0,0
13,pretrained,TN,13/0000.png,148,0.4819267690181732,0,1,0,1,0,0,1,0,0
13,pretrained,TN,13/0000.png,149,0.7716166377067566,0,1,0,1,0,0,1,0,0
13,pretrained,TN,13/0000.png,150,0.17340907454490662,0,1,0,1,0,0,1,0,0
13,pretrained,TN,13/0000.png,151,1.4205507040023804,0,1,0,1,0,0,1,0,0
13,pretrained,TN,13/0000.png,152,1.1708017587661743,0,1,0,1,0,0,1,0,0
13,pretrained,TN,13/0000.png,153,1.4263336658477783,0,1,0,1,0,0,1,0,0
13,pretrained,TN,13/0000.png,154,1.3010724782943726,0,1,0,1,0,0,1,0,0
13,pretrained,TN,13/0000.png,155,0.36412572860717773,0,1,0,1,0,0,1,0,0
13,pretrained,TN,13/0000.png,156,1.435463786125183,0,1,0,1,0,0,1,0,0
13,pretrained,TN,13/0000.png,157,1.1369508504867554,0,1,0,1,0,0,1,0,0
13,pretrained,TN,13/0000.png,158,1.7997785806655884,0,1,0,1,0,0,1,0,0
13,pretrained,TN,13/0000.png,159,0.33773258328437805,0,1,0,1,0,0,1,0,0
13,pretrained,TN,13/0000.png,160,0.821008563041687,0,1,0,1,0,0,1,0,0
13,pretrained,TN,13/0000.png,161,1.7642734050750732,0,1,0,1,0,0,1,0,0
13,pretrained,TN,13/0000.png,162,2.3121674060821533,0,1,0,1,0,0,1,0,0
13,pretrained,TN,13/0000.png,163,0.7677426338195801,0,1,0,1,0,0,1,0,0
13,pretrained,TN,13/0000.png,164,1.7190881967544556,0,1,0,1,0,0,1,0,0
13,pretrained,TN,13/0000.png,165,0.09624318778514862,0,1,0,1,0,0,1,0,0
13,pretrained,TN,13/0000.png,166,0.4907175302505493,0,1,0,1,0,0,1,0,0
13,pretrained,TN,13/0000.png,167,0.0,0,1,0,1,0,0,1,0,0
13,pretrained,TN,13/0000.png,168,1.0975980758666992,0,1,0,1,0,0,1,0,0
13,pretrained,TN,13/0000.png,169,1.4939321279525757,0,1,0,1,0,0,1,0,0
13,pretrained,TN,13/0000.png,170,0.875176191329956,0,1,0,1,0,0,1,0,0
13,pretrained,TN,13/0000.png,171,0.03879563510417938,0,1,0,1,0,0,1,0,0
13,pretrained,TN,13/0000.png,172,0.3761380612850189,0,1,0,1,0,0,1,0,0
13,pretrained,TN,13/0000.png,173,0.7394612431526184,0,1,0,1,0,0,1,0,0
13,pretrained,TN,13/0000.png,174,1.4109512567520142,0,1,0,1,0,0,1,0,0
13,pretrained,TN,13/0000.png,175,1.6358755826950073,0,1,0,1,0,0,1,0,0
13,pretrained,TN,13/0000.png,176,0.45305243134498596,0,1,0,1,0,0,1,0,0
13,pretrained,TN,13/0000.png,177,0.0,0,1,0,1,0,0,1,0,0
13,pretrained,TN,13/0000.png,178,1.8892771005630493,0,1,0,1,0,0,1,0,0
13,pretrained,TN,13/0000.png,179,0.9244904518127441,0,1,0,1,0,0,1,0,0
13,pretrained,TN,13/0000.png,180,1.42686927318573,0,1,0,1,0,0,1,0,0
13,pretrained,TN,13/0000.png,181,0.21835549175739288,0,1,0,1,0,0,1,0,0
13,pretrained,TN,13/0000.png,182,2.399552583694458,0,1,0,1,0,0,1,0,0
13,pretrained,TN,13/0000.png,183,1.0952386856079102,0,1,0,1,0,0,1,0,0
13,pretrained,TN,13/0000.png,184,0.7665326595306396,0,1,0,1,0,0,1,0,0
13,pretrained,TN,13/0000.png,185,1.6072431802749634,0,1,0,1,0,0,1,0,0
13,pretrained,TN,13/0000.png,186,0.04573361575603485,0,1,0,1,0,0,1,0,0
13,pretrained,TN,13/0000.png,187,0.512590229511261,0,1,0,1,0,0,1,0,0
13,pretrained,TN,13/0000.png,188,1.5246535539627075,0,1,0,1,0,0,1,0,0
13,pretrained,TN,13/0000.png,189,0.5680935978889465,0,1,0,1,0,0,1,0,0
13,pretrained,TN,13/0000.png,190,1.1810235977172852,0,1,0,1,0,0,1,0,0
13,pretrained,TN,13/0000.png,191,0.2843139171600342,0,1,0,1,0,0,1,0,0
13,pretrained,TN,13/0000.png,192,1.0908169746398926,0,1,0,1,0,0,1,0,0
13,pretrained,TN,13/0000.png,193,1.2181216478347778,0,1,0,1,0,0,1,0,0
13,pretrained,TN,13/0000.png,194,0.7543953061103821,0,1,0,1,0,0,1,0,0
13,pretrained,TN,13/0000.png,195,0.3681621253490448,0,1,0,1,0,0,1,0,0
13,pretrained,TN,13/0000.png,196,0.5789551734924316,0,1,0,1,0,0,1,0,0
13,pretrained,TN,13/0000.png,197,0.13656207919120789,0,1,0,1,0,0,1,0,0
13,pretrained,TN,13/0000.png,198,1.0325303077697754,0,1,0,1,0,0,1,0,0
13,pretrained,TN,13/0000.png,199,0.6566011905670166,0,1,0,1,0,0,1,0,0
13,pretrained,TN,13/0000.png,200,0.9042503833770752,0,1,0,1,0,0,1,0,0
13,pretrained,TN,13/0000.png,201,1.1828138828277588,0,1,0,1,0,0,1,0,0
13,pretrained,TN,13/0000.png,202,1.636743187904358,0,1,0,1,0,0,1,0,0
13,pretrained,TN,13/0000.png,203,0.28640735149383545,0,1,0,1,0,0,1,0,0
13,pretrained,TN,13/0000.png,204,1.0725330114364624,0,1,0,1,0,0,1,0,0
13,pretrained,TN,13/0000.png,205,0.6858261227607727,0,1,0,1,0,0,1,0,0
13,pretrained,TN,13/0000.png,206,1.2423983812332153,0,1,0,1,0,0,1,0,0
13,pretrained,TN,13/0000.png,207,0.3705589771270752,0,1,0,1,0,0,1,0,0
13,pretrained,TN,13/0000.png,208,0.8691186904907227,0,1,0,1,0,0,1,0,0
13,pretrained,TN,13/0000.png,209,0.9568930864334106,0,1,0,1,0,0,1,0,0
13,pretrained,TN,13/0000.png,210,0.09160346537828445,0,1,0,1,0,0,1,0,0
13,pretrained,TN,13/0000.png,211,0.441116601228714,0,1,0,1,0,0,1,0,0
13,pretrained,TN,13/0000.png,212,1.2341984510421753,0,1,0,1,0,0,1,0,0
13,pretrained,TN,13/0000.png,213,2.32436203956604,0,1,0,1,0,0,1,0,0
13,pretrained,TN,13/0000.png,214,0.7042611837387085,0,1,0,1,0,0,1,0,0
13,pretrained,TN,13/0000.png,215,2.2651429176330566,0,1,0,1,0,0,1,0,0
13,pretrained,TN,13/0000.png,216,0.4758252799510956,0,1,0,1,0,0,1,0,0
13,pretrained,TN,13/0000.png,217,0.38177043199539185,0,1,0,1,0,0,1,0,0
13,pretrained,TN,13/0000.png,218,1.094407081604004,0,1,0,1,0,0,1,0,0
13,pretrained,TN,13/0000.png,219,0.6034811735153198,0,1,0,1,0,0,1,0,0
13,pretrained,TN,13/0000.png,220,0.4615265130996704,0,1,0,1,0,0,1,0,0
13,pretrained,TN,13/0000.png,221,0.084187351167202,0,1,0,1,0,0,1,0,0
13,pretrained,TN,13/0000.png,222,1.8121669292449951,0,1,0,1,0,0,1,0,0
13,pretrained,TN,13/0000.png,223,0.267647385597229,0,1,0,1,0,0,1,0,0
13,pretrained,TN,13/0000.png,224,0.15490052103996277,0,1,0,1,0,0,1,0,0
13,pretrained,TN,13/0000.png,225,1.2083158493041992,0,1,0,1,0,0,1,0,0
13,pretrained,TN,13/0000.png,226,0.4048534333705902,0,1,0,1,0,0,1,0,0
13,pretrained,TN,13/0000.png,227,0.18245072662830353,0,1,0,1,0,0,1,0,0
13,pretrained,TN,13/0000.png,228,0.11733444035053253,0,1,0,1,0,0,1,0,0
13,pretrained,TN,13/0000.png,229,1.3769023418426514,0,1,0,1,0,0,1,0,0
13,pretrained,TN,13/0000.png,230,1.6377793550491333,0,1,0,1,0,0,1,0,0
13,pretrained,TN,13/0000.png,231,0.36920154094696045,0,1,0,1,0,0,1,0,0
13,pretrained,TN,13/0000.png,232,0.5756543874740601,0,1,0,1,0,0,1,0,0
13,pretrained,TN,13/0000.png,233,1.030277132987976,0,1,0,1,0,0,1,0,0
13,pretrained,TN,13/0000.png,234,0.19523826241493225,0,1,0,1,0,0,1,0,0
13,pretrained,TN,13/0000.png,235,0.7203565835952759,0,1,0,1,0,0,1,0,0
13,pretrained,TN,13/0000.png,236,1.6261590719223022,0,1,0,1,0,0,1,0,0
13,pretrained,TN,13/0000.png,237,0.513563334941864,0,1,0,1,0,0,1,0,0
13,pretrained,TN,13/0000.png,238,0.7213223576545715,0,1,0,1,0,0,1,0,0
13,pretrained,TN,13/0000.png,239,0.4527553617954254,0,1,0,1,0,0,1,0,0
13,pretrained,TN,13/0000.png,240,0.7717851996421814,0,1,0,1,0,0,1,0,0
13,pretrained,TN,13/0000.png,241,0.8580894470214844,0,1,0,1,0,0,1,0,0
13,pretrained,TN,13/0000.png,242,1.972573161125183,0,1,0,1,0,0,1,0,0
13,pretrained,TN,13/0000.png,243,1.8045101165771484,0,1,0,1,0,0,1,0,0
13,pretrained,TN,13/0000.png,244,0.6807727217674255,0,1,0,1,0,0,1,0,0
13,pretrained,TN,13/0000.png,245,0.4552163779735565,0,1,0,1,0,0,1,0,0
13,pretrained,TN,13/0000.png,246,0.3836504817008972,0,1,0,1,0,0,1,0,0
13,pretrained,TN,13/0000.png,247,0.6065807938575745,0,1,0,1,0,0,1,0,0
13,pretrained,TN,13/0000.png,248,0.05440376698970795,0,1,0,1,0,0,1,0,0
13,pretrained,TN,13/0000.png,249,1.0533089637756348,0,1,0,1,0,0,1,0,0
13,pretrained,TN,13/0000.png,250,0.9730685353279114,0,1,0,1,0,0,1,0,0
13,pretrained,TN,13/0000.png,251,0.4565940797328949,0,1,0,1,0,0,1,0,0
13,pretrained,TN,13/0000.png,252,1.3729333877563477,0,1,0,1,0,0,1,0,0
13,pretrained,TN,13/0000.png,253,0.3302280902862549,0,1,0,1,0,0,1,0,0
13,pretrained,TN,13/0000.png,254,1.2256443500518799,0,1,0,1,0,0,1,0,0
13,pretrained,TN,13/0000.png,255,2.46114182472229,0,1,0,1,0,0,1,0,0
13,pretrained,TN,13/0000.png,256,0.44685834646224976,0,1,0,1,0,0,1,0,0
13,pretrained,TN,13/0000.png,257,0.08892229944467545,0,1,0,1,0,0,1,0,0
13,pretrained,TN,13/0000.png,258,2.011669158935547,0,1,0,1,0,0,1,0,0
13,pretrained,TN,13/0000.png,259,1.0011532306671143,0,1,0,1,0,0,1,0,0
13,pretrained,TN,13/0000.png,260,0.8469172716140747,0,1,0,1,0,0,1,0,0
13,pretrained,TN,13/0000.png,261,2.415173292160034,0,1,0,1,0,0,1,0,0
13,pretrained,TN,13/0000.png,262,1.511149525642395,0,1,0,1,0,0,1,0,0
13,pretrained,TN,13/0000.png,263,0.21414458751678467,0,1,0,1,0,0,1,0,0
13,pretrained,TN,13/0000.png,264,1.3627554178237915,0,1,0,1,0,0,1,0,0
13,pretrained,TN,13/0000.png,265,1.5526901483535767,0,1,0,1,0,0,1,0,0
13,pretrained,TN,13/0000.png,266,0.22342216968536377,0,1,0,1,0,0,1,0,0
13,pretrained,TN,13/0000.png,267,0.5155212879180908,0,1,0,1,0,0,1,0,0
13,pretrained,TN,13/0000.png,268,0.5675946474075317,0,1,0,1,0,0,1,0,0
13,pretrained,TN,13/0000.png,269,1.0677610635757446,0,1,0,1,0,0,1,0,0
13,pretrained,TN,13/0000.png,270,0.05137571692466736,0,1,0,1,0,0,1,0,0
13,pretrained,TN,13/0000.png,271,1.2738356590270996,0,1,0,1,0,0,1,0,0
13,pretrained,TN,13/0000.png,272,0.18722756206989288,0,1,0,1,0,0,1,0,0
13,pretrained,TN,13/0000.png,273,0.17670206725597382,0,1,0,1,0,0,1,0,0
13,pretrained,TN,13/0000.png,274,0.38784337043762207,0,1,0,1,0,0,1,0,0
13,pretrained,TN,13/0000.png,275,0.7255893349647522,0,1,0,1,0,0,1,0,0
13,pretrained,TN,13/0000.png,276,1.2496461868286133,0,1,0,1,0,0,1,0,0
13,pretrained,TN,13/0000.png,277,0.5122097730636597,0,1,0,1,0,0,1,0,0
13,pretrained,TN,13/0000.png,278,1.613011121749878,0,1,0,1,0,0,1,0,0
13,pretrained,TN,13/0000.png,279,0.7519783973693848,0,1,0,1,0,0,1,0,0
13,pretrained,TN,13/0000.png,280,1.431422472000122,0,1,0,1,0,0,1,0,0
13,pretrained,TN,13/0000.png,281,0.4787324368953705,0,1,0,1,0,0,1,0,0
13,pretrained,TN,13/0000.png,282,0.15250840783119202,0,1,0,1,0,0,1,0,0
13,pretrained,TN,13/0000.png,283,1.2877088785171509,0,1,0,1,0,0,1,0,0
13,pretrained,TN,13/0000.png,284,1.869724154472351,0,1,0,1,0,0,1,0,0
13,pretrained,TN,13/0000.png,285,0.9606923460960388,0,1,0,1,0,0,1,0,0
13,pretrained,TN,13/0000.png,286,0.5516811609268188,0,1,0,1,0,0,1,0,0
13,pretrained,TN,13/0000.png,287,0.48132145404815674,0,1,0,1,0,0,1,0,0
13,pretrained,TN,13/0000.png,288,0.3211713433265686,0,1,0,1,0,0,1,0,0
13,pretrained,TN,13/0000.png,289,0.47632983326911926,0,1,0,1,0,0,1,0,0
13,pretrained,TN,13/0000.png,290,0.9550960063934326,0,1,0,1,0,0,1,0,0
13,pretrained,TN,13/0000.png,291,0.8350518941879272,0,1,0,1,0,0,1,0,0
13,pretrained,TN,13/0000.png,292,2.6190707683563232,0,1,0,1,0,0,1,0,0
13,pretrained,TN,13/0000.png,293,0.374633252620697,0,1,0,1,0,0,1,0,0
13,pretrained,TN,13/0000.png,294,0.7464039921760559,0,1,0,1,0,0,1,0,0
13,pretrained,TN,13/0000.png,295,1.2002732753753662,0,1,0,1,0,0,1,0,0
13,pretrained,TN,13/0000.png,296,0.7393122315406799,0,1,0,1,0,0,1,0,0
13,pretrained,TN,13/0000.png,297,1.780514121055603,0,1,0,1,0,0,1,0,0
13,pretrained,TN,13/0000.png,298,1.1414979696273804,0,1,0,1,0,0,1,0,0
13,pretrained,TN,13/0000.png,299,1.1240808963775635,0,1,0,1,0,0,1,0,0
13,pretrained,TN,13/0000.png,300,0.9050244688987732,0,1,0,1,0,0,1,0,0
13,pretrained,TN,13/0000.png,301,2.585561752319336,0,1,0,1,0,0,1,0,0
13,pretrained,TN,13/0000.png,302,0.8560938835144043,0,1,0,1,0,0,1,0,0
13,pretrained,TN,13/0000.png,303,1.1486241817474365,0,1,0,1,0,0,1,0,0
13,pretrained,TN,13/0000.png,304,0.3528166115283966,0,1,0,1,0,0,1,0,0
13,pretrained,TN,13/0000.png,305,0.05875517055392265,0,1,0,1,0,0,1,0,0
13,pretrained,TN,13/0000.png,306,0.8461992740631104,0,1,0,1,0,0,1,0,0
13,pretrained,TN,13/0000.png,307,1.7367111444473267,0,1,0,1,0,0,1,0,0
13,pretrained,TN,13/0000.png,308,0.06491850316524506,0,1,0,1,0,0,1,0,0
13,pretrained,TN,13/0000.png,309,0.3080940246582031,0,1,0,1,0,0,1,0,0
13,pretrained,TN,13/0000.png,310,2.1524972915649414,0,1,0,1,0,0,1,0,0
13,pretrained,TN,13/0000.png,311,1.1409709453582764,0,1,0,1,0,0,1,0,0
13,pretrained,TN,13/0000.png,312,0.39905819296836853,0,1,0,1,0,0,1,0,0
13,pretrained,TN,13/0000.png,313,1.1120866537094116,0,1,0,1,0,0,1,0,0
13,pretrained,TN,13/0000.png,314,1.5231467485427856,0,1,0,1,0,0,1,0,0
13,pretrained,TN,13/0000.png,315,0.25282347202301025,0,1,0,1,0,0,1,0,0
13,pretrained,TN,13/0000.png,316,0.3119213581085205,0,1,0,1,0,0,1,0,0
13,pretrained,TN,13/0000.png,317,0.7638432383537292,0,1,0,1,0,0,1,0,0
13,pretrained,TN,13/0000.png,318,1.0513827800750732,0,1,0,1,0,0,1,0,0
13,pretrained,TN,13/0000.png,319,0.23679815232753754,0,1,0,1,0,0,1,0,0
13,pretrained,TN,13/0000.png,320,0.496817946434021,0,1,0,1,0,0,1,0,0
13,pretrained,TN,13/0000.png,321,0.17164528369903564,0,1,0,1,0,0,1,0,0
13,pretrained,TN,13/0000.png,322,1.0561227798461914,0,1,0,1,0,0,1,0,0
13,pretrained,TN,13/0000.png,323,1.8831534385681152,0,1,0,1,0,0,1,0,0
13,pretrained,TN,13/0000.png,324,0.24193167686462402,0,1,0,1,0,0,1,0,0
13,pretrained,TN,13/0000.png,325,0.5491155385971069,0,1,0,1,0,0,1,0,0
13,pretrained,TN,13/0000.png,326,0.5817604660987854,0,1,0,1,0,0,1,0,0
13,pretrained,TN,13/0000.png,327,0.332512766122818,0,1,0,1,0,0,1,0,0
13,pretrained,TN,13/0000.png,328,0.4115937352180481,0,1,0,1,0,0,1,0,0
13,pretrained,TN,13/0000.png,329,0.2809445261955261,0,1,0,1,0,0,1,0,0
13,pretrained,TN,13/0000.png,330,0.5405256152153015,0,1,0,1,0,0,1,0,0
13,pretrained,TN,13/0000.png,331,0.7220754623413086,0,1,0,1,0,0,1,0,0
13,pretrained,TN,13/0000.png,332,0.6843264102935791,0,1,0,1,0,0,1,0,0
13,pretrained,TN,13/0000.png,333,0.670290470123291,0,1,0,1,0,0,1,0,0
13,pretrained,TN,13/0000.png,334,1.0495359897613525,0,1,0,1,0,0,1,0,0
13,pretrained,TN,13/0000.png,335,0.18161246180534363,0,1,0,1,0,0,1,0,0
13,pretrained,TN,13/0000.png,336,2.186824321746826,0,1,0,1,0,0,1,0,0
13,pretrained,TN,13/0000.png,337,0.34906005859375,0,1,0,1,0,0,1,0,0
13,pretrained,TN,13/0000.png,338,0.5397111773490906,0,1,0,1,0,0,1,0,0
13,pretrained,TN,13/0000.png,339,0.17740660905838013,0,1,0,1,0,0,1,0,0
13,pretrained,TN,13/0000.png,340,2.0895769596099854,0,1,0,1,0,0,1,0,0
13,pretrained,TN,13/0000.png,341,0.9652217030525208,0,1,0,1,0,0,1,0,0
13,pretrained,TN,13/0000.png,342,0.9669877886772156,0,1,0,1,0,0,1,0,0
13,pretrained,TN,13/0000.png,343,2.1095337867736816,0,1,0,1,0,0,1,0,0
13,pretrained,TN,13/0000.png,344,0.3793218433856964,0,1,0,1,0,0,1,0,0
13,pretrained,TN,13/0000.png,345,1.8727099895477295,0,1,0,1,0,0,1,0,0
13,pretrained,TN,13/0000.png,346,0.06613153964281082,0,1,0,1,0,0,1,0,0
13,pretrained,TN,13/0000.png,347,0.6794598698616028,0,1,0,1,0,0,1,0,0
13,pretrained,TN,13/0000.png,348,1.3099452257156372,0,1,0,1,0,0,1,0,0
13,pretrained,TN,13/0000.png,349,1.3103001117706299,0,1,0,1,0,0,1,0,0
13,pretrained,TN,13/0000.png,350,0.23406066000461578,0,1,0,1,0,0,1,0,0
13,pretrained,TN,13/0000.png,351,0.5273439288139343,0,1,0,1,0,0,1,0,0
13,pretrained,TN,13/0000.png,352,0.8122580647468567,0,1,0,1,0,0,1,0,0
13,pretrained,TN,13/0000.png,353,0.057158831506967545,0,1,0,1,0,0,1,0,0
13,pretrained,TN,13/0000.png,354,0.10682404041290283,0,1,0,1,0,0,1,0,0
13,pretrained,TN,13/0000.png,355,0.3203880786895752,0,1,0,1,0,0,1,0,0
13,pretrained,TN,13/0000.png,356,1.7262235879898071,0,1,0,1,0,0,1,0,0
13,pretrained,TN,13/0000.png,357,1.1925100088119507,0,1,0,1,0,0,1,0,0
13,pretrained,TN,13/0000.png,358,1.4472894668579102,0,1,0,1,0,0,1,0,0
13,pretrained,TN,13/0000.png,359,0.6996241211891174,0,1,0,1,0,0,1,0,0
13,pretrained,TN,13/0000.png,360,1.0144277811050415,0,1,0,1,0,0,1,0,0
13,pretrained,TN,13/0000.png,361,0.4785301387310028,0,1,0,1,0,0,1,0,0
13,pretrained,TN,13/0000.png,362,1.1111831665039062,0,1,0,1,0,0,1,0,0
13,pretrained,TN,13/0000.png,363,1.4634867906570435,0,1,0,1,0,0,1,0,0
13,pretrained,TN,13/0000.png,364,0.4419954717159271,0,1,0,1,0,0,1,0,0
13,pretrained,TN,13/0000.png,365,0.9465102553367615,0,1,0,1,0,0,1,0,0
13,pretrained,TN,13/0000.png,366,1.349521279335022,0,1,0,1,0,0,1,0,0
13,pretrained,TN,13/0000.png,367,0.24988941848278046,0,1,0,1,0,0,1,0,0
13,pretrained,TN,13/0000.png,368,1.3338836431503296,0,1,0,1,0,0,1,0,0
13,pretrained,TN,13/0000.png,369,0.44133058190345764,0,1,0,1,0,0,1,0,0
13,pretrained,TN,13/0000.png,370,0.2109191119670868,0,1,0,1,0,0,1,0,0
13,pretrained,TN,13/0000.png,371,2.415825366973877,0,1,0,1,0,0,1,0,0
13,pretrained,TN,13/0000.png,372,2.43603777885437,0,1,0,1,0,0,1,0,0
13,pretrained,TN,13/0000.png,373,0.4055235683917999,0,1,0,1,0,0,1,0,0
13,pretrained,TN,13/0000.png,374,1.329763650894165,0,1,0,1,0,0,1,0,0
13,pretrained,TN,13/0000.png,375,0.0,0,1,0,1,0,0,1,0,0
13,pretrained,TN,13/0000.png,376,0.11821572482585907,0,1,0,1,0,0,1,0,0
13,pretrained,TN,13/0000.png,377,0.289052277803421,0,1,0,1,0,0,1,0,0
13,pretrained,TN,13/0000.png,378,1.7433463335037231,0,1,0,1,0,0,1,0,0
13,pretrained,TN,13/0000.png,379,2.4083428382873535,0,1,0,1,0,0,1,0,0
13,pretrained,TN,13/0000.png,380,1.2074365615844727,0,1,0,1,0,0,1,0,0
13,pretrained,TN,13/0000.png,381,1.439987063407898,0,1,0,1,0,0,1,0,0
13,pretrained,TN,13/0000.png,382,1.515036702156067,0,1,0,1,0,0,1,0,0
13,pretrained,TN,13/0000.png,383,1.7646287679672241,0,1,0,1,0,0,1,0,0
13,pretrained,TN,13/0000.png,384,1.4755016565322876,0,1,0,1,0,0,1,0,0
13,pretrained,TN,13/0000.png,385,0.43557095527648926,0,1,0,1,0,0,1,0,0
13,pretrained,TN,13/0000.png,386,0.5481539964675903,0,1,0,1,0,0,1,0,0
13,pretrained,TN,13/0000.png,387,2.827882766723633,0,1,0,1,0,0,1,0,0
13,pretrained,TN,13/0000.png,388,0.6885066628456116,0,1,0,1,0,0,1,0,0
13,pretrained,TN,13/0000.png,389,0.18951547145843506,0,1,0,1,0,0,1,0,0
13,pretrained,TN,13/0000.png,390,1.620537281036377,0,1,0,1,0,0,1,0,0
13,pretrained,TN,13/0000.png,391,0.6869473457336426,0,1,0,1,0,0,1,0,0
13,pretrained,TN,13/0000.png,392,0.09777504950761795,0,1,0,1,0,0,1,0,0
13,pretrained,TN,13/0000.png,393,1.6339921951293945,0,1,0,1,0,0,1,0,0
13,pretrained,TN,13/0000.png,394,0.8487759232521057,0,1,0,1,0,0,1,0,0
13,pretrained,TN,13/0000.png,395,0.07015134394168854,0,1,0,1,0,0,1,0,0
13,pretrained,TN,13/0000.png,396,1.0630608797073364,0,1,0,1,0,0,1,0,0
13,pretrained,TN,13/0000.png,397,0.7832954525947571,0,1,0,1,0,0,1,0,0
13,pretrained,TN,13/0000.png,398,0.4069823920726776,0,1,0,1,0,0,1,0,0
13,pretrained,TN,13/0000.png,399,1.1606907844543457,0,1,0,1,0,0,1,0,0
13,pretrained,TN,13/0000.png,400,0.3408195674419403,0,1,0,1,0,0,1,0,0
13,pretrained,TN,13/0000.png,401,0.018277309834957123,0,1,0,1,0,0,1,0,0
13,pretrained,TN,13/0000.png,402,1.1231683492660522,0,1,0,1,0,0,1,0,0
13,pretrained,TN,13/0000.png,403,0.10982051491737366,0,1,0,1,0,0,1,0,0
13,pretrained,TN,13/0000.png,404,0.19113998115062714,0,1,0,1,0,0,1,0,0
13,pretrained,TN,13/0000.png,405,1.743918776512146,0,1,0,1,0,0,1,0,0
13,pretrained,TN,13/0000.png,406,0.6126358509063721,0,1,0,1,0,0,1,0,0
13,pretrained,TN,13/0000.png,407,1.0126835107803345,0,1,0,1,0,0,1,0,0
13,pretrained,TN,13/0000.png,408,0.20631404221057892,0,1,0,1,0,0,1,0,0
13,pretrained,TN,13/0000.png,409,1.2036970853805542,0,1,0,1,0,0,1,0,0
13,pretrained,TN,13/0000.png,410,1.6047255992889404,0,1,0,1,0,0,1,0,0
13,pretrained,TN,13/0000.png,411,0.06602836400270462,0,1,0,1,0,0,1,0,0
13,pretrained,TN,13/0000.png,412,0.05139242857694626,0,1,0,1,0,0,1,0,0
13,pretrained,TN,13/0000.png,413,0.4529675543308258,0,1,0,1,0,0,1,0,0
13,pretrained,TN,13/0000.png,414,0.39002931118011475,0,1,0,1,0,0,1,0,0
13,pretrained,TN,13/0000.png,415,0.3858465850353241,0,1,0,1,0,0,1,0,0
13,pretrained,TN,13/0000.png,416,1.040216088294983,0,1,0,1,0,0,1,0,0
13,pretrained,TN,13/0000.png,417,0.7156176567077637,0,1,0,1,0,0,1,0,0
13,pretrained,TN,13/0000.png,418,0.29572683572769165,0,1,0,1,0,0,1,0,0
13,pretrained,TN,13/0000.png,419,0.444668173789978,0,1,0,1,0,0,1,0,0
13,pretrained,TN,13/0000.png,420,0.08240128308534622,0,1,0,1,0,0,1,0,0
13,pretrained,TN,13/0000.png,421,2.2870121002197266,0,1,0,1,0,0,1,0,0
13,pretrained,TN,13/0000.png,422,0.9498062133789062,0,1,0,1,0,0,1,0,0
13,pretrained,TN,13/0000.png,423,0.0812177062034607,0,1,0,1,0,0,1,0,0
13,pretrained,TN,13/0000.png,424,0.7880708575248718,0,1,0,1,0,0,1,0,0
13,pretrained,TN,13/0000.png,425,1.6857595443725586,0,1,0,1,0,0,1,0,0
13,pretrained,TN,13/0000.png,426,0.3024374842643738,0,1,0,1,0,0,1,0,0
13,pretrained,TN,13/0000.png,427,0.8617306351661682,0,1,0,1,0,0,1,0,0
13,pretrained,TN,13/0000.png,428,0.8772873878479004,0,1,0,1,0,0,1,0,0
13,pretrained,TN,13/0000.png,429,0.2892948091030121,0,1,0,1,0,0,1,0,0
13,pretrained,TN,13/0000.png,430,0.29974469542503357,0,1,0,1,0,0,1,0,0
13,pretrained,TN,13/0000.png,431,1.8658844232559204,0,1,0,1,0,0,1,0,0
13,pretrained,TN,13/0000.png,432,0.6148896217346191,0,1,0,1,0,0,1,0,0
13,pretrained,TN,13/0000.png,433,1.7143315076828003,0,1,0,1,0,0,1,0,0
13,pretrained,TN,13/0000.png,434,0.33495113253593445,0,1,0,1,0,0,1,0,0
13,pretrained,TN,13/0000.png,435,1.3593257665634155,0,1,0,1,0,0,1,0,0
13,pretrained,TN,13/0000.png,436,2.1916418075561523,0,1,0,1,0,0,1,0,0
13,pretrained,TN,13/0000.png,437,0.17641940712928772,0,1,0,1,0,0,1,0,0
13,pretrained,TN,13/0000.png,438,0.254413366317749,0,1,0,1,0,0,1,0,0
13,pretrained,TN,13/0000.png,439,1.3903950452804565,0,1,0,1,0,0,1,0,0
13,pretrained,TN,13/0000.png,440,0.36411628127098083,0,1,0,1,0,0,1,0,0
13,pretrained,TN,13/0000.png,441,0.3107748329639435,0,1,0,1,0,0,1,0,0
13,pretrained,TN,13/0000.png,442,0.35575786232948303,0,1,0,1,0,0,1,0,0
13,pretrained,TN,13/0000.png,443,1.5357191562652588,0,1,0,1,0,0,1,0,0
13,pretrained,TN,13/0000.png,444,2.1987428665161133,0,1,0,1,0,0,1,0,0
13,pretrained,TN,13/0000.png,445,0.5167011618614197,0,1,0,1,0,0,1,0,0
13,pretrained,TN,13/0000.png,446,0.0950833261013031,0,1,0,1,0,0,1,0,0
13,pretrained,TN,13/0000.png,447,1.2689355611801147,0,1,0,1,0,0,1,0,0
13,pretrained,TN,13/0000.png,448,0.9983955025672913,0,1,0,1,0,0,1,0,0
13,pretrained,TN,13/0000.png,449,0.23894767463207245,0,1,0,1,0,0,1,0,0
13,pretrained,TN,13/0000.png,450,0.021668599918484688,0,1,0,1,0,0,1,0,0
13,pretrained,TN,13/0000.png,451,0.12678396701812744,0,1,0,1,0,0,1,0,0
13,pretrained,TN,13/0000.png,452,0.5409064888954163,0,1,0,1,0,0,1,0,0
13,pretrained,TN,13/0000.png,453,0.9581502676010132,0,1,0,1,0,0,1,0,0
13,pretrained,TN,13/0000.png,454,1.1687343120574951,0,1,0,1,0,0,1,0,0
13,pretrained,TN,13/0000.png,455,0.856910228729248,0,1,0,1,0,0,1,0,0
13,pretrained,TN,13/0000.png,456,0.9257645606994629,0,1,0,1,0,0,1,0,0
13,pretrained,TN,13/0000.png,457,0.057455047965049744,0,1,0,1,0,0,1,0,0
13,pretrained,TN,13/0000.png,458,1.2376905679702759,0,1,0,1,0,0,1,0,0
13,pretrained,TN,13/0000.png,459,1.7189315557479858,0,1,0,1,0,0,1,0,0
13,pretrained,TN,13/0000.png,460,1.3219786882400513,0,1,0,1,0,0,1,0,0
13,pretrained,TN,13/0000.png,461,1.1423333883285522,0,1,0,1,0,0,1,0,0
13,pretrained,TN,13/0000.png,462,1.3630620241165161,0,1,0,1,0,0,1,0,0
13,pretrained,TN,13/0000.png,463,1.4098576307296753,0,1,0,1,0,0,1,0,0
13,pretrained,TN,13/0000.png,464,1.9908415079116821,0,1,0,1,0,0,1,0,0
13,pretrained,TN,13/0000.png,465,0.08033394813537598,0,1,0,1,0,0,1,0,0
13,pretrained,TN,13/0000.png,466,1.5018336772918701,0,1,0,1,0,0,1,0,0
13,pretrained,TN,13/0000.png,467,1.9759594202041626,0,1,0,1,0,0,1,0,0
13,pretrained,TN,13/0000.png,468,1.4611713886260986,0,1,0,1,0,0,1,0,0
13,pretrained,TN,13/0000.png,469,1.7453802824020386,0,1,0,1,0,0,1,0,0
13,pretrained,TN,13/0000.png,470,0.05084609612822533,0,1,0,1,0,0,1,0,0
13,pretrained,TN,13/0000.png,471,0.5165683627128601,0,1,0,1,0,0,1,0,0
13,pretrained,TN,13/0000.png,472,0.42199575901031494,0,1,0,1,0,0,1,0,0
13,pretrained,TN,13/0000.png,473,0.7507100701332092,0,1,0,1,0,0,1,0,0
13,pretrained,TN,13/0000.png,474,1.4215461015701294,0,1,0,1,0,0,1,0,0
13,pretrained,TN,13/0000.png,475,0.38494566082954407,0,1,0,1,0,0,1,0,0
13,pretrained,TN,13/0000.png,476,1.4355605840682983,0,1,0,1,0,0,1,0,0
13,pretrained,TN,13/0000.png,477,1.4868032932281494,0,1,0,1,0,0,1,0,0
13,pretrained,TN,13/0000.png,478,0.06938758492469788,0,1,0,1,0,0,1,0,0
13,pretrained,TN,13/0000.png,479,0.13399890065193176,0,1,0,1,0,0,1,0,0
13,pretrained,TN,13/0000.png,480,0.24052570760250092,0,1,0,1,0,0,1,0,0
13,pretrained,TN,13/0000.png,481,1.4120850563049316,0,1,0,1,0,0,1,0,0
13,pretrained,TN,13/0000.png,482,1.6482298374176025,0,1,0,1,0,0,1,0,0
13,pretrained,TN,13/0000.png,483,0.2862923741340637,0,1,0,1,0,0,1,0,0
13,pretrained,TN,13/0000.png,484,0.5181353092193604,0,1,0,1,0,0,1,0,0
13,pretrained,TN,13/0000.png,485,1.1668493747711182,0,1,0,1,0,0,1,0,0
13,pretrained,TN,13/0000.png,486,0.07926280796527863,0,1,0,1,0,0,1,0,0
13,pretrained,TN,13/0000.png,487,0.2868930995464325,0,1,0,1,0,0,1,0,0
13,pretrained,TN,13/0000.png,488,1.2666380405426025,0,1,0,1,0,0,1,0,0
13,pretrained,TN,13/0000.png,489,0.09636563062667847,0,1,0,1,0,0,1,0,0
13,pretrained,TN,13/0000.png,490,1.0534355640411377,0,1,0,1,0,0,1,0,0
13,pretrained,TN,13/0000.png,491,0.7473126649856567,0,1,0,1,0,0,1,0,0
13,pretrained,TN,13/0000.png,492,0.22677187621593475,0,1,0,1,0,0,1,0,0
13,pretrained,TN,13/0000.png,493,0.8399619460105896,0,1,0,1,0,0,1,0,0
13,pretrained,TN,13/0000.png,494,1.6812912225723267,0,1,0,1,0,0,1,0,0
13,pretrained,TN,13/0000.png,495,0.4943172335624695,0,1,0,1,0,0,1,0,0
13,pretrained,TN,13/0000.png,496,0.6364959478378296,0,1,0,1,0,0,1,0,0
13,pretrained,TN,13/0000.png,497,0.7804366946220398,0,1,0,1,0,0,1,0,0
13,pretrained,TN,13/0000.png,498,1.7388901710510254,0,1,0,1,0,0,1,0,0
13,pretrained,TN,13/0000.png,499,0.15278175473213196,0,1,0,1,0,0,1,0,0
13,pretrained,TN,13/0000.png,500,0.5107994079589844,0,1,0,1,0,0,1,0,0
13,pretrained,TN,13/0000.png,501,2.422996759414673,0,1,0,1,0,0,1,0,0
13,pretrained,TN,13/0000.png,502,2.6352357864379883,0,1,0,1,0,0,1,0,0
13,pretrained,TN,13/0000.png,503,1.0054574012756348,0,1,0,1,0,0,1,0,0
13,pretrained,TN,13/0000.png,504,0.07727763801813126,0,1,0,1,0,0,1,0,0
13,pretrained,TN,13/0000.png,505,1.9744826555252075,0,1,0,1,0,0,1,0,0
13,pretrained,TN,13/0000.png,506,0.8705678582191467,0,1,0,1,0,0,1,0,0
13,pretrained,TN,13/0000.png,507,0.8224496841430664,0,1,0,1,0,0,1,0,0
13,pretrained,TN,13/0000.png,508,0.21136978268623352,0,1,0,1,0,0,1,0,0
13,pretrained,TN,13/0000.png,509,0.9406834244728088,0,1,0,1,0,0,1,0,0
13,pretrained,TN,13/0000.png,510,0.45468923449516296,0,1,0,1,0,0,1,0,0
13,pretrained,TN,13/0000.png,511,0.04713744670152664,0,1,0,1,0,0,1,0,0
13,scratch,FP,13/0021.png,0,0.15736894309520721,0,1,1,0,0,1,0,1,0
13,scratch,FP,13/0021.png,1,0.16813570261001587,0,1,1,0,0,1,0,1,0
13,scratch,FP,13/0021.png,2,0.07070133835077286,0,1,1,0,0,1,0,1,0
13,scratch,FP,13/0021.png,3,0.26734527945518494,0,1,1,0,0,1,0,1,0
13,scratch,FP,13/0021.png,4,0.12204288691282272,0,1,1,0,0,1,0,1,0
13,scratch,FP,13/0021.png,5,0.300805002450943,0,1,1,0,0,1,0,1,0
13,scratch,FP,13/0021.png,6,0.17980846762657166,0,1,1,0,0,1,0,1,0
13,scratch,FP,13/0021.png,7,0.07057543843984604,0,1,1,0,0,1,0,1,0
13,scratch,FP,13/0021.png,8,0.11864248663187027,0,1,1,0,0,1,0,1,0
13,scratch,FP,13/0021.png,9,0.23961320519447327,0,1,1,0,0,1,0,1,0
13,scratch,FP,13/0021.png,10,0.06458812952041626,0,1,1,0,0,1,0,1,0
13,scratch,FP,13/0021.png,11,0.28492820262908936,0,1,1,0,0,1,0,1,0
13,scratch,FP,13/0021.png,12,0.21641363203525543,0,1,1,0,0,1,0,1,0
13,scratch,FP,13/0021.png,13,0.17069245874881744,0,1,1,0,0,1,0,1,0
13,scratch,FP,13/0021.png,14,0.2786077857017517,0,1,1,0,0,1,0,1,0
13,scratch,FP,13/0021.png,15,0.13259972631931305,0,1,1,0,0,1,0,1,0
13,scratch,FP,13/0021.png,16,0.45809808373451233,0,1,1,0,0,1,0,1,0
13,scratch,FP,13/0021.png,17,0.1579063981771469,0,1,1,0,0,1,0,1,0
13,scratch,FP,13/0021.png,18,0.04294906184077263,0,1,1,0,0,1,0,1,0
13,scratch,FP,13/0021.png,19,0.09802647680044174,0,1,1,0,0,1,0,1,0
13,scratch,FP,13/0021.png,20,0.6563025712966919,0,1,1,0,0,1,0,1,0
13,scratch,FP,13/0021.png,21,0.10551531612873077,0,1,1,0,0,1,0,1,0
13,scratch,FP,13/0021.png,22,0.06439260393381119,0,1,1,0,0,1,0,1,0
13,scratch,FP,13/0021.png,23,0.4417758882045746,0,1,1,0,0,1,0,1,0
13,scratch,FP,13/0021.png,24,0.39241957664489746,0,1,1,0,0,1,0,1,0
13,scratch,FP,13/0021.png,25,0.21225883066654205,0,1,1,0,0,1,0,1,0
13,scratch,FP,13/0021.png,26,0.264272540807724,0,1,1,0,0,1,0,1,0
13,scratch,FP,13/0021.png,27,0.11209564656019211,0,1,1,0,0,1,0,1,0
13,scratch,FP,13/0021.png,28,0.15527872741222382,0,1,1,0,0,1,0,1,0
13,scratch,FP,13/0021.png,29,0.3363990783691406,0,1,1,0,0,1,0,1,0
13,scratch,FP,13/0021.png,30,0.1664259433746338,0,1,1,0,0,1,0,1,0
13,scratch,FP,13/0021.png,31,0.4402499198913574,0,1,1,0,0,1,0,1,0
13,scratch,FP,13/0021.png,32,0.4334958791732788,0,1,1,0,0,1,0,1,0
13,scratch,FP,13/0021.png,33,0.3134486675262451,0,1,1,0,0,1,0,1,0
13,scratch,FP,13/0021.png,34,0.04162461310625076,0,1,1,0,0,1,0,1,0
13,scratch,FP,13/0021.png,35,0.5045468807220459,0,1,1,0,0,1,0,1,0
13,scratch,FP,13/0021.png,36,0.10597577691078186,0,1,1,0,0,1,0,1,0
13,scratch,FP,13/0021.png,37,0.18512597680091858,0,1,1,0,0,1,0,1,0
13,scratch,FP,13/0021.png,38,0.20213767886161804,0,1,1,0,0,1,0,1,0
13,scratch,FP,13/0021.png,39,0.13011181354522705,0,1,1,0,0,1,0,1,0
13,scratch,FP,13/0021.png,40,0.12593621015548706,0,1,1,0,0,1,0,1,0
13,scratch,FP,13/0021.png,41,0.4434538185596466,0,1,1,0,0,1,0,1,0
13,scratch,FP,13/0021.png,42,0.04994695633649826,0,1,1,0,0,1,0,1,0
13,scratch,FP,13/0021.png,43,0.1856422871351242,0,1,1,0,0,1,0,1,0
13,scratch,FP,13/0021.png,44,0.309545636177063,0,1,1,0,0,1,0,1,0
13,scratch,FP,13/0021.png,45,0.20175738632678986,0,1,1,0,0,1,0,1,0
13,scratch,FP,13/0021.png,46,0.6109112501144409,0,1,1,0,0,1,0,1,0
13,scratch,FP,13/0021.png,47,0.07887031883001328,0,1,1,0,0,1,0,1,0
13,scratch,FP,13/0021.png,48,0.48071467876434326,0,1,1,0,0,1,0,1,0
13,scratch,FP,13/0021.png,49,0.06882171332836151,0,1,1,0,0,1,0,1,0
13,scratch,FP,13/0021.png,50,0.1836407333612442,0,1,1,0,0,1,0,1,0
13,scratch,FP,13/0021.png,51,0.047021716833114624,0,1,1,0,0,1,0,1,0
13,scratch,FP,13/0021.png,52,0.19535742700099945,0,1,1,0,0,1,0,1,0
13,scratch,FP,13/0021.png,53,0.1890711486339569,0,1,1,0,0,1,0,1,0
13,scratch,FP,13/0021.png,54,0.47644275426864624,0,1,1,0,0,1,0,1,0
13,scratch,FP,13/0021.png,55,0.5733641982078552,0,1,1,0,0,1,0,1,0
13,scratch,FP,13/0021.png,56,0.12391778081655502,0,1,1,0,0,1,0,1,0
13,scratch,FP,13/0021.png,57,0.4514676332473755,0,1,1,0,0,1,0,1,0
13,scratch,FP,13/0021.png,58,0.06398288905620575,0,1,1,0,0,1,0,1,0
13,scratch,FP,13/0021.png,59,0.02328537218272686,0,1,1,0,0,1,0,1,0
13,scratch,FP,13/0021.png,60,0.37700071930885315,0,1,1,0,0,1,0,1,0
13,scratch,FP,13/0021.png,61,0.18385976552963257,0,1,1,0,0,1,0,1,0
13,scratch,FP,13/0021.png,62,0.3575476109981537,0,1,1,0,0,1,0,1,0
13,scratch,FP,13/0021.png,63,0.0148864034563303,0,1,1,0,0,1,0,1,0
13,scratch,FP,13/0021.png,64,0.05987585335969925,0,1,1,0,0,1,0,1,0
13,scratch,FP,13/0021.png,65,0.07226257771253586,0,1,1,0,0,1,0,1,0
13,scratch,FP,13/0021.png,66,0.34966355562210083,0,1,1,0,0,1,0,1,0
13,scratch,FP,13/0021.png,67,0.20571397244930267,0,1,1,0,0,1,0,1,0
13,scratch,FP,13/0021.png,68,0.2554686665534973,0,1,1,0,0,1,0,1,0
13,scratch,FP,13/0021.png,69,0.12175431847572327,0,1,1,0,0,1,0,1,0
13,scratch,FP,13/0021.png,70,0.7089509963989258,0,1,1,0,0,1,0,1,0
13,scratch,FP,13/0021.png,71,0.009159750305116177,0,1,1,0,0,1,0,1,0
13,scratch,FP,13/0021.png,72,0.09181664884090424,0,1,1,0,0,1,0,1,0
13,scratch,FP,13/0021.png,73,0.6590763926506042,0,1,1,0,0,1,0,1,0
13,scratch,FP,13/0021.png,74,0.5526263117790222,0,1,1,0,0,1,0,1,0
13,scratch,FP,13/0021.png,75,0.2699478566646576,0,1,1,0,0,1,0,1,0
13,scratch,FP,13/0021.png,76,0.061403825879096985,0,1,1,0,0,1,0,1,0
13,scratch,FP,13/0021.png,77,0.3334433436393738,0,1,1,0,0,1,0,1,0
13,scratch,FP,13/0021.png,78,0.37488722801208496,0,1,1,0,0,1,0,1,0
13,scratch,FP,13/0021.png,79,0.12181355804204941,0,1,1,0,0,1,0,1,0
13,scratch,FP,13/0021.png,80,0.05968108028173447,0,1,1,0,0,1,0,1,0
13,scratch,FP,13/0021.png,81,0.2245820164680481,0,1,1,0,0,1,0,1,0
13,scratch,FP,13/0021.png,82,0.2116176187992096,0,1,1,0,0,1,0,1,0
13,scratch,FP,13/0021.png,83,0.07385066151618958,0,1,1,0,0,1,0,1,0
13,scratch,FP,13/0021.png,84,0.2532083988189697,0,1,1,0,0,1,0,1,0
13,scratch,FP,13/0021.png,85,0.09954547882080078,0,1,1,0,0,1,0,1,0
13,scratch,FP,13/0021.png,86,0.3433520793914795,0,1,1,0,0,1,0,1,0
13,scratch,FP,13/0021.png,87,0.31617245078086853,0,1,1,0,0,1,0,1,0
13,scratch,FP,13/0021.png,88,0.020336570218205452,0,1,1,0,0,1,0,1,0
13,scratch,FP,13/0021.png,89,0.3585992455482483,0,1,1,0,0,1,0,1,0
13,scratch,FP,13/0021.png,90,0.6569800972938538,0,1,1,0,0,1,0,1,0
13,scratch,FP,13/0021.png,91,0.2810421288013458,0,1,1,0,0,1,0,1,0
13,scratch,FP,13/0021.png,92,0.17671896517276764,0,1,1,0,0,1,0,1,0
13,scratch,FP,13/0021.png,93,0.22274157404899597,0,1,1,0,0,1,0,1,0
13,scratch,FP,13/0021.png,94,0.05042853578925133,0,1,1,0,0,1,0,1,0
13,scratch,FP,13/0021.png,95,0.21169324219226837,0,1,1,0,0,1,0,1,0
13,scratch,FP,13/0021.png,96,0.2215084284543991,0,1,1,0,0,1,0,1,0
13,scratch,FP,13/0021.png,97,0.17326152324676514,0,1,1,0,0,1,0,1,0
13,scratch,FP,13/0021.png,98,0.3561505675315857,0,1,1,0,0,1,0,1,0
13,scratch,FP,13/0021.png,99,0.9022654294967651,0,1,1,0,0,1,0,1,0
13,scratch,FP,13/0021.png,100,0.009057151153683662,0,1,1,0,0,1,0,1,0
13,scratch,FP,13/0021.png,101,0.23093289136886597,0,1,1,0,0,1,0,1,0
13,scratch,FP,13/0021.png,102,0.4846692681312561,0,1,1,0,0,1,0,1,0
13,scratch,FP,13/0021.png,103,0.24019354581832886,0,1,1,0,0,1,0,1,0
13,scratch,FP,13/0021.png,104,0.3400760293006897,0,1,1,0,0,1,0,1,0
13,scratch,FP,13/0021.png,105,0.22088052332401276,0,1,1,0,0,1,0,1,0
13,scratch,FP,13/0021.png,106,0.02426997758448124,0,1,1,0,0,1,0,1,0
13,scratch,FP,13/0021.png,107,0.31737253069877625,0,1,1,0,0,1,0,1,0
13,scratch,FP,13/0021.png,108,0.15145611763000488,0,1,1,0,0,1,0,1,0
13,scratch,FP,13/0021.png,109,0.08824863284826279,0,1,1,0,0,1,0,1,0
13,scratch,FP,13/0021.png,110,0.20425213873386383,0,1,1,0,0,1,0,1,0
13,scratch,FP,13/0021.png,111,0.04495129734277725,0,1,1,0,0,1,0,1,0
13,scratch,FP,13/0021.png,112,0.2717450261116028,0,1,1,0,0,1,0,1,0
13,scratch,FP,13/0021.png,113,0.4301740825176239,0,1,1,0,0,1,0,1,0
13,scratch,FP,13/0021.png,114,0.14188936352729797,0,1,1,0,0,1,0,1,0
13,scratch,FP,13/0021.png,115,0.30767735838890076,0,1,1,0,0,1,0,1,0
13,scratch,FP,13/0021.png,116,0.02373644709587097,0,1,1,0,0,1,0,1,0
13,scratch,FP,13/0021.png,117,0.3336312472820282,0,1,1,0,0,1,0,1,0
13,scratch,FP,13/0021.png,118,0.22003108263015747,0,1,1,0,0,1,0,1,0
13,scratch,FP,13/0021.png,119,0.13950271904468536,0,1,1,0,0,1,0,1,0
13,scratch,FP,13/0021.png,120,0.23510761559009552,0,1,1,0,0,1,0,1,0
13,scratch,FP,13/0021.png,121,0.047101572155952454,0,1,1,0,0,1,0,1,0
13,scratch,FP,13/0021.png,122,0.21303051710128784,0,1,1,0,0,1,0,1,0
13,scratch,FP,13/0021.png,123,0.0034397277049720287,0,1,1,0,0,1,0,1,0
13,scratch,FP,13/0021.png,124,0.008436886593699455,0,1,1,0,0,1,0,1,0
13,scratch,FP,13/0021.png,125,0.02176445536315441,0,1,1,0,0,1,0,1,0
13,scratch,FP,13/0021.png,126,0.29083701968193054,0,1,1,0,0,1,0,1,0
13,scratch,FP,13/0021.png,127,0.27254757285118103,0,1,1,0,0,1,0,1,0
13,scratch,FP,13/0021.png,128,0.09454845637083054,0,1,1,0,0,1,0,1,0
13,scratch,FP,13/0021.png,129,0.037953946739435196,0,1,1,0,0,1,0,1,0
13,scratch,FP,13/0021.png,130,0.03150713071227074,0,1,1,0,0,1,0,1,0
13,scratch,FP,13/0021.png,131,0.17013920843601227,0,1,1,0,0,1,0,1,0
13,scratch,FP,13/0021.png,132,0.14838016033172607,0,1,1,0,0,1,0,1,0
13,scratch,FP,13/0021.png,133,0.4255479574203491,0,1,1,0,0,1,0,1,0
13,scratch,FP,13/0021.png,134,0.10876626521348953,0,1,1,0,0,1,0,1,0
13,scratch,FP,13/0021.png,135,0.08254692703485489,0,1,1,0,0,1,0,1,0
13,scratch,FP,13/0021.png,136,0.10870955139398575,0,1,1,0,0,1,0,1,0
13,scratch,FP,13/0021.png,137,0.1867954432964325,0,1,1,0,0,1,0,1,0
13,scratch,FP,13/0021.png,138,0.3636744022369385,0,1,1,0,0,1,0,1,0
13,scratch,FP,13/0021.png,139,0.8336080312728882,0,1,1,0,0,1,0,1,0
13,scratch,FP,13/0021.png,140,0.31702306866645813,0,1,1,0,0,1,0,1,0
13,scratch,FP,13/0021.png,141,0.14168575406074524,0,1,1,0,0,1,0,1,0
13,scratch,FP,13/0021.png,142,0.33883747458457947,0,1,1,0,0,1,0,1,0
13,scratch,FP,13/0021.png,143,0.3550448417663574,0,1,1,0,0,1,0,1,0
13,scratch,FP,13/0021.png,144,0.4166043698787689,0,1,1,0,0,1,0,1,0
13,scratch,FP,13/0021.png,145,0.28015610575675964,0,1,1,0,0,1,0,1,0
13,scratch,FP,13/0021.png,146,0.2313178926706314,0,1,1,0,0,1,0,1,0
13,scratch,FP,13/0021.png,147,0.06073025241494179,0,1,1,0,0,1,0,1,0
13,scratch,FP,13/0021.png,148,0.4558752477169037,0,1,1,0,0,1,0,1,0
13,scratch,FP,13/0021.png,149,0.4770146906375885,0,1,1,0,0,1,0,1,0
13,scratch,FP,13/0021.png,150,0.08794979006052017,0,1,1,0,0,1,0,1,0
13,scratch,FP,13/0021.png,151,0.14742423593997955,0,1,1,0,0,1,0,1,0
13,scratch,FP,13/0021.png,152,0.03183842450380325,0,1,1,0,0,1,0,1,0
13,scratch,FP,13/0021.png,153,0.06710630655288696,0,1,1,0,0,1,0,1,0
13,scratch,FP,13/0021.png,154,0.8811854124069214,0,1,1,0,0,1,0,1,0
13,scratch,FP,13/0021.png,155,0.3648740351200104,0,1,1,0,0,1,0,1,0
13,scratch,FP,13/0021.png,156,0.39352482557296753,0,1,1,0,0,1,0,1,0
13,scratch,FP,13/0021.png,157,0.05618621036410332,0,1,1,0,0,1,0,1,0
13,scratch,FP,13/0021.png,158,0.40025219321250916,0,1,1,0,0,1,0,1,0
13,scratch,FP,13/0021.png,159,0.3286818265914917,0,1,1,0,0,1,0,1,0
13,scratch,FP,13/0021.png,160,0.321152925491333,0,1,1,0,0,1,0,1,0
13,scratch,FP,13/0021.png,161,0.3810674250125885,0,1,1,0,0,1,0,1,0
13,scratch,FP,13/0021.png,162,0.6211591362953186,0,1,1,0,0,1,0,1,0
13,scratch,FP,13/0021.png,163,0.17581842839717865,0,1,1,0,0,1,0,1,0
13,scratch,FP,13/0021.png,164,0.13149119913578033,0,1,1,0,0,1,0,1,0
13,scratch,FP,13/0021.png,165,0.1494431346654892,0,1,1,0,0,1,0,1,0
13,scratch,FP,13/0021.png,166,0.11783003062009811,0,1,1,0,0,1,0,1,0
13,scratch,FP,13/0021.png,167,0.2676193118095398,0,1,1,0,0,1,0,1,0
13,scratch,FP,13/0021.png,168,0.0990077555179596,0,1,1,0,0,1,0,1,0
13,scratch,FP,13/0021.png,169,0.37573012709617615,0,1,1,0,0,1,0,1,0
13,scratch,FP,13/0021.png,170,0.6041957139968872,0,1,1,0,0,1,0,1,0
13,scratch,FP,13/0021.png,171,0.07373613119125366,0,1,1,0,0,1,0,1,0
13,scratch,FP,13/0021.png,172,0.10273580253124237,0,1,1,0,0,1,0,1,0
13,scratch,FP,13/0021.png,173,0.13173119723796844,0,1,1,0,0,1,0,1,0
13,scratch,FP,13/0021.png,174,0.032126374542713165,0,1,1,0,0,1,0,1,0
13,scratch,FP,13/0021.png,175,0.45822635293006897,0,1,1,0,0,1,0,1,0
13,scratch,FP,13/0021.png,176,0.38559505343437195,0,1,1,0,0,1,0,1,0
13,scratch,FP,13/0021.png,177,0.06651051342487335,0,1,1,0,0,1,0,1,0
13,scratch,FP,13/0021.png,178,0.10909686982631683,0,1,1,0,0,1,0,1,0
13,scratch,FP,13/0021.png,179,0.05982229486107826,0,1,1,0,0,1,0,1,0
13,scratch,FP,13/0021.png,180,0.2781013250350952,0,1,1,0,0,1,0,1,0
13,scratch,FP,13/0021.png,181,0.16264145076274872,0,1,1,0,0,1,0,1,0
13,scratch,FP,13/0021.png,182,0.03922982141375542,0,1,1,0,0,1,0,1,0
13,scratch,FP,13/0021.png,183,0.12207022309303284,0,1,1,0,0,1,0,1,0
13,scratch,FP,13/0021.png,184,0.34284156560897827,0,1,1,0,0,1,0,1,0
13,scratch,FP,13/0021.png,185,0.21995919942855835,0,1,1,0,0,1,0,1,0
13,scratch,FP,13/0021.png,186,0.4273234009742737,0,1,1,0,0,1,0,1,0
13,scratch,FP,13/0021.png,187,0.2796982228755951,0,1,1,0,0,1,0,1,0
13,scratch,FP,13/0021.png,188,0.31999334692955017,0,1,1,0,0,1,0,1,0
13,scratch,FP,13/0021.png,189,0.038650475442409515,0,1,1,0,0,1,0,1,0
13,scratch,FP,13/0021.png,190,0.07040593028068542,0,1,1,0,0,1,0,1,0
13,scratch,FP,13/0021.png,191,0.222085639834404,0,1,1,0,0,1,0,1,0
13,scratch,FP,13/0021.png,192,0.6065548658370972,0,1,1,0,0,1,0,1,0
13,scratch,FP,13/0021.png,193,0.12031934410333633,0,1,1,0,0,1,0,1,0
13,scratch,FP,13/0021.png,194,0.06393884122371674,0,1,1,0,0,1,0,1,0
13,scratch,FP,13/0021.png,195,0.0500313974916935,0,1,1,0,0,1,0,1,0
13,scratch,FP,13/0021.png,196,0.8162320256233215,0,1,1,0,0,1,0,1,0
13,scratch,FP,13/0021.png,197,0.02467675507068634,0,1,1,0,0,1,0,1,0
13,scratch,FP,13/0021.png,198,0.04385114088654518,0,1,1,0,0,1,0,1,0
13,scratch,FP,13/0021.png,199,0.28565698862075806,0,1,1,0,0,1,0,1,0
13,scratch,FP,13/0021.png,200,0.5458474159240723,0,1,1,0,0,1,0,1,0
13,scratch,FP,13/0021.png,201,0.0694752037525177,0,1,1,0,0,1,0,1,0
13,scratch,FP,13/0021.png,202,0.4794255793094635,0,1,1,0,0,1,0,1,0
13,scratch,FP,13/0021.png,203,0.18766862154006958,0,1,1,0,0,1,0,1,0
13,scratch,FP,13/0021.png,204,0.04192940518260002,0,1,1,0,0,1,0,1,0
13,scratch,FP,13/0021.png,205,0.056806497275829315,0,1,1,0,0,1,0,1,0
13,scratch,FP,13/0021.png,206,0.020819690078496933,0,1,1,0,0,1,0,1,0
13,scratch,FP,13/0021.png,207,0.30209413170814514,0,1,1,0,0,1,0,1,0
13,scratch,FP,13/0021.png,208,0.22244277596473694,0,1,1,0,0,1,0,1,0
13,scratch,FP,13/0021.png,209,0.033461470156908035,0,1,1,0,0,1,0,1,0
13,scratch,FP,13/0021.png,210,0.18229363858699799,0,1,1,0,0,1,0,1,0
13,scratch,FP,13/0021.png,211,0.8789322376251221,0,1,1,0,0,1,0,1,0
13,scratch,FP,13/0021.png,212,0.24363115429878235,0,1,1,0,0,1,0,1,0
13,scratch,FP,13/0021.png,213,0.212502583861351,0,1,1,0,0,1,0,1,0
13,scratch,FP,13/0021.png,214,0.5610020756721497,0,1,1,0,0,1,0,1,0
13,scratch,FP,13/0021.png,215,0.4614619016647339,0,1,1,0,0,1,0,1,0
13,scratch,FP,13/0021.png,216,0.32710063457489014,0,1,1,0,0,1,0,1,0
13,scratch,FP,13/0021.png,217,0.04134690389037132,0,1,1,0,0,1,0,1,0
13,scratch,FP,13/0021.png,218,0.09215326607227325,0,1,1,0,0,1,0,1,0
13,scratch,FP,13/0021.png,219,0.07907373458147049,0,1,1,0,0,1,0,1,0
13,scratch,FP,13/0021.png,220,0.3631230592727661,0,1,1,0,0,1,0,1,0
13,scratch,FP,13/0021.png,221,0.5387666821479797,0,1,1,0,0,1,0,1,0
13,scratch,FP,13/0021.png,222,0.3176218569278717,0,1,1,0,0,1,0,1,0
13,scratch,FP,13/0021.png,223,0.7031486630439758,0,1,1,0,0,1,0,1,0
13,scratch,FP,13/0021.png,224,0.47773510217666626,0,1,1,0,0,1,0,1,0
13,scratch,FP,13/0021.png,225,0.1033395528793335,0,1,1,0,0,1,0,1,0
13,scratch,FP,13/0021.png,226,0.10147332400083542,0,1,1,0,0,1,0,1,0
13,scratch,FP,13/0021.png,227,0.1658845841884613,0,1,1,0,0,1,0,1,0
13,scratch,FP,13/0021.png,228,0.37724441289901733,0,1,1,0,0,1,0,1,0
13,scratch,FP,13/0021.png,229,0.0035450279247015715,0,1,1,0,0,1,0,1,0
13,scratch,FP,13/0021.png,230,0.06367659568786621,0,1,1,0,0,1,0,1,0
13,scratch,FP,13/0021.png,231,0.28229522705078125,0,1,1,0,0,1,0,1,0
13,scratch,FP,13/0021.png,232,0.23825901746749878,0,1,1,0,0,1,0,1,0
13,scratch,FP,13/0021.png,233,0.0641135722398758,0,1,1,0,0,1,0,1,0
13,scratch,FP,13/0021.png,234,0.20736999809741974,0,1,1,0,0,1,0,1,0
13,scratch,FP,13/0021.png,235,0.33801013231277466,0,1,1,0,0,1,0,1,0
13,scratch,FP,13/0021.png,236,0.05083261802792549,0,1,1,0,0,1,0,1,0
13,scratch,FP,13/0021.png,237,0.4266630709171295,0,1,1,0,0,1,0,1,0
13,scratch,FP,13/0021.png,238,0.07021141797304153,0,1,1,0,0,1,0,1,0
13,scratch,FP,13/0021.png,239,0.5474079847335815,0,1,1,0,0,1,0,1,0
13,scratch,FP,13/0021.png,240,0.20153333246707916,0,1,1,0,0,1,0,1,0
13,scratch,FP,13/0021.png,241,0.2575986683368683,0,1,1,0,0,1,0,1,0
13,scratch,FP,13/0021.png,242,0.024506261572241783,0,1,1,0,0,1,0,1,0
13,scratch,FP,13/0021.png,243,0.4045899510383606,0,1,1,0,0,1,0,1,0
13,scratch,FP,13/0021.png,244,0.184009850025177,0,1,1,0,0,1,0,1,0
13,scratch,FP,13/0021.png,245,0.1836622655391693,0,1,1,0,0,1,0,1,0
13,scratch,FP,13/0021.png,246,0.16637757420539856,0,1,1,0,0,1,0,1,0
13,scratch,FP,13/0021.png,247,0.4475421607494354,0,1,1,0,0,1,0,1,0
13,scratch,FP,13/0021.png,248,0.5990578532218933,0,1,1,0,0,1,0,1,0
13,scratch,FP,13/0021.png,249,0.4598120152950287,0,1,1,0,0,1,0,1,0
13,scratch,FP,13/0021.png,250,0.0812593549489975,0,1,1,0,0,1,0,1,0
13,scratch,FP,13/0021.png,251,0.24294783174991608,0,1,1,0,0,1,0,1,0
13,scratch,FP,13/0021.png,252,0.2115093171596527,0,1,1,0,0,1,0,1,0
13,scratch,FP,13/0021.png,253,0.22244377434253693,0,1,1,0,0,1,0,1,0
13,scratch,FP,13/0021.png,254,0.21370282769203186,0,1,1,0,0,1,0,1,0
13,scratch,FP,13/0021.png,255,0.06165081262588501,0,1,1,0,0,1,0,1,0
13,scratch,FP,13/0021.png,256,0.2114674299955368,0,1,1,0,0,1,0,1,0
13,scratch,FP,13/0021.png,257,0.3175048530101776,0,1,1,0,0,1,0,1,0
13,scratch,FP,13/0021.png,258,0.23245029151439667,0,1,1,0,0,1,0,1,0
13,scratch,FP,13/0021.png,259,0.11629842221736908,0,1,1,0,0,1,0,1,0
13,scratch,FP,13/0021.png,260,0.07927102595567703,0,1,1,0,0,1,0,1,0
13,scratch,FP,13/0021.png,261,0.31177645921707153,0,1,1,0,0,1,0,1,0
13,scratch,FP,13/0021.png,262,0.1334841251373291,0,1,1,0,0,1,0,1,0
13,scratch,FP,13/0021.png,263,0.37013792991638184,0,1,1,0,0,1,0,1,0
13,scratch,FP,13/0021.png,264,0.07570698112249374,0,1,1,0,0,1,0,1,0
13,scratch,FP,13/0021.png,265,0.11200933903455734,0,1,1,0,0,1,0,1,0
13,scratch,FP,13/0021.png,266,0.25193870067596436,0,1,1,0,0,1,0,1,0
13,scratch,FP,13/0021.png,267,0.34646567702293396,0,1,1,0,0,1,0,1,0
13,scratch,FP,13/0021.png,268,0.36224284768104553,0,1,1,0,0,1,0,1,0
13,scratch,FP,13/0021.png,269,0.032636627554893494,0,1,1,0,0,1,0,1,0
13,scratch,FP,13/0021.png,270,0.2607046961784363,0,1,1,0,0,1,0,1,0
13,scratch,FP,13/0021.png,271,0.06351722776889801,0,1,1,0,0,1,0,1,0
13,scratch,FP,13/0021.png,272,0.2217569202184677,0,1,1,0,0,1,0,1,0
13,scratch,FP,13/0021.png,273,0.5747253894805908,0,1,1,0,0,1,0,1,0
13,scratch,FP,13/0021.png,274,0.20821423828601837,0,1,1,0,0,1,0,1,0
13,scratch,FP,13/0021.png,275,0.0789877325296402,0,1,1,0,0,1,0,1,0
13,scratch,FP,13/0021.png,276,0.09210962057113647,0,1,1,0,0,1,0,1,0
13,scratch,FP,13/0021.png,277,0.6543964743614197,0,1,1,0,0,1,0,1,0
13,scratch,FP,13/0021.png,278,0.26840344071388245,0,1,1,0,0,1,0,1,0
13,scratch,FP,13/0021.png,279,0.2721766531467438,0,1,1,0,0,1,0,1,0
13,scratch,FP,13/0021.png,280,0.3373769223690033,0,1,1,0,0,1,0,1,0
13,scratch,FP,13/0021.png,281,0.46039074659347534,0,1,1,0,0,1,0,1,0
13,scratch,FP,13/0021.png,282,0.16672161221504211,0,1,1,0,0,1,0,1,0
13,scratch,FP,13/0021.png,283,0.11937100440263748,0,1,1,0,0,1,0,1,0
13,scratch,FP,13/0021.png,284,0.24407221376895905,0,1,1,0,0,1,0,1,0
13,scratch,FP,13/0021.png,285,0.19028492271900177,0,1,1,0,0,1,0,1,0
13,scratch,FP,13/0021.png,286,0.24295039474964142,0,1,1,0,0,1,0,1,0
13,scratch,FP,13/0021.png,287,0.28902730345726013,0,1,1,0,0,1,0,1,0
13,scratch,FP,13/0021.png,288,0.3344324827194214,0,1,1,0,0,1,0,1,0
13,scratch,FP,13/0021.png,289,0.14609789848327637,0,1,1,0,0,1,0,1,0
13,scratch,FP,13/0021.png,290,0.08023206889629364,0,1,1,0,0,1,0,1,0
13,scratch,FP,13/0021.png,291,0.24615179002285004,0,1,1,0,0,1,0,1,0
13,scratch,FP,13/0021.png,292,0.2229553908109665,0,1,1,0,0,1,0,1,0
13,scratch,FP,13/0021.png,293,0.4617912471294403,0,1,1,0,0,1,0,1,0
13,scratch,FP,13/0021.png,294,0.5604656934738159,0,1,1,0,0,1,0,1,0
13,scratch,FP,13/0021.png,295,0.16093382239341736,0,1,1,0,0,1,0,1,0
13,scratch,FP,13/0021.png,296,0.2743059992790222,0,1,1,0,0,1,0,1,0
13,scratch,FP,13/0021.png,297,0.413888156414032,0,1,1,0,0,1,0,1,0
13,scratch,FP,13/0021.png,298,0.4586886167526245,0,1,1,0,0,1,0,1,0
13,scratch,FP,13/0021.png,299,0.3528589904308319,0,1,1,0,0,1,0,1,0
13,scratch,FP,13/0021.png,300,0.3645894229412079,0,1,1,0,0,1,0,1,0
13,scratch,FP,13/0021.png,301,0.6160324215888977,0,1,1,0,0,1,0,1,0
13,scratch,FP,13/0021.png,302,0.25699880719184875,0,1,1,0,0,1,0,1,0
13,scratch,FP,13/0021.png,303,0.3513895571231842,0,1,1,0,0,1,0,1,0
13,scratch,FP,13/0021.png,304,0.47282370924949646,0,1,1,0,0,1,0,1,0
13,scratch,FP,13/0021.png,305,0.5265178084373474,0,1,1,0,0,1,0,1,0
13,scratch,FP,13/0021.png,306,0.23897260427474976,0,1,1,0,0,1,0,1,0
13,scratch,FP,13/0021.png,307,0.235763818025589,0,1,1,0,0,1,0,1,0
13,scratch,FP,13/0021.png,308,1.0362046957015991,0,1,1,0,0,1,0,1,0
13,scratch,FP,13/0021.png,309,0.0067896111868321896,0,1,1,0,0,1,0,1,0
13,scratch,FP,13/0021.png,310,0.18065476417541504,0,1,1,0,0,1,0,1,0
13,scratch,FP,13/0021.png,311,0.24839197099208832,0,1,1,0,0,1,0,1,0
13,scratch,FP,13/0021.png,312,0.10979052633047104,0,1,1,0,0,1,0,1,0
13,scratch,FP,13/0021.png,313,0.20544934272766113,0,1,1,0,0,1,0,1,0
13,scratch,FP,13/0021.png,314,0.055044956505298615,0,1,1,0,0,1,0,1,0
13,scratch,FP,13/0021.png,315,0.032803431153297424,0,1,1,0,0,1,0,1,0
13,scratch,FP,13/0021.png,316,0.2007066309452057,0,1,1,0,0,1,0,1,0
13,scratch,FP,13/0021.png,317,0.20126350224018097,0,1,1,0,0,1,0,1,0
13,scratch,FP,13/0021.png,318,0.26093319058418274,0,1,1,0,0,1,0,1,0
13,scratch,FP,13/0021.png,319,0.5879007577896118,0,1,1,0,0,1,0,1,0
13,scratch,FP,13/0021.png,320,0.13952556252479553,0,1,1,0,0,1,0,1,0
13,scratch,FP,13/0021.png,321,0.008926180191338062,0,1,1,0,0,1,0,1,0
13,scratch,FP,13/0021.png,322,0.009813426993787289,0,1,1,0,0,1,0,1,0
13,scratch,FP,13/0021.png,323,0.1200113594532013,0,1,1,0,0,1,0,1,0
13,scratch,FP,13/0021.png,324,0.48628363013267517,0,1,1,0,0,1,0,1,0
13,scratch,FP,13/0021.png,325,0.05164109542965889,0,1,1,0,0,1,0,1,0
13,scratch,FP,13/0021.png,326,0.17769262194633484,0,1,1,0,0,1,0,1,0
13,scratch,FP,13/0021.png,327,0.294362336397171,0,1,1,0,0,1,0,1,0
13,scratch,FP,13/0021.png,328,0.2221747487783432,0,1,1,0,0,1,0,1,0
13,scratch,FP,13/0021.png,329,0.22737236320972443,0,1,1,0,0,1,0,1,0
13,scratch,FP,13/0021.png,330,0.11040697991847992,0,1,1,0,0,1,0,1,0
13,scratch,FP,13/0021.png,331,0.28352847695350647,0,1,1,0,0,1,0,1,0
13,scratch,FP,13/0021.png,332,0.5406795144081116,0,1,1,0,0,1,0,1,0
13,scratch,FP,13/0021.png,333,0.04387051612138748,0,1,1,0,0,1,0,1,0
13,scratch,FP,13/0021.png,334,0.14345930516719818,0,1,1,0,0,1,0,1,0
13,scratch,FP,13/0021.png,335,0.05580907315015793,0,1,1,0,0,1,0,1,0
13,scratch,FP,13/0021.png,336,0.7304916381835938,0,1,1,0,0,1,0,1,0
13,scratch,FP,13/0021.png,337,0.44562849402427673,0,1,1,0,0,1,0,1,0
13,scratch,FP,13/0021.png,338,0.3550117611885071,0,1,1,0,0,1,0,1,0
13,scratch,FP,13/0021.png,339,0.153263658285141,0,1,1,0,0,1,0,1,0
13,scratch,FP,13/0021.png,340,0.0879761353135109,0,1,1,0,0,1,0,1,0
13,scratch,FP,13/0021.png,341,0.26476457715034485,0,1,1,0,0,1,0,1,0
13,scratch,FP,13/0021.png,342,0.018027542158961296,0,1,1,0,0,1,0,1,0
13,scratch,FP,13/0021.png,343,0.12800540030002594,0,1,1,0,0,1,0,1,0
13,scratch,FP,13/0021.png,344,0.081870898604393,0,1,1,0,0,1,0,1,0
13,scratch,FP,13/0021.png,345,0.13819745182991028,0,1,1,0,0,1,0,1,0
13,scratch,FP,13/0021.png,346,0.047156091779470444,0,1,1,0,0,1,0,1,0
13,scratch,FP,13/0021.png,347,0.20315533876419067,0,1,1,0,0,1,0,1,0
13,scratch,FP,13/0021.png,348,0.18008658289909363,0,1,1,0,0,1,0,1,0
13,scratch,FP,13/0021.png,349,0.5103408098220825,0,1,1,0,0,1,0,1,0
13,scratch,FP,13/0021.png,350,0.09309445321559906,0,1,1,0,0,1,0,1,0
13,scratch,FP,13/0021.png,351,1.0276668071746826,0,1,1,0,0,1,0,1,0
13,scratch,FP,13/0021.png,352,0.1761600524187088,0,1,1,0,0,1,0,1,0
13,scratch,FP,13/0021.png,353,0.48714742064476013,0,1,1,0,0,1,0,1,0
13,scratch,FP,13/0021.png,354,0.2299436628818512,0,1,1,0,0,1,0,1,0
13,scratch,FP,13/0021.png,355,0.09475593268871307,0,1,1,0,0,1,0,1,0
13,scratch,FP,13/0021.png,356,0.37540027499198914,0,1,1,0,0,1,0,1,0
13,scratch,FP,13/0021.png,357,0.06079994887113571,0,1,1,0,0,1,0,1,0
13,scratch,FP,13/0021.png,358,0.7248722910881042,0,1,1,0,0,1,0,1,0
13,scratch,FP,13/0021.png,359,0.4780832827091217,0,1,1,0,0,1,0,1,0
13,scratch,FP,13/0021.png,360,0.3719211518764496,0,1,1,0,0,1,0,1,0
13,scratch,FP,13/0021.png,361,0.400439590215683,0,1,1,0,0,1,0,1,0
13,scratch,FP,13/0021.png,362,0.05576702952384949,0,1,1,0,0,1,0,1,0
13,scratch,FP,13/0021.png,363,0.9894742965698242,0,1,1,0,0,1,0,1,0
13,scratch,FP,13/0021.png,364,0.3293813467025757,0,1,1,0,0,1,0,1,0
13,scratch,FP,13/0021.png,365,0.021237006410956383,0,1,1,0,0,1,0,1,0
13,scratch,FP,13/0021.png,366,0.15227268636226654,0,1,1,0,0,1,0,1,0
13,scratch,FP,13/0021.png,367,0.09056776762008667,0,1,1,0,0,1,0,1,0
13,scratch,FP,13/0021.png,368,0.449631005525589,0,1,1,0,0,1,0,1,0
13,scratch,FP,13/0021.png,369,0.008931240066885948,0,1,1,0,0,1,0,1,0
13,scratch,FP,13/0021.png,370,0.30314958095550537,0,1,1,0,0,1,0,1,0
13,scratch,FP,13/0021.png,371,0.026063458994030952,0,1,1,0,0,1,0,1,0
13,scratch,FP,13/0021.png,372,0.0388006791472435,0,1,1,0,0,1,0,1,0
13,scratch,FP,13/0021.png,373,0.790793776512146,0,1,1,0,0,1,0,1,0
13,scratch,FP,13/0021.png,374,0.0585290901362896,0,1,1,0,0,1,0,1,0
13,scratch,FP,13/0021.png,375,0.009656563401222229,0,1,1,0,0,1,0,1,0
13,scratch,FP,13/0021.png,376,0.48600053787231445,0,1,1,0,0,1,0,1,0
13,scratch,FP,13/0021.png,377,0.009445974603295326,0,1,1,0,0,1,0,1,0
13,scratch,FP,13/0021.png,378,0.4734537601470947,0,1,1,0,0,1,0,1,0
13,scratch,FP,13/0021.png,379,0.3164500594139099,0,1,1,0,0,1,0,1,0
13,scratch,FP,13/0021.png,380,0.4092209041118622,0,1,1,0,0,1,0,1,0
13,scratch,FP,13/0021.png,381,0.09694252908229828,0,1,1,0,0,1,0,1,0
13,scratch,FP,13/0021.png,382,0.31026050448417664,0,1,1,0,0,1,0,1,0
13,scratch,FP,13/0021.png,383,0.2869003713130951,0,1,1,0,0,1,0,1,0
13,scratch,FP,13/0021.png,384,0.3363858759403229,0,1,1,0,0,1,0,1,0
13,scratch,FP,13/0021.png,385,0.1781693696975708,0,1,1,0,0,1,0,1,0
13,scratch,FP,13/0021.png,386,0.17459921538829803,0,1,1,0,0,1,0,1,0
13,scratch,FP,13/0021.png,387,0.14676642417907715,0,1,1,0,0,1,0,1,0
13,scratch,FP,13/0021.png,388,0.03469623252749443,0,1,1,0,0,1,0,1,0
13,scratch,FP,13/0021.png,389,0.27401602268218994,0,1,1,0,0,1,0,1,0
13,scratch,FP,13/0021.png,390,0.2624191343784332,0,1,1,0,0,1,0,1,0
13,scratch,FP,13/0021.png,391,0.5203306674957275,0,1,1,0,0,1,0,1,0
13,scratch,FP,13/0021.png,392,0.2829873561859131,0,1,1,0,0,1,0,1,0
13,scratch,FP,13/0021.png,393,0.33376532793045044,0,1,1,0,0,1,0,1,0
13,scratch,FP,13/0021.png,394,0.2590823173522949,0,1,1,0,0,1,0,1,0
13,scratch,FP,13/0021.png,395,0.3417814075946808,0,1,1,0,0,1,0,1,0
13,scratch,FP,13/0021.png,396,0.13866731524467468,0,1,1,0,0,1,0,1,0
13,scratch,FP,13/0021.png,397,0.3188576400279999,0,1,1,0,0,1,0,1,0
13,scratch,FP,13/0021.png,398,0.7311696410179138,0,1,1,0,0,1,0,1,0
13,scratch,FP,13/0021.png,399,0.2152320295572281,0,1,1,0,0,1,0,1,0
13,scratch,FP,13/0021.png,400,0.13866792619228363,0,1,1,0,0,1,0,1,0
13,scratch,FP,13/0021.png,401,0.08302183449268341,0,1,1,0,0,1,0,1,0
13,scratch,FP,13/0021.png,402,0.3257739841938019,0,1,1,0,0,1,0,1,0
13,scratch,FP,13/0021.png,403,0.2184668779373169,0,1,1,0,0,1,0,1,0
13,scratch,FP,13/0021.png,404,0.5937781929969788,0,1,1,0,0,1,0,1,0
13,scratch,FP,13/0021.png,405,0.24441967904567719,0,1,1,0,0,1,0,1,0
13,scratch,FP,13/0021.png,406,0.08005695790052414,0,1,1,0,0,1,0,1,0
13,scratch,FP,13/0021.png,407,0.24684710800647736,0,1,1,0,0,1,0,1,0
13,scratch,FP,13/0021.png,408,0.0508793368935585,0,1,1,0,0,1,0,1,0
13,scratch,FP,13/0021.png,409,0.24954383075237274,0,1,1,0,0,1,0,1,0
13,scratch,FP,13/0021.png,410,0.18647131323814392,0,1,1,0,0,1,0,1,0
13,scratch,FP,13/0021.png,411,0.29982835054397583,0,1,1,0,0,1,0,1,0
13,scratch,FP,13/0021.png,412,0.10953239351511002,0,1,1,0,0,1,0,1,0
13,scratch,FP,13/0021.png,413,0.157485231757164,0,1,1,0,0,1,0,1,0
13,scratch,FP,13/0021.png,414,0.29310426115989685,0,1,1,0,0,1,0,1,0
13,scratch,FP,13/0021.png,415,0.4905376136302948,0,1,1,0,0,1,0,1,0
13,scratch,FP,13/0021.png,416,0.11628849804401398,0,1,1,0,0,1,0,1,0
13,scratch,FP,13/0021.png,417,0.17869746685028076,0,1,1,0,0,1,0,1,0
13,scratch,FP,13/0021.png,418,0.051956385374069214,0,1,1,0,0,1,0,1,0
13,scratch,FP,13/0021.png,419,0.08638974279165268,0,1,1,0,0,1,0,1,0
13,scratch,FP,13/0021.png,420,0.24421179294586182,0,1,1,0,0,1,0,1,0
13,scratch,FP,13/0021.png,421,0.3259468972682953,0,1,1,0,0,1,0,1,0
13,scratch,FP,13/0021.png,422,0.1253972053527832,0,1,1,0,0,1,0,1,0
13,scratch,FP,13/0021.png,423,0.22705078125,0,1,1,0,0,1,0,1,0
13,scratch,FP,13/0021.png,424,0.23087945580482483,0,1,1,0,0,1,0,1,0
13,scratch,FP,13/0021.png,425,0.06865020096302032,0,1,1,0,0,1,0,1,0
13,scratch,FP,13/0021.png,426,0.39273887872695923,0,1,1,0,0,1,0,1,0
13,scratch,FP,13/0021.png,427,0.18366573750972748,0,1,1,0,0,1,0,1,0
13,scratch,FP,13/0021.png,428,0.11962276697158813,0,1,1,0,0,1,0,1,0
13,scratch,FP,13/0021.png,429,0.5405992865562439,0,1,1,0,0,1,0,1,0
13,scratch,FP,13/0021.png,430,0.2028437852859497,0,1,1,0,0,1,0,1,0
13,scratch,FP,13/0021.png,431,0.1090344786643982,0,1,1,0,0,1,0,1,0
13,scratch,FP,13/0021.png,432,0.1591833084821701,0,1,1,0,0,1,0,1,0
13,scratch,FP,13/0021.png,433,0.16602101922035217,0,1,1,0,0,1,0,1,0
13,scratch,FP,13/0021.png,434,0.05191907659173012,0,1,1,0,0,1,0,1,0
13,scratch,FP,13/0021.png,435,0.2339903712272644,0,1,1,0,0,1,0,1,0
13,scratch,FP,13/0021.png,436,0.49283367395401,0,1,1,0,0,1,0,1,0
13,scratch,FP,13/0021.png,437,0.42723962664604187,0,1,1,0,0,1,0,1,0
13,scratch,FP,13/0021.png,438,0.21682225167751312,0,1,1,0,0,1,0,1,0
13,scratch,FP,13/0021.png,439,0.241766557097435,0,1,1,0,0,1,0,1,0
13,scratch,FP,13/0021.png,440,0.08863692730665207,0,1,1,0,0,1,0,1,0
13,scratch,FP,13/0021.png,441,0.2389579713344574,0,1,1,0,0,1,0,1,0
13,scratch,FP,13/0021.png,442,0.012702036648988724,0,1,1,0,0,1,0,1,0
13,scratch,FP,13/0021.png,443,0.19010993838310242,0,1,1,0,0,1,0,1,0
13,scratch,FP,13/0021.png,444,0.4392569363117218,0,1,1,0,0,1,0,1,0
13,scratch,FP,13/0021.png,445,0.29812324047088623,0,1,1,0,0,1,0,1,0
13,scratch,FP,13/0021.png,446,0.1887953281402588,0,1,1,0,0,1,0,1,0
13,scratch,FP,13/0021.png,447,0.02247185818850994,0,1,1,0,0,1,0,1,0
13,scratch,FP,13/0021.png,448,0.0,0,1,1,0,0,1,0,1,0
13,scratch,FP,13/0021.png,449,0.71976238489151,0,1,1,0,0,1,0,1,0
13,scratch,FP,13/0021.png,450,0.020834559574723244,0,1,1,0,0,1,0,1,0
13,scratch,FP,13/0021.png,451,0.09107261896133423,0,1,1,0,0,1,0,1,0
13,scratch,FP,13/0021.png,452,0.060609281063079834,0,1,1,0,0,1,0,1,0
13,scratch,FP,13/0021.png,453,0.2829625904560089,0,1,1,0,0,1,0,1,0
13,scratch,FP,13/0021.png,454,0.6032897233963013,0,1,1,0,0,1,0,1,0
13,scratch,FP,13/0021.png,455,0.42311808466911316,0,1,1,0,0,1,0,1,0
13,scratch,FP,13/0021.png,456,0.3783482611179352,0,1,1,0,0,1,0,1,0
13,scratch,FP,13/0021.png,457,0.04847390204668045,0,1,1,0,0,1,0,1,0
13,scratch,FP,13/0021.png,458,0.525098979473114,0,1,1,0,0,1,0,1,0
13,scratch,FP,13/0021.png,459,0.5693644285202026,0,1,1,0,0,1,0,1,0
13,scratch,FP,13/0021.png,460,0.27695977687835693,0,1,1,0,0,1,0,1,0
13,scratch,FP,13/0021.png,461,0.14957787096500397,0,1,1,0,0,1,0,1,0
13,scratch,FP,13/0021.png,462,0.2506517469882965,0,1,1,0,0,1,0,1,0
13,scratch,FP,13/0021.png,463,0.15337330102920532,0,1,1,0,0,1,0,1,0
13,scratch,FP,13/0021.png,464,0.030141523107886314,0,1,1,0,0,1,0,1,0
13,scratch,FP,13/0021.png,465,0.6092489361763,0,1,1,0,0,1,0,1,0
13,scratch,FP,13/0021.png,466,0.6729995012283325,0,1,1,0,0,1,0,1,0
13,scratch,FP,13/0021.png,467,0.2128375917673111,0,1,1,0,0,1,0,1,0
13,scratch,FP,13/0021.png,468,0.06640046834945679,0,1,1,0,0,1,0,1,0
13,scratch,FP,13/0021.png,469,0.06324411928653717,0,1,1,0,0,1,0,1,0
13,scratch,FP,13/0021.png,470,0.09343954175710678,0,1,1,0,0,1,0,1,0
13,scratch,FP,13/0021.png,471,0.015296591445803642,0,1,1,0,0,1,0,1,0
13,scratch,FP,13/0021.png,472,0.3370993137359619,0,1,1,0,0,1,0,1,0
13,scratch,FP,13/0021.png,473,0.1617969423532486,0,1,1,0,0,1,0,1,0
13,scratch,FP,13/0021.png,474,0.03984184190630913,0,1,1,0,0,1,0,1,0
13,scratch,FP,13/0021.png,475,0.04979710653424263,0,1,1,0,0,1,0,1,0
13,scratch,FP,13/0021.png,476,0.041928794234991074,0,1,1,0,0,1,0,1,0
13,scratch,FP,13/0021.png,477,0.12034609913825989,0,1,1,0,0,1,0,1,0
13,scratch,FP,13/0021.png,478,0.18053586781024933,0,1,1,0,0,1,0,1,0
13,scratch,FP,13/0021.png,479,0.34664151072502136,0,1,1,0,0,1,0,1,0
13,scratch,FP,13/0021.png,480,0.5813923478126526,0,1,1,0,0,1,0,1,0
13,scratch,FP,13/0021.png,481,0.4252648949623108,0,1,1,0,0,1,0,1,0
13,scratch,FP,13/0021.png,482,0.08313820511102676,0,1,1,0,0,1,0,1,0
13,scratch,FP,13/0021.png,483,0.4159572124481201,0,1,1,0,0,1,0,1,0
13,scratch,FP,13/0021.png,484,0.05361342802643776,0,1,1,0,0,1,0,1,0
13,scratch,FP,13/0021.png,485,0.004275502171367407,0,1,1,0,0,1,0,1,0
13,scratch,FP,13/0021.png,486,0.24052093923091888,0,1,1,0,0,1,0,1,0
13,scratch,FP,13/0021.png,487,0.04368290305137634,0,1,1,0,0,1,0,1,0
13,scratch,FP,13/0021.png,488,0.23895354568958282,0,1,1,0,0,1,0,1,0
13,scratch,FP,13/0021.png,489,0.37775444984436035,0,1,1,0,0,1,0,1,0
13,scratch,FP,13/0021.png,490,0.32757583260536194,0,1,1,0,0,1,0,1,0
13,scratch,FP,13/0021.png,491,0.07839173823595047,0,1,1,0,0,1,0,1,0
13,scratch,FP,13/0021.png,492,0.2730066776275635,0,1,1,0,0,1,0,1,0
13,scratch,FP,13/0021.png,493,0.24939000606536865,0,1,1,0,0,1,0,1,0
13,scratch,FP,13/0021.png,494,0.25963470339775085,0,1,1,0,0,1,0,1,0
13,scratch,FP,13/0021.png,495,0.010301549918949604,0,1,1,0,0,1,0,1,0
13,scratch,FP,13/0021.png,496,0.04142928123474121,0,1,1,0,0,1,0,1,0
13,scratch,FP,13/0021.png,497,0.19031287729740143,0,1,1,0,0,1,0,1,0
13,scratch,FP,13/0021.png,498,0.13967788219451904,0,1,1,0,0,1,0,1,0
13,scratch,FP,13/0021.png,499,0.3654337525367737,0,1,1,0,0,1,0,1,0
13,scratch,FP,13/0021.png,500,0.006268569268286228,0,1,1,0,0,1,0,1,0
13,scratch,FP,13/0021.png,501,0.09286102652549744,0,1,1,0,0,1,0,1,0
13,scratch,FP,13/0021.png,502,0.1135348528623581,0,1,1,0,0,1,0,1,0
13,scratch,FP,13/0021.png,503,0.5614655613899231,0,1,1,0,0,1,0,1,0
13,scratch,FP,13/0021.png,504,0.32894566655158997,0,1,1,0,0,1,0,1,0
13,scratch,FP,13/0021.png,505,0.25526803731918335,0,1,1,0,0,1,0,1,0
13,scratch,FP,13/0021.png,506,0.5986363291740417,0,1,1,0,0,1,0,1,0
13,scratch,FP,13/0021.png,507,0.11544068902730942,0,1,1,0,0,1,0,1,0
13,scratch,FP,13/0021.png,508,0.2959348261356354,0,1,1,0,0,1,0,1,0
13,scratch,FP,13/0021.png,509,0.09061657637357712,0,1,1,0,0,1,0,1,0
13,scratch,FP,13/0021.png,510,0.884189784526825,0,1,1,0,0,1,0,1,0
13,scratch,FP,13/0021.png,511,0.1337873339653015,0,1,1,0,0,1,0,1,0
13,scratch,FN,13/0004.png,0,0.19038473069667816,1,1,0,1,0,0,0,0,0
13,scratch,FN,13/0004.png,1,0.24709154665470123,1,1,0,1,0,0,0,0,0
13,scratch,FN,13/0004.png,2,0.03506191074848175,1,1,0,1,0,0,0,0,0
13,scratch,FN,13/0004.png,3,0.21324022114276886,1,1,0,1,0,0,0,0,0
13,scratch,FN,13/0004.png,4,0.1525803655385971,1,1,0,1,0,0,0,0,0
13,scratch,FN,13/0004.png,5,0.18117499351501465,1,1,0,1,0,0,0,0,0
13,scratch,FN,13/0004.png,6,0.16761741042137146,1,1,0,1,0,0,0,0,0
13,scratch,FN,13/0004.png,7,0.018012098968029022,1,1,0,1,0,0,0,0,0
13,scratch,FN,13/0004.png,8,0.10016321390867233,1,1,0,1,0,0,0,0,0
13,scratch,FN,13/0004.png,9,0.13517434895038605,1,1,0,1,0,0,0,0,0
13,scratch,FN,13/0004.png,10,0.003299419768154621,1,1,0,1,0,0,0,0,0
13,scratch,FN,13/0004.png,11,0.3289359211921692,1,1,0,1,0,0,0,0,0
13,scratch,FN,13/0004.png,12,0.10915368795394897,1,1,0,1,0,0,0,0,0
13,scratch,FN,13/0004.png,13,0.07445181161165237,1,1,0,1,0,0,0,0,0
13,scratch,FN,13/0004.png,14,0.48553794622421265,1,1,0,1,0,0,0,0,0
13,scratch,FN,13/0004.png,15,0.1780887395143509,1,1,0,1,0,0,0,0,0
13,scratch,FN,13/0004.png,16,0.5640605092048645,1,1,0,1,0,0,0,0,0
13,scratch,FN,13/0004.png,17,0.10502655804157257,1,1,0,1,0,0,0,0,0
13,scratch,FN,13/0004.png,18,0.04975510016083717,1,1,0,1,0,0,0,0,0
13,scratch,FN,13/0004.png,19,0.10422809422016144,1,1,0,1,0,0,0,0,0
13,scratch,FN,13/0004.png,20,0.561367392539978,1,1,0,1,0,0,0,0,0
13,scratch,FN,13/0004.png,21,0.07851273566484451,1,1,0,1,0,0,0,0,0
13,scratch,FN,13/0004.png,22,0.04479428380727768,1,1,0,1,0,0,0,0,0
13,scratch,FN,13/0004.png,23,0.366415411233902,1,1,0,1,0,0,0,0,0
13,scratch,FN,13/0004.png,24,0.4597756266593933,1,1,0,1,0,0,0,0,0
13,scratch,FN,13/0004.png,25,0.14665481448173523,1,1,0,1,0,0,0,0,0
13,scratch,FN,13/0004.png,26,0.3311198949813843,1,1,0,1,0,0,0,0,0
13,scratch,FN,13/0004.png,27,0.05497422069311142,1,1,0,1,0,0,0,0,0
13,scratch,FN,13/0004.png,28,0.1918308436870575,1,1,0,1,0,0,0,0,0
13,scratch,FN,13/0004.png,29,0.307462215423584,1,1,0,1,0,0,0,0,0
13,scratch,FN,13/0004.png,30,0.12179481983184814,1,1,0,1,0,0,0,0,0
13,scratch,FN,13/0004.png,31,0.5534796714782715,1,1,0,1,0,0,0,0,0
13,scratch,FN,13/0004.png,32,0.30580586194992065,1,1,0,1,0,0,0,0,0
13,scratch,FN,13/0004.png,33,0.2504691183567047,1,1,0,1,0,0,0,0,0
13,scratch,FN,13/0004.png,34,0.01522601768374443,1,1,0,1,0,0,0,0,0
13,scratch,FN,13/0004.png,35,0.6483088731765747,1,1,0,1,0,0,0,0,0
13,scratch,FN,13/0004.png,36,0.14576669037342072,1,1,0,1,0,0,0,0,0
13,scratch,FN,13/0004.png,37,0.05887814983725548,1,1,0,1,0,0,0,0,0
13,scratch,FN,13/0004.png,38,0.21641838550567627,1,1,0,1,0,0,0,0,0
13,scratch,FN,13/0004.png,39,0.2484598159790039,1,1,0,1,0,0,0,0,0
13,scratch,FN,13/0004.png,40,0.12894012033939362,1,1,0,1,0,0,0,0,0
13,scratch,FN,13/0004.png,41,0.3266257047653198,1,1,0,1,0,0,0,0,0
13,scratch,FN,13/0004.png,42,0.029571224004030228,1,1,0,1,0,0,0,0,0
13,scratch,FN,13/0004.png,43,0.14974206686019897,1,1,0,1,0,0,0,0,0
13,scratch,FN,13/0004.png,44,0.46362724900245667,1,1,0,1,0,0,0,0,0
13,scratch,FN,13/0004.png,45,0.18569698929786682,1,1,0,1,0,0,0,0,0
13,scratch,FN,13/0004.png,46,0.6696177124977112,1,1,0,1,0,0,0,0,0
13,scratch,FN,13/0004.png,47,0.03171953931450844,1,1,0,1,0,0,0,0,0
13,scratch,FN,13/0004.png,48,0.600476086139679,1,1,0,1,0,0,0,0,0
13,scratch,FN,13/0004.png,49,0.05168922245502472,1,1,0,1,0,0,0,0,0
13,scratch,FN,13/0004.png,50,0.1997065246105194,1,1,0,1,0,0,0,0,0
13,scratch,FN,13/0004.png,51,0.011432312428951263,1,1,0,1,0,0,0,0,0
13,scratch,FN,13/0004.png,52,0.1533530205488205,1,1,0,1,0,0,0,0,0
13,scratch,FN,13/0004.png,53,0.20460401475429535,1,1,0,1,0,0,0,0,0
13,scratch,FN,13/0004.png,54,0.4668506979942322,1,1,0,1,0,0,0,0,0
13,scratch,FN,13/0004.png,55,0.4077152609825134,1,1,0,1,0,0,0,0,0
13,scratch,FN,13/0004.png,56,0.09302250295877457,1,1,0,1,0,0,0,0,0
13,scratch,FN,13/0004.png,57,0.4598873555660248,1,1,0,1,0,0,0,0,0
13,scratch,FN,13/0004.png,58,0.023111796006560326,1,1,0,1,0,0,0,0,0
13,scratch,FN,13/0004.png,59,0.005396628752350807,1,1,0,1,0,0,0,0,0
13,scratch,FN,13/0004.png,60,0.40849465131759644,1,1,0,1,0,0,0,0,0
13,scratch,FN,13/0004.png,61,0.16095136106014252,1,1,0,1,0,0,0,0,0
13,scratch,FN,13/0004.png,62,0.29538100957870483,1,1,0,1,0,0,0,0,0
13,scratch,FN,13/0004.png,63,0.0,1,1,0,1,0,0,0,0,0
13,scratch,FN,13/0004.png,64,0.025894027203321457,1,1,0,1,0,0,0,0,0
13,scratch,FN,13/0004.png,65,0.05282142385840416,1,1,0,1,0,0,0,0,0
13,scratch,FN,13/0004.png,66,0.29584673047065735,1,1,0,1,0,0,0,0,0
13,scratch,FN,13/0004.png,67,0.3043345510959625,1,1,0,1,0,0,0,0,0
13,scratch,FN,13/0004.png,68,0.4261522591114044,1,1,0,1,0,0,0,0,0
13,scratch,FN,13/0004.png,69,0.05577046051621437,1,1,0,1,0,0,0,0,0
13,scratch,FN,13/0004.png,70,0.7800363302230835,1,1,0,1,0,0,0,0,0
13,scratch,FN,13/0004.png,71,0.0032938700169324875,1,1,0,1,0,0,0,0,0
13,scratch,FN,13/0004.png,72,0.052997857332229614,1,1,0,1,0,0,0,0,0
13,scratch,FN,13/0004.png,73,0.8171920776367188,1,1,0,1,0,0,0,0,0
13,scratch,FN,13/0004.png,74,0.6556035876274109,1,1,0,1,0,0,0,0,0
13,scratch,FN,13/0004.png,75,0.30137279629707336,1,1,0,1,0,0,0,0,0
13,scratch,FN,13/0004.png,76,0.09021905064582825,1,1,0,1,0,0,0,0,0
13,scratch,FN,13/0004.png,77,0.24486179649829865,1,1,0,1,0,0,0,0,0
13,scratch,FN,13/0004.png,78,0.4976177513599396,1,1,0,1,0,0,0,0,0
13,scratch,FN,13/0004.png,79,0.09855994582176208,1,1,0,1,0,0,0,0,0
13,scratch,FN,13/0004.png,80,0.013325654901564121,1,1,0,1,0,0,0,0,0
13,scratch,FN,13/0004.png,81,0.22355951368808746,1,1,0,1,0,0,0,0,0
13,scratch,FN,13/0004.png,82,0.10406159609556198,1,1,0,1,0,0,0,0,0
13,scratch,FN,13/0004.png,83,0.0,1,1,0,1,0,0,0,0,0
13,scratch,FN,13/0004.png,84,0.16260546445846558,1,1,0,1,0,0,0,0,0
13,scratch,FN,13/0004.png,85,0.02787211537361145,1,1,0,1,0,0,0,0,0
13,scratch,FN,13/0004.png,86,0.2839394509792328,1,1,0,1,0,0,0,0,0
13,scratch,FN,13/0004.png,87,0.3409082889556885,1,1,0,1,0,0,0,0,0
13,scratch,FN,13/0004.png,88,0.0036494177766144276,1,1,0,1,0,0,0,0,0
13,scratch,FN,13/0004.png,89,0.3873478174209595,1,1,0,1,0,0,0,0,0
13,scratch,FN,13/0004.png,90,0.5310983657836914,1,1,0,1,0,0,0,0,0
13,scratch,FN,13/0004.png,91,0.2531490623950958,1,1,0,1,0,0,0,0,0
13,scratch,FN,13/0004.png,92,0.16940031945705414,1,1,0,1,0,0,0,0,0
13,scratch,FN,13/0004.png,93,0.23862065374851227,1,1,0,1,0,0,0,0,0
13,scratch,FN,13/0004.png,94,0.03266390040516853,1,1,0,1,0,0,0,0,0
13,scratch,FN,13/0004.png,95,0.1512574404478073,1,1,0,1,0,0,0,0,0
13,scratch,FN,13/0004.png,96,0.25105246901512146,1,1,0,1,0,0,0,0,0
13,scratch,FN,13/0004.png,97,0.15207283198833466,1,1,0,1,0,0,0,0,0
13,scratch,FN,13/0004.png,98,0.28287866711616516,1,1,0,1,0,0,0,0,0
13,scratch,FN,13/0004.png,99,1.2499780654907227,1,1,0,1,0,0,0,0,0
13,scratch,FN,13/0004.png,100,0.001059932867065072,1,1,0,1,0,0,0,0,0
13,scratch,FN,13/0004.png,101,0.22929136455059052,1,1,0,1,0,0,0,0,0
13,scratch,FN,13/0004.png,102,0.6168662309646606,1,1,0,1,0,0,0,0,0
13,scratch,FN,13/0004.png,103,0.29586082696914673,1,1,0,1,0,0,0,0,0
13,scratch,FN,13/0004.png,104,0.4499123990535736,1,1,0,1,0,0,0,0,0
13,scratch,FN,13/0004.png,105,0.19854259490966797,1,1,0,1,0,0,0,0,0
13,scratch,FN,13/0004.png,106,0.012024899944663048,1,1,0,1,0,0,0,0,0
13,scratch,FN,13/0004.png,107,0.3914543390274048,1,1,0,1,0,0,0,0,0
13,scratch,FN,13/0004.png,108,0.12747476994991302,1,1,0,1,0,0,0,0,0
13,scratch,FN,13/0004.png,109,0.059359047561883926,1,1,0,1,0,0,0,0,0
13,scratch,FN,13/0004.png,110,0.19701482355594635,1,1,0,1,0,0,0,0,0
13,scratch,FN,13/0004.png,111,0.04541302099823952,1,1,0,1,0,0,0,0,0
13,scratch,FN,13/0004.png,112,0.21766012907028198,1,1,0,1,0,0,0,0,0
13,scratch,FN,13/0004.png,113,0.4186992347240448,1,1,0,1,0,0,0,0,0
13,scratch,FN,13/0004.png,114,0.21396391093730927,1,1,0,1,0,0,0,0,0
13,scratch,FN,13/0004.png,115,0.32597559690475464,1,1,0,1,0,0,0,0,0
13,scratch,FN,13/0004.png,116,0.025785790756344795,1,1,0,1,0,0,0,0,0
13,scratch,FN,13/0004.png,117,0.16734468936920166,1,1,0,1,0,0,0,0,0
13,scratch,FN,13/0004.png,118,0.2845440208911896,1,1,0,1,0,0,0,0,0
13,scratch,FN,13/0004.png,119,0.1485815793275833,1,1,0,1,0,0,0,0,0
13,scratch,FN,13/0004.png,120,0.263950377702713,1,1,0,1,0,0,0,0,0
13,scratch,FN,13/0004.png,121,0.0915149673819542,1,1,0,1,0,0,0,0,0
13,scratch,FN,13/0004.png,122,0.246740460395813,1,1,0,1,0,0,0,0,0
13,scratch,FN,13/0004.png,123,0.0008638814324513078,1,1,0,1,0,0,0,0,0
13,scratch,FN,13/0004.png,124,3.30592920363415e-05,1,1,0,1,0,0,0,0,0
13,scratch,FN,13/0004.png,125,0.02632899023592472,1,1,0,1,0,0,0,0,0
13,scratch,FN,13/0004.png,126,0.35474246740341187,1,1,0,1,0,0,0,0,0
13,scratch,FN,13/0004.png,127,0.18667979538440704,1,1,0,1,0,0,0,0,0
13,scratch,FN,13/0004.png,128,0.06558643281459808,1,1,0,1,0,0,0,0,0
13,scratch,FN,13/0004.png,129,0.0,1,1,0,1,0,0,0,0,0
13,scratch,FN,13/0004.png,130,0.013321754522621632,1,1,0,1,0,0,0,0,0
13,scratch,FN,13/0004.png,131,0.26366326212882996,1,1,0,1,0,0,0,0,0
13,scratch,FN,13/0004.png,132,0.15969055891036987,1,1,0,1,0,0,0,0,0
13,scratch,FN,13/0004.png,133,0.45340269804000854,1,1,0,1,0,0,0,0,0
13,scratch,FN,13/0004.png,134,0.1804615706205368,1,1,0,1,0,0,0,0,0
13,scratch,FN,13/0004.png,135,0.04352283477783203,1,1,0,1,0,0,0,0,0
13,scratch,FN,13/0004.png,136,0.08181937783956528,1,1,0,1,0,0,0,0,0
13,scratch,FN,13/0004.png,137,0.3452568054199219,1,1,0,1,0,0,0,0,0
13,scratch,FN,13/0004.png,138,0.4436013102531433,1,1,0,1,0,0,0,0,0
13,scratch,FN,13/0004.png,139,0.9872952103614807,1,1,0,1,0,0,0,0,0
13,scratch,FN,13/0004.png,140,0.42225202918052673,1,1,0,1,0,0,0,0,0
13,scratch,FN,13/0004.png,141,0.12936842441558838,1,1,0,1,0,0,0,0,0
13,scratch,FN,13/0004.png,142,0.229313462972641,1,1,0,1,0,0,0,0,0
13,scratch,FN,13/0004.png,143,0.393295019865036,1,1,0,1,0,0,0,0,0
13,scratch,FN,13/0004.png,144,0.4533747434616089,1,1,0,1,0,0,0,0,0
13,scratch,FN,13/0004.png,145,0.525266706943512,1,1,0,1,0,0,0,0,0
13,scratch,FN,13/0004.png,146,0.11163078993558884,1,1,0,1,0,0,0,0,0
13,scratch,FN,13/0004.png,147,0.05592946708202362,1,1,0,1,0,0,0,0,0
13,scratch,FN,13/0004.png,148,0.4660397469997406,1,1,0,1,0,0,0,0,0
13,scratch,FN,13/0004.png,149,0.3347988426685333,1,1,0,1,0,0,0,0,0
13,scratch,FN,13/0004.png,150,0.03158312663435936,1,1,0,1,0,0,0,0,0
13,scratch,FN,13/0004.png,151,0.10704714804887772,1,1,0,1,0,0,0,0,0
13,scratch,FN,13/0004.png,152,0.015541638247668743,1,1,0,1,0,0,0,0,0
13,scratch,FN,13/0004.png,153,0.039705146104097366,1,1,0,1,0,0,0,0,0
13,scratch,FN,13/0004.png,154,0.9731587767601013,1,1,0,1,0,0,0,0,0
13,scratch,FN,13/0004.png,155,0.4498733878135681,1,1,0,1,0,0,0,0,0
13,scratch,FN,13/0004.png,156,0.6900928020477295,1,1,0,1,0,0,0,0,0
13,scratch,FN,13/0004.png,157,0.0017240357119590044,1,1,0,1,0,0,0,0,0
13,scratch,FN,13/0004.png,158,0.4314655363559723,1,1,0,1,0,0,0,0,0
13,scratch,FN,13/0004.png,159,0.52840656042099,1,1,0,1,0,0,0,0,0
13,scratch,FN,13/0004.png,160,0.33441469073295593,1,1,0,1,0,0,0,0,0
13,scratch,FN,13/0004.png,161,0.3661877512931824,1,1,0,1,0,0,0,0,0
13,scratch,FN,13/0004.png,162,0.9672765135765076,1,1,0,1,0,0,0,0,0
13,scratch,FN,13/0004.png,163,0.09422658383846283,1,1,0,1,0,0,0,0,0
13,scratch,FN,13/0004.png,164,0.13364151120185852,1,1,0,1,0,0,0,0,0
13,scratch,FN,13/0004.png,165,0.15701958537101746,1,1,0,1,0,0,0,0,0
13,scratch,FN,13/0004.png,166,0.15862394869327545,1,1,0,1,0,0,0,0,0
13,scratch,FN,13/0004.png,167,0.21997268497943878,1,1,0,1,0,0,0,0,0
13,scratch,FN,13/0004.png,168,0.03959030285477638,1,1,0,1,0,0,0,0,0
13,scratch,FN,13/0004.png,169,0.48236796259880066,1,1,0,1,0,0,0,0,0
13,scratch,FN,13/0004.png,170,0.43816569447517395,1,1,0,1,0,0,0,0,0
13,scratch,FN,13/0004.png,171,0.04122672602534294,1,1,0,1,0,0,0,0,0
13,scratch,FN,13/0004.png,172,0.0870114266872406,1,1,0,1,0,0,0,0,0
13,scratch,FN,13/0004.png,173,0.04391263425350189,1,1,0,1,0,0,0,0,0
13,scratch,FN,13/0004.png,174,0.01562592014670372,1,1,0,1,0,0,0,0,0
13,scratch,FN,13/0004.png,175,0.49977925419807434,1,1,0,1,0,0,0,0,0
13,scratch,FN,13/0004.png,176,0.5266481637954712,1,1,0,1,0,0,0,0,0
13,scratch,FN,13/0004.png,177,0.04146697744727135,1,1,0,1,0,0,0,0,0
13,scratch,FN,13/0004.png,178,0.06646215915679932,1,1,0,1,0,0,0,0,0
13,scratch,FN,13/0004.png,179,0.04883018881082535,1,1,0,1,0,0,0,0,0
13,scratch,FN,13/0004.png,180,0.45924800634384155,1,1,0,1,0,0,0,0,0
13,scratch,FN,13/0004.png,181,0.12734252214431763,1,1,0,1,0,0,0,0,0
13,scratch,FN,13/0004.png,182,0.026969870552420616,1,1,0,1,0,0,0,0,0
13,scratch,FN,13/0004.png,183,0.08473293483257294,1,1,0,1,0,0,0,0,0
13,scratch,FN,13/0004.png,184,0.4171658754348755,1,1,0,1,0,0,0,0,0
13,scratch,FN,13/0004.png,185,0.4354439675807953,1,1,0,1,0,0,0,0,0
13,scratch,FN,13/0004.png,186,0.6582249402999878,1,1,0,1,0,0,0,0,0
13,scratch,FN,13/0004.png,187,0.2042352259159088,1,1,0,1,0,0,0,0,0
13,scratch,FN,13/0004.png,188,0.30061954259872437,1,1,0,1,0,0,0,0,0
13,scratch,FN,13/0004.png,189,0.01228474359959364,1,1,0,1,0,0,0,0,0
13,scratch,FN,13/0004.png,190,0.04784298315644264,1,1,0,1,0,0,0,0,0
13,scratch,FN,13/0004.png,191,0.3781191110610962,1,1,0,1,0,0,0,0,0
13,scratch,FN,13/0004.png,192,0.7565297484397888,1,1,0,1,0,0,0,0,0
13,scratch,FN,13/0004.png,193,0.05143778771162033,1,1,0,1,0,0,0,0,0
13,scratch,FN,13/0004.png,194,0.04680505394935608,1,1,0,1,0,0,0,0,0
13,scratch,FN,13/0004.png,195,0.07414867728948593,1,1,0,1,0,0,0,0,0
13,scratch,FN,13/0004.png,196,0.8343855142593384,1,1,0,1,0,0,0,0,0
13,scratch,FN,13/0004.png,197,0.010019855573773384,1,1,0,1,0,0,0,0,0
13,scratch,FN,13/0004.png,198,0.02858792431652546,1,1,0,1,0,0,0,0,0
13,scratch,FN,13/0004.png,199,0.2659253478050232,1,1,0,1,0,0,0,0,0
13,scratch,FN,13/0004.png,200,0.5088087916374207,1,1,0,1,0,0,0,0,0
13,scratch,FN,13/0004.png,201,0.010854239575564861,1,1,0,1,0,0,0,0,0
13,scratch,FN,13/0004.png,202,0.345700740814209,1,1,0,1,0,0,0,0,0
13,scratch,FN,13/0004.png,203,0.23762895166873932,1,1,0,1,0,0,0,0,0
13,scratch,FN,13/0004.png,204,0.0,1,1,0,1,0,0,0,0,0
13,scratch,FN,13/0004.png,205,0.04283399507403374,1,1,0,1,0,0,0,0,0
13,scratch,FN,13/0004.png,206,0.013237952254712582,1,1,0,1,0,0,0,0,0
13,scratch,FN,13/0004.png,207,0.26066508889198303,1,1,0,1,0,0,0,0,0
13,scratch,FN,13/0004.png,208,0.23109975457191467,1,1,0,1,0,0,0,0,0
13,scratch,FN,13/0004.png,209,0.016659677028656006,1,1,0,1,0,0,0,0,0
13,scratch,FN,13/0004.png,210,0.1529720425605774,1,1,0,1,0,0,0,0,0
13,scratch,FN,13/0004.png,211,0.8572025895118713,1,1,0,1,0,0,0,0,0
13,scratch,FN,13/0004.png,212,0.39486977458000183,1,1,0,1,0,0,0,0,0
13,scratch,FN,13/0004.png,213,0.22397810220718384,1,1,0,1,0,0,0,0,0
13,scratch,FN,13/0004.png,214,0.6583664417266846,1,1,0,1,0,0,0,0,0
13,scratch,FN,13/0004.png,215,0.5626904368400574,1,1,0,1,0,0,0,0,0
13,scratch,FN,13/0004.png,216,0.3589344918727875,1,1,0,1,0,0,0,0,0
13,scratch,FN,13/0004.png,217,0.022514348849654198,1,1,0,1,0,0,0,0,0
13,scratch,FN,13/0004.png,218,0.17316988110542297,1,1,0,1,0,0,0,0,0
13,scratch,FN,13/0004.png,219,0.03227146714925766,1,1,0,1,0,0,0,0,0
13,scratch,FN,13/0004.png,220,0.5321635603904724,1,1,0,1,0,0,0,0,0
13,scratch,FN,13/0004.png,221,0.6239244937896729,1,1,0,1,0,0,0,0,0
13,scratch,FN,13/0004.png,222,0.28441953659057617,1,1,0,1,0,0,0,0,0
13,scratch,FN,13/0004.png,223,0.8062629103660583,1,1,0,1,0,0,0,0,0
13,scratch,FN,13/0004.png,224,0.42698198556900024,1,1,0,1,0,0,0,0,0
13,scratch,FN,13/0004.png,225,0.1249006912112236,1,1,0,1,0,0,0,0,0
13,scratch,FN,13/0004.png,226,0.09363598376512527,1,1,0,1,0,0,0,0,0
13,scratch,FN,13/0004.png,227,0.09217832237482071,1,1,0,1,0,0,0,0,0
13,scratch,FN,13/0004.png,228,0.2557183504104614,1,1,0,1,0,0,0,0,0
13,scratch,FN,13/0004.png,229,0.012591839767992496,1,1,0,1,0,0,0,0,0
13,scratch,FN,13/0004.png,230,0.006571414414793253,1,1,0,1,0,0,0,0,0
13,scratch,FN,13/0004.png,231,0.3060108423233032,1,1,0,1,0,0,0,0,0
13,scratch,FN,13/0004.png,232,0.4853856563568115,1,1,0,1,0,0,0,0,0
13,scratch,FN,13/0004.png,233,0.054457198828458786,1,1,0,1,0,0,0,0,0
13,scratch,FN,13/0004.png,234,0.31999534368515015,1,1,0,1,0,0,0,0,0
13,scratch,FN,13/0004.png,235,0.29568007588386536,1,1,0,1,0,0,0,0,0
13,scratch,FN,13/0004.png,236,0.07452221214771271,1,1,0,1,0,0,0,0,0
13,scratch,FN,13/0004.png,237,0.6753689646720886,1,1,0,1,0,0,0,0,0
13,scratch,FN,13/0004.png,238,0.04411393404006958,1,1,0,1,0,0,0,0,0
13,scratch,FN,13/0004.png,239,0.5487592816352844,1,1,0,1,0,0,0,0,0
13,scratch,FN,13/0004.png,240,0.1315995752811432,1,1,0,1,0,0,0,0,0
13,scratch,FN,13/0004.png,241,0.16713282465934753,1,1,0,1,0,0,0,0,0
13,scratch,FN,13/0004.png,242,0.01756025105714798,1,1,0,1,0,0,0,0,0
13,scratch,FN,13/0004.png,243,0.3609451651573181,1,1,0,1,0,0,0,0,0
13,scratch,FN,13/0004.png,244,0.04172687232494354,1,1,0,1,0,0,0,0,0
13,scratch,FN,13/0004.png,245,0.04473698511719704,1,1,0,1,0,0,0,0,0
13,scratch,FN,13/0004.png,246,0.19995760917663574,1,1,0,1,0,0,0,0,0
13,scratch,FN,13/0004.png,247,0.4357960820198059,1,1,0,1,0,0,0,0,0
13,scratch,FN,13/0004.png,248,0.8283034563064575,1,1,0,1,0,0,0,0,0
13,scratch,FN,13/0004.png,249,0.37262600660324097,1,1,0,1,0,0,0,0,0
13,scratch,FN,13/0004.png,250,0.05610325559973717,1,1,0,1,0,0,0,0,0
13,scratch,FN,13/0004.png,251,0.21059197187423706,1,1,0,1,0,0,0,0,0
13,scratch,FN,13/0004.png,252,0.19527100026607513,1,1,0,1,0,0,0,0,0
13,scratch,FN,13/0004.png,253,0.31773221492767334,1,1,0,1,0,0,0,0,0
13,scratch,FN,13/0004.png,254,0.2312672883272171,1,1,0,1,0,0,0,0,0
13,scratch,FN,13/0004.png,255,0.041150834411382675,1,1,0,1,0,0,0,0,0
13,scratch,FN,13/0004.png,256,0.10702371597290039,1,1,0,1,0,0,0,0,0
13,scratch,FN,13/0004.png,257,0.5675789713859558,1,1,0,1,0,0,0,0,0
13,scratch,FN,13/0004.png,258,0.22589875757694244,1,1,0,1,0,0,0,0,0
13,scratch,FN,13/0004.png,259,0.0871644914150238,1,1,0,1,0,0,0,0,0
13,scratch,FN,13/0004.png,260,0.10669904947280884,1,1,0,1,0,0,0,0,0
13,scratch,FN,13/0004.png,261,0.3351542055606842,1,1,0,1,0,0,0,0,0
13,scratch,FN,13/0004.png,262,0.09618765115737915,1,1,0,1,0,0,0,0,0
13,scratch,FN,13/0004.png,263,0.3958210349082947,1,1,0,1,0,0,0,0,0
13,scratch,FN,13/0004.png,264,0.028665736317634583,1,1,0,1,0,0,0,0,0
13,scratch,FN,13/0004.png,265,0.11452258378267288,1,1,0,1,0,0,0,0,0
13,scratch,FN,13/0004.png,266,0.2722064256668091,1,1,0,1,0,0,0,0,0
13,scratch,FN,13/0004.png,267,0.254202663898468,1,1,0,1,0,0,0,0,0
13,scratch,FN,13/0004.png,268,0.41163086891174316,1,1,0,1,0,0,0,0,0
13,scratch,FN,13/0004.png,269,0.01715938374400139,1,1,0,1,0,0,0,0,0
13,scratch,FN,13/0004.png,270,0.21445733308792114,1,1,0,1,0,0,0,0,0
13,scratch,FN,13/0004.png,271,0.04328325018286705,1,1,0,1,0,0,0,0,0
13,scratch,FN,13/0004.png,272,0.45146653056144714,1,1,0,1,0,0,0,0,0
13,scratch,FN,13/0004.png,273,0.49223166704177856,1,1,0,1,0,0,0,0,0
13,scratch,FN,13/0004.png,274,0.22436963021755219,1,1,0,1,0,0,0,0,0
13,scratch,FN,13/0004.png,275,0.0513911247253418,1,1,0,1,0,0,0,0,0
13,scratch,FN,13/0004.png,276,0.009466126561164856,1,1,0,1,0,0,0,0,0
13,scratch,FN,13/0004.png,277,0.7348500490188599,1,1,0,1,0,0,0,0,0
13,scratch,FN,13/0004.png,278,0.35318562388420105,1,1,0,1,0,0,0,0,0
13,scratch,FN,13/0004.png,279,0.25757622718811035,1,1,0,1,0,0,0,0,0
13,scratch,FN,13/0004.png,280,0.3190586268901825,1,1,0,1,0,0,0,0,0
13,scratch,FN,13/0004.png,281,0.6282710433006287,1,1,0,1,0,0,0,0,0
13,scratch,FN,13/0004.png,282,0.08233616501092911,1,1,0,1,0,0,0,0,0
13,scratch,FN,13/0004.png,283,0.15136751532554626,1,1,0,1,0,0,0,0,0
13,scratch,FN,13/0004.png,284,0.23219209909439087,1,1,0,1,0,0,0,0,0
13,scratch,FN,13/0004.png,285,0.10742457956075668,1,1,0,1,0,0,0,0,0
13,scratch,FN,13/0004.png,286,0.24355342984199524,1,1,0,1,0,0,0,0,0
13,scratch,FN,13/0004.png,287,0.22455807030200958,1,1,0,1,0,0,0,0,0
13,scratch,FN,13/0004.png,288,0.46591925621032715,1,1,0,1,0,0,0,0,0
13,scratch,FN,13/0004.png,289,0.006556740961968899,1,1,0,1,0,0,0,0,0
13,scratch,FN,13/0004.png,290,0.10578976571559906,1,1,0,1,0,0,0,0,0
13,scratch,FN,13/0004.png,291,0.10557917505502701,1,1,0,1,0,0,0,0,0
13,scratch,FN,13/0004.png,292,0.1498357504606247,1,1,0,1,0,0,0,0,0
13,scratch,FN,13/0004.png,293,0.4303639531135559,1,1,0,1,0,0,0,0,0
13,scratch,FN,13/0004.png,294,0.5696409344673157,1,1,0,1,0,0,0,0,0
13,scratch,FN,13/0004.png,295,0.1566981077194214,1,1,0,1,0,0,0,0,0
13,scratch,FN,13/0004.png,296,0.264190137386322,1,1,0,1,0,0,0,0,0
13,scratch,FN,13/0004.png,297,0.38755396008491516,1,1,0,1,0,0,0,0,0
13,scratch,FN,13/0004.png,298,0.5026001334190369,1,1,0,1,0,0,0,0,0
13,scratch,FN,13/0004.png,299,0.2151564210653305,1,1,0,1,0,0,0,0,0
13,scratch,FN,13/0004.png,300,0.20852942764759064,1,1,0,1,0,0,0,0,0
13,scratch,FN,13/0004.png,301,0.5460793375968933,1,1,0,1,0,0,0,0,0
13,scratch,FN,13/0004.png,302,0.30081096291542053,1,1,0,1,0,0,0,0,0
13,scratch,FN,13/0004.png,303,0.39674386382102966,1,1,0,1,0,0,0,0,0
13,scratch,FN,13/0004.png,304,0.8303523063659668,1,1,0,1,0,0,0,0,0
13,scratch,FN,13/0004.png,305,0.8142746090888977,1,1,0,1,0,0,0,0,0
13,scratch,FN,13/0004.png,306,0.17522302269935608,1,1,0,1,0,0,0,0,0
13,scratch,FN,13/0004.png,307,0.17463944852352142,1,1,0,1,0,0,0,0,0
13,scratch,FN,13/0004.png,308,1.1033132076263428,1,1,0,1,0,0,0,0,0
13,scratch,FN,13/0004.png,309,0.013762025162577629,1,1,0,1,0,0,0,0,0
13,scratch,FN,13/0004.png,310,0.09611140191555023,1,1,0,1,0,0,0,0,0
13,scratch,FN,13/0004.png,311,0.28679126501083374,1,1,0,1,0,0,0,0,0
13,scratch,FN,13/0004.png,312,0.029344627633690834,1,1,0,1,0,0,0,0,0
13,scratch,FN,13/0004.png,313,0.16888979077339172,1,1,0,1,0,0,0,0,0
13,scratch,FN,13/0004.png,314,0.006749209016561508,1,1,0,1,0,0,0,0,0
13,scratch,FN,13/0004.png,315,0.03471666947007179,1,1,0,1,0,0,0,0,0
13,scratch,FN,13/0004.png,316,0.16981004178524017,1,1,0,1,0,0,0,0,0
13,scratch,FN,13/0004.png,317,0.1153404638171196,1,1,0,1,0,0,0,0,0
13,scratch,FN,13/0004.png,318,0.23405642807483673,1,1,0,1,0,0,0,0,0
13,scratch,FN,13/0004.png,319,0.6470778584480286,1,1,0,1,0,0,0,0,0
13,scratch,FN,13/0004.png,320,0.12892328202724457,1,1,0,1,0,0,0,0,0
13,scratch,FN,13/0004.png,321,0.0035545083228498697,1,1,0,1,0,0,0,0,0
13,scratch,FN,13/0004.png,322,0.0,1,1,0,1,0,0,0,0,0
13,scratch,FN,13/0004.png,323,0.04149087145924568,1,1,0,1,0,0,0,0,0
13,scratch,FN,13/0004.png,324,0.49401453137397766,1,1,0,1,0,0,0,0,0
13,scratch,FN,13/0004.png,325,0.019537456333637238,1,1,0,1,0,0,0,0,0
13,scratch,FN,13/0004.png,326,0.14492632448673248,1,1,0,1,0,0,0,0,0
13,scratch,FN,13/0004.png,327,0.34534895420074463,1,1,0,1,0,0,0,0,0
13,scratch,FN,13/0004.png,328,0.12902183830738068,1,1,0,1,0,0,0,0,0
13,scratch,FN,13/0004.png,329,0.47172054648399353,1,1,0,1,0,0,0,0,0
13,scratch,FN,13/0004.png,330,0.16245390474796295,1,1,0,1,0,0,0,0,0
13,scratch,FN,13/0004.png,331,0.27839696407318115,1,1,0,1,0,0,0,0,0
13,scratch,FN,13/0004.png,332,0.8182045817375183,1,1,0,1,0,0,0,0,0
13,scratch,FN,13/0004.png,333,0.014251776970922947,1,1,0,1,0,0,0,0,0
13,scratch,FN,13/0004.png,334,0.29460248351097107,1,1,0,1,0,0,0,0,0
13,scratch,FN,13/0004.png,335,0.023597707971930504,1,1,0,1,0,0,0,0,0
13,scratch,FN,13/0004.png,336,0.8978248834609985,1,1,0,1,0,0,0,0,0
13,scratch,FN,13/0004.png,337,0.698493242263794,1,1,0,1,0,0,0,0,0
13,scratch,FN,13/0004.png,338,0.5329301953315735,1,1,0,1,0,0,0,0,0
13,scratch,FN,13/0004.png,339,0.106475330889225,1,1,0,1,0,0,0,0,0
13,scratch,FN,13/0004.png,340,0.03193056210875511,1,1,0,1,0,0,0,0,0
13,scratch,FN,13/0004.png,341,0.22365832328796387,1,1,0,1,0,0,0,0,0
13,scratch,FN,13/0004.png,342,0.005246772430837154,1,1,0,1,0,0,0,0,0
13,scratch,FN,13/0004.png,343,0.09716638922691345,1,1,0,1,0,0,0,0,0
13,scratch,FN,13/0004.png,344,0.0655956119298935,1,1,0,1,0,0,0,0,0
13,scratch,FN,13/0004.png,345,0.21581223607063293,1,1,0,1,0,0,0,0,0
13,scratch,FN,13/0004.png,346,0.023674847558140755,1,1,0,1,0,0,0,0,0
13,scratch,FN,13/0004.png,347,0.18144620954990387,1,1,0,1,0,0,0,0,0
13,scratch,FN,13/0004.png,348,0.09259684383869171,1,1,0,1,0,0,0,0,0
13,scratch,FN,13/0004.png,349,0.6490260362625122,1,1,0,1,0,0,0,0,0
13,scratch,FN,13/0004.png,350,0.04910101369023323,1,1,0,1,0,0,0,0,0
13,scratch,FN,13/0004.png,351,1.1205379962921143,1,1,0,1,0,0,0,0,0
13,scratch,FN,13/0004.png,352,0.11567652225494385,1,1,0,1,0,0,0,0,0
13,scratch,FN,13/0004.png,353,0.6062368154525757,1,1,0,1,0,0,0,0,0
13,scratch,FN,13/0004.png,354,0.273391455411911,1,1,0,1,0,0,0,0,0
13,scratch,FN,13/0004.png,355,0.10096240788698196,1,1,0,1,0,0,0,0,0
13,scratch,FN,13/0004.png,356,0.4347878694534302,1,1,0,1,0,0,0,0,0
13,scratch,FN,13/0004.png,357,0.006979129742830992,1,1,0,1,0,0,0,0,0
13,scratch,FN,13/0004.png,358,0.5584531426429749,1,1,0,1,0,0,0,0,0
13,scratch,FN,13/0004.png,359,0.7152267694473267,1,1,0,1,0,0,0,0,0
13,scratch,FN,13/0004.png,360,0.5852721333503723,1,1,0,1,0,0,0,0,0
13,scratch,FN,13/0004.png,361,0.42569372057914734,1,1,0,1,0,0,0,0,0
13,scratch,FN,13/0004.png,362,0.00698809465393424,1,1,0,1,0,0,0,0,0
13,scratch,FN,13/0004.png,363,1.0458146333694458,1,1,0,1,0,0,0,0,0
13,scratch,FN,13/0004.png,364,0.17812421917915344,1,1,0,1,0,0,0,0,0
13,scratch,FN,13/0004.png,365,0.010346210561692715,1,1,0,1,0,0,0,0,0
13,scratch,FN,13/0004.png,366,0.11300738155841827,1,1,0,1,0,0,0,0,0
13,scratch,FN,13/0004.png,367,0.04827747121453285,1,1,0,1,0,0,0,0,0
13,scratch,FN,13/0004.png,368,0.4248870015144348,1,1,0,1,0,0,0,0,0
13,scratch,FN,13/0004.png,369,0.0,1,1,0,1,0,0,0,0,0
13,scratch,FN,13/0004.png,370,0.1902482956647873,1,1,0,1,0,0,0,0,0
13,scratch,FN,13/0004.png,371,0.042861443012952805,1,1,0,1,0,0,0,0,0
13,scratch,FN,13/0004.png,372,0.009151777252554893,1,1,0,1,0,0,0,0,0
13,scratch,FN,13/0004.png,373,0.7395804524421692,1,1,0,1,0,0,0,0,0
13,scratch,FN,13/0004.png,374,0.025598619133234024,1,1,0,1,0,0,0,0,0
13,scratch,FN,13/0004.png,375,1.5920231817290187e-05,1,1,0,1,0,0,0,0,0
13,scratch,FN,13/0004.png,376,0.8097046613693237,1,1,0,1,0,0,0,0,0
13,scratch,FN,13/0004.png,377,0.0022004006896167994,1,1,0,1,0,0,0,0,0
13,scratch,FN,13/0004.png,378,0.607258141040802,1,1,0,1,0,0,0,0,0
13,scratch,FN,13/0004.png,379,0.3363029360771179,1,1,0,1,0,0,0,0,0
13,scratch,FN,13/0004.png,380,0.4683701694011688,1,1,0,1,0,0,0,0,0
13,scratch,FN,13/0004.png,381,0.08519664406776428,1,1,0,1,0,0,0,0,0
13,scratch,FN,13/0004.png,382,0.2685917019844055,1,1,0,1,0,0,0,0,0
13,scratch,FN,13/0004.png,383,0.4090462923049927,1,1,0,1,0,0,0,0,0
13,scratch,FN,13/0004.png,384,0.5106756091117859,1,1,0,1,0,0,0,0,0
13,scratch,FN,13/0004.png,385,0.15181489288806915,1,1,0,1,0,0,0,0,0
13,scratch,FN,13/0004.png,386,0.25375911593437195,1,1,0,1,0,0,0,0,0
13,scratch,FN,13/0004.png,387,0.13574783504009247,1,1,0,1,0,0,0,0,0
13,scratch,FN,13/0004.png,388,0.0175971370190382,1,1,0,1,0,0,0,0,0
13,scratch,FN,13/0004.png,389,0.2536570131778717,1,1,0,1,0,0,0,0,0
13,scratch,FN,13/0004.png,390,0.31882444024086,1,1,0,1,0,0,0,0,0
13,scratch,FN,13/0004.png,391,0.36719217896461487,1,1,0,1,0,0,0,0,0
13,scratch,FN,13/0004.png,392,0.18571841716766357,1,1,0,1,0,0,0,0,0
13,scratch,FN,13/0004.png,393,0.24521997570991516,1,1,0,1,0,0,0,0,0
13,scratch,FN,13/0004.png,394,0.2357444316148758,1,1,0,1,0,0,0,0,0
13,scratch,FN,13/0004.png,395,0.3851495385169983,1,1,0,1,0,0,0,0,0
13,scratch,FN,13/0004.png,396,0.05941012129187584,1,1,0,1,0,0,0,0,0
13,scratch,FN,13/0004.png,397,0.3777942359447479,1,1,0,1,0,0,0,0,0
13,scratch,FN,13/0004.png,398,1.0240236520767212,1,1,0,1,0,0,0,0,0
13,scratch,FN,13/0004.png,399,0.2129874974489212,1,1,0,1,0,0,0,0,0
13,scratch,FN,13/0004.png,400,0.10334589332342148,1,1,0,1,0,0,0,0,0
13,scratch,FN,13/0004.png,401,0.06369813531637192,1,1,0,1,0,0,0,0,0
13,scratch,FN,13/0004.png,402,0.4048283100128174,1,1,0,1,0,0,0,0,0
13,scratch,FN,13/0004.png,403,0.2343578189611435,1,1,0,1,0,0,0,0,0
13,scratch,FN,13/0004.png,404,0.6378266215324402,1,1,0,1,0,0,0,0,0
13,scratch,FN,13/0004.png,405,0.28374722599983215,1,1,0,1,0,0,0,0,0
13,scratch,FN,13/0004.png,406,0.006369587499648333,1,1,0,1,0,0,0,0,0
13,scratch,FN,13/0004.png,407,0.3542150855064392,1,1,0,1,0,0,0,0,0
13,scratch,FN,13/0004.png,408,0.03678090497851372,1,1,0,1,0,0,0,0,0
13,scratch,FN,13/0004.png,409,0.2279900163412094,1,1,0,1,0,0,0,0,0
13,scratch,FN,13/0004.png,410,0.23386619985103607,1,1,0,1,0,0,0,0,0
13,scratch,FN,13/0004.png,411,0.35298025608062744,1,1,0,1,0,0,0,0,0
13,scratch,FN,13/0004.png,412,0.09974127262830734,1,1,0,1,0,0,0,0,0
13,scratch,FN,13/0004.png,413,0.2192813754081726,1,1,0,1,0,0,0,0,0
13,scratch,FN,13/0004.png,414,0.22076398134231567,1,1,0,1,0,0,0,0,0
13,scratch,FN,13/0004.png,415,0.6307522058486938,1,1,0,1,0,0,0,0,0
13,scratch,FN,13/0004.png,416,0.06597565114498138,1,1,0,1,0,0,0,0,0
13,scratch,FN,13/0004.png,417,0.12391646206378937,1,1,0,1,0,0,0,0,0
13,scratch,FN,13/0004.png,418,0.08288446068763733,1,1,0,1,0,0,0,0,0
13,scratch,FN,13/0004.png,419,0.004710058681666851,1,1,0,1,0,0,0,0,0
13,scratch,FN,13/0004.png,420,0.24444331228733063,1,1,0,1,0,0,0,0,0
13,scratch,FN,13/0004.png,421,0.3796050548553467,1,1,0,1,0,0,0,0,0
13,scratch,FN,13/0004.png,422,0.03616074472665787,1,1,0,1,0,0,0,0,0
13,scratch,FN,13/0004.png,423,0.2968776226043701,1,1,0,1,0,0,0,0,0
13,scratch,FN,13/0004.png,424,0.06789497286081314,1,1,0,1,0,0,0,0,0
13,scratch,FN,13/0004.png,425,0.018078332766890526,1,1,0,1,0,0,0,0,0
13,scratch,FN,13/0004.png,426,0.4307529628276825,1,1,0,1,0,0,0,0,0
13,scratch,FN,13/0004.png,427,0.20360901951789856,1,1,0,1,0,0,0,0,0
13,scratch,FN,13/0004.png,428,0.10038131475448608,1,1,0,1,0,0,0,0,0
13,scratch,FN,13/0004.png,429,0.4655134677886963,1,1,0,1,0,0,0,0,0
13,scratch,FN,13/0004.png,430,0.32753825187683105,1,1,0,1,0,0,0,0,0
13,scratch,FN,13/0004.png,431,0.09374164789915085,1,1,0,1,0,0,0,0,0
13,scratch,FN,13/0004.png,432,0.19312076270580292,1,1,0,1,0,0,0,0,0
13,scratch,FN,13/0004.png,433,0.15794670581817627,1,1,0,1,0,0,0,0,0
13,scratch,FN,13/0004.png,434,0.04844781011343002,1,1,0,1,0,0,0,0,0
13,scratch,FN,13/0004.png,435,0.33959922194480896,1,1,0,1,0,0,0,0,0
13,scratch,FN,13/0004.png,436,0.557250440120697,1,1,0,1,0,0,0,0,0
13,scratch,FN,13/0004.png,437,0.370413601398468,1,1,0,1,0,0,0,0,0
13,scratch,FN,13/0004.png,438,0.24086616933345795,1,1,0,1,0,0,0,0,0
13,scratch,FN,13/0004.png,439,0.25011304020881653,1,1,0,1,0,0,0,0,0
13,scratch,FN,13/0004.png,440,0.04230485484004021,1,1,0,1,0,0,0,0,0
13,scratch,FN,13/0004.png,441,0.4356144368648529,1,1,0,1,0,0,0,0,0
13,scratch,FN,13/0004.png,442,0.003420751541852951,1,1,0,1,0,0,0,0,0
13,scratch,FN,13/0004.png,443,0.2665806710720062,1,1,0,1,0,0,0,0,0
13,scratch,FN,13/0004.png,444,0.4884035587310791,1,1,0,1,0,0,0,0,0
13,scratch,FN,13/0004.png,445,0.3958429992198944,1,1,0,1,0,0,0,0,0
13,scratch,FN,13/0004.png,446,0.19747653603553772,1,1,0,1,0,0,0,0,0
13,scratch,FN,13/0004.png,447,0.0,1,1,0,1,0,0,0,0,0
13,scratch,FN,13/0004.png,448,0.0,1,1,0,1,0,0,0,0,0
13,scratch,FN,13/0004.png,449,0.8318756222724915,1,1,0,1,0,0,0,0,0
13,scratch,FN,13/0004.png,450,0.0024441054556518793,1,1,0,1,0,0,0,0,0
13,scratch,FN,13/0004.png,451,0.08805030584335327,1,1,0,1,0,0,0,0,0
13,scratch,FN,13/0004.png,452,0.013294884003698826,1,1,0,1,0,0,0,0,0
13,scratch,FN,13/0004.png,453,0.34154239296913147,1,1,0,1,0,0,0,0,0
13,scratch,FN,13/0004.png,454,0.7169206738471985,1,1,0,1,0,0,0,0,0
13,scratch,FN,13/0004.png,455,0.5289595127105713,1,1,0,1,0,0,0,0,0
13,scratch,FN,13/0004.png,456,0.4708501994609833,1,1,0,1,0,0,0,0,0
13,scratch,FN,13/0004.png,457,0.056786637753248215,1,1,0,1,0,0,0,0,0
13,scratch,FN,13/0004.png,458,0.7161495685577393,1,1,0,1,0,0,0,0,0
13,scratch,FN,13/0004.png,459,0.6474485397338867,1,1,0,1,0,0,0,0,0
13,scratch,FN,13/0004.png,460,0.42639657855033875,1,1,0,1,0,0,0,0,0
13,scratch,FN,13/0004.png,461,0.07386903464794159,1,1,0,1,0,0,0,0,0
13,scratch,FN,13/0004.png,462,0.2547261118888855,1,1,0,1,0,0,0,0,0
13,scratch,FN,13/0004.png,463,0.15046337246894836,1,1,0,1,0,0,0,0,0
13,scratch,FN,13/0004.png,464,0.0056690638884902,1,1,0,1,0,0,0,0,0
13,scratch,FN,13/0004.png,465,0.5163385272026062,1,1,0,1,0,0,0,0,0
13,scratch,FN,13/0004.png,466,0.874937117099762,1,1,0,1,0,0,0,0,0
13,scratch,FN,13/0004.png,467,0.08096318691968918,1,1,0,1,0,0,0,0,0
13,scratch,FN,13/0004.png,468,0.002258625812828541,1,1,0,1,0,0,0,0,0
13,scratch,FN,13/0004.png,469,0.06305571645498276,1,1,0,1,0,0,0,0,0
13,scratch,FN,13/0004.png,470,0.04019434377551079,1,1,0,1,0,0,0,0,0
13,scratch,FN,13/0004.png,471,0.007536642253398895,1,1,0,1,0,0,0,0,0
13,scratch,FN,13/0004.png,472,0.503121018409729,1,1,0,1,0,0,0,0,0
13,scratch,FN,13/0004.png,473,0.08556579053401947,1,1,0,1,0,0,0,0,0
13,scratch,FN,13/0004.png,474,0.03682649880647659,1,1,0,1,0,0,0,0,0
13,scratch,FN,13/0004.png,475,0.022335991263389587,1,1,0,1,0,0,0,0,0
13,scratch,FN,13/0004.png,476,0.013092284090816975,1,1,0,1,0,0,0,0,0
13,scratch,FN,13/0004.png,477,0.07177078723907471,1,1,0,1,0,0,0,0,0
13,scratch,FN,13/0004.png,478,0.16013239324092865,1,1,0,1,0,0,0,0,0
13,scratch,FN,13/0004.png,479,0.36044150590896606,1,1,0,1,0,0,0,0,0
13,scratch,FN,13/0004.png,480,0.7993690967559814,1,1,0,1,0,0,0,0,0
13,scratch,FN,13/0004.png,481,0.4099408686161041,1,1,0,1,0,0,0,0,0
13,scratch,FN,13/0004.png,482,0.033010393381118774,1,1,0,1,0,0,0,0,0
13,scratch,FN,13/0004.png,483,0.4475506842136383,1,1,0,1,0,0,0,0,0
13,scratch,FN,13/0004.png,484,0.006906189024448395,1,1,0,1,0,0,0,0,0
13,scratch,FN,13/0004.png,485,0.0,1,1,0,1,0,0,0,0,0
13,scratch,FN,13/0004.png,486,0.2688901126384735,1,1,0,1,0,0,0,0,0
13,scratch,FN,13/0004.png,487,0.026877840980887413,1,1,0,1,0,0,0,0,0
13,scratch,FN,13/0004.png,488,0.2165544629096985,1,1,0,1,0,0,0,0,0
13,scratch,FN,13/0004.png,489,0.6367574334144592,1,1,0,1,0,0,0,0,0
13,scratch,FN,13/0004.png,490,0.2243899703025818,1,1,0,1,0,0,0,0,0
13,scratch,FN,13/0004.png,491,0.07556241750717163,1,1,0,1,0,0,0,0,0
13,scratch,FN,13/0004.png,492,0.20826856791973114,1,1,0,1,0,0,0,0,0
13,scratch,FN,13/0004.png,493,0.17323486506938934,1,1,0,1,0,0,0,0,0
13,scratch,FN,13/0004.png,494,0.2975229024887085,1,1,0,1,0,0,0,0,0
13,scratch,FN,13/0004.png,495,0.002932097762823105,1,1,0,1,0,0,0,0,0
13,scratch,FN,13/0004.png,496,0.04037735238671303,1,1,0,1,0,0,0,0,0
13,scratch,FN,13/0004.png,497,0.14493921399116516,1,1,0,1,0,0,0,0,0
13,scratch,FN,13/0004.png,498,0.08316446840763092,1,1,0,1,0,0,0,0,0
13,scratch,FN,13/0004.png,499,0.4002949595451355,1,1,0,1,0,0,0,0,0
13,scratch,FN,13/0004.png,500,0.0,1,1,0,1,0,0,0,0,0
13,scratch,FN,13/0004.png,501,0.0547960102558136,1,1,0,1,0,0,0,0,0
13,scratch,FN,13/0004.png,502,0.06202234700322151,1,1,0,1,0,0,0,0,0
13,scratch,FN,13/0004.png,503,0.497484415769577,1,1,0,1,0,0,0,0,0
13,scratch,FN,13/0004.png,504,0.209608256816864,1,1,0,1,0,0,0,0,0
13,scratch,FN,13/0004.png,505,0.272574782371521,1,1,0,1,0,0,0,0,0
13,scratch,FN,13/0004.png,506,0.4531490206718445,1,1,0,1,0,0,0,0,0
13,scratch,FN,13/0004.png,507,0.0607350617647171,1,1,0,1,0,0,0,0,0
13,scratch,FN,13/0004.png,508,0.2802887260913849,1,1,0,1,0,0,0,0,0
13,scratch,FN,13/0004.png,509,0.07055182009935379,1,1,0,1,0,0,0,0,0
13,scratch,FN,13/0004.png,510,1.1866189241409302,1,1,0,1,0,0,0,0,0
13,scratch,FN,13/0004.png,511,0.07635817676782608,1,1,0,1,0,0,0,0,0
13,scratch,TN,13/0013.png,0,0.1976189762353897,1,0,1,0,1,0,0,0,0
13,scratch,TN,13/0013.png,1,0.23428615927696228,1,0,1,0,1,0,0,0,0
13,scratch,TN,13/0013.png,2,0.03165817633271217,1,0,1,0,1,0,0,0,0
13,scratch,TN,13/0013.png,3,0.2084333300590515,1,0,1,0,1,0,0,0,0
13,scratch,TN,13/0013.png,4,0.15129242837429047,1,0,1,0,1,0,0,0,0
13,scratch,TN,13/0013.png,5,0.197377011179924,1,0,1,0,1,0,0,0,0
13,scratch,TN,13/0013.png,6,0.17027008533477783,1,0,1,0,1,0,0,0,0
13,scratch,TN,13/0013.png,7,0.014277949929237366,1,0,1,0,1,0,0,0,0
13,scratch,TN,13/0013.png,8,0.08685968071222305,1,0,1,0,1,0,0,0,0
13,scratch,TN,13/0013.png,9,0.16810449957847595,1,0,1,0,1,0,0,0,0
13,scratch,TN,13/0013.png,10,0.005800725892186165,1,0,1,0,1,0,0,0,0
13,scratch,TN,13/0013.png,11,0.32604584097862244,1,0,1,0,1,0,0,0,0
13,scratch,TN,13/0013.png,12,0.10958089679479599,1,0,1,0,1,0,0,0,0
13,scratch,TN,13/0013.png,13,0.08149725198745728,1,0,1,0,1,0,0,0,0
13,scratch,TN,13/0013.png,14,0.45463183522224426,1,0,1,0,1,0,0,0,0
13,scratch,TN,13/0013.png,15,0.15615038573741913,1,0,1,0,1,0,0,0,0
13,scratch,TN,13/0013.png,16,0.5376298427581787,1,0,1,0,1,0,0,0,0
13,scratch,TN,13/0013.png,17,0.10444967448711395,1,0,1,0,1,0,0,0,0
13,scratch,TN,13/0013.png,18,0.060794513672590256,1,0,1,0,1,0,0,0,0
13,scratch,TN,13/0013.png,19,0.11025837808847427,1,0,1,0,1,0,0,0,0
13,scratch,TN,13/0013.png,20,0.5688660144805908,1,0,1,0,1,0,0,0,0
13,scratch,TN,13/0013.png,21,0.082906574010849,1,0,1,0,1,0,0,0,0
13,scratch,TN,13/0013.png,22,0.03955291584134102,1,0,1,0,1,0,0,0,0
13,scratch,TN,13/0013.png,23,0.3566738963127136,1,0,1,0,1,0,0,0,0
13,scratch,TN,13/0013.png,24,0.46372243762016296,1,0,1,0,1,0,0,0,0
13,scratch,TN,13/0013.png,25,0.163545161485672,1,0,1,0,1,0,0,0,0
13,scratch,TN,13/0013.png,26,0.32167041301727295,1,0,1,0,1,0,0,0,0
13,scratch,TN,13/0013.png,27,0.0722140222787857,1,0,1,0,1,0,0,0,0
13,scratch,TN,13/0013.png,28,0.18737754225730896,1,0,1,0,1,0,0,0,0
13,scratch,TN,13/0013.png,29,0.30869385600090027,1,0,1,0,1,0,0,0,0
13,scratch,TN,13/0013.png,30,0.11625834554433823,1,0,1,0,1,0,0,0,0
13,scratch,TN,13/0013.png,31,0.5600906014442444,1,0,1,0,1,0,0,0,0
13,scratch,TN,13/0013.png,32,0.312496155500412,1,0,1,0,1,0,0,0,0
13,scratch,TN,13/0013.png,33,0.24645394086837769,1,0,1,0,1,0,0,0,0
13,scratch,TN,13/0013.png,34,0.01268051564693451,1,0,1,0,1,0,0,0,0
13,scratch,TN,13/0013.png,35,0.6270161867141724,1,0,1,0,1,0,0,0,0
13,scratch,TN,13/0013.png,36,0.14576910436153412,1,0,1,0,1,0,0,0,0
13,scratch,TN,13/0013.png,37,0.06565731018781662,1,0,1,0,1,0,0,0,0
13,scratch,TN,13/0013.png,38,0.21554546058177948,1,0,1,0,1,0,0,0,0
13,scratch,TN,13/0013.png,39,0.2396068572998047,1,0,1,0,1,0,0,0,0
13,scratch,TN,13/0013.png,40,0.11426639556884766,1,0,1,0,1,0,0,0,0
13,scratch,TN,13/0013.png,41,0.34260624647140503,1,0,1,0,1,0,0,0,0
13,scratch,TN,13/0013.png,42,0.048356037586927414,1,0,1,0,1,0,0,0,0
13,scratch,TN,13/0013.png,43,0.14998334646224976,1,0,1,0,1,0,0,0,0
13,scratch,TN,13/0013.png,44,0.43588435649871826,1,0,1,0,1,0,0,0,0
13,scratch,TN,13/0013.png,45,0.1719861775636673,1,0,1,0,1,0,0,0,0
13,scratch,TN,13/0013.png,46,0.6690253615379333,1,0,1,0,1,0,0,0,0
13,scratch,TN,13/0013.png,47,0.03588417172431946,1,0,1,0,1,0,0,0,0
13,scratch,TN,13/0013.png,48,0.5942181944847107,1,0,1,0,1,0,0,0,0
13,scratch,TN,13/0013.png,49,0.05724433809518814,1,0,1,0,1,0,0,0,0
13,scratch,TN,13/0013.png,50,0.2083231508731842,1,0,1,0,1,0,0,0,0
13,scratch,TN,13/0013.png,51,0.02242134138941765,1,0,1,0,1,0,0,0,0
13,scratch,TN,13/0013.png,52,0.15789097547531128,1,0,1,0,1,0,0,0,0
13,scratch,TN,13/0013.png,53,0.2111077457666397,1,0,1,0,1,0,0,0,0
13,scratch,TN,13/0013.png,54,0.4804844856262207,1,0,1,0,1,0,0,0,0
13,scratch,TN,13/0013.png,55,0.39885038137435913,1,0,1,0,1,0,0,0,0
13,scratch,TN,13/0013.png,56,0.09448575228452682,1,0,1,0,1,0,0,0,0
13,scratch,TN,13/0013.png,57,0.4723830223083496,1,0,1,0,1,0,0,0,0
13,scratch,TN,13/0013.png,58,0.023170456290245056,1,0,1,0,1,0,0,0,0
13,scratch,TN,13/0013.png,59,0.006087730638682842,1,0,1,0,1,0,0,0,0
13,scratch,TN,13/0013.png,60,0.3998705744743347,1,0,1,0,1,0,0,0,0
13,scratch,TN,13/0013.png,61,0.15741708874702454,1,0,1,0,1,0,0,0,0
13,scratch,TN,13/0013.png,62,0.3030301034450531,1,0,1,0,1,0,0,0,0
13,scratch,TN,13/0013.png,63,0.0,1,0,1,0,1,0,0,0,0
13,scratch,TN,13/0013.png,64,0.028914349153637886,1,0,1,0,1,0,0,0,0
13,scratch,TN,13/0013.png,65,0.04644618183374405,1,0,1,0,1,0,0,0,0
13,scratch,TN,13/0013.png,66,0.29876723885536194,1,0,1,0,1,0,0,0,0
13,scratch,TN,13/0013.png,67,0.2910643517971039,1,0,1,0,1,0,0,0,0
13,scratch,TN,13/0013.png,68,0.4241892099380493,1,0,1,0,1,0,0,0,0
13,scratch,TN,13/0013.png,69,0.036363955587148666,1,0,1,0,1,0,0,0,0
13,scratch,TN,13/0013.png,70,0.8022054433822632,1,0,1,0,1,0,0,0,0
13,scratch,TN,13/0013.png,71,0.001520207617431879,1,0,1,0,1,0,0,0,0
13,scratch,TN,13/0013.png,72,0.05412798374891281,1,0,1,0,1,0,0,0,0
13,scratch,TN,13/0013.png,73,0.8028150200843811,1,0,1,0,1,0,0,0,0
13,scratch,TN,13/0013.png,74,0.6635973453521729,1,0,1,0,1,0,0,0,0
13,scratch,TN,13/0013.png,75,0.2804635167121887,1,0,1,0,1,0,0,0,0
13,scratch,TN,13/0013.png,76,0.08395843952894211,1,0,1,0,1,0,0,0,0
13,scratch,TN,13/0013.png,77,0.2419797033071518,1,0,1,0,1,0,0,0,0
13,scratch,TN,13/0013.png,78,0.4885989725589752,1,0,1,0,1,0,0,0,0
13,scratch,TN,13/0013.png,79,0.09760496765375137,1,0,1,0,1,0,0,0,0
13,scratch,TN,13/0013.png,80,0.007899914868175983,1,0,1,0,1,0,0,0,0
13,scratch,TN,13/0013.png,81,0.2224075347185135,1,0,1,0,1,0,0,0,0
13,scratch,TN,13/0013.png,82,0.11502460390329361,1,0,1,0,1,0,0,0,0
13,scratch,TN,13/0013.png,83,0.0,1,0,1,0,1,0,0,0,0
13,scratch,TN,13/0013.png,84,0.15582960844039917,1,0,1,0,1,0,0,0,0
13,scratch,TN,13/0013.png,85,0.03085429035127163,1,0,1,0,1,0,0,0,0
13,scratch,TN,13/0013.png,86,0.2694748342037201,1,0,1,0,1,0,0,0,0
13,scratch,TN,13/0013.png,87,0.3386314809322357,1,0,1,0,1,0,0,0,0
13,scratch,TN,13/0013.png,88,0.0033092331141233444,1,0,1,0,1,0,0,0,0
13,scratch,TN,13/0013.png,89,0.36155596375465393,1,0,1,0,1,0,0,0,0
13,scratch,TN,13/0013.png,90,0.5230252146720886,1,0,1,0,1,0,0,0,0
13,scratch,TN,13/0013.png,91,0.2526938319206238,1,0,1,0,1,0,0,0,0
13,scratch,TN,13/0013.png,92,0.16837559640407562,1,0,1,0,1,0,0,0,0
13,scratch,TN,13/0013.png,93,0.23707301914691925,1,0,1,0,1,0,0,0,0
13,scratch,TN,13/0013.png,94,0.03475435823202133,1,0,1,0,1,0,0,0,0
13,scratch,TN,13/0013.png,95,0.13826070725917816,1,0,1,0,1,0,0,0,0
13,scratch,TN,13/0013.png,96,0.24135816097259521,1,0,1,0,1,0,0,0,0
13,scratch,TN,13/0013.png,97,0.16693948209285736,1,0,1,0,1,0,0,0,0
13,scratch,TN,13/0013.png,98,0.28706273436546326,1,0,1,0,1,0,0,0,0
13,scratch,TN,13/0013.png,99,1.2491098642349243,1,0,1,0,1,0,0,0,0
13,scratch,TN,13/0013.png,100,0.0030374410562217236,1,0,1,0,1,0,0,0,0
13,scratch,TN,13/0013.png,101,0.2171042561531067,1,0,1,0,1,0,0,0,0
13,scratch,TN,13/0013.png,102,0.638422966003418,1,0,1,0,1,0,0,0,0
13,scratch,TN,13/0013.png,103,0.26907187700271606,1,0,1,0,1,0,0,0,0
13,scratch,TN,13/0013.png,104,0.43385404348373413,1,0,1,0,1,0,0,0,0
13,scratch,TN,13/0013.png,105,0.21495480835437775,1,0,1,0,1,0,0,0,0
13,scratch,TN,13/0013.png,106,0.012491846457123756,1,0,1,0,1,0,0,0,0
13,scratch,TN,13/0013.png,107,0.3717186450958252,1,0,1,0,1,0,0,0,0
13,scratch,TN,13/0013.png,108,0.13242609798908234,1,0,1,0,1,0,0,0,0
13,scratch,TN,13/0013.png,109,0.05360594391822815,1,0,1,0,1,0,0,0,0
13,scratch,TN,13/0013.png,110,0.20486469566822052,1,0,1,0,1,0,0,0,0
13,scratch,TN,13/0013.png,111,0.04669288545846939,1,0,1,0,1,0,0,0,0
13,scratch,TN,13/0013.png,112,0.22480778396129608,1,0,1,0,1,0,0,0,0
13,scratch,TN,13/0013.png,113,0.40433403849601746,1,0,1,0,1,0,0,0,0
13,scratch,TN,13/0013.png,114,0.2083078920841217,1,0,1,0,1,0,0,0,0
13,scratch,TN,13/0013.png,115,0.31789305806159973,1,0,1,0,1,0,0,0,0
13,scratch,TN,13/0013.png,116,0.023075800389051437,1,0,1,0,1,0,0,0,0
13,scratch,TN,13/0013.png,117,0.17385338246822357,1,0,1,0,1,0,0,0,0
13,scratch,TN,13/0013.png,118,0.268903523683548,1,0,1,0,1,0,0,0,0
13,scratch,TN,13/0013.png,119,0.13740871846675873,1,0,1,0,1,0,0,0,0
13,scratch,TN,13/0013.png,120,0.25652438402175903,1,0,1,0,1,0,0,0,0
13,scratch,TN,13/0013.png,121,0.08692635595798492,1,0,1,0,1,0,0,0,0
13,scratch,TN,13/0013.png,122,0.2409992814064026,1,0,1,0,1,0,0,0,0
13,scratch,TN,13/0013.png,123,0.0007269190973602235,1,0,1,0,1,0,0,0,0
13,scratch,TN,13/0013.png,124,0.0,1,0,1,0,1,0,0,0,0
13,scratch,TN,13/0013.png,125,0.016025016084313393,1,0,1,0,1,0,0,0,0
13,scratch,TN,13/0013.png,126,0.33654558658599854,1,0,1,0,1,0,0,0,0
13,scratch,TN,13/0013.png,127,0.18481548130512238,1,0,1,0,1,0,0,0,0
13,scratch,TN,13/0013.png,128,0.06538864970207214,1,0,1,0,1,0,0,0,0
13,scratch,TN,13/0013.png,129,7.143762923078611e-05,1,0,1,0,1,0,0,0,0
13,scratch,TN,13/0013.png,130,0.012337320484220982,1,0,1,0,1,0,0,0,0
13,scratch,TN,13/0013.png,131,0.2506556808948517,1,0,1,0,1,0,0,0,0
13,scratch,TN,13/0013.png,132,0.14782096445560455,1,0,1,0,1,0,0,0,0
13,scratch,TN,13/0013.png,133,0.4541456997394562,1,0,1,0,1,0,0,0,0
13,scratch,TN,13/0013.png,134,0.17201602458953857,1,0,1,0,1,0,0,0,0
13,scratch,TN,13/0013.png,135,0.030330238863825798,1,0,1,0,1,0,0,0,0
13,scratch,TN,13/0013.png,136,0.08447841554880142,1,0,1,0,1,0,0,0,0
13,scratch,TN,13/0013.png,137,0.35434484481811523,1,0,1,0,1,0,0,0,0
13,scratch,TN,13/0013.png,138,0.4246310889720917,1,0,1,0,1,0,0,0,0
13,scratch,TN,13/0013.png,139,0.983307957649231,1,0,1,0,1,0,0,0,0
13,scratch,TN,13/0013.png,140,0.43202677369117737,1,0,1,0,1,0,0,0,0
13,scratch,TN,13/0013.png,141,0.13425445556640625,1,0,1,0,1,0,0,0,0
13,scratch,TN,13/0013.png,142,0.2259877324104309,1,0,1,0,1,0,0,0,0
13,scratch,TN,13/0013.png,143,0.37366196513175964,1,0,1,0,1,0,0,0,0
13,scratch,TN,13/0013.png,144,0.4444999396800995,1,0,1,0,1,0,0,0,0
13,scratch,TN,13/0013.png,145,0.49925363063812256,1,0,1,0,1,0,0,0,0
13,scratch,TN,13/0013.png,146,0.11298803240060806,1,0,1,0,1,0,0,0,0
13,scratch,TN,13/0013.png,147,0.05907245725393295,1,0,1,0,1,0,0,0,0
13,scratch,TN,13/0013.png,148,0.4409647285938263,1,0,1,0,1,0,0,0,0
13,scratch,TN,13/0013.png,149,0.32652026414871216,1,0,1,0,1,0,0,0,0
13,scratch,TN,13/0013.png,150,0.026490624994039536,1,0,1,0,1,0,0,0,0
13,scratch,TN,13/0013.png,151,0.0880342498421669,1,0,1,0,1,0,0,0,0
13,scratch,TN,13/0013.png,152,0.0194593146443367,1,0,1,0,1,0,0,0,0
13,scratch,TN,13/0013.png,153,0.03689003735780716,1,0,1,0,1,0,0,0,0
13,scratch,TN,13/0013.png,154,0.9402089715003967,1,0,1,0,1,0,0,0,0
13,scratch,TN,13/0013.png,155,0.47923052310943604,1,0,1,0,1,0,0,0,0
13,scratch,TN,13/0013.png,156,0.6732869744300842,1,0,1,0,1,0,0,0,0
13,scratch,TN,13/0013.png,157,0.003402136964723468,1,0,1,0,1,0,0,0,0
13,scratch,TN,13/0013.png,158,0.43969762325286865,1,0,1,0,1,0,0,0,0
13,scratch,TN,13/0013.png,159,0.5390502214431763,1,0,1,0,1,0,0,0,0
13,scratch,TN,13/0013.png,160,0.34151220321655273,1,0,1,0,1,0,0,0,0
13,scratch,TN,13/0013.png,161,0.3578331470489502,1,0,1,0,1,0,0,0,0
13,scratch,TN,13/0013.png,162,0.9455258846282959,1,0,1,0,1,0,0,0,0
13,scratch,TN,13/0013.png,163,0.0891854390501976,1,0,1,0,1,0,0,0,0
13,scratch,TN,13/0013.png,164,0.13371150195598602,1,0,1,0,1,0,0,0,0
13,scratch,TN,13/0013.png,165,0.14472003281116486,1,0,1,0,1,0,0,0,0
13,scratch,TN,13/0013.png,166,0.1618468463420868,1,0,1,0,1,0,0,0,0
13,scratch,TN,13/0013.png,167,0.22728553414344788,1,0,1,0,1,0,0,0,0
13,scratch,TN,13/0013.png,168,0.04563460871577263,1,0,1,0,1,0,0,0,0
13,scratch,TN,13/0013.png,169,0.4846231937408447,1,0,1,0,1,0,0,0,0
13,scratch,TN,13/0013.png,170,0.45275169610977173,1,0,1,0,1,0,0,0,0
13,scratch,TN,13/0013.png,171,0.04165034368634224,1,0,1,0,1,0,0,0,0
13,scratch,TN,13/0013.png,172,0.08142703771591187,1,0,1,0,1,0,0,0,0
13,scratch,TN,13/0013.png,173,0.03704187273979187,1,0,1,0,1,0,0,0,0
13,scratch,TN,13/0013.png,174,0.013128078542649746,1,0,1,0,1,0,0,0,0
13,scratch,TN,13/0013.png,175,0.5078206658363342,1,0,1,0,1,0,0,0,0
13,scratch,TN,13/0013.png,176,0.5237590074539185,1,0,1,0,1,0,0,0,0
13,scratch,TN,13/0013.png,177,0.041346583515405655,1,0,1,0,1,0,0,0,0
13,scratch,TN,13/0013.png,178,0.0809757336974144,1,0,1,0,1,0,0,0,0
13,scratch,TN,13/0013.png,179,0.0554816760122776,1,0,1,0,1,0,0,0,0
13,scratch,TN,13/0013.png,180,0.4483918249607086,1,0,1,0,1,0,0,0,0
13,scratch,TN,13/0013.png,181,0.12603934109210968,1,0,1,0,1,0,0,0,0
13,scratch,TN,13/0013.png,182,0.013706937432289124,1,0,1,0,1,0,0,0,0
13,scratch,TN,13/0013.png,183,0.0836668387055397,1,0,1,0,1,0,0,0,0
13,scratch,TN,13/0013.png,184,0.4139527380466461,1,0,1,0,1,0,0,0,0
13,scratch,TN,13/0013.png,185,0.427700012922287,1,0,1,0,1,0,0,0,0
13,scratch,TN,13/0013.png,186,0.6215977072715759,1,0,1,0,1,0,0,0,0
13,scratch,TN,13/0013.png,187,0.20619569718837738,1,0,1,0,1,0,0,0,0
13,scratch,TN,13/0013.png,188,0.3052053451538086,1,0,1,0,1,0,0,0,0
13,scratch,TN,13/0013.png,189,0.013715206645429134,1,0,1,0,1,0,0,0,0
13,scratch,TN,13/0013.png,190,0.04607750102877617,1,0,1,0,1,0,0,0,0
13,scratch,TN,13/0013.png,191,0.37655940651893616,1,0,1,0,1,0,0,0,0
13,scratch,TN,13/0013.png,192,0.7555232048034668,1,0,1,0,1,0,0,0,0
13,scratch,TN,13/0013.png,193,0.06243884935975075,1,0,1,0,1,0,0,0,0
13,scratch,TN,13/0013.png,194,0.04892151057720184,1,0,1,0,1,0,0,0,0
13,scratch,TN,13/0013.png,195,0.0733943060040474,1,0,1,0,1,0,0,0,0
13,scratch,TN,13/0013.png,196,0.8320145606994629,1,0,1,0,1,0,0,0,0
13,scratch,TN,13/0013.png,197,0.0026182818692177534,1,0,1,0,1,0,0,0,0
13,scratch,TN,13/0013.png,198,0.027796519920229912,1,0,1,0,1,0,0,0,0
13,scratch,TN,13/0013.png,199,0.27033427357673645,1,0,1,0,1,0,0,0,0
13,scratch,TN,13/0013.png,200,0.48794686794281006,1,0,1,0,1,0,0,0,0
13,scratch,TN,13/0013.png,201,0.021763578057289124,1,0,1,0,1,0,0,0,0
13,scratch,TN,13/0013.png,202,0.3583177924156189,1,0,1,0,1,0,0,0,0
13,scratch,TN,13/0013.png,203,0.22708672285079956,1,0,1,0,1,0,0,0,0
13,scratch,TN,13/0013.png,204,0.0,1,0,1,0,1,0,0,0,0
13,scratch,TN,13/0013.png,205,0.04223122075200081,1,0,1,0,1,0,0,0,0
13,scratch,TN,13/0013.png,206,0.021844532340765,1,0,1,0,1,0,0,0,0
13,scratch,TN,13/0013.png,207,0.26322469115257263,1,0,1,0,1,0,0,0,0
13,scratch,TN,13/0013.png,208,0.2297319620847702,1,0,1,0,1,0,0,0,0
13,scratch,TN,13/0013.png,209,0.016729945316910744,1,0,1,0,1,0,0,0,0
13,scratch,TN,13/0013.png,210,0.13438764214515686,1,0,1,0,1,0,0,0,0
13,scratch,TN,13/0013.png,211,0.8233683109283447,1,0,1,0,1,0,0,0,0
13,scratch,TN,13/0013.png,212,0.38098564743995667,1,0,1,0,1,0,0,0,0
13,scratch,TN,13/0013.png,213,0.2290857434272766,1,0,1,0,1,0,0,0,0
13,scratch,TN,13/0013.png,214,0.6489033699035645,1,0,1,0,1,0,0,0,0
13,scratch,TN,13/0013.png,215,0.5578714609146118,1,0,1,0,1,0,0,0,0
13,scratch,TN,13/0013.png,216,0.34608039259910583,1,0,1,0,1,0,0,0,0
13,scratch,TN,13/0013.png,217,0.021105943247675896,1,0,1,0,1,0,0,0,0
13,scratch,TN,13/0013.png,218,0.154360830783844,1,0,1,0,1,0,0,0,0
13,scratch,TN,13/0013.png,219,0.03263699263334274,1,0,1,0,1,0,0,0,0
13,scratch,TN,13/0013.png,220,0.518864631652832,1,0,1,0,1,0,0,0,0
13,scratch,TN,13/0013.png,221,0.6217896342277527,1,0,1,0,1,0,0,0,0
13,scratch,TN,13/0013.png,222,0.28716251254081726,1,0,1,0,1,0,0,0,0
13,scratch,TN,13/0013.png,223,0.8142066597938538,1,0,1,0,1,0,0,0,0
13,scratch,TN,13/0013.png,224,0.4227299988269806,1,0,1,0,1,0,0,0,0
13,scratch,TN,13/0013.png,225,0.12367575615644455,1,0,1,0,1,0,0,0,0
13,scratch,TN,13/0013.png,226,0.10076627135276794,1,0,1,0,1,0,0,0,0
13,scratch,TN,13/0013.png,227,0.08547693490982056,1,0,1,0,1,0,0,0,0
13,scratch,TN,13/0013.png,228,0.260137140750885,1,0,1,0,1,0,0,0,0
13,scratch,TN,13/0013.png,229,0.012500558979809284,1,0,1,0,1,0,0,0,0
13,scratch,TN,13/0013.png,230,0.006225815042853355,1,0,1,0,1,0,0,0,0
13,scratch,TN,13/0013.png,231,0.3034910559654236,1,0,1,0,1,0,0,0,0
13,scratch,TN,13/0013.png,232,0.46913641691207886,1,0,1,0,1,0,0,0,0
13,scratch,TN,13/0013.png,233,0.04890405386686325,1,0,1,0,1,0,0,0,0
13,scratch,TN,13/0013.png,234,0.29605957865715027,1,0,1,0,1,0,0,0,0
13,scratch,TN,13/0013.png,235,0.3023790717124939,1,0,1,0,1,0,0,0,0
13,scratch,TN,13/0013.png,236,0.06240040063858032,1,0,1,0,1,0,0,0,0
13,scratch,TN,13/0013.png,237,0.6486467719078064,1,0,1,0,1,0,0,0,0
13,scratch,TN,13/0013.png,238,0.04503003880381584,1,0,1,0,1,0,0,0,0
13,scratch,TN,13/0013.png,239,0.5697769522666931,1,0,1,0,1,0,0,0,0
13,scratch,TN,13/0013.png,240,0.1425579935312271,1,0,1,0,1,0,0,0,0
13,scratch,TN,13/0013.png,241,0.16422899067401886,1,0,1,0,1,0,0,0,0
13,scratch,TN,13/0013.png,242,0.01680239662528038,1,0,1,0,1,0,0,0,0
13,scratch,TN,13/0013.png,243,0.3630603849887848,1,0,1,0,1,0,0,0,0
13,scratch,TN,13/0013.png,244,0.028609231114387512,1,0,1,0,1,0,0,0,0
13,scratch,TN,13/0013.png,245,0.052668917924165726,1,0,1,0,1,0,0,0,0
13,scratch,TN,13/0013.png,246,0.20148228108882904,1,0,1,0,1,0,0,0,0
13,scratch,TN,13/0013.png,247,0.42335230112075806,1,0,1,0,1,0,0,0,0
13,scratch,TN,13/0013.png,248,0.8411784172058105,1,0,1,0,1,0,0,0,0
13,scratch,TN,13/0013.png,249,0.38209161162376404,1,0,1,0,1,0,0,0,0
13,scratch,TN,13/0013.png,250,0.052574414759874344,1,0,1,0,1,0,0,0,0
13,scratch,TN,13/0013.png,251,0.20411817729473114,1,0,1,0,1,0,0,0,0
13,scratch,TN,13/0013.png,252,0.1996399462223053,1,0,1,0,1,0,0,0,0
13,scratch,TN,13/0013.png,253,0.29754820466041565,1,0,1,0,1,0,0,0,0
13,scratch,TN,13/0013.png,254,0.21065478026866913,1,0,1,0,1,0,0,0,0
13,scratch,TN,13/0013.png,255,0.03959551453590393,1,0,1,0,1,0,0,0,0
13,scratch,TN,13/0013.png,256,0.11505647748708725,1,0,1,0,1,0,0,0,0
13,scratch,TN,13/0013.png,257,0.5435900092124939,1,0,1,0,1,0,0,0,0
13,scratch,TN,13/0013.png,258,0.2090522199869156,1,0,1,0,1,0,0,0,0
13,scratch,TN,13/0013.png,259,0.09079086780548096,1,0,1,0,1,0,0,0,0
13,scratch,TN,13/0013.png,260,0.08943118155002594,1,0,1,0,1,0,0,0,0
13,scratch,TN,13/0013.png,261,0.3232632577419281,1,0,1,0,1,0,0,0,0
13,scratch,TN,13/0013.png,262,0.10359027236700058,1,0,1,0,1,0,0,0,0
13,scratch,TN,13/0013.png,263,0.39215001463890076,1,0,1,0,1,0,0,0,0
13,scratch,TN,13/0013.png,264,0.039504531770944595,1,0,1,0,1,0,0,0,0
13,scratch,TN,13/0013.png,265,0.11185866594314575,1,0,1,0,1,0,0,0,0
13,scratch,TN,13/0013.png,266,0.2727719843387604,1,0,1,0,1,0,0,0,0
13,scratch,TN,13/0013.png,267,0.26575568318367004,1,0,1,0,1,0,0,0,0
13,scratch,TN,13/0013.png,268,0.38841551542282104,1,0,1,0,1,0,0,0,0
13,scratch,TN,13/0013.png,269,0.02041434496641159,1,0,1,0,1,0,0,0,0
13,scratch,TN,13/0013.png,270,0.22311656177043915,1,0,1,0,1,0,0,0,0
13,scratch,TN,13/0013.png,271,0.05810311436653137,1,0,1,0,1,0,0,0,0
13,scratch,TN,13/0013.png,272,0.438126802444458,1,0,1,0,1,0,0,0,0
13,scratch,TN,13/0013.png,273,0.5123095512390137,1,0,1,0,1,0,0,0,0
13,scratch,TN,13/0013.png,274,0.21472983062267303,1,0,1,0,1,0,0,0,0
13,scratch,TN,13/0013.png,275,0.05110689997673035,1,0,1,0,1,0,0,0,0
13,scratch,TN,13/0013.png,276,0.008208652958273888,1,0,1,0,1,0,0,0,0
13,scratch,TN,13/0013.png,277,0.7370104789733887,1,0,1,0,1,0,0,0,0
13,scratch,TN,13/0013.png,278,0.3653842806816101,1,0,1,0,1,0,0,0,0
13,scratch,TN,13/0013.png,279,0.26195546984672546,1,0,1,0,1,0,0,0,0
13,scratch,TN,13/0013.png,280,0.3230760097503662,1,0,1,0,1,0,0,0,0
13,scratch,TN,13/0013.png,281,0.6192423701286316,1,0,1,0,1,0,0,0,0
13,scratch,TN,13/0013.png,282,0.08005542308092117,1,0,1,0,1,0,0,0,0
13,scratch,TN,13/0013.png,283,0.126665860414505,1,0,1,0,1,0,0,0,0
13,scratch,TN,13/0013.png,284,0.23422756791114807,1,0,1,0,1,0,0,0,0
13,scratch,TN,13/0013.png,285,0.09675926715135574,1,0,1,0,1,0,0,0,0
13,scratch,TN,13/0013.png,286,0.239278644323349,1,0,1,0,1,0,0,0,0
13,scratch,TN,13/0013.png,287,0.21880383789539337,1,0,1,0,1,0,0,0,0
13,scratch,TN,13/0013.png,288,0.4586147665977478,1,0,1,0,1,0,0,0,0
13,scratch,TN,13/0013.png,289,0.01544912625104189,1,0,1,0,1,0,0,0,0
13,scratch,TN,13/0013.png,290,0.12863290309906006,1,0,1,0,1,0,0,0,0
13,scratch,TN,13/0013.png,291,0.10973942279815674,1,0,1,0,1,0,0,0,0
13,scratch,TN,13/0013.png,292,0.15461669862270355,1,0,1,0,1,0,0,0,0
13,scratch,TN,13/0013.png,293,0.4301457405090332,1,0,1,0,1,0,0,0,0
13,scratch,TN,13/0013.png,294,0.5574888586997986,1,0,1,0,1,0,0,0,0
13,scratch,TN,13/0013.png,295,0.15348395705223083,1,0,1,0,1,0,0,0,0
13,scratch,TN,13/0013.png,296,0.2572943866252899,1,0,1,0,1,0,0,0,0
13,scratch,TN,13/0013.png,297,0.3872048258781433,1,0,1,0,1,0,0,0,0
13,scratch,TN,13/0013.png,298,0.5044575333595276,1,0,1,0,1,0,0,0,0
13,scratch,TN,13/0013.png,299,0.22620971500873566,1,0,1,0,1,0,0,0,0
13,scratch,TN,13/0013.png,300,0.21620886027812958,1,0,1,0,1,0,0,0,0
13,scratch,TN,13/0013.png,301,0.5520565509796143,1,0,1,0,1,0,0,0,0
13,scratch,TN,13/0013.png,302,0.3320673406124115,1,0,1,0,1,0,0,0,0
13,scratch,TN,13/0013.png,303,0.3884477913379669,1,0,1,0,1,0,0,0,0
13,scratch,TN,13/0013.png,304,0.8140690922737122,1,0,1,0,1,0,0,0,0
13,scratch,TN,13/0013.png,305,0.7979881763458252,1,0,1,0,1,0,0,0,0
13,scratch,TN,13/0013.png,306,0.173956036567688,1,0,1,0,1,0,0,0,0
13,scratch,TN,13/0013.png,307,0.17165857553482056,1,0,1,0,1,0,0,0,0
13,scratch,TN,13/0013.png,308,1.0883063077926636,1,0,1,0,1,0,0,0,0
13,scratch,TN,13/0013.png,309,0.013408267870545387,1,0,1,0,1,0,0,0,0
13,scratch,TN,13/0013.png,310,0.08888180553913116,1,0,1,0,1,0,0,0,0
13,scratch,TN,13/0013.png,311,0.2944648265838623,1,0,1,0,1,0,0,0,0
13,scratch,TN,13/0013.png,312,0.02808206155896187,1,0,1,0,1,0,0,0,0
13,scratch,TN,13/0013.png,313,0.16050522029399872,1,0,1,0,1,0,0,0,0
13,scratch,TN,13/0013.png,314,0.005962651688605547,1,0,1,0,1,0,0,0,0
13,scratch,TN,13/0013.png,315,0.028650177642703056,1,0,1,0,1,0,0,0,0
13,scratch,TN,13/0013.png,316,0.17070332169532776,1,0,1,0,1,0,0,0,0
13,scratch,TN,13/0013.png,317,0.12710483372211456,1,0,1,0,1,0,0,0,0
13,scratch,TN,13/0013.png,318,0.23728199303150177,1,0,1,0,1,0,0,0,0
13,scratch,TN,13/0013.png,319,0.6440175771713257,1,0,1,0,1,0,0,0,0
13,scratch,TN,13/0013.png,320,0.12294521927833557,1,0,1,0,1,0,0,0,0
13,scratch,TN,13/0013.png,321,0.003651624545454979,1,0,1,0,1,0,0,0,0
13,scratch,TN,13/0013.png,322,0.0027334897313266993,1,0,1,0,1,0,0,0,0
13,scratch,TN,13/0013.png,323,0.04149312898516655,1,0,1,0,1,0,0,0,0
13,scratch,TN,13/0013.png,324,0.4950961172580719,1,0,1,0,1,0,0,0,0
13,scratch,TN,13/0013.png,325,0.02082878164947033,1,0,1,0,1,0,0,0,0
13,scratch,TN,13/0013.png,326,0.13192839920520782,1,0,1,0,1,0,0,0,0
13,scratch,TN,13/0013.png,327,0.35552117228507996,1,0,1,0,1,0,0,0,0
13,scratch,TN,13/0013.png,328,0.12653906643390656,1,0,1,0,1,0,0,0,0
13,scratch,TN,13/0013.png,329,0.4602107107639313,1,0,1,0,1,0,0,0,0
13,scratch,TN,13/0013.png,330,0.1590186208486557,1,0,1,0,1,0,0,0,0
13,scratch,TN,13/0013.png,331,0.29272159934043884,1,0,1,0,1,0,0,0,0
13,scratch,TN,13/0013.png,332,0.8117879629135132,1,0,1,0,1,0,0,0,0
13,scratch,TN,13/0013.png,333,0.012959741055965424,1,0,1,0,1,0,0,0,0
13,scratch,TN,13/0013.png,334,0.28744903206825256,1,0,1,0,1,0,0,0,0
13,scratch,TN,13/0013.png,335,0.028539452701807022,1,0,1,0,1,0,0,0,0
13,scratch,TN,13/0013.png,336,0.8864069581031799,1,0,1,0,1,0,0,0,0
13,scratch,TN,13/0013.png,337,0.665935218334198,1,0,1,0,1,0,0,0,0
13,scratch,TN,13/0013.png,338,0.5281335115432739,1,0,1,0,1,0,0,0,0
13,scratch,TN,13/0013.png,339,0.1079019233584404,1,0,1,0,1,0,0,0,0
13,scratch,TN,13/0013.png,340,0.028089649975299835,1,0,1,0,1,0,0,0,0
13,scratch,TN,13/0013.png,341,0.2209259271621704,1,0,1,0,1,0,0,0,0
13,scratch,TN,13/0013.png,342,0.0077275377698242664,1,0,1,0,1,0,0,0,0
13,scratch,TN,13/0013.png,343,0.09152460098266602,1,0,1,0,1,0,0,0,0
13,scratch,TN,13/0013.png,344,0.07683081179857254,1,0,1,0,1,0,0,0,0
13,scratch,TN,13/0013.png,345,0.1915421187877655,1,0,1,0,1,0,0,0,0
13,scratch,TN,13/0013.png,346,0.02986309304833412,1,0,1,0,1,0,0,0,0
13,scratch,TN,13/0013.png,347,0.18248394131660461,1,0,1,0,1,0,0,0,0
13,scratch,TN,13/0013.png,348,0.10285419970750809,1,0,1,0,1,0,0,0,0
13,scratch,TN,13/0013.png,349,0.6554791331291199,1,0,1,0,1,0,0,0,0
13,scratch,TN,13/0013.png,350,0.06749201565980911,1,0,1,0,1,0,0,0,0
13,scratch,TN,13/0013.png,351,1.1090748310089111,1,0,1,0,1,0,0,0,0
13,scratch,TN,13/0013.png,352,0.11849616467952728,1,0,1,0,1,0,0,0,0
13,scratch,TN,13/0013.png,353,0.6082807183265686,1,0,1,0,1,0,0,0,0
13,scratch,TN,13/0013.png,354,0.2724958658218384,1,0,1,0,1,0,0,0,0
13,scratch,TN,13/0013.png,355,0.10490535944700241,1,0,1,0,1,0,0,0,0
13,scratch,TN,13/0013.png,356,0.43491145968437195,1,0,1,0,1,0,0,0,0
13,scratch,TN,13/0013.png,357,0.008827471174299717,1,0,1,0,1,0,0,0,0
13,scratch,TN,13/0013.png,358,0.5855283737182617,1,0,1,0,1,0,0,0,0
13,scratch,TN,13/0013.png,359,0.7054829597473145,1,0,1,0,1,0,0,0,0
13,scratch,TN,13/0013.png,360,0.5789874196052551,1,0,1,0,1,0,0,0,0
13,scratch,TN,13/0013.png,361,0.4414052665233612,1,0,1,0,1,0,0,0,0
13,scratch,TN,13/0013.png,362,0.00965275801718235,1,0,1,0,1,0,0,0,0
13,scratch,TN,13/0013.png,363,1.0518248081207275,1,0,1,0,1,0,0,0,0
13,scratch,TN,13/0013.png,364,0.16260340809822083,1,0,1,0,1,0,0,0,0
13,scratch,TN,13/0013.png,365,0.010598537512123585,1,0,1,0,1,0,0,0,0
13,scratch,TN,13/0013.png,366,0.10037083178758621,1,0,1,0,1,0,0,0,0
13,scratch,TN,13/0013.png,367,0.05197824910283089,1,0,1,0,1,0,0,0,0
13,scratch,TN,13/0013.png,368,0.4303699731826782,1,0,1,0,1,0,0,0,0
13,scratch,TN,13/0013.png,369,0.0,1,0,1,0,1,0,0,0,0
13,scratch,TN,13/0013.png,370,0.1820327639579773,1,0,1,0,1,0,0,0,0
13,scratch,TN,13/0013.png,371,0.04913414642214775,1,0,1,0,1,0,0,0,0
13,scratch,TN,13/0013.png,372,0.00869812536984682,1,0,1,0,1,0,0,0,0
13,scratch,TN,13/0013.png,373,0.7516579627990723,1,0,1,0,1,0,0,0,0
13,scratch,TN,13/0013.png,374,0.028239447623491287,1,0,1,0,1,0,0,0,0
13,scratch,TN,13/0013.png,375,0.0,1,0,1,0,1,0,0,0,0
13,scratch,TN,13/0013.png,376,0.781846821308136,1,0,1,0,1,0,0,0,0
13,scratch,TN,13/0013.png,377,0.002188223646953702,1,0,1,0,1,0,0,0,0
13,scratch,TN,13/0013.png,378,0.6027379631996155,1,0,1,0,1,0,0,0,0
13,scratch,TN,13/0013.png,379,0.3450576961040497,1,0,1,0,1,0,0,0,0
13,scratch,TN,13/0013.png,380,0.45263203978538513,1,0,1,0,1,0,0,0,0
13,scratch,TN,13/0013.png,381,0.08113420009613037,1,0,1,0,1,0,0,0,0
13,scratch,TN,13/0013.png,382,0.26676157116889954,1,0,1,0,1,0,0,0,0
13,scratch,TN,13/0013.png,383,0.4099659025669098,1,0,1,0,1,0,0,0,0
13,scratch,TN,13/0013.png,384,0.5021772384643555,1,0,1,0,1,0,0,0,0
13,scratch,TN,13/0013.png,385,0.1602994054555893,1,0,1,0,1,0,0,0,0
13,scratch,TN,13/0013.png,386,0.22659456729888916,1,0,1,0,1,0,0,0,0
13,scratch,TN,13/0013.png,387,0.1311904489994049,1,0,1,0,1,0,0,0,0
13,scratch,TN,13/0013.png,388,0.019945230334997177,1,0,1,0,1,0,0,0,0
13,scratch,TN,13/0013.png,389,0.24796812236309052,1,0,1,0,1,0,0,0,0
13,scratch,TN,13/0013.png,390,0.33262327313423157,1,0,1,0,1,0,0,0,0
13,scratch,TN,13/0013.png,391,0.3839269280433655,1,0,1,0,1,0,0,0,0
13,scratch,TN,13/0013.png,392,0.19258207082748413,1,0,1,0,1,0,0,0,0
13,scratch,TN,13/0013.png,393,0.2560148537158966,1,0,1,0,1,0,0,0,0
13,scratch,TN,13/0013.png,394,0.23645445704460144,1,0,1,0,1,0,0,0,0
13,scratch,TN,13/0013.png,395,0.3821432292461395,1,0,1,0,1,0,0,0,0
13,scratch,TN,13/0013.png,396,0.054403986781835556,1,0,1,0,1,0,0,0,0
13,scratch,TN,13/0013.png,397,0.37962543964385986,1,0,1,0,1,0,0,0,0
13,scratch,TN,13/0013.png,398,1.061557412147522,1,0,1,0,1,0,0,0,0
13,scratch,TN,13/0013.png,399,0.20386892557144165,1,0,1,0,1,0,0,0,0
13,scratch,TN,13/0013.png,400,0.11322825402021408,1,0,1,0,1,0,0,0,0
13,scratch,TN,13/0013.png,401,0.06279910355806351,1,0,1,0,1,0,0,0,0
13,scratch,TN,13/0013.png,402,0.4105560779571533,1,0,1,0,1,0,0,0,0
13,scratch,TN,13/0013.png,403,0.22803738713264465,1,0,1,0,1,0,0,0,0
13,scratch,TN,13/0013.png,404,0.6366514563560486,1,0,1,0,1,0,0,0,0
13,scratch,TN,13/0013.png,405,0.27485227584838867,1,0,1,0,1,0,0,0,0
13,scratch,TN,13/0013.png,406,0.0021260129287838936,1,0,1,0,1,0,0,0,0
13,scratch,TN,13/0013.png,407,0.35505780577659607,1,0,1,0,1,0,0,0,0
13,scratch,TN,13/0013.png,408,0.026549769565463066,1,0,1,0,1,0,0,0,0
13,scratch,TN,13/0013.png,409,0.2253313809633255,1,0,1,0,1,0,0,0,0
13,scratch,TN,13/0013.png,410,0.2216413915157318,1,0,1,0,1,0,0,0,0
13,scratch,TN,13/0013.png,411,0.35069018602371216,1,0,1,0,1,0,0,0,0
13,scratch,TN,13/0013.png,412,0.08848536759614944,1,0,1,0,1,0,0,0,0
13,scratch,TN,13/0013.png,413,0.211671382188797,1,0,1,0,1,0,0,0,0
13,scratch,TN,13/0013.png,414,0.2107427418231964,1,0,1,0,1,0,0,0,0
13,scratch,TN,13/0013.png,415,0.628205418586731,1,0,1,0,1,0,0,0,0
13,scratch,TN,13/0013.png,416,0.07485760748386383,1,0,1,0,1,0,0,0,0
13,scratch,TN,13/0013.png,417,0.11999817192554474,1,0,1,0,1,0,0,0,0
13,scratch,TN,13/0013.png,418,0.090324267745018,1,0,1,0,1,0,0,0,0
13,scratch,TN,13/0013.png,419,0.005560434423387051,1,0,1,0,1,0,0,0,0
13,scratch,TN,13/0013.png,420,0.2406122386455536,1,0,1,0,1,0,0,0,0
13,scratch,TN,13/0013.png,421,0.38704970479011536,1,0,1,0,1,0,0,0,0
13,scratch,TN,13/0013.png,422,0.03327502682805061,1,0,1,0,1,0,0,0,0
13,scratch,TN,13/0013.png,423,0.2985433042049408,1,0,1,0,1,0,0,0,0
13,scratch,TN,13/0013.png,424,0.07202465087175369,1,0,1,0,1,0,0,0,0
13,scratch,TN,13/0013.png,425,0.023886626586318016,1,0,1,0,1,0,0,0,0
13,scratch,TN,13/0013.png,426,0.42435672879219055,1,0,1,0,1,0,0,0,0
13,scratch,TN,13/0013.png,427,0.2184479534626007,1,0,1,0,1,0,0,0,0
13,scratch,TN,13/0013.png,428,0.09150534868240356,1,0,1,0,1,0,0,0,0
13,scratch,TN,13/0013.png,429,0.4501590430736542,1,0,1,0,1,0,0,0,0
13,scratch,TN,13/0013.png,430,0.310522198677063,1,0,1,0,1,0,0,0,0
13,scratch,TN,13/0013.png,431,0.10506715625524521,1,0,1,0,1,0,0,0,0
13,scratch,TN,13/0013.png,432,0.19668322801589966,1,0,1,0,1,0,0,0,0
13,scratch,TN,13/0013.png,433,0.15359307825565338,1,0,1,0,1,0,0,0,0
13,scratch,TN,13/0013.png,434,0.047844596207141876,1,0,1,0,1,0,0,0,0
13,scratch,TN,13/0013.png,435,0.3534385859966278,1,0,1,0,1,0,0,0,0
13,scratch,TN,13/0013.png,436,0.5538544654846191,1,0,1,0,1,0,0,0,0
13,scratch,TN,13/0013.png,437,0.3774826228618622,1,0,1,0,1,0,0,0,0
13,scratch,TN,13/0013.png,438,0.22715722024440765,1,0,1,0,1,0,0,0,0
13,scratch,TN,13/0013.png,439,0.2574109435081482,1,0,1,0,1,0,0,0,0
13,scratch,TN,13/0013.png,440,0.04404222220182419,1,0,1,0,1,0,0,0,0
13,scratch,TN,13/0013.png,441,0.40358594059944153,1,0,1,0,1,0,0,0,0
13,scratch,TN,13/0013.png,442,0.00180579733569175,1,0,1,0,1,0,0,0,0
13,scratch,TN,13/0013.png,443,0.2674624025821686,1,0,1,0,1,0,0,0,0
13,scratch,TN,13/0013.png,444,0.4832584261894226,1,0,1,0,1,0,0,0,0
13,scratch,TN,13/0013.png,445,0.3994119167327881,1,0,1,0,1,0,0,0,0
13,scratch,TN,13/0013.png,446,0.18751424551010132,1,0,1,0,1,0,0,0,0
13,scratch,TN,13/0013.png,447,0.0,1,0,1,0,1,0,0,0,0
13,scratch,TN,13/0013.png,448,0.0,1,0,1,0,1,0,0,0,0
13,scratch,TN,13/0013.png,449,0.8272123336791992,1,0,1,0,1,0,0,0,0
13,scratch,TN,13/0013.png,450,0.005716514308005571,1,0,1,0,1,0,0,0,0
13,scratch,TN,13/0013.png,451,0.07701797038316727,1,0,1,0,1,0,0,0,0
13,scratch,TN,13/0013.png,452,0.0168741587549448,1,0,1,0,1,0,0,0,0
13,scratch,TN,13/0013.png,453,0.3274763822555542,1,0,1,0,1,0,0,0,0
13,scratch,TN,13/0013.png,454,0.7026174664497375,1,0,1,0,1,0,0,0,0
13,scratch,TN,13/0013.png,455,0.5168558359146118,1,0,1,0,1,0,0,0,0
13,scratch,TN,13/0013.png,456,0.47104254364967346,1,0,1,0,1,0,0,0,0
13,scratch,TN,13/0013.png,457,0.061473533511161804,1,0,1,0,1,0,0,0,0
13,scratch,TN,13/0013.png,458,0.7005363702774048,1,0,1,0,1,0,0,0,0
13,scratch,TN,13/0013.png,459,0.6175285577774048,1,0,1,0,1,0,0,0,0
13,scratch,TN,13/0013.png,460,0.39164313673973083,1,0,1,0,1,0,0,0,0
13,scratch,TN,13/0013.png,461,0.07666439563035965,1,0,1,0,1,0,0,0,0
13,scratch,TN,13/0013.png,462,0.2588038742542267,1,0,1,0,1,0,0,0,0
13,scratch,TN,13/0013.png,463,0.12547239661216736,1,0,1,0,1,0,0,0,0
13,scratch,TN,13/0013.png,464,0.005847048480063677,1,0,1,0,1,0,0,0,0
13,scratch,TN,13/0013.png,465,0.5034646987915039,1,0,1,0,1,0,0,0,0
13,scratch,TN,13/0013.png,466,0.8450830578804016,1,0,1,0,1,0,0,0,0
13,scratch,TN,13/0013.png,467,0.0715847909450531,1,0,1,0,1,0,0,0,0
13,scratch,TN,13/0013.png,468,0.0019034260185435414,1,0,1,0,1,0,0,0,0
13,scratch,TN,13/0013.png,469,0.06781618297100067,1,0,1,0,1,0,0,0,0
13,scratch,TN,13/0013.png,470,0.04034265875816345,1,0,1,0,1,0,0,0,0
13,scratch,TN,13/0013.png,471,0.0,1,0,1,0,1,0,0,0,0
13,scratch,TN,13/0013.png,472,0.4849461019039154,1,0,1,0,1,0,0,0,0
13,scratch,TN,13/0013.png,473,0.0815121978521347,1,0,1,0,1,0,0,0,0
13,scratch,TN,13/0013.png,474,0.03085128404200077,1,0,1,0,1,0,0,0,0
13,scratch,TN,13/0013.png,475,0.017525888979434967,1,0,1,0,1,0,0,0,0
13,scratch,TN,13/0013.png,476,0.014312474057078362,1,0,1,0,1,0,0,0,0
13,scratch,TN,13/0013.png,477,0.08390907198190689,1,0,1,0,1,0,0,0,0
13,scratch,TN,13/0013.png,478,0.15679971873760223,1,0,1,0,1,0,0,0,0
13,scratch,TN,13/0013.png,479,0.38318416476249695,1,0,1,0,1,0,0,0,0
13,scratch,TN,13/0013.png,480,0.807853639125824,1,0,1,0,1,0,0,0,0
13,scratch,TN,13/0013.png,481,0.4167758524417877,1,0,1,0,1,0,0,0,0
13,scratch,TN,13/0013.png,482,0.0348343662917614,1,0,1,0,1,0,0,0,0
13,scratch,TN,13/0013.png,483,0.4229448139667511,1,0,1,0,1,0,0,0,0
13,scratch,TN,13/0013.png,484,0.007499739062041044,1,0,1,0,1,0,0,0,0
13,scratch,TN,13/0013.png,485,0.0,1,0,1,0,1,0,0,0,0
13,scratch,TN,13/0013.png,486,0.26729699969291687,1,0,1,0,1,0,0,0,0
13,scratch,TN,13/0013.png,487,0.018656905740499496,1,0,1,0,1,0,0,0,0
13,scratch,TN,13/0013.png,488,0.21025198698043823,1,0,1,0,1,0,0,0,0
13,scratch,TN,13/0013.png,489,0.6270092725753784,1,0,1,0,1,0,0,0,0
13,scratch,TN,13/0013.png,490,0.2189594954252243,1,0,1,0,1,0,0,0,0
13,scratch,TN,13/0013.png,491,0.07397405058145523,1,0,1,0,1,0,0,0,0
13,scratch,TN,13/0013.png,492,0.20408116281032562,1,0,1,0,1,0,0,0,0
13,scratch,TN,13/0013.png,493,0.1813046634197235,1,0,1,0,1,0,0,0,0
13,scratch,TN,13/0013.png,494,0.2856326699256897,1,0,1,0,1,0,0,0,0
13,scratch,TN,13/0013.png,495,0.0014551806962117553,1,0,1,0,1,0,0,0,0
13,scratch,TN,13/0013.png,496,0.04940531775355339,1,0,1,0,1,0,0,0,0
13,scratch,TN,13/0013.png,497,0.14474597573280334,1,0,1,0,1,0,0,0,0
13,scratch,TN,13/0013.png,498,0.08620817959308624,1,0,1,0,1,0,0,0,0
13,scratch,TN,13/0013.png,499,0.39254483580589294,1,0,1,0,1,0,0,0,0
13,scratch,TN,13/0013.png,500,0.0,1,0,1,0,1,0,0,0,0
13,scratch,TN,13/0013.png,501,0.0542452298104763,1,0,1,0,1,0,0,0,0
13,scratch,TN,13/0013.png,502,0.06580749154090881,1,0,1,0,1,0,0,0,0
13,scratch,TN,13/0013.png,503,0.509803831577301,1,0,1,0,1,0,0,0,0
13,scratch,TN,13/0013.png,504,0.21370384097099304,1,0,1,0,1,0,0,0,0
13,scratch,TN,13/0013.png,505,0.27333498001098633,1,0,1,0,1,0,0,0,0
13,scratch,TN,13/0013.png,506,0.4542868435382843,1,0,1,0,1,0,0,0,0
13,scratch,TN,13/0013.png,507,0.04589127004146576,1,0,1,0,1,0,0,0,0
13,scratch,TN,13/0013.png,508,0.27150672674179077,1,0,1,0,1,0,0,0,0
13,scratch,TN,13/0013.png,509,0.06404437124729156,1,0,1,0,1,0,0,0,0
13,scratch,TN,13/0013.png,510,1.1838207244873047,1,0,1,0,1,0,0,0,0
13,scratch,TN,13/0013.png,511,0.07171791791915894,1,0,1,0,1,0,0,0,0
14,pretrained,TP,14/0008.png,0,0.4260220527648926,1,1,0,1,0,0,0,1,0
14,pretrained,TP,14/0008.png,1,0.7032902836799622,1,1,0,1,0,0,0,1,0
14,pretrained,TP,14/0008.png,2,0.28078192472457886,1,1,0,1,0,0,0,1,0
14,pretrained,TP,14/0008.png,3,0.45008811354637146,1,1,0,1,0,0,0,1,0
14,pretrained,TP,14/0008.png,4,0.08592704683542252,1,1,0,1,0,0,0,1,0
14,pretrained,TP,14/0008.png,5,1.1455267667770386,1,1,0,1,0,0,0,1,0
14,pretrained,TP,14/0008.png,6,0.01928514614701271,1,1,0,1,0,0,0,1,0
14,pretrained,TP,14/0008.png,7,0.5750922560691833,1,1,0,1,0,0,0,1,0
14,pretrained,TP,14/0008.png,8,0.8830592632293701,1,1,0,1,0,0,0,1,0
14,pretrained,TP,14/0008.png,9,1.6661900281906128,1,1,0,1,0,0,0,1,0
14,pretrained,TP,14/0008.png,10,0.46374261379241943,1,1,0,1,0,0,0,1,0
14,pretrained,TP,14/0008.png,11,0.39638370275497437,1,1,0,1,0,0,0,1,0
14,pretrained,TP,14/0008.png,12,0.12958379089832306,1,1,0,1,0,0,0,1,0
14,pretrained,TP,14/0008.png,13,0.161277174949646,1,1,0,1,0,0,0,1,0
14,pretrained,TP,14/0008.png,14,0.0,1,1,0,1,0,0,0,1,0
14,pretrained,TP,14/0008.png,15,0.23893500864505768,1,1,0,1,0,0,0,1,0
14,pretrained,TP,14/0008.png,16,0.6240581274032593,1,1,0,1,0,0,0,1,0
14,pretrained,TP,14/0008.png,17,2.489870548248291,1,1,0,1,0,0,0,1,0
14,pretrained,TP,14/0008.png,18,0.07079780101776123,1,1,0,1,0,0,0,1,0
14,pretrained,TP,14/0008.png,19,0.23141899704933167,1,1,0,1,0,0,0,1,0
14,pretrained,TP,14/0008.png,20,1.0092936754226685,1,1,0,1,0,0,0,1,0
14,pretrained,TP,14/0008.png,21,0.18328024446964264,1,1,0,1,0,0,0,1,0
14,pretrained,TP,14/0008.png,22,0.3017936050891876,1,1,0,1,0,0,0,1,0
14,pretrained,TP,14/0008.png,23,0.677863359451294,1,1,0,1,0,0,0,1,0
14,pretrained,TP,14/0008.png,24,0.35831359028816223,1,1,0,1,0,0,0,1,0
14,pretrained,TP,14/0008.png,25,0.35981255769729614,1,1,0,1,0,0,0,1,0
14,pretrained,TP,14/0008.png,26,0.883904218673706,1,1,0,1,0,0,0,1,0
14,pretrained,TP,14/0008.png,27,0.10977671295404434,1,1,0,1,0,0,0,1,0
14,pretrained,TP,14/0008.png,28,0.21928627789020538,1,1,0,1,0,0,0,1,0
14,pretrained,TP,14/0008.png,29,1.263702392578125,1,1,0,1,0,0,0,1,0
14,pretrained,TP,14/0008.png,30,0.09285499900579453,1,1,0,1,0,0,0,1,0
14,pretrained,TP,14/0008.png,31,0.536953330039978,1,1,0,1,0,0,0,1,0
14,pretrained,TP,14/0008.png,32,0.4416303038597107,1,1,0,1,0,0,0,1,0
14,pretrained,TP,14/0008.png,33,0.8684600591659546,1,1,0,1,0,0,0,1,0
14,pretrained,TP,14/0008.png,34,1.3842885494232178,1,1,0,1,0,0,0,1,0
14,pretrained,TP,14/0008.png,35,0.9170244336128235,1,1,0,1,0,0,0,1,0
14,pretrained,TP,14/0008.png,36,0.10819311439990997,1,1,0,1,0,0,0,1,0
14,pretrained,TP,14/0008.png,37,0.2392989993095398,1,1,0,1,0,0,0,1,0
14,pretrained,TP,14/0008.png,38,0.2112616002559662,1,1,0,1,0,0,0,1,0
14,pretrained,TP,14/0008.png,39,0.07993393391370773,1,1,0,1,0,0,0,1,0
14,pretrained,TP,14/0008.png,40,0.43780648708343506,1,1,0,1,0,0,0,1,0
14,pretrained,TP,14/0008.png,41,0.1564275026321411,1,1,0,1,0,0,0,1,0
14,pretrained,TP,14/0008.png,42,0.5806627869606018,1,1,0,1,0,0,0,1,0
14,pretrained,TP,14/0008.png,43,0.9631029963493347,1,1,0,1,0,0,0,1,0
14,pretrained,TP,14/0008.png,44,0.11474940180778503,1,1,0,1,0,0,0,1,0
14,pretrained,TP,14/0008.png,45,0.2477295994758606,1,1,0,1,0,0,0,1,0
14,pretrained,TP,14/0008.png,46,0.42806562781333923,1,1,0,1,0,0,0,1,0
14,pretrained,TP,14/0008.png,47,0.27560603618621826,1,1,0,1,0,0,0,1,0
14,pretrained,TP,14/0008.png,48,1.669964075088501,1,1,0,1,0,0,0,1,0
14,pretrained,TP,14/0008.png,49,0.7661333680152893,1,1,0,1,0,0,0,1,0
14,pretrained,TP,14/0008.png,50,1.4477472305297852,1,1,0,1,0,0,0,1,0
14,pretrained,TP,14/0008.png,51,0.11982355266809464,1,1,0,1,0,0,0,1,0
14,pretrained,TP,14/0008.png,52,0.7269266843795776,1,1,0,1,0,0,0,1,0
14,pretrained,TP,14/0008.png,53,0.0838879644870758,1,1,0,1,0,0,0,1,0
14,pretrained,TP,14/0008.png,54,0.7043910622596741,1,1,0,1,0,0,0,1,0
14,pretrained,TP,14/0008.png,55,0.5753949284553528,1,1,0,1,0,0,0,1,0
14,pretrained,TP,14/0008.png,56,0.3484192192554474,1,1,0,1,0,0,0,1,0
14,pretrained,TP,14/0008.png,57,0.6960604786872864,1,1,0,1,0,0,0,1,0
14,pretrained,TP,14/0008.png,58,0.30755987763404846,1,1,0,1,0,0,0,1,0
14,pretrained,TP,14/0008.png,59,0.31403353810310364,1,1,0,1,0,0,0,1,0
14,pretrained,TP,14/0008.png,60,0.768477201461792,1,1,0,1,0,0,0,1,0
14,pretrained,TP,14/0008.png,61,0.40525928139686584,1,1,0,1,0,0,0,1,0
14,pretrained,TP,14/0008.png,62,0.04559893533587456,1,1,0,1,0,0,0,1,0
14,pretrained,TP,14/0008.png,63,0.6320557594299316,1,1,0,1,0,0,0,1,0
14,pretrained,TP,14/0008.png,64,0.8390052914619446,1,1,0,1,0,0,0,1,0
14,pretrained,TP,14/0008.png,65,0.5290789604187012,1,1,0,1,0,0,0,1,0
14,pretrained,TP,14/0008.png,66,0.3748190402984619,1,1,0,1,0,0,0,1,0
14,pretrained,TP,14/0008.png,67,0.37897372245788574,1,1,0,1,0,0,0,1,0
14,pretrained,TP,14/0008.png,68,0.10445503145456314,1,1,0,1,0,0,0,1,0
14,pretrained,TP,14/0008.png,69,0.3884667456150055,1,1,0,1,0,0,0,1,0
14,pretrained,TP,14/0008.png,70,1.091581106185913,1,1,0,1,0,0,0,1,0
14,pretrained,TP,14/0008.png,71,0.060633495450019836,1,1,0,1,0,0,0,1,0
14,pretrained,TP,14/0008.png,72,0.9928115606307983,1,1,0,1,0,0,0,1,0
14,pretrained,TP,14/0008.png,73,0.25529050827026367,1,1,0,1,0,0,0,1,0
14,pretrained,TP,14/0008.png,74,0.6236228346824646,1,1,0,1,0,0,0,1,0
14,pretrained,TP,14/0008.png,75,0.5286765098571777,1,1,0,1,0,0,0,1,0
14,pretrained,TP,14/0008.png,76,0.0033141914755105972,1,1,0,1,0,0,0,1,0
14,pretrained,TP,14/0008.png,77,1.373818278312683,1,1,0,1,0,0,0,1,0
14,pretrained,TP,14/0008.png,78,0.8140702247619629,1,1,0,1,0,0,0,1,0
14,pretrained,TP,14/0008.png,79,0.31534406542778015,1,1,0,1,0,0,0,1,0
14,pretrained,TP,14/0008.png,80,0.3793547451496124,1,1,0,1,0,0,0,1,0
14,pretrained,TP,14/0008.png,81,0.7328304648399353,1,1,0,1,0,0,0,1,0
14,pretrained,TP,14/0008.png,82,1.6066794395446777,1,1,0,1,0,0,0,1,0
14,pretrained,TP,14/0008.png,83,0.3753491938114166,1,1,0,1,0,0,0,1,0
14,pretrained,TP,14/0008.png,84,0.07258684933185577,1,1,0,1,0,0,0,1,0
14,pretrained,TP,14/0008.png,85,0.10740911960601807,1,1,0,1,0,0,0,1,0
14,pretrained,TP,14/0008.png,86,0.2157910168170929,1,1,0,1,0,0,0,1,0
14,pretrained,TP,14/0008.png,87,0.10847282409667969,1,1,0,1,0,0,0,1,0
14,pretrained,TP,14/0008.png,88,0.17489269375801086,1,1,0,1,0,0,0,1,0
14,pretrained,TP,14/0008.png,89,2.1924846172332764,1,1,0,1,0,0,0,1,0
14,pretrained,TP,14/0008.png,90,0.05543379858136177,1,1,0,1,0,0,0,1,0
14,pretrained,TP,14/0008.png,91,0.6475816369056702,1,1,0,1,0,0,0,1,0
14,pretrained,TP,14/0008.png,92,1.0581015348434448,1,1,0,1,0,0,0,1,0
14,pretrained,TP,14/0008.png,93,1.0188584327697754,1,1,0,1,0,0,0,1,0
14,pretrained,TP,14/0008.png,94,0.34445491433143616,1,1,0,1,0,0,0,1,0
14,pretrained,TP,14/0008.png,95,0.8303009271621704,1,1,0,1,0,0,0,1,0
14,pretrained,TP,14/0008.png,96,0.9465682506561279,1,1,0,1,0,0,0,1,0
14,pretrained,TP,14/0008.png,97,0.1843695342540741,1,1,0,1,0,0,0,1,0
14,pretrained,TP,14/0008.png,98,1.034501075744629,1,1,0,1,0,0,0,1,0
14,pretrained,TP,14/0008.png,99,0.5156890749931335,1,1,0,1,0,0,0,1,0
14,pretrained,TP,14/0008.png,100,0.09379749745130539,1,1,0,1,0,0,0,1,0
14,pretrained,TP,14/0008.png,101,0.5591222643852234,1,1,0,1,0,0,0,1,0
14,pretrained,TP,14/0008.png,102,0.6819713115692139,1,1,0,1,0,0,0,1,0
14,pretrained,TP,14/0008.png,103,0.20311780273914337,1,1,0,1,0,0,0,1,0
14,pretrained,TP,14/0008.png,104,2.61592435836792,1,1,0,1,0,0,0,1,0
14,pretrained,TP,14/0008.png,105,0.4129112660884857,1,1,0,1,0,0,0,1,0
14,pretrained,TP,14/0008.png,106,0.10215024650096893,1,1,0,1,0,0,0,1,0
14,pretrained,TP,14/0008.png,107,0.20919503271579742,1,1,0,1,0,0,0,1,0
14,pretrained,TP,14/0008.png,108,0.17966817319393158,1,1,0,1,0,0,0,1,0
14,pretrained,TP,14/0008.png,109,0.26587867736816406,1,1,0,1,0,0,0,1,0
14,pretrained,TP,14/0008.png,110,0.07099819928407669,1,1,0,1,0,0,0,1,0
14,pretrained,TP,14/0008.png,111,0.6675135493278503,1,1,0,1,0,0,0,1,0
14,pretrained,TP,14/0008.png,112,0.5041199922561646,1,1,0,1,0,0,0,1,0
14,pretrained,TP,14/0008.png,113,0.08181927353143692,1,1,0,1,0,0,0,1,0
14,pretrained,TP,14/0008.png,114,0.24547378718852997,1,1,0,1,0,0,0,1,0
14,pretrained,TP,14/0008.png,115,0.180500790476799,1,1,0,1,0,0,0,1,0
14,pretrained,TP,14/0008.png,116,0.9653438925743103,1,1,0,1,0,0,0,1,0
14,pretrained,TP,14/0008.png,117,0.7187374830245972,1,1,0,1,0,0,0,1,0
14,pretrained,TP,14/0008.png,118,0.14499707520008087,1,1,0,1,0,0,0,1,0
14,pretrained,TP,14/0008.png,119,0.682564377784729,1,1,0,1,0,0,0,1,0
14,pretrained,TP,14/0008.png,120,1.479266881942749,1,1,0,1,0,0,0,1,0
14,pretrained,TP,14/0008.png,121,0.5603725910186768,1,1,0,1,0,0,0,1,0
14,pretrained,TP,14/0008.png,122,0.016273770481348038,1,1,0,1,0,0,0,1,0
14,pretrained,TP,14/0008.png,123,1.125453233718872,1,1,0,1,0,0,0,1,0
14,pretrained,TP,14/0008.png,124,0.34524521231651306,1,1,0,1,0,0,0,1,0
14,pretrained,TP,14/0008.png,125,0.41190043091773987,1,1,0,1,0,0,0,1,0
14,pretrained,TP,14/0008.png,126,0.9491968750953674,1,1,0,1,0,0,0,1,0
14,pretrained,TP,14/0008.png,127,0.06504438072443008,1,1,0,1,0,0,0,1,0
14,pretrained,TP,14/0008.png,128,0.6251531839370728,1,1,0,1,0,0,0,1,0
14,pretrained,TP,14/0008.png,129,0.4444492757320404,1,1,0,1,0,0,0,1,0
14,pretrained,TP,14/0008.png,130,0.31749090552330017,1,1,0,1,0,0,0,1,0
14,pretrained,TP,14/0008.png,131,0.6296500563621521,1,1,0,1,0,0,0,1,0
14,pretrained,TP,14/0008.png,132,0.11981193721294403,1,1,0,1,0,0,0,1,0
14,pretrained,TP,14/0008.png,133,0.9086236953735352,1,1,0,1,0,0,0,1,0
14,pretrained,TP,14/0008.png,134,2.3846757411956787,1,1,0,1,0,0,0,1,0
14,pretrained,TP,14/0008.png,135,0.04769250378012657,1,1,0,1,0,0,0,1,0
14,pretrained,TP,14/0008.png,136,0.1770414113998413,1,1,0,1,0,0,0,1,0
14,pretrained,TP,14/0008.png,137,1.1763577461242676,1,1,0,1,0,0,0,1,0
14,pretrained,TP,14/0008.png,138,0.13303960859775543,1,1,0,1,0,0,0,1,0
14,pretrained,TP,14/0008.png,139,0.7871412038803101,1,1,0,1,0,0,0,1,0
14,pretrained,TP,14/0008.png,140,0.490300714969635,1,1,0,1,0,0,0,1,0
14,pretrained,TP,14/0008.png,141,0.20781347155570984,1,1,0,1,0,0,0,1,0
14,pretrained,TP,14/0008.png,142,4.319375514984131,1,1,0,1,0,0,0,1,0
14,pretrained,TP,14/0008.png,143,1.7542438507080078,1,1,0,1,0,0,0,1,0
14,pretrained,TP,14/0008.png,144,0.4683269262313843,1,1,0,1,0,0,0,1,0
14,pretrained,TP,14/0008.png,145,0.10184793919324875,1,1,0,1,0,0,0,1,0
14,pretrained,TP,14/0008.png,146,0.8245808482170105,1,1,0,1,0,0,0,1,0
14,pretrained,TP,14/0008.png,147,0.43119505047798157,1,1,0,1,0,0,0,1,0
14,pretrained,TP,14/0008.png,148,0.23595574498176575,1,1,0,1,0,0,0,1,0
14,pretrained,TP,14/0008.png,149,0.19424423575401306,1,1,0,1,0,0,0,1,0
14,pretrained,TP,14/0008.png,150,0.42185813188552856,1,1,0,1,0,0,0,1,0
14,pretrained,TP,14/0008.png,151,0.36804285645484924,1,1,0,1,0,0,0,1,0
14,pretrained,TP,14/0008.png,152,0.6986361742019653,1,1,0,1,0,0,0,1,0
14,pretrained,TP,14/0008.png,153,0.539528489112854,1,1,0,1,0,0,0,1,0
14,pretrained,TP,14/0008.png,154,1.338659644126892,1,1,0,1,0,0,0,1,0
14,pretrained,TP,14/0008.png,155,0.08513957262039185,1,1,0,1,0,0,0,1,0
14,pretrained,TP,14/0008.png,156,0.28962138295173645,1,1,0,1,0,0,0,1,0
14,pretrained,TP,14/0008.png,157,1.1516554355621338,1,1,0,1,0,0,0,1,0
14,pretrained,TP,14/0008.png,158,0.087464340031147,1,1,0,1,0,0,0,1,0
14,pretrained,TP,14/0008.png,159,0.24903146922588348,1,1,0,1,0,0,0,1,0
14,pretrained,TP,14/0008.png,160,0.4553603231906891,1,1,0,1,0,0,0,1,0
14,pretrained,TP,14/0008.png,161,0.9868234395980835,1,1,0,1,0,0,0,1,0
14,pretrained,TP,14/0008.png,162,0.004704641178250313,1,1,0,1,0,0,0,1,0
14,pretrained,TP,14/0008.png,163,1.8305797576904297,1,1,0,1,0,0,0,1,0
14,pretrained,TP,14/0008.png,164,0.8502505421638489,1,1,0,1,0,0,0,1,0
14,pretrained,TP,14/0008.png,165,0.22513455152511597,1,1,0,1,0,0,0,1,0
14,pretrained,TP,14/0008.png,166,0.45780739188194275,1,1,0,1,0,0,0,1,0
14,pretrained,TP,14/0008.png,167,0.5778324007987976,1,1,0,1,0,0,0,1,0
14,pretrained,TP,14/0008.png,168,0.7893642783164978,1,1,0,1,0,0,0,1,0
14,pretrained,TP,14/0008.png,169,1.8651492595672607,1,1,0,1,0,0,0,1,0
14,pretrained,TP,14/0008.png,170,0.04241995885968208,1,1,0,1,0,0,0,1,0
14,pretrained,TP,14/0008.png,171,0.10226243734359741,1,1,0,1,0,0,0,1,0
14,pretrained,TP,14/0008.png,172,2.736022710800171,1,1,0,1,0,0,0,1,0
14,pretrained,TP,14/0008.png,173,0.39035820960998535,1,1,0,1,0,0,0,1,0
14,pretrained,TP,14/0008.png,174,0.06130630150437355,1,1,0,1,0,0,0,1,0
14,pretrained,TP,14/0008.png,175,0.4310593008995056,1,1,0,1,0,0,0,1,0
14,pretrained,TP,14/0008.png,176,0.17339502274990082,1,1,0,1,0,0,0,1,0
14,pretrained,TP,14/0008.png,177,0.006847292650490999,1,1,0,1,0,0,0,1,0
14,pretrained,TP,14/0008.png,178,0.8196507096290588,1,1,0,1,0,0,0,1,0
14,pretrained,TP,14/0008.png,179,1.0688347816467285,1,1,0,1,0,0,0,1,0
14,pretrained,TP,14/0008.png,180,2.2945492267608643,1,1,0,1,0,0,0,1,0
14,pretrained,TP,14/0008.png,181,0.22437021136283875,1,1,0,1,0,0,0,1,0
14,pretrained,TP,14/0008.png,182,3.0102016925811768,1,1,0,1,0,0,0,1,0
14,pretrained,TP,14/0008.png,183,0.6644378304481506,1,1,0,1,0,0,0,1,0
14,pretrained,TP,14/0008.png,184,0.4698011577129364,1,1,0,1,0,0,0,1,0
14,pretrained,TP,14/0008.png,185,0.9555785655975342,1,1,0,1,0,0,0,1,0
14,pretrained,TP,14/0008.png,186,0.18289875984191895,1,1,0,1,0,0,0,1,0
14,pretrained,TP,14/0008.png,187,0.432160347700119,1,1,0,1,0,0,0,1,0
14,pretrained,TP,14/0008.png,188,0.9587648510932922,1,1,0,1,0,0,0,1,0
14,pretrained,TP,14/0008.png,189,0.14802995324134827,1,1,0,1,0,0,0,1,0
14,pretrained,TP,14/0008.png,190,0.001426054979674518,1,1,0,1,0,0,0,1,0
14,pretrained,TP,14/0008.png,191,0.7389340996742249,1,1,0,1,0,0,0,1,0
14,pretrained,TP,14/0008.png,192,2.3752830028533936,1,1,0,1,0,0,0,1,0
14,pretrained,TP,14/0008.png,193,0.7498886585235596,1,1,0,1,0,0,0,1,0
14,pretrained,TP,14/0008.png,194,1.2283093929290771,1,1,0,1,0,0,0,1,0
14,pretrained,TP,14/0008.png,195,0.6093030571937561,1,1,0,1,0,0,0,1,0
14,pretrained,TP,14/0008.png,196,0.09015876054763794,1,1,0,1,0,0,0,1,0
14,pretrained,TP,14/0008.png,197,0.6973935961723328,1,1,0,1,0,0,0,1,0
14,pretrained,TP,14/0008.png,198,0.388866662979126,1,1,0,1,0,0,0,1,0
14,pretrained,TP,14/0008.png,199,0.5630037784576416,1,1,0,1,0,0,0,1,0
14,pretrained,TP,14/0008.png,200,0.32942914962768555,1,1,0,1,0,0,0,1,0
14,pretrained,TP,14/0008.png,201,1.2655779123306274,1,1,0,1,0,0,0,1,0
14,pretrained,TP,14/0008.png,202,1.032606840133667,1,1,0,1,0,0,0,1,0
14,pretrained,TP,14/0008.png,203,0.028638971969485283,1,1,0,1,0,0,0,1,0
14,pretrained,TP,14/0008.png,204,0.0113297700881958,1,1,0,1,0,0,0,1,0
14,pretrained,TP,14/0008.png,205,0.3352798819541931,1,1,0,1,0,0,0,1,0
14,pretrained,TP,14/0008.png,206,0.971295952796936,1,1,0,1,0,0,0,1,0
14,pretrained,TP,14/0008.png,207,0.4067101776599884,1,1,0,1,0,0,0,1,0
14,pretrained,TP,14/0008.png,208,0.07793615013360977,1,1,0,1,0,0,0,1,0
14,pretrained,TP,14/0008.png,209,0.555342435836792,1,1,0,1,0,0,0,1,0
14,pretrained,TP,14/0008.png,210,0.010684957727789879,1,1,0,1,0,0,0,1,0
14,pretrained,TP,14/0008.png,211,0.8266944885253906,1,1,0,1,0,0,0,1,0
14,pretrained,TP,14/0008.png,212,0.7597532272338867,1,1,0,1,0,0,0,1,0
14,pretrained,TP,14/0008.png,213,0.02665896713733673,1,1,0,1,0,0,0,1,0
14,pretrained,TP,14/0008.png,214,0.9514874815940857,1,1,0,1,0,0,0,1,0
14,pretrained,TP,14/0008.png,215,0.4355471730232239,1,1,0,1,0,0,0,1,0
14,pretrained,TP,14/0008.png,216,0.1422375738620758,1,1,0,1,0,0,0,1,0
14,pretrained,TP,14/0008.png,217,0.26019182801246643,1,1,0,1,0,0,0,1,0
14,pretrained,TP,14/0008.png,218,0.8061232566833496,1,1,0,1,0,0,0,1,0
14,pretrained,TP,14/0008.png,219,0.822216272354126,1,1,0,1,0,0,0,1,0
14,pretrained,TP,14/0008.png,220,0.10548875480890274,1,1,0,1,0,0,0,1,0
14,pretrained,TP,14/0008.png,221,0.02607404626905918,1,1,0,1,0,0,0,1,0
14,pretrained,TP,14/0008.png,222,0.5156261920928955,1,1,0,1,0,0,0,1,0
14,pretrained,TP,14/0008.png,223,0.16132918000221252,1,1,0,1,0,0,0,1,0
14,pretrained,TP,14/0008.png,224,0.3405706584453583,1,1,0,1,0,0,0,1,0
14,pretrained,TP,14/0008.png,225,0.5935070514678955,1,1,0,1,0,0,0,1,0
14,pretrained,TP,14/0008.png,226,0.7740128040313721,1,1,0,1,0,0,0,1,0
14,pretrained,TP,14/0008.png,227,0.11575525999069214,1,1,0,1,0,0,0,1,0
14,pretrained,TP,14/0008.png,228,0.009910269640386105,1,1,0,1,0,0,0,1,0
14,pretrained,TP,14/0008.png,229,0.578804075717926,1,1,0,1,0,0,0,1,0
14,pretrained,TP,14/0008.png,230,0.7054778933525085,1,1,0,1,0,0,0,1,0
14,pretrained,TP,14/0008.png,231,0.2594626545906067,1,1,0,1,0,0,0,1,0
14,pretrained,TP,14/0008.png,232,0.08025150746107101,1,1,0,1,0,0,0,1,0
14,pretrained,TP,14/0008.png,233,1.0794402360916138,1,1,0,1,0,0,0,1,0
14,pretrained,TP,14/0008.png,234,0.18583893775939941,1,1,0,1,0,0,0,1,0
14,pretrained,TP,14/0008.png,235,0.3498942255973816,1,1,0,1,0,0,0,1,0
14,pretrained,TP,14/0008.png,236,0.11122505366802216,1,1,0,1,0,0,0,1,0
14,pretrained,TP,14/0008.png,237,0.3565550744533539,1,1,0,1,0,0,0,1,0
14,pretrained,TP,14/0008.png,238,0.4695487916469574,1,1,0,1,0,0,0,1,0
14,pretrained,TP,14/0008.png,239,0.10425815731287003,1,1,0,1,0,0,0,1,0
14,pretrained,TP,14/0008.png,240,0.14133913815021515,1,1,0,1,0,0,0,1,0
14,pretrained,TP,14/0008.png,241,0.2790027856826782,1,1,0,1,0,0,0,1,0
14,pretrained,TP,14/0008.png,242,0.1671416014432907,1,1,0,1,0,0,0,1,0
14,pretrained,TP,14/0008.png,243,1.7130733728408813,1,1,0,1,0,0,0,1,0
14,pretrained,TP,14/0008.png,244,0.8265766501426697,1,1,0,1,0,0,0,1,0
14,pretrained,TP,14/0008.png,245,1.1331148147583008,1,1,0,1,0,0,0,1,0
14,pretrained,TP,14/0008.png,246,0.34177032113075256,1,1,0,1,0,0,0,1,0
14,pretrained,TP,14/0008.png,247,0.0016608854057267308,1,1,0,1,0,0,0,1,0
14,pretrained,TP,14/0008.png,248,0.0,1,1,0,1,0,0,0,1,0
14,pretrained,TP,14/0008.png,249,0.3897935450077057,1,1,0,1,0,0,0,1,0
14,pretrained,TP,14/0008.png,250,0.8993372917175293,1,1,0,1,0,0,0,1,0
14,pretrained,TP,14/0008.png,251,1.1645721197128296,1,1,0,1,0,0,0,1,0
14,pretrained,TP,14/0008.png,252,0.4168720245361328,1,1,0,1,0,0,0,1,0
14,pretrained,TP,14/0008.png,253,0.24160557985305786,1,1,0,1,0,0,0,1,0
14,pretrained,TP,14/0008.png,254,1.707523226737976,1,1,0,1,0,0,0,1,0
14,pretrained,TP,14/0008.png,255,1.0669665336608887,1,1,0,1,0,0,0,1,0
14,pretrained,TP,14/0008.png,256,0.4235333800315857,1,1,0,1,0,0,0,1,0
14,pretrained,TP,14/0008.png,257,0.6467316150665283,1,1,0,1,0,0,0,1,0
14,pretrained,TP,14/0008.png,258,0.04333591088652611,1,1,0,1,0,0,0,1,0
14,pretrained,TP,14/0008.png,259,0.031987253576517105,1,1,0,1,0,0,0,1,0
14,pretrained,TP,14/0008.png,260,1.2870351076126099,1,1,0,1,0,0,0,1,0
14,pretrained,TP,14/0008.png,261,0.7266616821289062,1,1,0,1,0,0,0,1,0
14,pretrained,TP,14/0008.png,262,0.8419191837310791,1,1,0,1,0,0,0,1,0
14,pretrained,TP,14/0008.png,263,0.0105165159329772,1,1,0,1,0,0,0,1,0
14,pretrained,TP,14/0008.png,264,1.4156876802444458,1,1,0,1,0,0,0,1,0
14,pretrained,TP,14/0008.png,265,0.8069867491722107,1,1,0,1,0,0,0,1,0
14,pretrained,TP,14/0008.png,266,0.46010440587997437,1,1,0,1,0,0,0,1,0
14,pretrained,TP,14/0008.png,267,0.856269359588623,1,1,0,1,0,0,0,1,0
14,pretrained,TP,14/0008.png,268,0.5182009339332581,1,1,0,1,0,0,0,1,0
14,pretrained,TP,14/0008.png,269,0.4640289545059204,1,1,0,1,0,0,0,1,0
14,pretrained,TP,14/0008.png,270,0.29065242409706116,1,1,0,1,0,0,0,1,0
14,pretrained,TP,14/0008.png,271,0.3959556818008423,1,1,0,1,0,0,0,1,0
14,pretrained,TP,14/0008.png,272,0.505021333694458,1,1,0,1,0,0,0,1,0
14,pretrained,TP,14/0008.png,273,1.2137595415115356,1,1,0,1,0,0,0,1,0
14,pretrained,TP,14/0008.png,274,0.005560263525694609,1,1,0,1,0,0,0,1,0
14,pretrained,TP,14/0008.png,275,0.2405640333890915,1,1,0,1,0,0,0,1,0
14,pretrained,TP,14/0008.png,276,0.11226307600736618,1,1,0,1,0,0,0,1,0
14,pretrained,TP,14/0008.png,277,0.8170236349105835,1,1,0,1,0,0,0,1,0
14,pretrained,TP,14/0008.png,278,0.17785649001598358,1,1,0,1,0,0,0,1,0
14,pretrained,TP,14/0008.png,279,0.3495570719242096,1,1,0,1,0,0,0,1,0
14,pretrained,TP,14/0008.png,280,0.8185304999351501,1,1,0,1,0,0,0,1,0
14,pretrained,TP,14/0008.png,281,0.03338874503970146,1,1,0,1,0,0,0,1,0
14,pretrained,TP,14/0008.png,282,0.8756719827651978,1,1,0,1,0,0,0,1,0
14,pretrained,TP,14/0008.png,283,0.793442964553833,1,1,0,1,0,0,0,1,0
14,pretrained,TP,14/0008.png,284,1.8755369186401367,1,1,0,1,0,0,0,1,0
14,pretrained,TP,14/0008.png,285,0.0042105549946427345,1,1,0,1,0,0,0,1,0
14,pretrained,TP,14/0008.png,286,0.018978310748934746,1,1,0,1,0,0,0,1,0
14,pretrained,TP,14/0008.png,287,0.8315186500549316,1,1,0,1,0,0,0,1,0
14,pretrained,TP,14/0008.png,288,0.24155737459659576,1,1,0,1,0,0,0,1,0
14,pretrained,TP,14/0008.png,289,0.19958174228668213,1,1,0,1,0,0,0,1,0
14,pretrained,TP,14/0008.png,290,0.48468589782714844,1,1,0,1,0,0,0,1,0
14,pretrained,TP,14/0008.png,291,0.8824211359024048,1,1,0,1,0,0,0,1,0
14,pretrained,TP,14/0008.png,292,0.22725190222263336,1,1,0,1,0,0,0,1,0
14,pretrained,TP,14/0008.png,293,0.2374906688928604,1,1,0,1,0,0,0,1,0
14,pretrained,TP,14/0008.png,294,0.3351796865463257,1,1,0,1,0,0,0,1,0
14,pretrained,TP,14/0008.png,295,0.2633456289768219,1,1,0,1,0,0,0,1,0
14,pretrained,TP,14/0008.png,296,0.6563136577606201,1,1,0,1,0,0,0,1,0
14,pretrained,TP,14/0008.png,297,0.05242648720741272,1,1,0,1,0,0,0,1,0
14,pretrained,TP,14/0008.png,298,0.5954146981239319,1,1,0,1,0,0,0,1,0
14,pretrained,TP,14/0008.png,299,0.08044364303350449,1,1,0,1,0,0,0,1,0
14,pretrained,TP,14/0008.png,300,0.4796489477157593,1,1,0,1,0,0,0,1,0
14,pretrained,TP,14/0008.png,301,0.12061183154582977,1,1,0,1,0,0,0,1,0
14,pretrained,TP,14/0008.png,302,0.0,1,1,0,1,0,0,0,1,0
14,pretrained,TP,14/0008.png,303,0.23367291688919067,1,1,0,1,0,0,0,1,0
14,pretrained,TP,14/0008.png,304,0.22558212280273438,1,1,0,1,0,0,0,1,0
14,pretrained,TP,14/0008.png,305,0.03704347088932991,1,1,0,1,0,0,0,1,0
14,pretrained,TP,14/0008.png,306,0.0005217842408455908,1,1,0,1,0,0,0,1,0
14,pretrained,TP,14/0008.png,307,0.35494181513786316,1,1,0,1,0,0,0,1,0
14,pretrained,TP,14/0008.png,308,0.9842783808708191,1,1,0,1,0,0,0,1,0
14,pretrained,TP,14/0008.png,309,0.07460130006074905,1,1,0,1,0,0,0,1,0
14,pretrained,TP,14/0008.png,310,1.059363603591919,1,1,0,1,0,0,0,1,0
14,pretrained,TP,14/0008.png,311,0.3667204678058624,1,1,0,1,0,0,0,1,0
14,pretrained,TP,14/0008.png,312,1.3837729692459106,1,1,0,1,0,0,0,1,0
14,pretrained,TP,14/0008.png,313,1.313056468963623,1,1,0,1,0,0,0,1,0
14,pretrained,TP,14/0008.png,314,0.05447102710604668,1,1,0,1,0,0,0,1,0
14,pretrained,TP,14/0008.png,315,0.8379285931587219,1,1,0,1,0,0,0,1,0
14,pretrained,TP,14/0008.png,316,0.1130383238196373,1,1,0,1,0,0,0,1,0
14,pretrained,TP,14/0008.png,317,0.24718095362186432,1,1,0,1,0,0,0,1,0
14,pretrained,TP,14/0008.png,318,0.007553438190370798,1,1,0,1,0,0,0,1,0
14,pretrained,TP,14/0008.png,319,1.104142665863037,1,1,0,1,0,0,0,1,0
14,pretrained,TP,14/0008.png,320,0.06649807095527649,1,1,0,1,0,0,0,1,0
14,pretrained,TP,14/0008.png,321,0.33051797747612,1,1,0,1,0,0,0,1,0
14,pretrained,TP,14/0008.png,322,0.2874234914779663,1,1,0,1,0,0,0,1,0
14,pretrained,TP,14/0008.png,323,0.11482223868370056,1,1,0,1,0,0,0,1,0
14,pretrained,TP,14/0008.png,324,0.11772619932889938,1,1,0,1,0,0,0,1,0
14,pretrained,TP,14/0008.png,325,0.17239920794963837,1,1,0,1,0,0,0,1,0
14,pretrained,TP,14/0008.png,326,0.8403202891349792,1,1,0,1,0,0,0,1,0
14,pretrained,TP,14/0008.png,327,0.1259204000234604,1,1,0,1,0,0,0,1,0
14,pretrained,TP,14/0008.png,328,0.4920003414154053,1,1,0,1,0,0,0,1,0
14,pretrained,TP,14/0008.png,329,0.25109878182411194,1,1,0,1,0,0,0,1,0
14,pretrained,TP,14/0008.png,330,1.1016157865524292,1,1,0,1,0,0,0,1,0
14,pretrained,TP,14/0008.png,331,1.1423444747924805,1,1,0,1,0,0,0,1,0
14,pretrained,TP,14/0008.png,332,0.0,1,1,0,1,0,0,0,1,0
14,pretrained,TP,14/0008.png,333,0.8559194803237915,1,1,0,1,0,0,0,1,0
14,pretrained,TP,14/0008.png,334,0.8430145978927612,1,1,0,1,0,0,0,1,0
14,pretrained,TP,14/0008.png,335,0.0,1,1,0,1,0,0,0,1,0
14,pretrained,TP,14/0008.png,336,2.3821239471435547,1,1,0,1,0,0,0,1,0
14,pretrained,TP,14/0008.png,337,0.3173694312572479,1,1,0,1,0,0,0,1,0
14,pretrained,TP,14/0008.png,338,0.03575567901134491,1,1,0,1,0,0,0,1,0
14,pretrained,TP,14/0008.png,339,0.009478227235376835,1,1,0,1,0,0,0,1,0
14,pretrained,TP,14/0008.png,340,2.307506799697876,1,1,0,1,0,0,0,1,0
14,pretrained,TP,14/0008.png,341,0.5363826155662537,1,1,0,1,0,0,0,1,0
14,pretrained,TP,14/0008.png,342,0.3216964602470398,1,1,0,1,0,0,0,1,0
14,pretrained,TP,14/0008.png,343,1.0586813688278198,1,1,0,1,0,0,0,1,0
14,pretrained,TP,14/0008.png,344,0.8451979756355286,1,1,0,1,0,0,0,1,0
14,pretrained,TP,14/0008.png,345,1.5726287364959717,1,1,0,1,0,0,0,1,0
14,pretrained,TP,14/0008.png,346,0.2566116750240326,1,1,0,1,0,0,0,1,0
14,pretrained,TP,14/0008.png,347,0.544764518737793,1,1,0,1,0,0,0,1,0
14,pretrained,TP,14/0008.png,348,1.0448704957962036,1,1,0,1,0,0,0,1,0
14,pretrained,TP,14/0008.png,349,0.719081461429596,1,1,0,1,0,0,0,1,0
14,pretrained,TP,14/0008.png,350,0.4547097980976105,1,1,0,1,0,0,0,1,0
14,pretrained,TP,14/0008.png,351,0.5027456879615784,1,1,0,1,0,0,0,1,0
14,pretrained,TP,14/0008.png,352,1.4097182750701904,1,1,0,1,0,0,0,1,0
14,pretrained,TP,14/0008.png,353,0.7800140380859375,1,1,0,1,0,0,0,1,0
14,pretrained,TP,14/0008.png,354,0.39362668991088867,1,1,0,1,0,0,0,1,0
14,pretrained,TP,14/0008.png,355,0.8480885028839111,1,1,0,1,0,0,0,1,0
14,pretrained,TP,14/0008.png,356,1.1810141801834106,1,1,0,1,0,0,0,1,0
14,pretrained,TP,14/0008.png,357,0.21483509242534637,1,1,0,1,0,0,0,1,0
14,pretrained,TP,14/0008.png,358,0.8054153919219971,1,1,0,1,0,0,0,1,0
14,pretrained,TP,14/0008.png,359,0.33325719833374023,1,1,0,1,0,0,0,1,0
14,pretrained,TP,14/0008.png,360,0.6527981758117676,1,1,0,1,0,0,0,1,0
14,pretrained,TP,14/0008.png,361,0.0,1,1,0,1,0,0,0,1,0
14,pretrained,TP,14/0008.png,362,0.4425787627696991,1,1,0,1,0,0,0,1,0
14,pretrained,TP,14/0008.png,363,0.12793228030204773,1,1,0,1,0,0,0,1,0
14,pretrained,TP,14/0008.png,364,1.6215686798095703,1,1,0,1,0,0,0,1,0
14,pretrained,TP,14/0008.png,365,0.20883794128894806,1,1,0,1,0,0,0,1,0
14,pretrained,TP,14/0008.png,366,0.8016000986099243,1,1,0,1,0,0,0,1,0
14,pretrained,TP,14/0008.png,367,0.10898224264383316,1,1,0,1,0,0,0,1,0
14,pretrained,TP,14/0008.png,368,0.38559412956237793,1,1,0,1,0,0,0,1,0
14,pretrained,TP,14/0008.png,369,0.07308509200811386,1,1,0,1,0,0,0,1,0
14,pretrained,TP,14/0008.png,370,0.09000281244516373,1,1,0,1,0,0,0,1,0
14,pretrained,TP,14/0008.png,371,0.422838419675827,1,1,0,1,0,0,0,1,0
14,pretrained,TP,14/0008.png,372,0.13456791639328003,1,1,0,1,0,0,0,1,0
14,pretrained,TP,14/0008.png,373,0.48248282074928284,1,1,0,1,0,0,0,1,0
14,pretrained,TP,14/0008.png,374,0.616768479347229,1,1,0,1,0,0,0,1,0
14,pretrained,TP,14/0008.png,375,0.04477739334106445,1,1,0,1,0,0,0,1,0
14,pretrained,TP,14/0008.png,376,0.2659247815608978,1,1,0,1,0,0,0,1,0
14,pretrained,TP,14/0008.png,377,0.6610874533653259,1,1,0,1,0,0,0,1,0
14,pretrained,TP,14/0008.png,378,0.0187455452978611,1,1,0,1,0,0,0,1,0
14,pretrained,TP,14/0008.png,379,1.2173343896865845,1,1,0,1,0,0,0,1,0
14,pretrained,TP,14/0008.png,380,0.909386157989502,1,1,0,1,0,0,0,1,0
14,pretrained,TP,14/0008.png,381,0.5896464586257935,1,1,0,1,0,0,0,1,0
14,pretrained,TP,14/0008.png,382,0.39305710792541504,1,1,0,1,0,0,0,1,0
14,pretrained,TP,14/0008.png,383,0.49777594208717346,1,1,0,1,0,0,0,1,0
14,pretrained,TP,14/0008.png,384,0.9337773323059082,1,1,0,1,0,0,0,1,0
14,pretrained,TP,14/0008.png,385,0.3847358524799347,1,1,0,1,0,0,0,1,0
14,pretrained,TP,14/0008.png,386,0.060123298317193985,1,1,0,1,0,0,0,1,0
14,pretrained,TP,14/0008.png,387,2.7174344062805176,1,1,0,1,0,0,0,1,0
14,pretrained,TP,14/0008.png,388,0.19756634533405304,1,1,0,1,0,0,0,1,0
14,pretrained,TP,14/0008.png,389,0.9013237357139587,1,1,0,1,0,0,0,1,0
14,pretrained,TP,14/0008.png,390,1.9462826251983643,1,1,0,1,0,0,0,1,0
14,pretrained,TP,14/0008.png,391,0.3490951955318451,1,1,0,1,0,0,0,1,0
14,pretrained,TP,14/0008.png,392,0.18141601979732513,1,1,0,1,0,0,0,1,0
14,pretrained,TP,14/0008.png,393,1.1980026960372925,1,1,0,1,0,0,0,1,0
14,pretrained,TP,14/0008.png,394,0.7268445491790771,1,1,0,1,0,0,0,1,0
14,pretrained,TP,14/0008.png,395,1.5260463953018188,1,1,0,1,0,0,0,1,0
14,pretrained,TP,14/0008.png,396,0.4580623209476471,1,1,0,1,0,0,0,1,0
14,pretrained,TP,14/0008.png,397,0.9721269607543945,1,1,0,1,0,0,0,1,0
14,pretrained,TP,14/0008.png,398,0.518599271774292,1,1,0,1,0,0,0,1,0
14,pretrained,TP,14/0008.png,399,0.7701359987258911,1,1,0,1,0,0,0,1,0
14,pretrained,TP,14/0008.png,400,0.008995934389531612,1,1,0,1,0,0,0,1,0
14,pretrained,TP,14/0008.png,401,0.24257761240005493,1,1,0,1,0,0,0,1,0
14,pretrained,TP,14/0008.png,402,0.3796866238117218,1,1,0,1,0,0,0,1,0
14,pretrained,TP,14/0008.png,403,0.2682504951953888,1,1,0,1,0,0,0,1,0
14,pretrained,TP,14/0008.png,404,1.3918043375015259,1,1,0,1,0,0,0,1,0
14,pretrained,TP,14/0008.png,405,0.6849496960639954,1,1,0,1,0,0,0,1,0
14,pretrained,TP,14/0008.png,406,0.9023867845535278,1,1,0,1,0,0,0,1,0
14,pretrained,TP,14/0008.png,407,0.5414552688598633,1,1,0,1,0,0,0,1,0
14,pretrained,TP,14/0008.png,408,0.6772611737251282,1,1,0,1,0,0,0,1,0
14,pretrained,TP,14/0008.png,409,0.819441556930542,1,1,0,1,0,0,0,1,0
14,pretrained,TP,14/0008.png,410,0.6328811049461365,1,1,0,1,0,0,0,1,0
14,pretrained,TP,14/0008.png,411,0.36481282114982605,1,1,0,1,0,0,0,1,0
14,pretrained,TP,14/0008.png,412,0.252402126789093,1,1,0,1,0,0,0,1,0
14,pretrained,TP,14/0008.png,413,0.30804020166397095,1,1,0,1,0,0,0,1,0
14,pretrained,TP,14/0008.png,414,0.16870486736297607,1,1,0,1,0,0,0,1,0
14,pretrained,TP,14/0008.png,415,0.441967636346817,1,1,0,1,0,0,0,1,0
14,pretrained,TP,14/0008.png,416,0.8894071578979492,1,1,0,1,0,0,0,1,0
14,pretrained,TP,14/0008.png,417,1.6720000505447388,1,1,0,1,0,0,0,1,0
14,pretrained,TP,14/0008.png,418,0.21200433373451233,1,1,0,1,0,0,0,1,0
14,pretrained,TP,14/0008.png,419,0.7049267292022705,1,1,0,1,0,0,0,1,0
14,pretrained,TP,14/0008.png,420,0.6246201992034912,1,1,0,1,0,0,0,1,0
14,pretrained,TP,14/0008.png,421,0.0,1,1,0,1,0,0,0,1,0
14,pretrained,TP,14/0008.png,422,1.888449788093567,1,1,0,1,0,0,0,1,0
14,pretrained,TP,14/0008.png,423,0.056588511914014816,1,1,0,1,0,0,0,1,0
14,pretrained,TP,14/0008.png,424,0.15293751657009125,1,1,0,1,0,0,0,1,0
14,pretrained,TP,14/0008.png,425,0.09479808807373047,1,1,0,1,0,0,0,1,0
14,pretrained,TP,14/0008.png,426,0.1216394454240799,1,1,0,1,0,0,0,1,0
14,pretrained,TP,14/0008.png,427,0.17918661236763,1,1,0,1,0,0,0,1,0
14,pretrained,TP,14/0008.png,428,1.4086580276489258,1,1,0,1,0,0,0,1,0
14,pretrained,TP,14/0008.png,429,1.1700623035430908,1,1,0,1,0,0,0,1,0
14,pretrained,TP,14/0008.png,430,0.47674646973609924,1,1,0,1,0,0,0,1,0
14,pretrained,TP,14/0008.png,431,1.5076649188995361,1,1,0,1,0,0,0,1,0
14,pretrained,TP,14/0008.png,432,0.6443594098091125,1,1,0,1,0,0,0,1,0
14,pretrained,TP,14/0008.png,433,0.12242647260427475,1,1,0,1,0,0,0,1,0
14,pretrained,TP,14/0008.png,434,0.45532286167144775,1,1,0,1,0,0,0,1,0
14,pretrained,TP,14/0008.png,435,2.2071776390075684,1,1,0,1,0,0,0,1,0
14,pretrained,TP,14/0008.png,436,1.4422374963760376,1,1,0,1,0,0,0,1,0
14,pretrained,TP,14/0008.png,437,1.269647240638733,1,1,0,1,0,0,0,1,0
14,pretrained,TP,14/0008.png,438,0.2643183767795563,1,1,0,1,0,0,0,1,0
14,pretrained,TP,14/0008.png,439,0.05034444108605385,1,1,0,1,0,0,0,1,0
14,pretrained,TP,14/0008.png,440,0.8419367074966431,1,1,0,1,0,0,0,1,0
14,pretrained,TP,14/0008.png,441,0.3259675204753876,1,1,0,1,0,0,0,1,0
14,pretrained,TP,14/0008.png,442,0.19271856546401978,1,1,0,1,0,0,0,1,0
14,pretrained,TP,14/0008.png,443,0.29573068022727966,1,1,0,1,0,0,0,1,0
14,pretrained,TP,14/0008.png,444,0.1997278779745102,1,1,0,1,0,0,0,1,0
14,pretrained,TP,14/0008.png,445,0.08745324611663818,1,1,0,1,0,0,0,1,0
14,pretrained,TP,14/0008.png,446,0.60986328125,1,1,0,1,0,0,0,1,0
14,pretrained,TP,14/0008.png,447,0.2881510853767395,1,1,0,1,0,0,0,1,0
14,pretrained,TP,14/0008.png,448,0.21090634167194366,1,1,0,1,0,0,0,1,0
14,pretrained,TP,14/0008.png,449,0.0,1,1,0,1,0,0,0,1,0
14,pretrained,TP,14/0008.png,450,0.40770962834358215,1,1,0,1,0,0,0,1,0
14,pretrained,TP,14/0008.png,451,0.8496447205543518,1,1,0,1,0,0,0,1,0
14,pretrained,TP,14/0008.png,452,0.026975266635417938,1,1,0,1,0,0,0,1,0
14,pretrained,TP,14/0008.png,453,0.7232531905174255,1,1,0,1,0,0,0,1,0
14,pretrained,TP,14/0008.png,454,0.7166643738746643,1,1,0,1,0,0,0,1,0
14,pretrained,TP,14/0008.png,455,0.7083768248558044,1,1,0,1,0,0,0,1,0
14,pretrained,TP,14/0008.png,456,0.6448594331741333,1,1,0,1,0,0,0,1,0
14,pretrained,TP,14/0008.png,457,0.2598458230495453,1,1,0,1,0,0,0,1,0
14,pretrained,TP,14/0008.png,458,0.7786588072776794,1,1,0,1,0,0,0,1,0
14,pretrained,TP,14/0008.png,459,0.7942439317703247,1,1,0,1,0,0,0,1,0
14,pretrained,TP,14/0008.png,460,0.0015535345301032066,1,1,0,1,0,0,0,1,0
14,pretrained,TP,14/0008.png,461,0.12144473195075989,1,1,0,1,0,0,0,1,0
14,pretrained,TP,14/0008.png,462,0.6104558110237122,1,1,0,1,0,0,0,1,0
14,pretrained,TP,14/0008.png,463,0.510287880897522,1,1,0,1,0,0,0,1,0
14,pretrained,TP,14/0008.png,464,0.634952962398529,1,1,0,1,0,0,0,1,0
14,pretrained,TP,14/0008.png,465,0.2057691365480423,1,1,0,1,0,0,0,1,0
14,pretrained,TP,14/0008.png,466,0.0,1,1,0,1,0,0,0,1,0
14,pretrained,TP,14/0008.png,467,0.422502726316452,1,1,0,1,0,0,0,1,0
14,pretrained,TP,14/0008.png,468,1.5010309219360352,1,1,0,1,0,0,0,1,0
14,pretrained,TP,14/0008.png,469,1.6862437725067139,1,1,0,1,0,0,0,1,0
14,pretrained,TP,14/0008.png,470,0.8941734433174133,1,1,0,1,0,0,0,1,0
14,pretrained,TP,14/0008.png,471,0.1010470986366272,1,1,0,1,0,0,0,1,0
14,pretrained,TP,14/0008.png,472,0.22896815836429596,1,1,0,1,0,0,0,1,0
14,pretrained,TP,14/0008.png,473,0.19682341814041138,1,1,0,1,0,0,0,1,0
14,pretrained,TP,14/0008.png,474,1.0751640796661377,1,1,0,1,0,0,0,1,0
14,pretrained,TP,14/0008.png,475,0.11570758372545242,1,1,0,1,0,0,0,1,0
14,pretrained,TP,14/0008.png,476,0.5131500959396362,1,1,0,1,0,0,0,1,0
14,pretrained,TP,14/0008.png,477,0.8049458265304565,1,1,0,1,0,0,0,1,0
14,pretrained,TP,14/0008.png,478,0.5488579869270325,1,1,0,1,0,0,0,1,0
14,pretrained,TP,14/0008.png,479,0.9256970286369324,1,1,0,1,0,0,0,1,0
14,pretrained,TP,14/0008.png,480,0.1799437403678894,1,1,0,1,0,0,0,1,0
14,pretrained,TP,14/0008.png,481,0.47418585419654846,1,1,0,1,0,0,0,1,0
14,pretrained,TP,14/0008.png,482,0.29182568192481995,1,1,0,1,0,0,0,1,0
14,pretrained,TP,14/0008.png,483,1.0859684944152832,1,1,0,1,0,0,0,1,0
14,pretrained,TP,14/0008.png,484,0.5500960350036621,1,1,0,1,0,0,0,1,0
14,pretrained,TP,14/0008.png,485,0.37645280361175537,1,1,0,1,0,0,0,1,0
14,pretrained,TP,14/0008.png,486,0.09477857500314713,1,1,0,1,0,0,0,1,0
14,pretrained,TP,14/0008.png,487,0.03154677525162697,1,1,0,1,0,0,0,1,0
14,pretrained,TP,14/0008.png,488,0.7396386861801147,1,1,0,1,0,0,0,1,0
14,pretrained,TP,14/0008.png,489,0.0067171379923820496,1,1,0,1,0,0,0,1,0
14,pretrained,TP,14/0008.png,490,0.15256810188293457,1,1,0,1,0,0,0,1,0
14,pretrained,TP,14/0008.png,491,0.024402420967817307,1,1,0,1,0,0,0,1,0
14,pretrained,TP,14/0008.png,492,0.27365642786026,1,1,0,1,0,0,0,1,0
14,pretrained,TP,14/0008.png,493,0.09187167137861252,1,1,0,1,0,0,0,1,0
14,pretrained,TP,14/0008.png,494,0.010880918242037296,1,1,0,1,0,0,0,1,0
14,pretrained,TP,14/0008.png,495,0.7219164967536926,1,1,0,1,0,0,0,1,0
14,pretrained,TP,14/0008.png,496,0.8272104859352112,1,1,0,1,0,0,0,1,0
14,pretrained,TP,14/0008.png,497,0.12992216646671295,1,1,0,1,0,0,0,1,0
14,pretrained,TP,14/0008.png,498,1.5843455791473389,1,1,0,1,0,0,0,1,0
14,pretrained,TP,14/0008.png,499,0.0937272161245346,1,1,0,1,0,0,0,1,0
14,pretrained,TP,14/0008.png,500,0.10750488191843033,1,1,0,1,0,0,0,1,0
14,pretrained,TP,14/0008.png,501,1.0879117250442505,1,1,0,1,0,0,0,1,0
14,pretrained,TP,14/0008.png,502,0.8071186542510986,1,1,0,1,0,0,0,1,0
14,pretrained,TP,14/0008.png,503,0.5408264994621277,1,1,0,1,0,0,0,1,0
14,pretrained,TP,14/0008.png,504,0.7380316853523254,1,1,0,1,0,0,0,1,0
14,pretrained,TP,14/0008.png,505,0.48296037316322327,1,1,0,1,0,0,0,1,0
14,pretrained,TP,14/0008.png,506,0.9624020457267761,1,1,0,1,0,0,0,1,0
14,pretrained,TP,14/0008.png,507,1.2792432308197021,1,1,0,1,0,0,0,1,0
14,pretrained,TP,14/0008.png,508,0.31828612089157104,1,1,0,1,0,0,0,1,0
14,pretrained,TP,14/0008.png,509,0.47760987281799316,1,1,0,1,0,0,0,1,0
14,pretrained,TP,14/0008.png,510,0.6335932612419128,1,1,0,1,0,0,0,1,0
14,pretrained,TP,14/0008.png,511,0.28633373975753784,1,1,0,1,0,0,0,1,0
14,pretrained,FP,14/0007.png,0,1.1267508268356323,0,0,1,1,0,0,0,1,0
14,pretrained,FP,14/0007.png,1,0.16898369789123535,0,0,1,1,0,0,0,1,0
14,pretrained,FP,14/0007.png,2,0.3614809513092041,0,0,1,1,0,0,0,1,0
14,pretrained,FP,14/0007.png,3,1.450782299041748,0,0,1,1,0,0,0,1,0
14,pretrained,FP,14/0007.png,4,0.12464317679405212,0,0,1,1,0,0,0,1,0
14,pretrained,FP,14/0007.png,5,0.9849869012832642,0,0,1,1,0,0,0,1,0
14,pretrained,FP,14/0007.png,6,0.022288843989372253,0,0,1,1,0,0,0,1,0
14,pretrained,FP,14/0007.png,7,0.32671573758125305,0,0,1,1,0,0,0,1,0
14,pretrained,FP,14/0007.png,8,1.2907631397247314,0,0,1,1,0,0,0,1,0
14,pretrained,FP,14/0007.png,9,0.762286365032196,0,0,1,1,0,0,0,1,0
14,pretrained,FP,14/0007.png,10,0.23821616172790527,0,0,1,1,0,0,0,1,0
14,pretrained,FP,14/0007.png,11,0.5379819273948669,0,0,1,1,0,0,0,1,0
14,pretrained,FP,14/0007.png,12,0.4355327785015106,0,0,1,1,0,0,0,1,0
14,pretrained,FP,14/0007.png,13,0.20387610793113708,0,0,1,1,0,0,0,1,0
14,pretrained,FP,14/0007.png,14,0.21389541029930115,0,0,1,1,0,0,0,1,0
14,pretrained,FP,14/0007.png,15,0.18706101179122925,0,0,1,1,0,0,0,1,0
14,pretrained,FP,14/0007.png,16,0.888927698135376,0,0,1,1,0,0,0,1,0
14,pretrained,FP,14/0007.png,17,2.768838405609131,0,0,1,1,0,0,0,1,0
14,pretrained,FP,14/0007.png,18,0.11889747530221939,0,0,1,1,0,0,0,1,0
14,pretrained,FP,14/0007.png,19,0.23981736600399017,0,0,1,1,0,0,0,1,0
14,pretrained,FP,14/0007.png,20,2.0689594745635986,0,0,1,1,0,0,0,1,0
14,pretrained,FP,14/0007.png,21,0.1604112982749939,0,0,1,1,0,0,0,1,0
14,pretrained,FP,14/0007.png,22,0.18124312162399292,0,0,1,1,0,0,0,1,0
14,pretrained,FP,14/0007.png,23,0.1559264361858368,0,0,1,1,0,0,0,1,0
14,pretrained,FP,14/0007.png,24,0.763282835483551,0,0,1,1,0,0,0,1,0
14,pretrained,FP,14/0007.png,25,0.18970870971679688,0,0,1,1,0,0,0,1,0
14,pretrained,FP,14/0007.png,26,1.3883212804794312,0,0,1,1,0,0,0,1,0
14,pretrained,FP,14/0007.png,27,0.323535293340683,0,0,1,1,0,0,0,1,0
14,pretrained,FP,14/0007.png,28,0.11178135126829147,0,0,1,1,0,0,0,1,0
14,pretrained,FP,14/0007.png,29,2.1262447834014893,0,0,1,1,0,0,0,1,0
14,pretrained,FP,14/0007.png,30,0.091584213078022,0,0,1,1,0,0,0,1,0
14,pretrained,FP,14/0007.png,31,0.4192737638950348,0,0,1,1,0,0,0,1,0
14,pretrained,FP,14/0007.png,32,0.39481595158576965,0,0,1,1,0,0,0,1,0
14,pretrained,FP,14/0007.png,33,0.47892820835113525,0,0,1,1,0,0,0,1,0
14,pretrained,FP,14/0007.png,34,1.2566354274749756,0,0,1,1,0,0,0,1,0
14,pretrained,FP,14/0007.png,35,0.16393297910690308,0,0,1,1,0,0,0,1,0
14,pretrained,FP,14/0007.png,36,0.19052085280418396,0,0,1,1,0,0,0,1,0
14,pretrained,FP,14/0007.png,37,0.25724294781684875,0,0,1,1,0,0,0,1,0
14,pretrained,FP,14/0007.png,38,0.8763354420661926,0,0,1,1,0,0,0,1,0
14,pretrained,FP,14/0007.png,39,0.2433043122291565,0,0,1,1,0,0,0,1,0
14,pretrained,FP,14/0007.png,40,0.22959363460540771,0,0,1,1,0,0,0,1,0
14,pretrained,FP,14/0007.png,41,0.6592862010002136,0,0,1,1,0,0,0,1,0
14,pretrained,FP,14/0007.png,42,1.3495204448699951,0,0,1,1,0,0,0,1,0
14,pretrained,FP,14/0007.png,43,0.867292582988739,0,0,1,1,0,0,0,1,0
14,pretrained,FP,14/0007.png,44,0.14668093621730804,0,0,1,1,0,0,0,1,0
14,pretrained,FP,14/0007.png,45,0.5813133716583252,0,0,1,1,0,0,0,1,0
14,pretrained,FP,14/0007.png,46,1.4348748922348022,0,0,1,1,0,0,0,1,0
14,pretrained,FP,14/0007.png,47,0.5601388812065125,0,0,1,1,0,0,0,1,0
14,pretrained,FP,14/0007.png,48,1.228581428527832,0,0,1,1,0,0,0,1,0
14,pretrained,FP,14/0007.png,49,0.825263500213623,0,0,1,1,0,0,0,1,0
14,pretrained,FP,14/0007.png,50,0.42201197147369385,0,0,1,1,0,0,0,1,0
14,pretrained,FP,14/0007.png,51,0.3273058831691742,0,0,1,1,0,0,0,1,0
14,pretrained,FP,14/0007.png,52,2.235999345779419,0,0,1,1,0,0,0,1,0
14,pretrained,FP,14/0007.png,53,0.00027929802308790386,0,0,1,1,0,0,0,1,0
14,pretrained,FP,14/0007.png,54,0.9089282155036926,0,0,1,1,0,0,0,1,0
14,pretrained,FP,14/0007.png,55,0.6787871718406677,0,0,1,1,0,0,0,1,0
14,pretrained,FP,14/0007.png,56,0.15820318460464478,0,0,1,1,0,0,0,1,0
14,pretrained,FP,14/0007.png,57,1.4981645345687866,0,0,1,1,0,0,0,1,0
14,pretrained,FP,14/0007.png,58,0.6821696758270264,0,0,1,1,0,0,0,1,0
14,pretrained,FP,14/0007.png,59,0.18588125705718994,0,0,1,1,0,0,0,1,0
14,pretrained,FP,14/0007.png,60,0.9756914377212524,0,0,1,1,0,0,0,1,0
14,pretrained,FP,14/0007.png,61,0.6737937331199646,0,0,1,1,0,0,0,1,0
14,pretrained,FP,14/0007.png,62,0.0,0,0,1,1,0,0,0,1,0
14,pretrained,FP,14/0007.png,63,0.7220579385757446,0,0,1,1,0,0,0,1,0
14,pretrained,FP,14/0007.png,64,0.7085720896720886,0,0,1,1,0,0,0,1,0
14,pretrained,FP,14/0007.png,65,0.5747938752174377,0,0,1,1,0,0,0,1,0
14,pretrained,FP,14/0007.png,66,0.33155107498168945,0,0,1,1,0,0,0,1,0
14,pretrained,FP,14/0007.png,67,0.1442166119813919,0,0,1,1,0,0,0,1,0
14,pretrained,FP,14/0007.png,68,0.8810938596725464,0,0,1,1,0,0,0,1,0
14,pretrained,FP,14/0007.png,69,0.28658029437065125,0,0,1,1,0,0,0,1,0
14,pretrained,FP,14/0007.png,70,1.3742731809616089,0,0,1,1,0,0,0,1,0
14,pretrained,FP,14/0007.png,71,0.19595763087272644,0,0,1,1,0,0,0,1,0
14,pretrained,FP,14/0007.png,72,1.4357746839523315,0,0,1,1,0,0,0,1,0
14,pretrained,FP,14/0007.png,73,0.5026904344558716,0,0,1,1,0,0,0,1,0
14,pretrained,FP,14/0007.png,74,0.39103683829307556,0,0,1,1,0,0,0,1,0
14,pretrained,FP,14/0007.png,75,0.5191733837127686,0,0,1,1,0,0,0,1,0
14,pretrained,FP,14/0007.png,76,0.055024851113557816,0,0,1,1,0,0,0,1,0
14,pretrained,FP,14/0007.png,77,0.21915291249752045,0,0,1,1,0,0,0,1,0
14,pretrained,FP,14/0007.png,78,0.703868567943573,0,0,1,1,0,0,0,1,0
14,pretrained,FP,14/0007.png,79,0.050331007689237595,0,0,1,1,0,0,0,1,0
14,pretrained,FP,14/0007.png,80,0.6393840312957764,0,0,1,1,0,0,0,1,0
14,pretrained,FP,14/0007.png,81,0.6675513982772827,0,0,1,1,0,0,0,1,0
14,pretrained,FP,14/0007.png,82,2.2393455505371094,0,0,1,1,0,0,0,1,0
14,pretrained,FP,14/0007.png,83,0.37421345710754395,0,0,1,1,0,0,0,1,0
14,pretrained,FP,14/0007.png,84,0.20063947141170502,0,0,1,1,0,0,0,1,0
14,pretrained,FP,14/0007.png,85,0.013949754647910595,0,0,1,1,0,0,0,1,0
14,pretrained,FP,14/0007.png,86,0.11475344002246857,0,0,1,1,0,0,0,1,0
14,pretrained,FP,14/0007.png,87,0.3825024664402008,0,0,1,1,0,0,0,1,0
14,pretrained,FP,14/0007.png,88,0.0,0,0,1,1,0,0,0,1,0
14,pretrained,FP,14/0007.png,89,0.6857504844665527,0,0,1,1,0,0,0,1,0
14,pretrained,FP,14/0007.png,90,0.0907645896077156,0,0,1,1,0,0,0,1,0
14,pretrained,FP,14/0007.png,91,0.6846104860305786,0,0,1,1,0,0,0,1,0
14,pretrained,FP,14/0007.png,92,0.7465741038322449,0,0,1,1,0,0,0,1,0
14,pretrained,FP,14/0007.png,93,0.65253084897995,0,0,1,1,0,0,0,1,0
14,pretrained,FP,14/0007.png,94,0.5815419554710388,0,0,1,1,0,0,0,1,0
14,pretrained,FP,14/0007.png,95,0.5617103576660156,0,0,1,1,0,0,0,1,0
14,pretrained,FP,14/0007.png,96,1.2545833587646484,0,0,1,1,0,0,0,1,0
14,pretrained,FP,14/0007.png,97,0.017720859497785568,0,0,1,1,0,0,0,1,0
14,pretrained,FP,14/0007.png,98,0.47440555691719055,0,0,1,1,0,0,0,1,0
14,pretrained,FP,14/0007.png,99,0.22957581281661987,0,0,1,1,0,0,0,1,0
14,pretrained,FP,14/0007.png,100,0.04697636142373085,0,0,1,1,0,0,0,1,0
14,pretrained,FP,14/0007.png,101,0.11767219007015228,0,0,1,1,0,0,0,1,0
14,pretrained,FP,14/0007.png,102,0.6771326065063477,0,0,1,1,0,0,0,1,0
14,pretrained,FP,14/0007.png,103,1.6575329303741455,0,0,1,1,0,0,0,1,0
14,pretrained,FP,14/0007.png,104,1.9468241930007935,0,0,1,1,0,0,0,1,0
14,pretrained,FP,14/0007.png,105,0.9514406323432922,0,0,1,1,0,0,0,1,0
14,pretrained,FP,14/0007.png,106,0.22996856272220612,0,0,1,1,0,0,0,1,0
14,pretrained,FP,14/0007.png,107,0.08493213355541229,0,0,1,1,0,0,0,1,0
14,pretrained,FP,14/0007.png,108,0.5062041878700256,0,0,1,1,0,0,0,1,0
14,pretrained,FP,14/0007.png,109,0.03462974727153778,0,0,1,1,0,0,0,1,0
14,pretrained,FP,14/0007.png,110,0.0409335121512413,0,0,1,1,0,0,0,1,0
14,pretrained,FP,14/0007.png,111,1.6353912353515625,0,0,1,1,0,0,0,1,0
14,pretrained,FP,14/0007.png,112,0.41865769028663635,0,0,1,1,0,0,0,1,0
14,pretrained,FP,14/0007.png,113,0.019793018698692322,0,0,1,1,0,0,0,1,0
14,pretrained,FP,14/0007.png,114,0.2262294739484787,0,0,1,1,0,0,0,1,0
14,pretrained,FP,14/0007.png,115,0.34561261534690857,0,0,1,1,0,0,0,1,0
14,pretrained,FP,14/0007.png,116,0.13127809762954712,0,0,1,1,0,0,0,1,0
14,pretrained,FP,14/0007.png,117,0.19719557464122772,0,0,1,1,0,0,0,1,0
14,pretrained,FP,14/0007.png,118,0.09479720890522003,0,0,1,1,0,0,0,1,0
14,pretrained,FP,14/0007.png,119,0.21153609454631805,0,0,1,1,0,0,0,1,0
14,pretrained,FP,14/0007.png,120,0.516496479511261,0,0,1,1,0,0,0,1,0
14,pretrained,FP,14/0007.png,121,0.04844716191291809,0,0,1,1,0,0,0,1,0
14,pretrained,FP,14/0007.png,122,0.19017094373703003,0,0,1,1,0,0,0,1,0
14,pretrained,FP,14/0007.png,123,1.3059550523757935,0,0,1,1,0,0,0,1,0
14,pretrained,FP,14/0007.png,124,0.4345274865627289,0,0,1,1,0,0,0,1,0
14,pretrained,FP,14/0007.png,125,0.04233706742525101,0,0,1,1,0,0,0,1,0
14,pretrained,FP,14/0007.png,126,0.5298237800598145,0,0,1,1,0,0,0,1,0
14,pretrained,FP,14/0007.png,127,0.4735953211784363,0,0,1,1,0,0,0,1,0
14,pretrained,FP,14/0007.png,128,0.9340540170669556,0,0,1,1,0,0,0,1,0
14,pretrained,FP,14/0007.png,129,0.8556076288223267,0,0,1,1,0,0,0,1,0
14,pretrained,FP,14/0007.png,130,0.13534799218177795,0,0,1,1,0,0,0,1,0
14,pretrained,FP,14/0007.png,131,0.1599166989326477,0,0,1,1,0,0,0,1,0
14,pretrained,FP,14/0007.png,132,0.11065021902322769,0,0,1,1,0,0,0,1,0
14,pretrained,FP,14/0007.png,133,0.6819862723350525,0,0,1,1,0,0,0,1,0
14,pretrained,FP,14/0007.png,134,2.4012796878814697,0,0,1,1,0,0,0,1,0
14,pretrained,FP,14/0007.png,135,0.017937753349542618,0,0,1,1,0,0,0,1,0
14,pretrained,FP,14/0007.png,136,0.4640647768974304,0,0,1,1,0,0,0,1,0
14,pretrained,FP,14/0007.png,137,1.8793889284133911,0,0,1,1,0,0,0,1,0
14,pretrained,FP,14/0007.png,138,0.2909640669822693,0,0,1,1,0,0,0,1,0
14,pretrained,FP,14/0007.png,139,0.24124698340892792,0,0,1,1,0,0,0,1,0
14,pretrained,FP,14/0007.png,140,0.23716062307357788,0,0,1,1,0,0,0,1,0
14,pretrained,FP,14/0007.png,141,0.1924886703491211,0,0,1,1,0,0,0,1,0
14,pretrained,FP,14/0007.png,142,2.998991012573242,0,0,1,1,0,0,0,1,0
14,pretrained,FP,14/0007.png,143,0.4648219645023346,0,0,1,1,0,0,0,1,0
14,pretrained,FP,14/0007.png,144,1.1659116744995117,0,0,1,1,0,0,0,1,0
14,pretrained,FP,14/0007.png,145,0.06263026595115662,0,0,1,1,0,0,0,1,0
14,pretrained,FP,14/0007.png,146,0.3890629708766937,0,0,1,1,0,0,0,1,0
14,pretrained,FP,14/0007.png,147,0.604213297367096,0,0,1,1,0,0,0,1,0
14,pretrained,FP,14/0007.png,148,0.2845090627670288,0,0,1,1,0,0,0,1,0
14,pretrained,FP,14/0007.png,149,0.24973861873149872,0,0,1,1,0,0,0,1,0
14,pretrained,FP,14/0007.png,150,1.0123188495635986,0,0,1,1,0,0,0,1,0
14,pretrained,FP,14/0007.png,151,0.41290202736854553,0,0,1,1,0,0,0,1,0
14,pretrained,FP,14/0007.png,152,0.4124172031879425,0,0,1,1,0,0,0,1,0
14,pretrained,FP,14/0007.png,153,0.6855560541152954,0,0,1,1,0,0,0,1,0
14,pretrained,FP,14/0007.png,154,0.8252187967300415,0,0,1,1,0,0,0,1,0
14,pretrained,FP,14/0007.png,155,0.14913475513458252,0,0,1,1,0,0,0,1,0
14,pretrained,FP,14/0007.png,156,0.04998664930462837,0,0,1,1,0,0,0,1,0
14,pretrained,FP,14/0007.png,157,0.9742031693458557,0,0,1,1,0,0,0,1,0
14,pretrained,FP,14/0007.png,158,0.38480687141418457,0,0,1,1,0,0,0,1,0
14,pretrained,FP,14/0007.png,159,0.25877901911735535,0,0,1,1,0,0,0,1,0
14,pretrained,FP,14/0007.png,160,0.8465014100074768,0,0,1,1,0,0,0,1,0
14,pretrained,FP,14/0007.png,161,2.6474733352661133,0,0,1,1,0,0,0,1,0
14,pretrained,FP,14/0007.png,162,1.047806978225708,0,0,1,1,0,0,0,1,0
14,pretrained,FP,14/0007.png,163,1.2065587043762207,0,0,1,1,0,0,0,1,0
14,pretrained,FP,14/0007.png,164,1.6192641258239746,0,0,1,1,0,0,0,1,0
14,pretrained,FP,14/0007.png,165,1.045684814453125,0,0,1,1,0,0,0,1,0
14,pretrained,FP,14/0007.png,166,0.16535523533821106,0,0,1,1,0,0,0,1,0
14,pretrained,FP,14/0007.png,167,0.4972273111343384,0,0,1,1,0,0,0,1,0
14,pretrained,FP,14/0007.png,168,0.5860325694084167,0,0,1,1,0,0,0,1,0
14,pretrained,FP,14/0007.png,169,2.6864142417907715,0,0,1,1,0,0,0,1,0
14,pretrained,FP,14/0007.png,170,0.020753974094986916,0,0,1,1,0,0,0,1,0
14,pretrained,FP,14/0007.png,171,0.05889284238219261,0,0,1,1,0,0,0,1,0
14,pretrained,FP,14/0007.png,172,1.0239640474319458,0,0,1,1,0,0,0,1,0
14,pretrained,FP,14/0007.png,173,0.5362362265586853,0,0,1,1,0,0,0,1,0
14,pretrained,FP,14/0007.png,174,0.13586051762104034,0,0,1,1,0,0,0,1,0
14,pretrained,FP,14/0007.png,175,0.5438868999481201,0,0,1,1,0,0,0,1,0
14,pretrained,FP,14/0007.png,176,0.0022181954700499773,0,0,1,1,0,0,0,1,0
14,pretrained,FP,14/0007.png,177,0.13738322257995605,0,0,1,1,0,0,0,1,0
14,pretrained,FP,14/0007.png,178,1.458644151687622,0,0,1,1,0,0,0,1,0
14,pretrained,FP,14/0007.png,179,2.3320930004119873,0,0,1,1,0,0,0,1,0
14,pretrained,FP,14/0007.png,180,1.8448461294174194,0,0,1,1,0,0,0,1,0
14,pretrained,FP,14/0007.png,181,0.049295298755168915,0,0,1,1,0,0,0,1,0
14,pretrained,FP,14/0007.png,182,1.2329990863800049,0,0,1,1,0,0,0,1,0
14,pretrained,FP,14/0007.png,183,0.3160075545310974,0,0,1,1,0,0,0,1,0
14,pretrained,FP,14/0007.png,184,0.35520556569099426,0,0,1,1,0,0,0,1,0
14,pretrained,FP,14/0007.png,185,1.2312887907028198,0,0,1,1,0,0,0,1,0
14,pretrained,FP,14/0007.png,186,0.03445524722337723,0,0,1,1,0,0,0,1,0
14,pretrained,FP,14/0007.png,187,0.49204355478286743,0,0,1,1,0,0,0,1,0
14,pretrained,FP,14/0007.png,188,0.9798113703727722,0,0,1,1,0,0,0,1,0
14,pretrained,FP,14/0007.png,189,0.889239490032196,0,0,1,1,0,0,0,1,0
14,pretrained,FP,14/0007.png,190,0.07385199517011642,0,0,1,1,0,0,0,1,0
14,pretrained,FP,14/0007.png,191,0.5549582242965698,0,0,1,1,0,0,0,1,0
14,pretrained,FP,14/0007.png,192,2.859792947769165,0,0,1,1,0,0,0,1,0
14,pretrained,FP,14/0007.png,193,0.7206229567527771,0,0,1,1,0,0,0,1,0
14,pretrained,FP,14/0007.png,194,1.0217353105545044,0,0,1,1,0,0,0,1,0
14,pretrained,FP,14/0007.png,195,0.11807393282651901,0,0,1,1,0,0,0,1,0
14,pretrained,FP,14/0007.png,196,0.27511388063430786,0,0,1,1,0,0,0,1,0
14,pretrained,FP,14/0007.png,197,1.119602084159851,0,0,1,1,0,0,0,1,0
14,pretrained,FP,14/0007.png,198,0.5021942853927612,0,0,1,1,0,0,0,1,0
14,pretrained,FP,14/0007.png,199,1.0048606395721436,0,0,1,1,0,0,0,1,0
14,pretrained,FP,14/0007.png,200,0.3208666145801544,0,0,1,1,0,0,0,1,0
14,pretrained,FP,14/0007.png,201,0.4945951998233795,0,0,1,1,0,0,0,1,0
14,pretrained,FP,14/0007.png,202,0.8285726308822632,0,0,1,1,0,0,0,1,0
14,pretrained,FP,14/0007.png,203,0.8385744094848633,0,0,1,1,0,0,0,1,0
14,pretrained,FP,14/0007.png,204,0.07998867332935333,0,0,1,1,0,0,0,1,0
14,pretrained,FP,14/0007.png,205,0.5188206434249878,0,0,1,1,0,0,0,1,0
14,pretrained,FP,14/0007.png,206,2.183837890625,0,0,1,1,0,0,0,1,0
14,pretrained,FP,14/0007.png,207,0.40513676404953003,0,0,1,1,0,0,0,1,0
14,pretrained,FP,14/0007.png,208,0.22674459218978882,0,0,1,1,0,0,0,1,0
14,pretrained,FP,14/0007.png,209,2.550795555114746,0,0,1,1,0,0,0,1,0
14,pretrained,FP,14/0007.png,210,0.3953549861907959,0,0,1,1,0,0,0,1,0
14,pretrained,FP,14/0007.png,211,0.1388058215379715,0,0,1,1,0,0,0,1,0
14,pretrained,FP,14/0007.png,212,0.7677327990531921,0,0,1,1,0,0,0,1,0
14,pretrained,FP,14/0007.png,213,0.03608939051628113,0,0,1,1,0,0,0,1,0
14,pretrained,FP,14/0007.png,214,1.1835607290267944,0,0,1,1,0,0,0,1,0
14,pretrained,FP,14/0007.png,215,1.0930240154266357,0,0,1,1,0,0,0,1,0
14,pretrained,FP,14/0007.png,216,0.1584506779909134,0,0,1,1,0,0,0,1,0
14,pretrained,FP,14/0007.png,217,0.24715739488601685,0,0,1,1,0,0,0,1,0
14,pretrained,FP,14/0007.png,218,0.1863238513469696,0,0,1,1,0,0,0,1,0
14,pretrained,FP,14/0007.png,219,0.23614321649074554,0,0,1,1,0,0,0,1,0
14,pretrained,FP,14/0007.png,220,0.8052120804786682,0,0,1,1,0,0,0,1,0
14,pretrained,FP,14/0007.png,221,0.1184871718287468,0,0,1,1,0,0,0,1,0
14,pretrained,FP,14/0007.png,222,0.09628158807754517,0,0,1,1,0,0,0,1,0
14,pretrained,FP,14/0007.png,223,0.16476893424987793,0,0,1,1,0,0,0,1,0
14,pretrained,FP,14/0007.png,224,0.5034497976303101,0,0,1,1,0,0,0,1,0
14,pretrained,FP,14/0007.png,225,1.0107834339141846,0,0,1,1,0,0,0,1,0
14,pretrained,FP,14/0007.png,226,0.6777331829071045,0,0,1,1,0,0,0,1,0
14,pretrained,FP,14/0007.png,227,0.41004741191864014,0,0,1,1,0,0,0,1,0
14,pretrained,FP,14/0007.png,228,0.016992714256048203,0,0,1,1,0,0,0,1,0
14,pretrained,FP,14/0007.png,229,0.02025015652179718,0,0,1,1,0,0,0,1,0
14,pretrained,FP,14/0007.png,230,0.6884763836860657,0,0,1,1,0,0,0,1,0
14,pretrained,FP,14/0007.png,231,0.30551475286483765,0,0,1,1,0,0,0,1,0
14,pretrained,FP,14/0007.png,232,0.1464565545320511,0,0,1,1,0,0,0,1,0
14,pretrained,FP,14/0007.png,233,2.3060591220855713,0,0,1,1,0,0,0,1,0
14,pretrained,FP,14/0007.png,234,0.1567355990409851,0,0,1,1,0,0,0,1,0
14,pretrained,FP,14/0007.png,235,1.0640087127685547,0,0,1,1,0,0,0,1,0
14,pretrained,FP,14/0007.png,236,0.038793034851551056,0,0,1,1,0,0,0,1,0
14,pretrained,FP,14/0007.png,237,0.3085345923900604,0,0,1,1,0,0,0,1,0
14,pretrained,FP,14/0007.png,238,0.33784955739974976,0,0,1,1,0,0,0,1,0
14,pretrained,FP,14/0007.png,239,0.12840384244918823,0,0,1,1,0,0,0,1,0
14,pretrained,FP,14/0007.png,240,0.6535334587097168,0,0,1,1,0,0,0,1,0
14,pretrained,FP,14/0007.png,241,0.857435405254364,0,0,1,1,0,0,0,1,0
14,pretrained,FP,14/0007.png,242,0.10790833830833435,0,0,1,1,0,0,0,1,0
14,pretrained,FP,14/0007.png,243,2.909325361251831,0,0,1,1,0,0,0,1,0
14,pretrained,FP,14/0007.png,244,0.77902752161026,0,0,1,1,0,0,0,1,0
14,pretrained,FP,14/0007.png,245,0.7617703080177307,0,0,1,1,0,0,0,1,0
14,pretrained,FP,14/0007.png,246,0.5063756108283997,0,0,1,1,0,0,0,1,0
14,pretrained,FP,14/0007.png,247,0.2663809359073639,0,0,1,1,0,0,0,1,0
14,pretrained,FP,14/0007.png,248,0.020886030048131943,0,0,1,1,0,0,0,1,0
14,pretrained,FP,14/0007.png,249,0.40539830923080444,0,0,1,1,0,0,0,1,0
14,pretrained,FP,14/0007.png,250,0.15885132551193237,0,0,1,1,0,0,0,1,0
14,pretrained,FP,14/0007.png,251,1.223954677581787,0,0,1,1,0,0,0,1,0
14,pretrained,FP,14/0007.png,252,0.2785714268684387,0,0,1,1,0,0,0,1,0
14,pretrained,FP,14/0007.png,253,0.2189645916223526,0,0,1,1,0,0,0,1,0
14,pretrained,FP,14/0007.png,254,0.6732109785079956,0,0,1,1,0,0,0,1,0
14,pretrained,FP,14/0007.png,255,0.7819008827209473,0,0,1,1,0,0,0,1,0
14,pretrained,FP,14/0007.png,256,1.0706888437271118,0,0,1,1,0,0,0,1,0
14,pretrained,FP,14/0007.png,257,1.0320974588394165,0,0,1,1,0,0,0,1,0
14,pretrained,FP,14/0007.png,258,0.318133682012558,0,0,1,1,0,0,0,1,0
14,pretrained,FP,14/0007.png,259,0.11260423809289932,0,0,1,1,0,0,0,1,0
14,pretrained,FP,14/0007.png,260,1.5400887727737427,0,0,1,1,0,0,0,1,0
14,pretrained,FP,14/0007.png,261,1.1140609979629517,0,0,1,1,0,0,0,1,0
14,pretrained,FP,14/0007.png,262,0.528807520866394,0,0,1,1,0,0,0,1,0
14,pretrained,FP,14/0007.png,263,0.6189879775047302,0,0,1,1,0,0,0,1,0
14,pretrained,FP,14/0007.png,264,1.4903924465179443,0,0,1,1,0,0,0,1,0
14,pretrained,FP,14/0007.png,265,0.5946865677833557,0,0,1,1,0,0,0,1,0
14,pretrained,FP,14/0007.png,266,0.7299392223358154,0,0,1,1,0,0,0,1,0
14,pretrained,FP,14/0007.png,267,0.973173201084137,0,0,1,1,0,0,0,1,0
14,pretrained,FP,14/0007.png,268,0.4221973121166229,0,0,1,1,0,0,0,1,0
14,pretrained,FP,14/0007.png,269,0.8430066108703613,0,0,1,1,0,0,0,1,0
14,pretrained,FP,14/0007.png,270,0.4556823968887329,0,0,1,1,0,0,0,1,0
14,pretrained,FP,14/0007.png,271,0.41977784037590027,0,0,1,1,0,0,0,1,0
14,pretrained,FP,14/0007.png,272,0.25001445412635803,0,0,1,1,0,0,0,1,0
14,pretrained,FP,14/0007.png,273,0.7374753952026367,0,0,1,1,0,0,0,1,0
14,pretrained,FP,14/0007.png,274,0.1887931376695633,0,0,1,1,0,0,0,1,0
14,pretrained,FP,14/0007.png,275,0.5005478858947754,0,0,1,1,0,0,0,1,0
14,pretrained,FP,14/0007.png,276,2.2814514522906393e-05,0,0,1,1,0,0,0,1,0
14,pretrained,FP,14/0007.png,277,0.5004289150238037,0,0,1,1,0,0,0,1,0
14,pretrained,FP,14/0007.png,278,0.30199921131134033,0,0,1,1,0,0,0,1,0
14,pretrained,FP,14/0007.png,279,0.2276953160762787,0,0,1,1,0,0,0,1,0
14,pretrained,FP,14/0007.png,280,1.1043100357055664,0,0,1,1,0,0,0,1,0
14,pretrained,FP,14/0007.png,281,0.019986266270279884,0,0,1,1,0,0,0,1,0
14,pretrained,FP,14/0007.png,282,0.7132765054702759,0,0,1,1,0,0,0,1,0
14,pretrained,FP,14/0007.png,283,0.35357770323753357,0,0,1,1,0,0,0,1,0
14,pretrained,FP,14/0007.png,284,1.015666127204895,0,0,1,1,0,0,0,1,0
14,pretrained,FP,14/0007.png,285,0.09769545495510101,0,0,1,1,0,0,0,1,0
14,pretrained,FP,14/0007.png,286,0.06701721251010895,0,0,1,1,0,0,0,1,0
14,pretrained,FP,14/0007.png,287,0.06680560857057571,0,0,1,1,0,0,0,1,0
14,pretrained,FP,14/0007.png,288,0.10949727147817612,0,0,1,1,0,0,0,1,0
14,pretrained,FP,14/0007.png,289,0.14746877551078796,0,0,1,1,0,0,0,1,0
14,pretrained,FP,14/0007.png,290,0.144369974732399,0,0,1,1,0,0,0,1,0
14,pretrained,FP,14/0007.png,291,0.5371005535125732,0,0,1,1,0,0,0,1,0
14,pretrained,FP,14/0007.png,292,0.3181922733783722,0,0,1,1,0,0,0,1,0
14,pretrained,FP,14/0007.png,293,0.1788644641637802,0,0,1,1,0,0,0,1,0
14,pretrained,FP,14/0007.png,294,0.46358752250671387,0,0,1,1,0,0,0,1,0
14,pretrained,FP,14/0007.png,295,0.34337687492370605,0,0,1,1,0,0,0,1,0
14,pretrained,FP,14/0007.png,296,0.5933171510696411,0,0,1,1,0,0,0,1,0
14,pretrained,FP,14/0007.png,297,0.9670388102531433,0,0,1,1,0,0,0,1,0
14,pretrained,FP,14/0007.png,298,0.6232896447181702,0,0,1,1,0,0,0,1,0
14,pretrained,FP,14/0007.png,299,0.7714971303939819,0,0,1,1,0,0,0,1,0
14,pretrained,FP,14/0007.png,300,1.1895548105239868,0,0,1,1,0,0,0,1,0
14,pretrained,FP,14/0007.png,301,0.5955666303634644,0,0,1,1,0,0,0,1,0
14,pretrained,FP,14/0007.png,302,0.0,0,0,1,1,0,0,0,1,0
14,pretrained,FP,14/0007.png,303,0.15827088057994843,0,0,1,1,0,0,0,1,0
14,pretrained,FP,14/0007.png,304,0.05096510052680969,0,0,1,1,0,0,0,1,0
14,pretrained,FP,14/0007.png,305,0.0020716350991278887,0,0,1,1,0,0,0,1,0
14,pretrained,FP,14/0007.png,306,0.0,0,0,1,1,0,0,0,1,0
14,pretrained,FP,14/0007.png,307,0.3512677848339081,0,0,1,1,0,0,0,1,0
14,pretrained,FP,14/0007.png,308,0.2210543304681778,0,0,1,1,0,0,0,1,0
14,pretrained,FP,14/0007.png,309,0.08258478343486786,0,0,1,1,0,0,0,1,0
14,pretrained,FP,14/0007.png,310,2.087348461151123,0,0,1,1,0,0,0,1,0
14,pretrained,FP,14/0007.png,311,0.4636498987674713,0,0,1,1,0,0,0,1,0
14,pretrained,FP,14/0007.png,312,0.5926795601844788,0,0,1,1,0,0,0,1,0
14,pretrained,FP,14/0007.png,313,0.8657298684120178,0,0,1,1,0,0,0,1,0
14,pretrained,FP,14/0007.png,314,0.15312007069587708,0,0,1,1,0,0,0,1,0
14,pretrained,FP,14/0007.png,315,1.4472146034240723,0,0,1,1,0,0,0,1,0
14,pretrained,FP,14/0007.png,316,0.9882876873016357,0,0,1,1,0,0,0,1,0
14,pretrained,FP,14/0007.png,317,0.5374524593353271,0,0,1,1,0,0,0,1,0
14,pretrained,FP,14/0007.png,318,0.7355061769485474,0,0,1,1,0,0,0,1,0
14,pretrained,FP,14/0007.png,319,0.6941143870353699,0,0,1,1,0,0,0,1,0
14,pretrained,FP,14/0007.png,320,0.02648378349840641,0,0,1,1,0,0,0,1,0
14,pretrained,FP,14/0007.png,321,0.04956146329641342,0,0,1,1,0,0,0,1,0
14,pretrained,FP,14/0007.png,322,0.5481283664703369,0,0,1,1,0,0,0,1,0
14,pretrained,FP,14/0007.png,323,0.8052334785461426,0,0,1,1,0,0,0,1,0
14,pretrained,FP,14/0007.png,324,0.0,0,0,1,1,0,0,0,1,0
14,pretrained,FP,14/0007.png,325,0.5761411190032959,0,0,1,1,0,0,0,1,0
14,pretrained,FP,14/0007.png,326,0.8957724571228027,0,0,1,1,0,0,0,1,0
14,pretrained,FP,14/0007.png,327,0.0,0,0,1,1,0,0,0,1,0
14,pretrained,FP,14/0007.png,328,0.6406865119934082,0,0,1,1,0,0,0,1,0
14,pretrained,FP,14/0007.png,329,0.09218695014715195,0,0,1,1,0,0,0,1,0
14,pretrained,FP,14/0007.png,330,1.420091152191162,0,0,1,1,0,0,0,1,0
14,pretrained,FP,14/0007.png,331,1.2250078916549683,0,0,1,1,0,0,0,1,0
14,pretrained,FP,14/0007.png,332,0.2460346221923828,0,0,1,1,0,0,0,1,0
14,pretrained,FP,14/0007.png,333,0.6369963884353638,0,0,1,1,0,0,0,1,0
14,pretrained,FP,14/0007.png,334,0.9105132818222046,0,0,1,1,0,0,0,1,0
14,pretrained,FP,14/0007.png,335,0.0,0,0,1,1,0,0,0,1,0
14,pretrained,FP,14/0007.png,336,2.728895902633667,0,0,1,1,0,0,0,1,0
14,pretrained,FP,14/0007.png,337,0.2704324424266815,0,0,1,1,0,0,0,1,0
14,pretrained,FP,14/0007.png,338,0.23268072307109833,0,0,1,1,0,0,0,1,0
14,pretrained,FP,14/0007.png,339,0.02019304595887661,0,0,1,1,0,0,0,1,0
14,pretrained,FP,14/0007.png,340,1.7707312107086182,0,0,1,1,0,0,0,1,0
14,pretrained,FP,14/0007.png,341,0.19557370245456696,0,0,1,1,0,0,0,1,0
14,pretrained,FP,14/0007.png,342,1.016797661781311,0,0,1,1,0,0,0,1,0
14,pretrained,FP,14/0007.png,343,3.410294532775879,0,0,1,1,0,0,0,1,0
14,pretrained,FP,14/0007.png,344,0.9564574956893921,0,0,1,1,0,0,0,1,0
14,pretrained,FP,14/0007.png,345,0.7612924575805664,0,0,1,1,0,0,0,1,0
14,pretrained,FP,14/0007.png,346,0.13604962825775146,0,0,1,1,0,0,0,1,0
14,pretrained,FP,14/0007.png,347,1.9327539205551147,0,0,1,1,0,0,0,1,0
14,pretrained,FP,14/0007.png,348,1.137296199798584,0,0,1,1,0,0,0,1,0
14,pretrained,FP,14/0007.png,349,0.6972081065177917,0,0,1,1,0,0,0,1,0
14,pretrained,FP,14/0007.png,350,0.16533882915973663,0,0,1,1,0,0,0,1,0
14,pretrained,FP,14/0007.png,351,1.1444416046142578,0,0,1,1,0,0,0,1,0
14,pretrained,FP,14/0007.png,352,0.6578577160835266,0,0,1,1,0,0,0,1,0
14,pretrained,FP,14/0007.png,353,1.5631282329559326,0,0,1,1,0,0,0,1,0
14,pretrained,FP,14/0007.png,354,0.06508979201316833,0,0,1,1,0,0,0,1,0
14,pretrained,FP,14/0007.png,355,0.7409063577651978,0,0,1,1,0,0,0,1,0
14,pretrained,FP,14/0007.png,356,0.5980343818664551,0,0,1,1,0,0,0,1,0
14,pretrained,FP,14/0007.png,357,0.3272513449192047,0,0,1,1,0,0,0,1,0
14,pretrained,FP,14/0007.png,358,0.6262957453727722,0,0,1,1,0,0,0,1,0
14,pretrained,FP,14/0007.png,359,0.963667094707489,0,0,1,1,0,0,0,1,0
14,pretrained,FP,14/0007.png,360,1.1289658546447754,0,0,1,1,0,0,0,1,0
14,pretrained,FP,14/0007.png,361,0.2221996933221817,0,0,1,1,0,0,0,1,0
14,pretrained,FP,14/0007.png,362,0.4602391719818115,0,0,1,1,0,0,0,1,0
14,pretrained,FP,14/0007.png,363,0.12336454540491104,0,0,1,1,0,0,0,1,0
14,pretrained,FP,14/0007.png,364,1.6848206520080566,0,0,1,1,0,0,0,1,0
14,pretrained,FP,14/0007.png,365,0.9701961874961853,0,0,1,1,0,0,0,1,0
14,pretrained,FP,14/0007.png,366,0.5954000353813171,0,0,1,1,0,0,0,1,0
14,pretrained,FP,14/0007.png,367,0.21559825539588928,0,0,1,1,0,0,0,1,0
14,pretrained,FP,14/0007.png,368,0.3009730577468872,0,0,1,1,0,0,0,1,0
14,pretrained,FP,14/0007.png,369,0.5029901266098022,0,0,1,1,0,0,0,1,0
14,pretrained,FP,14/0007.png,370,0.20686376094818115,0,0,1,1,0,0,0,1,0
14,pretrained,FP,14/0007.png,371,0.6069532632827759,0,0,1,1,0,0,0,1,0
14,pretrained,FP,14/0007.png,372,0.09089037775993347,0,0,1,1,0,0,0,1,0
14,pretrained,FP,14/0007.png,373,0.7821832895278931,0,0,1,1,0,0,0,1,0
14,pretrained,FP,14/0007.png,374,0.33740073442459106,0,0,1,1,0,0,0,1,0
14,pretrained,FP,14/0007.png,375,0.04376860707998276,0,0,1,1,0,0,0,1,0
14,pretrained,FP,14/0007.png,376,0.4984682500362396,0,0,1,1,0,0,0,1,0
14,pretrained,FP,14/0007.png,377,0.8458786010742188,0,0,1,1,0,0,0,1,0
14,pretrained,FP,14/0007.png,378,0.23201662302017212,0,0,1,1,0,0,0,1,0
14,pretrained,FP,14/0007.png,379,0.20221488177776337,0,0,1,1,0,0,0,1,0
14,pretrained,FP,14/0007.png,380,0.8888697624206543,0,0,1,1,0,0,0,1,0
14,pretrained,FP,14/0007.png,381,1.1569315195083618,0,0,1,1,0,0,0,1,0
14,pretrained,FP,14/0007.png,382,0.6105125546455383,0,0,1,1,0,0,0,1,0
14,pretrained,FP,14/0007.png,383,0.3804596960544586,0,0,1,1,0,0,0,1,0
14,pretrained,FP,14/0007.png,384,0.001497071934863925,0,0,1,1,0,0,0,1,0
14,pretrained,FP,14/0007.png,385,0.5829460024833679,0,0,1,1,0,0,0,1,0
14,pretrained,FP,14/0007.png,386,0.010367321781814098,0,0,1,1,0,0,0,1,0
14,pretrained,FP,14/0007.png,387,1.0074204206466675,0,0,1,1,0,0,0,1,0
14,pretrained,FP,14/0007.png,388,0.0008238977752625942,0,0,1,1,0,0,0,1,0
14,pretrained,FP,14/0007.png,389,0.6007737517356873,0,0,1,1,0,0,0,1,0
14,pretrained,FP,14/0007.png,390,0.9463872313499451,0,0,1,1,0,0,0,1,0
14,pretrained,FP,14/0007.png,391,0.14928491413593292,0,0,1,1,0,0,0,1,0
14,pretrained,FP,14/0007.png,392,0.015630843117833138,0,0,1,1,0,0,0,1,0
14,pretrained,FP,14/0007.png,393,1.1367160081863403,0,0,1,1,0,0,0,1,0
14,pretrained,FP,14/0007.png,394,0.7544127702713013,0,0,1,1,0,0,0,1,0
14,pretrained,FP,14/0007.png,395,0.11099577695131302,0,0,1,1,0,0,0,1,0
14,pretrained,FP,14/0007.png,396,1.7239760160446167,0,0,1,1,0,0,0,1,0
14,pretrained,FP,14/0007.png,397,0.40195029973983765,0,0,1,1,0,0,0,1,0
14,pretrained,FP,14/0007.png,398,0.28628647327423096,0,0,1,1,0,0,0,1,0
14,pretrained,FP,14/0007.png,399,0.6506743431091309,0,0,1,1,0,0,0,1,0
14,pretrained,FP,14/0007.png,400,0.0,0,0,1,1,0,0,0,1,0
14,pretrained,FP,14/0007.png,401,0.535796046257019,0,0,1,1,0,0,0,1,0
14,pretrained,FP,14/0007.png,402,0.40254759788513184,0,0,1,1,0,0,0,1,0
14,pretrained,FP,14/0007.png,403,0.18712958693504333,0,0,1,1,0,0,0,1,0
14,pretrained,FP,14/0007.png,404,1.7214804887771606,0,0,1,1,0,0,0,1,0
14,pretrained,FP,14/0007.png,405,1.0983593463897705,0,0,1,1,0,0,0,1,0
14,pretrained,FP,14/0007.png,406,0.7271167039871216,0,0,1,1,0,0,0,1,0
14,pretrained,FP,14/0007.png,407,0.5488125681877136,0,0,1,1,0,0,0,1,0
14,pretrained,FP,14/0007.png,408,0.8800371885299683,0,0,1,1,0,0,0,1,0
14,pretrained,FP,14/0007.png,409,0.6872934699058533,0,0,1,1,0,0,0,1,0
14,pretrained,FP,14/0007.png,410,0.5135437250137329,0,0,1,1,0,0,0,1,0
14,pretrained,FP,14/0007.png,411,0.3440929055213928,0,0,1,1,0,0,0,1,0
14,pretrained,FP,14/0007.png,412,0.4458357095718384,0,0,1,1,0,0,0,1,0
14,pretrained,FP,14/0007.png,413,0.37600839138031006,0,0,1,1,0,0,0,1,0
14,pretrained,FP,14/0007.png,414,0.20674550533294678,0,0,1,1,0,0,0,1,0
14,pretrained,FP,14/0007.png,415,0.3187546133995056,0,0,1,1,0,0,0,1,0
14,pretrained,FP,14/0007.png,416,2.048210382461548,0,0,1,1,0,0,0,1,0
14,pretrained,FP,14/0007.png,417,0.4787771701812744,0,0,1,1,0,0,0,1,0
14,pretrained,FP,14/0007.png,418,0.2792946994304657,0,0,1,1,0,0,0,1,0
14,pretrained,FP,14/0007.png,419,1.2138830423355103,0,0,1,1,0,0,0,1,0
14,pretrained,FP,14/0007.png,420,0.8524933457374573,0,0,1,1,0,0,0,1,0
14,pretrained,FP,14/0007.png,421,0.07632111757993698,0,0,1,1,0,0,0,1,0
14,pretrained,FP,14/0007.png,422,0.47850799560546875,0,0,1,1,0,0,0,1,0
14,pretrained,FP,14/0007.png,423,0.13569816946983337,0,0,1,1,0,0,0,1,0
14,pretrained,FP,14/0007.png,424,0.20743823051452637,0,0,1,1,0,0,0,1,0
14,pretrained,FP,14/0007.png,425,0.031568314880132675,0,0,1,1,0,0,0,1,0
14,pretrained,FP,14/0007.png,426,0.18581445515155792,0,0,1,1,0,0,0,1,0
14,pretrained,FP,14/0007.png,427,0.04871933162212372,0,0,1,1,0,0,0,1,0
14,pretrained,FP,14/0007.png,428,0.48199066519737244,0,0,1,1,0,0,0,1,0
14,pretrained,FP,14/0007.png,429,0.27844077348709106,0,0,1,1,0,0,0,1,0
14,pretrained,FP,14/0007.png,430,0.03211456909775734,0,0,1,1,0,0,0,1,0
14,pretrained,FP,14/0007.png,431,1.6184768676757812,0,0,1,1,0,0,0,1,0
14,pretrained,FP,14/0007.png,432,0.6475356817245483,0,0,1,1,0,0,0,1,0
14,pretrained,FP,14/0007.png,433,0.04496978223323822,0,0,1,1,0,0,0,1,0
14,pretrained,FP,14/0007.png,434,0.24898286163806915,0,0,1,1,0,0,0,1,0
14,pretrained,FP,14/0007.png,435,0.40184056758880615,0,0,1,1,0,0,0,1,0
14,pretrained,FP,14/0007.png,436,0.6181028485298157,0,0,1,1,0,0,0,1,0
14,pretrained,FP,14/0007.png,437,1.1594905853271484,0,0,1,1,0,0,0,1,0
14,pretrained,FP,14/0007.png,438,0.5826671123504639,0,0,1,1,0,0,0,1,0
14,pretrained,FP,14/0007.png,439,0.020098045468330383,0,0,1,1,0,0,0,1,0
14,pretrained,FP,14/0007.png,440,0.13154563307762146,0,0,1,1,0,0,0,1,0
14,pretrained,FP,14/0007.png,441,0.29586362838745117,0,0,1,1,0,0,0,1,0
14,pretrained,FP,14/0007.png,442,0.07543457299470901,0,0,1,1,0,0,0,1,0
14,pretrained,FP,14/0007.png,443,0.3455742299556732,0,0,1,1,0,0,0,1,0
14,pretrained,FP,14/0007.png,444,0.14084479212760925,0,0,1,1,0,0,0,1,0
14,pretrained,FP,14/0007.png,445,0.08497133105993271,0,0,1,1,0,0,0,1,0
14,pretrained,FP,14/0007.png,446,0.14015337824821472,0,0,1,1,0,0,0,1,0
14,pretrained,FP,14/0007.png,447,0.23697713017463684,0,0,1,1,0,0,0,1,0
14,pretrained,FP,14/0007.png,448,0.6059040427207947,0,0,1,1,0,0,0,1,0
14,pretrained,FP,14/0007.png,449,0.34719058871269226,0,0,1,1,0,0,0,1,0
14,pretrained,FP,14/0007.png,450,1.3521000146865845,0,0,1,1,0,0,0,1,0
14,pretrained,FP,14/0007.png,451,0.9680823683738708,0,0,1,1,0,0,0,1,0
14,pretrained,FP,14/0007.png,452,0.052712246775627136,0,0,1,1,0,0,0,1,0
14,pretrained,FP,14/0007.png,453,0.27857473492622375,0,0,1,1,0,0,0,1,0
14,pretrained,FP,14/0007.png,454,2.0992000102996826,0,0,1,1,0,0,0,1,0
14,pretrained,FP,14/0007.png,455,0.6722015142440796,0,0,1,1,0,0,0,1,0
14,pretrained,FP,14/0007.png,456,0.12022393941879272,0,0,1,1,0,0,0,1,0
14,pretrained,FP,14/0007.png,457,0.26531851291656494,0,0,1,1,0,0,0,1,0
14,pretrained,FP,14/0007.png,458,1.3832855224609375,0,0,1,1,0,0,0,1,0
14,pretrained,FP,14/0007.png,459,1.227656364440918,0,0,1,1,0,0,0,1,0
14,pretrained,FP,14/0007.png,460,0.713347315788269,0,0,1,1,0,0,0,1,0
14,pretrained,FP,14/0007.png,461,0.007489506155252457,0,0,1,1,0,0,0,1,0
14,pretrained,FP,14/0007.png,462,0.6158727407455444,0,0,1,1,0,0,0,1,0
14,pretrained,FP,14/0007.png,463,1.1037245988845825,0,0,1,1,0,0,0,1,0
14,pretrained,FP,14/0007.png,464,0.412532776594162,0,0,1,1,0,0,0,1,0
14,pretrained,FP,14/0007.png,465,0.0907101258635521,0,0,1,1,0,0,0,1,0
14,pretrained,FP,14/0007.png,466,0.008264061994850636,0,0,1,1,0,0,0,1,0
14,pretrained,FP,14/0007.png,467,1.4856268167495728,0,0,1,1,0,0,0,1,0
14,pretrained,FP,14/0007.png,468,1.066101312637329,0,0,1,1,0,0,0,1,0
14,pretrained,FP,14/0007.png,469,1.233749270439148,0,0,1,1,0,0,0,1,0
14,pretrained,FP,14/0007.png,470,1.1991699934005737,0,0,1,1,0,0,0,1,0
14,pretrained,FP,14/0007.png,471,0.4069579243659973,0,0,1,1,0,0,0,1,0
14,pretrained,FP,14/0007.png,472,0.05343438312411308,0,0,1,1,0,0,0,1,0
14,pretrained,FP,14/0007.png,473,0.06614481657743454,0,0,1,1,0,0,0,1,0
14,pretrained,FP,14/0007.png,474,1.2164547443389893,0,0,1,1,0,0,0,1,0
14,pretrained,FP,14/0007.png,475,0.28997334837913513,0,0,1,1,0,0,0,1,0
14,pretrained,FP,14/0007.png,476,0.5460660457611084,0,0,1,1,0,0,0,1,0
14,pretrained,FP,14/0007.png,477,0.7040982246398926,0,0,1,1,0,0,0,1,0
14,pretrained,FP,14/0007.png,478,0.11837887018918991,0,0,1,1,0,0,0,1,0
14,pretrained,FP,14/0007.png,479,0.48914477229118347,0,0,1,1,0,0,0,1,0
14,pretrained,FP,14/0007.png,480,0.13149893283843994,0,0,1,1,0,0,0,1,0
14,pretrained,FP,14/0007.png,481,0.3485945165157318,0,0,1,1,0,0,0,1,0
14,pretrained,FP,14/0007.png,482,1.1547998189926147,0,0,1,1,0,0,0,1,0
14,pretrained,FP,14/0007.png,483,1.1055209636688232,0,0,1,1,0,0,0,1,0
14,pretrained,FP,14/0007.png,484,0.5723130106925964,0,0,1,1,0,0,0,1,0
14,pretrained,FP,14/0007.png,485,0.23351578414440155,0,0,1,1,0,0,0,1,0
14,pretrained,FP,14/0007.png,486,0.4869552552700043,0,0,1,1,0,0,0,1,0
14,pretrained,FP,14/0007.png,487,0.0824599638581276,0,0,1,1,0,0,0,1,0
14,pretrained,FP,14/0007.png,488,0.9163637161254883,0,0,1,1,0,0,0,1,0
14,pretrained,FP,14/0007.png,489,0.006807166151702404,0,0,1,1,0,0,0,1,0
14,pretrained,FP,14/0007.png,490,0.9332025647163391,0,0,1,1,0,0,0,1,0
14,pretrained,FP,14/0007.png,491,0.02504165843129158,0,0,1,1,0,0,0,1,0
14,pretrained,FP,14/0007.png,492,0.16823703050613403,0,0,1,1,0,0,0,1,0
14,pretrained,FP,14/0007.png,493,0.11450501531362534,0,0,1,1,0,0,0,1,0
14,pretrained,FP,14/0007.png,494,0.14025340974330902,0,0,1,1,0,0,0,1,0
14,pretrained,FP,14/0007.png,495,1.6668394804000854,0,0,1,1,0,0,0,1,0
14,pretrained,FP,14/0007.png,496,0.46838217973709106,0,0,1,1,0,0,0,1,0
14,pretrained,FP,14/0007.png,497,0.5014925003051758,0,0,1,1,0,0,0,1,0
14,pretrained,FP,14/0007.png,498,0.340280145406723,0,0,1,1,0,0,0,1,0
14,pretrained,FP,14/0007.png,499,1.468062400817871,0,0,1,1,0,0,0,1,0
14,pretrained,FP,14/0007.png,500,0.6383892893791199,0,0,1,1,0,0,0,1,0
14,pretrained,FP,14/0007.png,501,1.59367835521698,0,0,1,1,0,0,0,1,0
14,pretrained,FP,14/0007.png,502,1.6019302606582642,0,0,1,1,0,0,0,1,0
14,pretrained,FP,14/0007.png,503,0.6563873887062073,0,0,1,1,0,0,0,1,0
14,pretrained,FP,14/0007.png,504,0.22406256198883057,0,0,1,1,0,0,0,1,0
14,pretrained,FP,14/0007.png,505,1.5220119953155518,0,0,1,1,0,0,0,1,0
14,pretrained,FP,14/0007.png,506,2.0775346755981445,0,0,1,1,0,0,0,1,0
14,pretrained,FP,14/0007.png,507,1.8169699907302856,0,0,1,1,0,0,0,1,0
14,pretrained,FP,14/0007.png,508,0.3646705448627472,0,0,1,1,0,0,0,1,0
14,pretrained,FP,14/0007.png,509,0.7172467112541199,0,0,1,1,0,0,0,1,0
14,pretrained,FP,14/0007.png,510,0.3767968714237213,0,0,1,1,0,0,0,1,0
14,pretrained,FP,14/0007.png,511,0.2213786542415619,0,0,1,1,0,0,0,1,0
14,pretrained,FN,14/0024.png,0,2.0327181816101074,0,1,0,0,0,0,1,0,0
14,pretrained,FN,14/0024.png,1,2.312194585800171,0,1,0,0,0,0,1,0,0
14,pretrained,FN,14/0024.png,2,0.516417920589447,0,1,0,0,0,0,1,0,0
14,pretrained,FN,14/0024.png,3,0.44281795620918274,0,1,0,0,0,0,1,0,0
14,pretrained,FN,14/0024.png,4,0.10843775421380997,0,1,0,0,0,0,1,0,0
14,pretrained,FN,14/0024.png,5,1.5606764554977417,0,1,0,0,0,0,1,0,0
14,pretrained,FN,14/0024.png,6,0.015162689611315727,0,1,0,0,0,0,1,0,0
14,pretrained,FN,14/0024.png,7,0.6511977314949036,0,1,0,0,0,0,1,0,0
14,pretrained,FN,14/0024.png,8,0.49897775053977966,0,1,0,0,0,0,1,0,0
14,pretrained,FN,14/0024.png,9,0.21208083629608154,0,1,0,0,0,0,1,0,0
14,pretrained,FN,14/0024.png,10,0.20157237350940704,0,1,0,0,0,0,1,0,0
14,pretrained,FN,14/0024.png,11,0.22053860127925873,0,1,0,0,0,0,1,0,0
14,pretrained,FN,14/0024.png,12,0.5552247762680054,0,1,0,0,0,0,1,0,0
14,pretrained,FN,14/0024.png,13,0.33067166805267334,0,1,0,0,0,0,1,0,0
14,pretrained,FN,14/0024.png,14,0.015836991369724274,0,1,0,0,0,0,1,0,0
14,pretrained,FN,14/0024.png,15,0.5441873669624329,0,1,0,0,0,0,1,0,0
14,pretrained,FN,14/0024.png,16,0.45413896441459656,0,1,0,0,0,0,1,0,0
14,pretrained,FN,14/0024.png,17,1.5095828771591187,0,1,0,0,0,0,1,0,0
14,pretrained,FN,14/0024.png,18,0.07445353269577026,0,1,0,0,0,0,1,0,0
14,pretrained,FN,14/0024.png,19,0.2904643714427948,0,1,0,0,0,0,1,0,0
14,pretrained,FN,14/0024.png,20,1.2160598039627075,0,1,0,0,0,0,1,0,0
14,pretrained,FN,14/0024.png,21,0.7075525522232056,0,1,0,0,0,0,1,0,0
14,pretrained,FN,14/0024.png,22,1.4280353784561157,0,1,0,0,0,0,1,0,0
14,pretrained,FN,14/0024.png,23,1.6410895586013794,0,1,0,0,0,0,1,0,0
14,pretrained,FN,14/0024.png,24,0.3713400065898895,0,1,0,0,0,0,1,0,0
14,pretrained,FN,14/0024.png,25,0.04267621412873268,0,1,0,0,0,0,1,0,0
14,pretrained,FN,14/0024.png,26,0.08153613656759262,0,1,0,0,0,0,1,0,0
14,pretrained,FN,14/0024.png,27,0.07174056023359299,0,1,0,0,0,0,1,0,0
14,pretrained,FN,14/0024.png,28,0.03531191870570183,0,1,0,0,0,0,1,0,0
14,pretrained,FN,14/0024.png,29,0.19199566543102264,0,1,0,0,0,0,1,0,0
14,pretrained,FN,14/0024.png,30,0.3402773141860962,0,1,0,0,0,0,1,0,0
14,pretrained,FN,14/0024.png,31,0.24774415791034698,0,1,0,0,0,0,1,0,0
14,pretrained,FN,14/0024.png,32,0.12313523888587952,0,1,0,0,0,0,1,0,0
14,pretrained,FN,14/0024.png,33,0.2025482952594757,0,1,0,0,0,0,1,0,0
14,pretrained,FN,14/0024.png,34,0.20198529958724976,0,1,0,0,0,0,1,0,0
14,pretrained,FN,14/0024.png,35,0.1429755538702011,0,1,0,0,0,0,1,0,0
14,pretrained,FN,14/0024.png,36,0.16774921119213104,0,1,0,0,0,0,1,0,0
14,pretrained,FN,14/0024.png,37,0.36360883712768555,0,1,0,0,0,0,1,0,0
14,pretrained,FN,14/0024.png,38,0.8200861215591431,0,1,0,0,0,0,1,0,0
14,pretrained,FN,14/0024.png,39,0.07123275101184845,0,1,0,0,0,0,1,0,0
14,pretrained,FN,14/0024.png,40,0.060745541006326675,0,1,0,0,0,0,1,0,0
14,pretrained,FN,14/0024.png,41,0.2736513614654541,0,1,0,0,0,0,1,0,0
14,pretrained,FN,14/0024.png,42,1.6038049459457397,0,1,0,0,0,0,1,0,0
14,pretrained,FN,14/0024.png,43,0.4580240845680237,0,1,0,0,0,0,1,0,0
14,pretrained,FN,14/0024.png,44,0.02000972256064415,0,1,0,0,0,0,1,0,0
14,pretrained,FN,14/0024.png,45,0.28710660338401794,0,1,0,0,0,0,1,0,0
14,pretrained,FN,14/0024.png,46,0.5722750425338745,0,1,0,0,0,0,1,0,0
14,pretrained,FN,14/0024.png,47,0.18171143531799316,0,1,0,0,0,0,1,0,0
14,pretrained,FN,14/0024.png,48,0.13320991396903992,0,1,0,0,0,0,1,0,0
14,pretrained,FN,14/0024.png,49,0.390840619802475,0,1,0,0,0,0,1,0,0
14,pretrained,FN,14/0024.png,50,1.6549381017684937,0,1,0,0,0,0,1,0,0
14,pretrained,FN,14/0024.png,51,0.1596173793077469,0,1,0,0,0,0,1,0,0
14,pretrained,FN,14/0024.png,52,1.1579763889312744,0,1,0,0,0,0,1,0,0
14,pretrained,FN,14/0024.png,53,0.03691660612821579,0,1,0,0,0,0,1,0,0
14,pretrained,FN,14/0024.png,54,0.437726765871048,0,1,0,0,0,0,1,0,0
14,pretrained,FN,14/0024.png,55,0.04757772758603096,0,1,0,0,0,0,1,0,0
14,pretrained,FN,14/0024.png,56,1.8383820056915283,0,1,0,0,0,0,1,0,0
14,pretrained,FN,14/0024.png,57,0.1193774938583374,0,1,0,0,0,0,1,0,0
14,pretrained,FN,14/0024.png,58,1.20255708694458,0,1,0,0,0,0,1,0,0
14,pretrained,FN,14/0024.png,59,0.6038773059844971,0,1,0,0,0,0,1,0,0
14,pretrained,FN,14/0024.png,60,1.5422853231430054,0,1,0,0,0,0,1,0,0
14,pretrained,FN,14/0024.png,61,0.4476768374443054,0,1,0,0,0,0,1,0,0
14,pretrained,FN,14/0024.png,62,0.23649252951145172,0,1,0,0,0,0,1,0,0
14,pretrained,FN,14/0024.png,63,0.2319217026233673,0,1,0,0,0,0,1,0,0
14,pretrained,FN,14/0024.png,64,0.8409538865089417,0,1,0,0,0,0,1,0,0
14,pretrained,FN,14/0024.png,65,0.9052042961120605,0,1,0,0,0,0,1,0,0
14,pretrained,FN,14/0024.png,66,0.3604910671710968,0,1,0,0,0,0,1,0,0
14,pretrained,FN,14/0024.png,67,0.21138714253902435,0,1,0,0,0,0,1,0,0
14,pretrained,FN,14/0024.png,68,0.20205973088741302,0,1,0,0,0,0,1,0,0
14,pretrained,FN,14/0024.png,69,1.2890498638153076,0,1,0,0,0,0,1,0,0
14,pretrained,FN,14/0024.png,70,0.8354883790016174,0,1,0,0,0,0,1,0,0
14,pretrained,FN,14/0024.png,71,0.588093638420105,0,1,0,0,0,0,1,0,0
14,pretrained,FN,14/0024.png,72,3.0131964683532715,0,1,0,0,0,0,1,0,0
14,pretrained,FN,14/0024.png,73,0.012922924011945724,0,1,0,0,0,0,1,0,0
14,pretrained,FN,14/0024.png,74,1.823056936264038,0,1,0,0,0,0,1,0,0
14,pretrained,FN,14/0024.png,75,1.1235284805297852,0,1,0,0,0,0,1,0,0
14,pretrained,FN,14/0024.png,76,0.0,0,1,0,0,0,0,1,0,0
14,pretrained,FN,14/0024.png,77,1.0465073585510254,0,1,0,0,0,0,1,0,0
14,pretrained,FN,14/0024.png,78,0.29851046204566956,0,1,0,0,0,0,1,0,0
14,pretrained,FN,14/0024.png,79,0.04375562071800232,0,1,0,0,0,0,1,0,0
14,pretrained,FN,14/0024.png,80,0.1768890619277954,0,1,0,0,0,0,1,0,0
14,pretrained,FN,14/0024.png,81,0.45220643281936646,0,1,0,0,0,0,1,0,0
14,pretrained,FN,14/0024.png,82,0.980638861656189,0,1,0,0,0,0,1,0,0
14,pretrained,FN,14/0024.png,83,1.0014668703079224,0,1,0,0,0,0,1,0,0
14,pretrained,FN,14/0024.png,84,0.14390508830547333,0,1,0,0,0,0,1,0,0
14,pretrained,FN,14/0024.png,85,0.8412981033325195,0,1,0,0,0,0,1,0,0
14,pretrained,FN,14/0024.png,86,0.006869379431009293,0,1,0,0,0,0,1,0,0
14,pretrained,FN,14/0024.png,87,0.18743838369846344,0,1,0,0,0,0,1,0,0
14,pretrained,FN,14/0024.png,88,0.8864681720733643,0,1,0,0,0,0,1,0,0
14,pretrained,FN,14/0024.png,89,1.3319107294082642,0,1,0,0,0,0,1,0,0
14,pretrained,FN,14/0024.png,90,0.17399942874908447,0,1,0,0,0,0,1,0,0
14,pretrained,FN,14/0024.png,91,0.7423981428146362,0,1,0,0,0,0,1,0,0
14,pretrained,FN,14/0024.png,92,1.3429025411605835,0,1,0,0,0,0,1,0,0
14,pretrained,FN,14/0024.png,93,0.03187603875994682,0,1,0,0,0,0,1,0,0
14,pretrained,FN,14/0024.png,94,0.3407194912433624,0,1,0,0,0,0,1,0,0
14,pretrained,FN,14/0024.png,95,0.8348451852798462,0,1,0,0,0,0,1,0,0
14,pretrained,FN,14/0024.png,96,1.022446632385254,0,1,0,0,0,0,1,0,0
14,pretrained,FN,14/0024.png,97,0.3160606622695923,0,1,0,0,0,0,1,0,0
14,pretrained,FN,14/0024.png,98,0.46231862902641296,0,1,0,0,0,0,1,0,0
14,pretrained,FN,14/0024.png,99,0.11540264636278152,0,1,0,0,0,0,1,0,0
14,pretrained,FN,14/0024.png,100,0.05359005928039551,0,1,0,0,0,0,1,0,0
14,pretrained,FN,14/0024.png,101,0.31456857919692993,0,1,0,0,0,0,1,0,0
14,pretrained,FN,14/0024.png,102,0.21953143179416656,0,1,0,0,0,0,1,0,0
14,pretrained,FN,14/0024.png,103,0.05082862079143524,0,1,0,0,0,0,1,0,0
14,pretrained,FN,14/0024.png,104,2.6480793952941895,0,1,0,0,0,0,1,0,0
14,pretrained,FN,14/0024.png,105,1.1323955059051514,0,1,0,0,0,0,1,0,0
14,pretrained,FN,14/0024.png,106,0.26194214820861816,0,1,0,0,0,0,1,0,0
14,pretrained,FN,14/0024.png,107,0.28595253825187683,0,1,0,0,0,0,1,0,0
14,pretrained,FN,14/0024.png,108,0.1555195301771164,0,1,0,0,0,0,1,0,0
14,pretrained,FN,14/0024.png,109,0.2229454666376114,0,1,0,0,0,0,1,0,0
14,pretrained,FN,14/0024.png,110,0.7167811989784241,0,1,0,0,0,0,1,0,0
14,pretrained,FN,14/0024.png,111,1.1278938055038452,0,1,0,0,0,0,1,0,0
14,pretrained,FN,14/0024.png,112,1.2827773094177246,0,1,0,0,0,0,1,0,0
14,pretrained,FN,14/0024.png,113,0.4808633625507355,0,1,0,0,0,0,1,0,0
14,pretrained,FN,14/0024.png,114,0.14598454535007477,0,1,0,0,0,0,1,0,0
14,pretrained,FN,14/0024.png,115,0.8053924441337585,0,1,0,0,0,0,1,0,0
14,pretrained,FN,14/0024.png,116,0.5205056071281433,0,1,0,0,0,0,1,0,0
14,pretrained,FN,14/0024.png,117,0.25062480568885803,0,1,0,0,0,0,1,0,0
14,pretrained,FN,14/0024.png,118,0.044183917343616486,0,1,0,0,0,0,1,0,0
14,pretrained,FN,14/0024.png,119,0.49035704135894775,0,1,0,0,0,0,1,0,0
14,pretrained,FN,14/0024.png,120,0.9080812335014343,0,1,0,0,0,0,1,0,0
14,pretrained,FN,14/0024.png,121,1.585184097290039,0,1,0,0,0,0,1,0,0
14,pretrained,FN,14/0024.png,122,0.006472247652709484,0,1,0,0,0,0,1,0,0
14,pretrained,FN,14/0024.png,123,1.4454412460327148,0,1,0,0,0,0,1,0,0
14,pretrained,FN,14/0024.png,124,2.438180446624756,0,1,0,0,0,0,1,0,0
14,pretrained,FN,14/0024.png,125,0.8330211043357849,0,1,0,0,0,0,1,0,0
14,pretrained,FN,14/0024.png,126,0.5427800416946411,0,1,0,0,0,0,1,0,0
14,pretrained,FN,14/0024.png,127,0.23588134348392487,0,1,0,0,0,0,1,0,0
14,pretrained,FN,14/0024.png,128,0.4186832308769226,0,1,0,0,0,0,1,0,0
14,pretrained,FN,14/0024.png,129,0.14716030657291412,0,1,0,0,0,0,1,0,0
14,pretrained,FN,14/0024.png,130,0.37756815552711487,0,1,0,0,0,0,1,0,0
14,pretrained,FN,14/0024.png,131,0.2700335383415222,0,1,0,0,0,0,1,0,0
14,pretrained,FN,14/0024.png,132,0.17157351970672607,0,1,0,0,0,0,1,0,0
14,pretrained,FN,14/0024.png,133,1.1355668306350708,0,1,0,0,0,0,1,0,0
14,pretrained,FN,14/0024.png,134,0.014649257063865662,0,1,0,0,0,0,1,0,0
14,pretrained,FN,14/0024.png,135,0.2754979133605957,0,1,0,0,0,0,1,0,0
14,pretrained,FN,14/0024.png,136,0.10836698859930038,0,1,0,0,0,0,1,0,0
14,pretrained,FN,14/0024.png,137,0.3636746406555176,0,1,0,0,0,0,1,0,0
14,pretrained,FN,14/0024.png,138,0.7017648816108704,0,1,0,0,0,0,1,0,0
14,pretrained,FN,14/0024.png,139,0.5334939956665039,0,1,0,0,0,0,1,0,0
14,pretrained,FN,14/0024.png,140,0.9386723041534424,0,1,0,0,0,0,1,0,0
14,pretrained,FN,14/0024.png,141,0.6035495400428772,0,1,0,0,0,0,1,0,0
14,pretrained,FN,14/0024.png,142,2.8092589378356934,0,1,0,0,0,0,1,0,0
14,pretrained,FN,14/0024.png,143,0.9838517904281616,0,1,0,0,0,0,1,0,0
14,pretrained,FN,14/0024.png,144,0.030869076028466225,0,1,0,0,0,0,1,0,0
14,pretrained,FN,14/0024.png,145,0.28798845410346985,0,1,0,0,0,0,1,0,0
14,pretrained,FN,14/0024.png,146,0.45502206683158875,0,1,0,0,0,0,1,0,0
14,pretrained,FN,14/0024.png,147,0.517608106136322,0,1,0,0,0,0,1,0,0
14,pretrained,FN,14/0024.png,148,0.06589292734861374,0,1,0,0,0,0,1,0,0
14,pretrained,FN,14/0024.png,149,1.1119954586029053,0,1,0,0,0,0,1,0,0
14,pretrained,FN,14/0024.png,150,0.19011229276657104,0,1,0,0,0,0,1,0,0
14,pretrained,FN,14/0024.png,151,0.1810251921415329,0,1,0,0,0,0,1,0,0
14,pretrained,FN,14/0024.png,152,0.690587043762207,0,1,0,0,0,0,1,0,0
14,pretrained,FN,14/0024.png,153,0.6153614521026611,0,1,0,0,0,0,1,0,0
14,pretrained,FN,14/0024.png,154,1.1775591373443604,0,1,0,0,0,0,1,0,0
14,pretrained,FN,14/0024.png,155,0.0692717432975769,0,1,0,0,0,0,1,0,0
14,pretrained,FN,14/0024.png,156,0.28128334879875183,0,1,0,0,0,0,1,0,0
14,pretrained,FN,14/0024.png,157,1.640002965927124,0,1,0,0,0,0,1,0,0
14,pretrained,FN,14/0024.png,158,0.6570441722869873,0,1,0,0,0,0,1,0,0
14,pretrained,FN,14/0024.png,159,0.0,0,1,0,0,0,0,1,0,0
14,pretrained,FN,14/0024.png,160,0.267183780670166,0,1,0,0,0,0,1,0,0
14,pretrained,FN,14/0024.png,161,0.7001349925994873,0,1,0,0,0,0,1,0,0
14,pretrained,FN,14/0024.png,162,0.05546671897172928,0,1,0,0,0,0,1,0,0
14,pretrained,FN,14/0024.png,163,1.3637070655822754,0,1,0,0,0,0,1,0,0
14,pretrained,FN,14/0024.png,164,1.3656030893325806,0,1,0,0,0,0,1,0,0
14,pretrained,FN,14/0024.png,165,0.9935945868492126,0,1,0,0,0,0,1,0,0
14,pretrained,FN,14/0024.png,166,1.485369324684143,0,1,0,0,0,0,1,0,0
14,pretrained,FN,14/0024.png,167,0.3631972372531891,0,1,0,0,0,0,1,0,0
14,pretrained,FN,14/0024.png,168,0.08021431416273117,0,1,0,0,0,0,1,0,0
14,pretrained,FN,14/0024.png,169,1.3473451137542725,0,1,0,0,0,0,1,0,0
14,pretrained,FN,14/0024.png,170,1.1350594758987427,0,1,0,0,0,0,1,0,0
14,pretrained,FN,14/0024.png,171,0.006199668161571026,0,1,0,0,0,0,1,0,0
14,pretrained,FN,14/0024.png,172,0.5751414895057678,0,1,0,0,0,0,1,0,0
14,pretrained,FN,14/0024.png,173,0.25914227962493896,0,1,0,0,0,0,1,0,0
14,pretrained,FN,14/0024.png,174,0.7988115549087524,0,1,0,0,0,0,1,0,0
14,pretrained,FN,14/0024.png,175,0.8225997686386108,0,1,0,0,0,0,1,0,0
14,pretrained,FN,14/0024.png,176,0.02712399698793888,0,1,0,0,0,0,1,0,0
14,pretrained,FN,14/0024.png,177,0.24674975872039795,0,1,0,0,0,0,1,0,0
14,pretrained,FN,14/0024.png,178,0.2737307548522949,0,1,0,0,0,0,1,0,0
14,pretrained,FN,14/0024.png,179,0.7543014287948608,0,1,0,0,0,0,1,0,0
14,pretrained,FN,14/0024.png,180,0.07110146433115005,0,1,0,0,0,0,1,0,0
14,pretrained,FN,14/0024.png,181,0.0713374987244606,0,1,0,0,0,0,1,0,0
14,pretrained,FN,14/0024.png,182,2.716737747192383,0,1,0,0,0,0,1,0,0
14,pretrained,FN,14/0024.png,183,0.8087834119796753,0,1,0,0,0,0,1,0,0
14,pretrained,FN,14/0024.png,184,1.1227484941482544,0,1,0,0,0,0,1,0,0
14,pretrained,FN,14/0024.png,185,0.3180032968521118,0,1,0,0,0,0,1,0,0
14,pretrained,FN,14/0024.png,186,0.3971400260925293,0,1,0,0,0,0,1,0,0
14,pretrained,FN,14/0024.png,187,0.0,0,1,0,0,0,0,1,0,0
14,pretrained,FN,14/0024.png,188,0.9956761002540588,0,1,0,0,0,0,1,0,0
14,pretrained,FN,14/0024.png,189,0.21514828503131866,0,1,0,0,0,0,1,0,0
14,pretrained,FN,14/0024.png,190,0.3419661521911621,0,1,0,0,0,0,1,0,0
14,pretrained,FN,14/0024.png,191,0.007166669238358736,0,1,0,0,0,0,1,0,0
14,pretrained,FN,14/0024.png,192,1.0064918994903564,0,1,0,0,0,0,1,0,0
14,pretrained,FN,14/0024.png,193,1.7922542095184326,0,1,0,0,0,0,1,0,0
14,pretrained,FN,14/0024.png,194,0.980918288230896,0,1,0,0,0,0,1,0,0
14,pretrained,FN,14/0024.png,195,0.19720840454101562,0,1,0,0,0,0,1,0,0
14,pretrained,FN,14/0024.png,196,0.6680490970611572,0,1,0,0,0,0,1,0,0
14,pretrained,FN,14/0024.png,197,0.8432062268257141,0,1,0,0,0,0,1,0,0
14,pretrained,FN,14/0024.png,198,0.23674152791500092,0,1,0,0,0,0,1,0,0
14,pretrained,FN,14/0024.png,199,0.9541164040565491,0,1,0,0,0,0,1,0,0
14,pretrained,FN,14/0024.png,200,0.04940834268927574,0,1,0,0,0,0,1,0,0
14,pretrained,FN,14/0024.png,201,0.870209813117981,0,1,0,0,0,0,1,0,0
14,pretrained,FN,14/0024.png,202,0.8160570859909058,0,1,0,0,0,0,1,0,0
14,pretrained,FN,14/0024.png,203,0.7373578548431396,0,1,0,0,0,0,1,0,0
14,pretrained,FN,14/0024.png,204,0.003095565363764763,0,1,0,0,0,0,1,0,0
14,pretrained,FN,14/0024.png,205,0.2282797396183014,0,1,0,0,0,0,1,0,0
14,pretrained,FN,14/0024.png,206,1.6480388641357422,0,1,0,0,0,0,1,0,0
14,pretrained,FN,14/0024.png,207,0.6201125383377075,0,1,0,0,0,0,1,0,0
14,pretrained,FN,14/0024.png,208,0.05609539896249771,0,1,0,0,0,0,1,0,0
14,pretrained,FN,14/0024.png,209,1.240487813949585,0,1,0,0,0,0,1,0,0
14,pretrained,FN,14/0024.png,210,0.012066186405718327,0,1,0,0,0,0,1,0,0
14,pretrained,FN,14/0024.png,211,0.4613834023475647,0,1,0,0,0,0,1,0,0
14,pretrained,FN,14/0024.png,212,0.3197675049304962,0,1,0,0,0,0,1,0,0
14,pretrained,FN,14/0024.png,213,0.3111053705215454,0,1,0,0,0,0,1,0,0
14,pretrained,FN,14/0024.png,214,0.13509057462215424,0,1,0,0,0,0,1,0,0
14,pretrained,FN,14/0024.png,215,0.24077753722667694,0,1,0,0,0,0,1,0,0
14,pretrained,FN,14/0024.png,216,0.20614606142044067,0,1,0,0,0,0,1,0,0
14,pretrained,FN,14/0024.png,217,0.6691744923591614,0,1,0,0,0,0,1,0,0
14,pretrained,FN,14/0024.png,218,0.7274887561798096,0,1,0,0,0,0,1,0,0
14,pretrained,FN,14/0024.png,219,0.7519657611846924,0,1,0,0,0,0,1,0,0
14,pretrained,FN,14/0024.png,220,0.41006308794021606,0,1,0,0,0,0,1,0,0
14,pretrained,FN,14/0024.png,221,0.4584674537181854,0,1,0,0,0,0,1,0,0
14,pretrained,FN,14/0024.png,222,1.2288634777069092,0,1,0,0,0,0,1,0,0
14,pretrained,FN,14/0024.png,223,0.6530563831329346,0,1,0,0,0,0,1,0,0
14,pretrained,FN,14/0024.png,224,0.2021464854478836,0,1,0,0,0,0,1,0,0
14,pretrained,FN,14/0024.png,225,0.676561176776886,0,1,0,0,0,0,1,0,0
14,pretrained,FN,14/0024.png,226,1.8430548906326294,0,1,0,0,0,0,1,0,0
14,pretrained,FN,14/0024.png,227,0.07717998325824738,0,1,0,0,0,0,1,0,0
14,pretrained,FN,14/0024.png,228,0.22639936208724976,0,1,0,0,0,0,1,0,0
14,pretrained,FN,14/0024.png,229,0.8802394270896912,0,1,0,0,0,0,1,0,0
14,pretrained,FN,14/0024.png,230,2.1754016876220703,0,1,0,0,0,0,1,0,0
14,pretrained,FN,14/0024.png,231,0.003947515040636063,0,1,0,0,0,0,1,0,0
14,pretrained,FN,14/0024.png,232,0.45497044920921326,0,1,0,0,0,0,1,0,0
14,pretrained,FN,14/0024.png,233,0.09761781245470047,0,1,0,0,0,0,1,0,0
14,pretrained,FN,14/0024.png,234,1.0433857440948486,0,1,0,0,0,0,1,0,0
14,pretrained,FN,14/0024.png,235,0.43685001134872437,0,1,0,0,0,0,1,0,0
14,pretrained,FN,14/0024.png,236,0.3442949950695038,0,1,0,0,0,0,1,0,0
14,pretrained,FN,14/0024.png,237,0.22379463911056519,0,1,0,0,0,0,1,0,0
14,pretrained,FN,14/0024.png,238,0.0904402956366539,0,1,0,0,0,0,1,0,0
14,pretrained,FN,14/0024.png,239,0.48979631066322327,0,1,0,0,0,0,1,0,0
14,pretrained,FN,14/0024.png,240,0.27853113412857056,0,1,0,0,0,0,1,0,0
14,pretrained,FN,14/0024.png,241,1.7477071285247803,0,1,0,0,0,0,1,0,0
14,pretrained,FN,14/0024.png,242,0.1885862946510315,0,1,0,0,0,0,1,0,0
14,pretrained,FN,14/0024.png,243,0.8632616996765137,0,1,0,0,0,0,1,0,0
14,pretrained,FN,14/0024.png,244,0.2511826157569885,0,1,0,0,0,0,1,0,0
14,pretrained,FN,14/0024.png,245,0.25417500734329224,0,1,0,0,0,0,1,0,0
14,pretrained,FN,14/0024.png,246,1.877806544303894,0,1,0,0,0,0,1,0,0
14,pretrained,FN,14/0024.png,247,0.10155637562274933,0,1,0,0,0,0,1,0,0
14,pretrained,FN,14/0024.png,248,0.0,0,1,0,0,0,0,1,0,0
14,pretrained,FN,14/0024.png,249,0.5401201844215393,0,1,0,0,0,0,1,0,0
14,pretrained,FN,14/0024.png,250,1.3919438123703003,0,1,0,0,0,0,1,0,0
14,pretrained,FN,14/0024.png,251,1.4086793661117554,0,1,0,0,0,0,1,0,0
14,pretrained,FN,14/0024.png,252,0.12484391033649445,0,1,0,0,0,0,1,0,0
14,pretrained,FN,14/0024.png,253,0.04675707221031189,0,1,0,0,0,0,1,0,0
14,pretrained,FN,14/0024.png,254,2.4926657676696777,0,1,0,0,0,0,1,0,0
14,pretrained,FN,14/0024.png,255,1.1869964599609375,0,1,0,0,0,0,1,0,0
14,pretrained,FN,14/0024.png,256,0.23113004863262177,0,1,0,0,0,0,1,0,0
14,pretrained,FN,14/0024.png,257,0.25495246052742004,0,1,0,0,0,0,1,0,0
14,pretrained,FN,14/0024.png,258,0.7277398109436035,0,1,0,0,0,0,1,0,0
14,pretrained,FN,14/0024.png,259,0.06499645859003067,0,1,0,0,0,0,1,0,0
14,pretrained,FN,14/0024.png,260,0.8647663593292236,0,1,0,0,0,0,1,0,0
14,pretrained,FN,14/0024.png,261,0.895104706287384,0,1,0,0,0,0,1,0,0
14,pretrained,FN,14/0024.png,262,1.3226081132888794,0,1,0,0,0,0,1,0,0
14,pretrained,FN,14/0024.png,263,0.106190025806427,0,1,0,0,0,0,1,0,0
14,pretrained,FN,14/0024.png,264,0.1655360460281372,0,1,0,0,0,0,1,0,0
14,pretrained,FN,14/0024.png,265,1.2751355171203613,0,1,0,0,0,0,1,0,0
14,pretrained,FN,14/0024.png,266,0.6951183676719666,0,1,0,0,0,0,1,0,0
14,pretrained,FN,14/0024.png,267,1.572898268699646,0,1,0,0,0,0,1,0,0
14,pretrained,FN,14/0024.png,268,0.3792157769203186,0,1,0,0,0,0,1,0,0
14,pretrained,FN,14/0024.png,269,0.025220928713679314,0,1,0,0,0,0,1,0,0
14,pretrained,FN,14/0024.png,270,0.2856113612651825,0,1,0,0,0,0,1,0,0
14,pretrained,FN,14/0024.png,271,1.5562567710876465,0,1,0,0,0,0,1,0,0
14,pretrained,FN,14/0024.png,272,0.21491310000419617,0,1,0,0,0,0,1,0,0
14,pretrained,FN,14/0024.png,273,2.2208564281463623,0,1,0,0,0,0,1,0,0
14,pretrained,FN,14/0024.png,274,0.052747055888175964,0,1,0,0,0,0,1,0,0
14,pretrained,FN,14/0024.png,275,0.6736482381820679,0,1,0,0,0,0,1,0,0
14,pretrained,FN,14/0024.png,276,1.4431488513946533,0,1,0,0,0,0,1,0,0
14,pretrained,FN,14/0024.png,277,0.0,0,1,0,0,0,0,1,0,0
14,pretrained,FN,14/0024.png,278,0.3454429507255554,0,1,0,0,0,0,1,0,0
14,pretrained,FN,14/0024.png,279,0.1469222605228424,0,1,0,0,0,0,1,0,0
14,pretrained,FN,14/0024.png,280,0.12475074082612991,0,1,0,0,0,0,1,0,0
14,pretrained,FN,14/0024.png,281,0.2664335370063782,0,1,0,0,0,0,1,0,0
14,pretrained,FN,14/0024.png,282,0.23260356485843658,0,1,0,0,0,0,1,0,0
14,pretrained,FN,14/0024.png,283,0.1736639440059662,0,1,0,0,0,0,1,0,0
14,pretrained,FN,14/0024.png,284,1.447580337524414,0,1,0,0,0,0,1,0,0
14,pretrained,FN,14/0024.png,285,0.20031456649303436,0,1,0,0,0,0,1,0,0
14,pretrained,FN,14/0024.png,286,0.1388396918773651,0,1,0,0,0,0,1,0,0
14,pretrained,FN,14/0024.png,287,0.8821099996566772,0,1,0,0,0,0,1,0,0
14,pretrained,FN,14/0024.png,288,0.624610185623169,0,1,0,0,0,0,1,0,0
14,pretrained,FN,14/0024.png,289,0.3970981538295746,0,1,0,0,0,0,1,0,0
14,pretrained,FN,14/0024.png,290,0.5755452513694763,0,1,0,0,0,0,1,0,0
14,pretrained,FN,14/0024.png,291,1.302415132522583,0,1,0,0,0,0,1,0,0
14,pretrained,FN,14/0024.png,292,1.466322660446167,0,1,0,0,0,0,1,0,0
14,pretrained,FN,14/0024.png,293,0.7207018136978149,0,1,0,0,0,0,1,0,0
14,pretrained,FN,14/0024.png,294,0.12902340292930603,0,1,0,0,0,0,1,0,0
14,pretrained,FN,14/0024.png,295,0.3141102194786072,0,1,0,0,0,0,1,0,0
14,pretrained,FN,14/0024.png,296,0.6809601783752441,0,1,0,0,0,0,1,0,0
14,pretrained,FN,14/0024.png,297,1.2220183610916138,0,1,0,0,0,0,1,0,0
14,pretrained,FN,14/0024.png,298,1.077396035194397,0,1,0,0,0,0,1,0,0
14,pretrained,FN,14/0024.png,299,0.5623649954795837,0,1,0,0,0,0,1,0,0
14,pretrained,FN,14/0024.png,300,0.8457287549972534,0,1,0,0,0,0,1,0,0
14,pretrained,FN,14/0024.png,301,0.1464747041463852,0,1,0,0,0,0,1,0,0
14,pretrained,FN,14/0024.png,302,0.0,0,1,0,0,0,0,1,0,0
14,pretrained,FN,14/0024.png,303,0.12293366342782974,0,1,0,0,0,0,1,0,0
14,pretrained,FN,14/0024.png,304,0.6366478800773621,0,1,0,0,0,0,1,0,0
14,pretrained,FN,14/0024.png,305,0.0176918376237154,0,1,0,0,0,0,1,0,0
14,pretrained,FN,14/0024.png,306,0.0,0,1,0,0,0,0,1,0,0
14,pretrained,FN,14/0024.png,307,0.21246421337127686,0,1,0,0,0,0,1,0,0
14,pretrained,FN,14/0024.png,308,0.033049728721380234,0,1,0,0,0,0,1,0,0
14,pretrained,FN,14/0024.png,309,0.11478535085916519,0,1,0,0,0,0,1,0,0
14,pretrained,FN,14/0024.png,310,2.25443959236145,0,1,0,0,0,0,1,0,0
14,pretrained,FN,14/0024.png,311,0.5221095681190491,0,1,0,0,0,0,1,0,0
14,pretrained,FN,14/0024.png,312,0.8137873411178589,0,1,0,0,0,0,1,0,0
14,pretrained,FN,14/0024.png,313,0.2811513841152191,0,1,0,0,0,0,1,0,0
14,pretrained,FN,14/0024.png,314,0.0,0,1,0,0,0,0,1,0,0
14,pretrained,FN,14/0024.png,315,0.5721188187599182,0,1,0,0,0,0,1,0,0
14,pretrained,FN,14/0024.png,316,0.008272143080830574,0,1,0,0,0,0,1,0,0
14,pretrained,FN,14/0024.png,317,0.029888873919844627,0,1,0,0,0,0,1,0,0
14,pretrained,FN,14/0024.png,318,0.2383633404970169,0,1,0,0,0,0,1,0,0
14,pretrained,FN,14/0024.png,319,1.550971508026123,0,1,0,0,0,0,1,0,0
14,pretrained,FN,14/0024.png,320,0.01262631919234991,0,1,0,0,0,0,1,0,0
14,pretrained,FN,14/0024.png,321,0.33702391386032104,0,1,0,0,0,0,1,0,0
14,pretrained,FN,14/0024.png,322,0.22785182297229767,0,1,0,0,0,0,1,0,0
14,pretrained,FN,14/0024.png,323,0.369960755109787,0,1,0,0,0,0,1,0,0
14,pretrained,FN,14/0024.png,324,0.003338485723361373,0,1,0,0,0,0,1,0,0
14,pretrained,FN,14/0024.png,325,1.0093450546264648,0,1,0,0,0,0,1,0,0
14,pretrained,FN,14/0024.png,326,0.6144813299179077,0,1,0,0,0,0,1,0,0
14,pretrained,FN,14/0024.png,327,0.01785055361688137,0,1,0,0,0,0,1,0,0
14,pretrained,FN,14/0024.png,328,0.3568247854709625,0,1,0,0,0,0,1,0,0
14,pretrained,FN,14/0024.png,329,0.5845673680305481,0,1,0,0,0,0,1,0,0
14,pretrained,FN,14/0024.png,330,1.545714259147644,0,1,0,0,0,0,1,0,0
14,pretrained,FN,14/0024.png,331,0.20609727501869202,0,1,0,0,0,0,1,0,0
14,pretrained,FN,14/0024.png,332,0.007524730637669563,0,1,0,0,0,0,1,0,0
14,pretrained,FN,14/0024.png,333,0.4990980625152588,0,1,0,0,0,0,1,0,0
14,pretrained,FN,14/0024.png,334,0.3137569725513458,0,1,0,0,0,0,1,0,0
14,pretrained,FN,14/0024.png,335,0.006980381906032562,0,1,0,0,0,0,1,0,0
14,pretrained,FN,14/0024.png,336,3.145714521408081,0,1,0,0,0,0,1,0,0
14,pretrained,FN,14/0024.png,337,0.3222815990447998,0,1,0,0,0,0,1,0,0
14,pretrained,FN,14/0024.png,338,0.07791585475206375,0,1,0,0,0,0,1,0,0
14,pretrained,FN,14/0024.png,339,0.0,0,1,0,0,0,0,1,0,0
14,pretrained,FN,14/0024.png,340,0.20329467952251434,0,1,0,0,0,0,1,0,0
14,pretrained,FN,14/0024.png,341,0.9810947775840759,0,1,0,0,0,0,1,0,0
14,pretrained,FN,14/0024.png,342,0.35817328095436096,0,1,0,0,0,0,1,0,0
14,pretrained,FN,14/0024.png,343,0.4646279215812683,0,1,0,0,0,0,1,0,0
14,pretrained,FN,14/0024.png,344,1.7894716262817383,0,1,0,0,0,0,1,0,0
14,pretrained,FN,14/0024.png,345,2.1524391174316406,0,1,0,0,0,0,1,0,0
14,pretrained,FN,14/0024.png,346,0.5449201464653015,0,1,0,0,0,0,1,0,0
14,pretrained,FN,14/0024.png,347,0.012740013189613819,0,1,0,0,0,0,1,0,0
14,pretrained,FN,14/0024.png,348,0.6374564170837402,0,1,0,0,0,0,1,0,0
14,pretrained,FN,14/0024.png,349,1.6094964742660522,0,1,0,0,0,0,1,0,0
14,pretrained,FN,14/0024.png,350,0.18192972242832184,0,1,0,0,0,0,1,0,0
14,pretrained,FN,14/0024.png,351,1.1200652122497559,0,1,0,0,0,0,1,0,0
14,pretrained,FN,14/0024.png,352,1.6637849807739258,0,1,0,0,0,0,1,0,0
14,pretrained,FN,14/0024.png,353,0.03041030839085579,0,1,0,0,0,0,1,0,0
14,pretrained,FN,14/0024.png,354,0.1316336840391159,0,1,0,0,0,0,1,0,0
14,pretrained,FN,14/0024.png,355,1.0043576955795288,0,1,0,0,0,0,1,0,0
14,pretrained,FN,14/0024.png,356,0.05982670187950134,0,1,0,0,0,0,1,0,0
14,pretrained,FN,14/0024.png,357,0.3299109935760498,0,1,0,0,0,0,1,0,0
14,pretrained,FN,14/0024.png,358,1.240478277206421,0,1,0,0,0,0,1,0,0
14,pretrained,FN,14/0024.png,359,0.4167526364326477,0,1,0,0,0,0,1,0,0
14,pretrained,FN,14/0024.png,360,0.47006240487098694,0,1,0,0,0,0,1,0,0
14,pretrained,FN,14/0024.png,361,0.049923624843358994,0,1,0,0,0,0,1,0,0
14,pretrained,FN,14/0024.png,362,0.18555068969726562,0,1,0,0,0,0,1,0,0
14,pretrained,FN,14/0024.png,363,1.6336318254470825,0,1,0,0,0,0,1,0,0
14,pretrained,FN,14/0024.png,364,0.008152376860380173,0,1,0,0,0,0,1,0,0
14,pretrained,FN,14/0024.png,365,0.4620070457458496,0,1,0,0,0,0,1,0,0
14,pretrained,FN,14/0024.png,366,0.5587373971939087,0,1,0,0,0,0,1,0,0
14,pretrained,FN,14/0024.png,367,0.02392757683992386,0,1,0,0,0,0,1,0,0
14,pretrained,FN,14/0024.png,368,1.3716402053833008,0,1,0,0,0,0,1,0,0
14,pretrained,FN,14/0024.png,369,0.14568834006786346,0,1,0,0,0,0,1,0,0
14,pretrained,FN,14/0024.png,370,0.8886703252792358,0,1,0,0,0,0,1,0,0
14,pretrained,FN,14/0024.png,371,1.3827142715454102,0,1,0,0,0,0,1,0,0
14,pretrained,FN,14/0024.png,372,0.15263967216014862,0,1,0,0,0,0,1,0,0
14,pretrained,FN,14/0024.png,373,0.012499275617301464,0,1,0,0,0,0,1,0,0
14,pretrained,FN,14/0024.png,374,0.9867172837257385,0,1,0,0,0,0,1,0,0
14,pretrained,FN,14/0024.png,375,0.06399591267108917,0,1,0,0,0,0,1,0,0
14,pretrained,FN,14/0024.png,376,0.5908898711204529,0,1,0,0,0,0,1,0,0
14,pretrained,FN,14/0024.png,377,0.5062946677207947,0,1,0,0,0,0,1,0,0
14,pretrained,FN,14/0024.png,378,0.23001283407211304,0,1,0,0,0,0,1,0,0
14,pretrained,FN,14/0024.png,379,1.2427178621292114,0,1,0,0,0,0,1,0,0
14,pretrained,FN,14/0024.png,380,0.6786564588546753,0,1,0,0,0,0,1,0,0
14,pretrained,FN,14/0024.png,381,0.2746672034263611,0,1,0,0,0,0,1,0,0
14,pretrained,FN,14/0024.png,382,1.5132756233215332,0,1,0,0,0,0,1,0,0
14,pretrained,FN,14/0024.png,383,1.4290567636489868,0,1,0,0,0,0,1,0,0
14,pretrained,FN,14/0024.png,384,2.482387065887451,0,1,0,0,0,0,1,0,0
14,pretrained,FN,14/0024.png,385,1.3429324626922607,0,1,0,0,0,0,1,0,0
14,pretrained,FN,14/0024.png,386,0.0456308014690876,0,1,0,0,0,0,1,0,0
14,pretrained,FN,14/0024.png,387,0.1922433227300644,0,1,0,0,0,0,1,0,0
14,pretrained,FN,14/0024.png,388,1.8075181245803833,0,1,0,0,0,0,1,0,0
14,pretrained,FN,14/0024.png,389,0.791074812412262,0,1,0,0,0,0,1,0,0
14,pretrained,FN,14/0024.png,390,0.3168189227581024,0,1,0,0,0,0,1,0,0
14,pretrained,FN,14/0024.png,391,2.1268248558044434,0,1,0,0,0,0,1,0,0
14,pretrained,FN,14/0024.png,392,0.07227975130081177,0,1,0,0,0,0,1,0,0
14,pretrained,FN,14/0024.png,393,0.4274735450744629,0,1,0,0,0,0,1,0,0
14,pretrained,FN,14/0024.png,394,0.29829442501068115,0,1,0,0,0,0,1,0,0
14,pretrained,FN,14/0024.png,395,0.13654693961143494,0,1,0,0,0,0,1,0,0
14,pretrained,FN,14/0024.png,396,0.060572750866413116,0,1,0,0,0,0,1,0,0
14,pretrained,FN,14/0024.png,397,2.753549337387085,0,1,0,0,0,0,1,0,0
14,pretrained,FN,14/0024.png,398,0.021620875224471092,0,1,0,0,0,0,1,0,0
14,pretrained,FN,14/0024.png,399,0.6693987250328064,0,1,0,0,0,0,1,0,0
14,pretrained,FN,14/0024.png,400,0.5300684571266174,0,1,0,0,0,0,1,0,0
14,pretrained,FN,14/0024.png,401,0.7644675374031067,0,1,0,0,0,0,1,0,0
14,pretrained,FN,14/0024.png,402,0.3682979345321655,0,1,0,0,0,0,1,0,0
14,pretrained,FN,14/0024.png,403,0.8941465616226196,0,1,0,0,0,0,1,0,0
14,pretrained,FN,14/0024.png,404,0.984477162361145,0,1,0,0,0,0,1,0,0
14,pretrained,FN,14/0024.png,405,1.3803216218948364,0,1,0,0,0,0,1,0,0
14,pretrained,FN,14/0024.png,406,0.8737110495567322,0,1,0,0,0,0,1,0,0
14,pretrained,FN,14/0024.png,407,0.6411798000335693,0,1,0,0,0,0,1,0,0
14,pretrained,FN,14/0024.png,408,0.14998887479305267,0,1,0,0,0,0,1,0,0
14,pretrained,FN,14/0024.png,409,0.7764925956726074,0,1,0,0,0,0,1,0,0
14,pretrained,FN,14/0024.png,410,0.36202725768089294,0,1,0,0,0,0,1,0,0
14,pretrained,FN,14/0024.png,411,1.3341058492660522,0,1,0,0,0,0,1,0,0
14,pretrained,FN,14/0024.png,412,0.3075975477695465,0,1,0,0,0,0,1,0,0
14,pretrained,FN,14/0024.png,413,0.1743200123310089,0,1,0,0,0,0,1,0,0
14,pretrained,FN,14/0024.png,414,1.018935203552246,0,1,0,0,0,0,1,0,0
14,pretrained,FN,14/0024.png,415,0.20032642781734467,0,1,0,0,0,0,1,0,0
14,pretrained,FN,14/0024.png,416,0.22509770095348358,0,1,0,0,0,0,1,0,0
14,pretrained,FN,14/0024.png,417,1.5577635765075684,0,1,0,0,0,0,1,0,0
14,pretrained,FN,14/0024.png,418,0.2888053059577942,0,1,0,0,0,0,1,0,0
14,pretrained,FN,14/0024.png,419,0.867240309715271,0,1,0,0,0,0,1,0,0
14,pretrained,FN,14/0024.png,420,1.1348724365234375,0,1,0,0,0,0,1,0,0
14,pretrained,FN,14/0024.png,421,0.2762843370437622,0,1,0,0,0,0,1,0,0
14,pretrained,FN,14/0024.png,422,0.22854647040367126,0,1,0,0,0,0,1,0,0
14,pretrained,FN,14/0024.png,423,0.11931075155735016,0,1,0,0,0,0,1,0,0
14,pretrained,FN,14/0024.png,424,1.2583582401275635,0,1,0,0,0,0,1,0,0
14,pretrained,FN,14/0024.png,425,0.07121959328651428,0,1,0,0,0,0,1,0,0
14,pretrained,FN,14/0024.png,426,0.3430800437927246,0,1,0,0,0,0,1,0,0
14,pretrained,FN,14/0024.png,427,0.30542388558387756,0,1,0,0,0,0,1,0,0
14,pretrained,FN,14/0024.png,428,1.066952109336853,0,1,0,0,0,0,1,0,0
14,pretrained,FN,14/0024.png,429,0.007664854638278484,0,1,0,0,0,0,1,0,0
14,pretrained,FN,14/0024.png,430,0.5692580938339233,0,1,0,0,0,0,1,0,0
14,pretrained,FN,14/0024.png,431,1.205735445022583,0,1,0,0,0,0,1,0,0
14,pretrained,FN,14/0024.png,432,0.5622413754463196,0,1,0,0,0,0,1,0,0
14,pretrained,FN,14/0024.png,433,0.22545045614242554,0,1,0,0,0,0,1,0,0
14,pretrained,FN,14/0024.png,434,0.16287817060947418,0,1,0,0,0,0,1,0,0
14,pretrained,FN,14/0024.png,435,1.9600850343704224,0,1,0,0,0,0,1,0,0
14,pretrained,FN,14/0024.png,436,0.42601650953292847,0,1,0,0,0,0,1,0,0
14,pretrained,FN,14/0024.png,437,0.5542099475860596,0,1,0,0,0,0,1,0,0
14,pretrained,FN,14/0024.png,438,0.07759511470794678,0,1,0,0,0,0,1,0,0
14,pretrained,FN,14/0024.png,439,0.10179249942302704,0,1,0,0,0,0,1,0,0
14,pretrained,FN,14/0024.png,440,0.662690281867981,0,1,0,0,0,0,1,0,0
14,pretrained,FN,14/0024.png,441,0.08480796217918396,0,1,0,0,0,0,1,0,0
14,pretrained,FN,14/0024.png,442,0.5247132778167725,0,1,0,0,0,0,1,0,0
14,pretrained,FN,14/0024.png,443,0.898148775100708,0,1,0,0,0,0,1,0,0
14,pretrained,FN,14/0024.png,444,0.2855980098247528,0,1,0,0,0,0,1,0,0
14,pretrained,FN,14/0024.png,445,0.13946731388568878,0,1,0,0,0,0,1,0,0
14,pretrained,FN,14/0024.png,446,1.3240866661071777,0,1,0,0,0,0,1,0,0
14,pretrained,FN,14/0024.png,447,0.6663350462913513,0,1,0,0,0,0,1,0,0
14,pretrained,FN,14/0024.png,448,3.0797739028930664,0,1,0,0,0,0,1,0,0
14,pretrained,FN,14/0024.png,449,0.036966945976018906,0,1,0,0,0,0,1,0,0
14,pretrained,FN,14/0024.png,450,0.37475335597991943,0,1,0,0,0,0,1,0,0
14,pretrained,FN,14/0024.png,451,0.13106009364128113,0,1,0,0,0,0,1,0,0
14,pretrained,FN,14/0024.png,452,0.02720789983868599,0,1,0,0,0,0,1,0,0
14,pretrained,FN,14/0024.png,453,0.5301923751831055,0,1,0,0,0,0,1,0,0
14,pretrained,FN,14/0024.png,454,0.03420295566320419,0,1,0,0,0,0,1,0,0
14,pretrained,FN,14/0024.png,455,1.313058614730835,0,1,0,0,0,0,1,0,0
14,pretrained,FN,14/0024.png,456,0.6840177178382874,0,1,0,0,0,0,1,0,0
14,pretrained,FN,14/0024.png,457,0.781288743019104,0,1,0,0,0,0,1,0,0
14,pretrained,FN,14/0024.png,458,0.05002688989043236,0,1,0,0,0,0,1,0,0
14,pretrained,FN,14/0024.png,459,1.0793447494506836,0,1,0,0,0,0,1,0,0
14,pretrained,FN,14/0024.png,460,0.9726366400718689,0,1,0,0,0,0,1,0,0
14,pretrained,FN,14/0024.png,461,0.15026357769966125,0,1,0,0,0,0,1,0,0
14,pretrained,FN,14/0024.png,462,1.0246366262435913,0,1,0,0,0,0,1,0,0
14,pretrained,FN,14/0024.png,463,0.6278266310691833,0,1,0,0,0,0,1,0,0
14,pretrained,FN,14/0024.png,464,1.232706069946289,0,1,0,0,0,0,1,0,0
14,pretrained,FN,14/0024.png,465,0.1550828069448471,0,1,0,0,0,0,1,0,0
14,pretrained,FN,14/0024.png,466,0.30565977096557617,0,1,0,0,0,0,1,0,0
14,pretrained,FN,14/0024.png,467,0.6253117918968201,0,1,0,0,0,0,1,0,0
14,pretrained,FN,14/0024.png,468,0.827189564704895,0,1,0,0,0,0,1,0,0
14,pretrained,FN,14/0024.png,469,3.1247670650482178,0,1,0,0,0,0,1,0,0
14,pretrained,FN,14/0024.png,470,0.470147043466568,0,1,0,0,0,0,1,0,0
14,pretrained,FN,14/0024.png,471,0.5475903153419495,0,1,0,0,0,0,1,0,0
14,pretrained,FN,14/0024.png,472,0.00798145029693842,0,1,0,0,0,0,1,0,0
14,pretrained,FN,14/0024.png,473,0.15973888337612152,0,1,0,0,0,0,1,0,0
14,pretrained,FN,14/0024.png,474,1.3369741439819336,0,1,0,0,0,0,1,0,0
14,pretrained,FN,14/0024.png,475,0.3050805628299713,0,1,0,0,0,0,1,0,0
14,pretrained,FN,14/0024.png,476,0.5481187701225281,0,1,0,0,0,0,1,0,0
14,pretrained,FN,14/0024.png,477,0.6584577560424805,0,1,0,0,0,0,1,0,0
14,pretrained,FN,14/0024.png,478,0.013009234331548214,0,1,0,0,0,0,1,0,0
14,pretrained,FN,14/0024.png,479,0.6805204153060913,0,1,0,0,0,0,1,0,0
14,pretrained,FN,14/0024.png,480,0.6272724866867065,0,1,0,0,0,0,1,0,0
14,pretrained,FN,14/0024.png,481,0.6867591142654419,0,1,0,0,0,0,1,0,0
14,pretrained,FN,14/0024.png,482,0.7160054445266724,0,1,0,0,0,0,1,0,0
14,pretrained,FN,14/0024.png,483,0.6984352469444275,0,1,0,0,0,0,1,0,0
14,pretrained,FN,14/0024.png,484,0.5142689347267151,0,1,0,0,0,0,1,0,0
14,pretrained,FN,14/0024.png,485,1.775761365890503,0,1,0,0,0,0,1,0,0
14,pretrained,FN,14/0024.png,486,0.09370014816522598,0,1,0,0,0,0,1,0,0
14,pretrained,FN,14/0024.png,487,0.02363351359963417,0,1,0,0,0,0,1,0,0
14,pretrained,FN,14/0024.png,488,0.6899574398994446,0,1,0,0,0,0,1,0,0
14,pretrained,FN,14/0024.png,489,0.06680397689342499,0,1,0,0,0,0,1,0,0
14,pretrained,FN,14/0024.png,490,0.0563192218542099,0,1,0,0,0,0,1,0,0
14,pretrained,FN,14/0024.png,491,0.20413368940353394,0,1,0,0,0,0,1,0,0
14,pretrained,FN,14/0024.png,492,0.21750092506408691,0,1,0,0,0,0,1,0,0
14,pretrained,FN,14/0024.png,493,0.4125235080718994,0,1,0,0,0,0,1,0,0
14,pretrained,FN,14/0024.png,494,0.04219403117895126,0,1,0,0,0,0,1,0,0
14,pretrained,FN,14/0024.png,495,0.712805449962616,0,1,0,0,0,0,1,0,0
14,pretrained,FN,14/0024.png,496,0.3178770840167999,0,1,0,0,0,0,1,0,0
14,pretrained,FN,14/0024.png,497,0.19647157192230225,0,1,0,0,0,0,1,0,0
14,pretrained,FN,14/0024.png,498,1.3503798246383667,0,1,0,0,0,0,1,0,0
14,pretrained,FN,14/0024.png,499,0.5371469259262085,0,1,0,0,0,0,1,0,0
14,pretrained,FN,14/0024.png,500,0.030674926936626434,0,1,0,0,0,0,1,0,0
14,pretrained,FN,14/0024.png,501,1.517209768295288,0,1,0,0,0,0,1,0,0
14,pretrained,FN,14/0024.png,502,0.8355817198753357,0,1,0,0,0,0,1,0,0
14,pretrained,FN,14/0024.png,503,0.37078791856765747,0,1,0,0,0,0,1,0,0
14,pretrained,FN,14/0024.png,504,0.02009706199169159,0,1,0,0,0,0,1,0,0
14,pretrained,FN,14/0024.png,505,0.036975301802158356,0,1,0,0,0,0,1,0,0
14,pretrained,FN,14/0024.png,506,0.5562459230422974,0,1,0,0,0,0,1,0,0
14,pretrained,FN,14/0024.png,507,0.1641838252544403,0,1,0,0,0,0,1,0,0
14,pretrained,FN,14/0024.png,508,0.13034215569496155,0,1,0,0,0,0,1,0,0
14,pretrained,FN,14/0024.png,509,0.5919296145439148,0,1,0,0,0,0,1,0,0
14,pretrained,FN,14/0024.png,510,1.5370771884918213,0,1,0,0,0,0,1,0,0
14,pretrained,FN,14/0024.png,511,0.10319503396749496,0,1,0,0,0,0,1,0,0
14,pretrained,TN,14/0001.png,0,1.975893259048462,1,1,0,0,0,0,1,0,0
14,pretrained,TN,14/0001.png,1,0.9683361649513245,1,1,0,0,0,0,1,0,0
14,pretrained,TN,14/0001.png,2,0.5584359169006348,1,1,0,0,0,0,1,0,0
14,pretrained,TN,14/0001.png,3,0.5712937116622925,1,1,0,0,0,0,1,0,0
14,pretrained,TN,14/0001.png,4,0.019747542217373848,1,1,0,0,0,0,1,0,0
14,pretrained,TN,14/0001.png,5,1.531821370124817,1,1,0,0,0,0,1,0,0
14,pretrained,TN,14/0001.png,6,0.0025794843677431345,1,1,0,0,0,0,1,0,0
14,pretrained,TN,14/0001.png,7,0.9528589248657227,1,1,0,0,0,0,1,0,0
14,pretrained,TN,14/0001.png,8,0.5027279853820801,1,1,0,0,0,0,1,0,0
14,pretrained,TN,14/0001.png,9,0.29544776678085327,1,1,0,0,0,0,1,0,0
14,pretrained,TN,14/0001.png,10,0.020109059289097786,1,1,0,0,0,0,1,0,0
14,pretrained,TN,14/0001.png,11,0.39000558853149414,1,1,0,0,0,0,1,0,0
14,pretrained,TN,14/0001.png,12,0.23534582555294037,1,1,0,0,0,0,1,0,0
14,pretrained,TN,14/0001.png,13,0.451412171125412,1,1,0,0,0,0,1,0,0
14,pretrained,TN,14/0001.png,14,0.08958696573972702,1,1,0,0,0,0,1,0,0
14,pretrained,TN,14/0001.png,15,0.35538771748542786,1,1,0,0,0,0,1,0,0
14,pretrained,TN,14/0001.png,16,0.39311444759368896,1,1,0,0,0,0,1,0,0
14,pretrained,TN,14/0001.png,17,1.7172558307647705,1,1,0,0,0,0,1,0,0
14,pretrained,TN,14/0001.png,18,0.09532850980758667,1,1,0,0,0,0,1,0,0
14,pretrained,TN,14/0001.png,19,0.6257836222648621,1,1,0,0,0,0,1,0,0
14,pretrained,TN,14/0001.png,20,1.131234884262085,1,1,0,0,0,0,1,0,0
14,pretrained,TN,14/0001.png,21,0.231802299618721,1,1,0,0,0,0,1,0,0
14,pretrained,TN,14/0001.png,22,0.6607983708381653,1,1,0,0,0,0,1,0,0
14,pretrained,TN,14/0001.png,23,2.0778346061706543,1,1,0,0,0,0,1,0,0
14,pretrained,TN,14/0001.png,24,0.3214958906173706,1,1,0,0,0,0,1,0,0
14,pretrained,TN,14/0001.png,25,0.1245262548327446,1,1,0,0,0,0,1,0,0
14,pretrained,TN,14/0001.png,26,0.27078676223754883,1,1,0,0,0,0,1,0,0
14,pretrained,TN,14/0001.png,27,0.20528042316436768,1,1,0,0,0,0,1,0,0
14,pretrained,TN,14/0001.png,28,0.025181595236063004,1,1,0,0,0,0,1,0,0
14,pretrained,TN,14/0001.png,29,0.03126709908246994,1,1,0,0,0,0,1,0,0
14,pretrained,TN,14/0001.png,30,0.23165066540241241,1,1,0,0,0,0,1,0,0
14,pretrained,TN,14/0001.png,31,0.2607506811618805,1,1,0,0,0,0,1,0,0
14,pretrained,TN,14/0001.png,32,0.2682414948940277,1,1,0,0,0,0,1,0,0
14,pretrained,TN,14/0001.png,33,0.6394714117050171,1,1,0,0,0,0,1,0,0
14,pretrained,TN,14/0001.png,34,0.14186213910579681,1,1,0,0,0,0,1,0,0
14,pretrained,TN,14/0001.png,35,0.3245641887187958,1,1,0,0,0,0,1,0,0
14,pretrained,TN,14/0001.png,36,0.16193383932113647,1,1,0,0,0,0,1,0,0
14,pretrained,TN,14/0001.png,37,0.21561741828918457,1,1,0,0,0,0,1,0,0
14,pretrained,TN,14/0001.png,38,0.38842180371284485,1,1,0,0,0,0,1,0,0
14,pretrained,TN,14/0001.png,39,0.02461422234773636,1,1,0,0,0,0,1,0,0
14,pretrained,TN,14/0001.png,40,0.02122005820274353,1,1,0,0,0,0,1,0,0
14,pretrained,TN,14/0001.png,41,0.4804559051990509,1,1,0,0,0,0,1,0,0
14,pretrained,TN,14/0001.png,42,1.4437851905822754,1,1,0,0,0,0,1,0,0
14,pretrained,TN,14/0001.png,43,0.6786177754402161,1,1,0,0,0,0,1,0,0
14,pretrained,TN,14/0001.png,44,0.004362625535577536,1,1,0,0,0,0,1,0,0
14,pretrained,TN,14/0001.png,45,0.3500017821788788,1,1,0,0,0,0,1,0,0
14,pretrained,TN,14/0001.png,46,0.451244980096817,1,1,0,0,0,0,1,0,0
14,pretrained,TN,14/0001.png,47,0.2286742627620697,1,1,0,0,0,0,1,0,0
14,pretrained,TN,14/0001.png,48,0.15180154144763947,1,1,0,0,0,0,1,0,0
14,pretrained,TN,14/0001.png,49,0.5429900288581848,1,1,0,0,0,0,1,0,0
14,pretrained,TN,14/0001.png,50,2.590226411819458,1,1,0,0,0,0,1,0,0
14,pretrained,TN,14/0001.png,51,0.1423017829656601,1,1,0,0,0,0,1,0,0
14,pretrained,TN,14/0001.png,52,0.21482542157173157,1,1,0,0,0,0,1,0,0
14,pretrained,TN,14/0001.png,53,0.01823710836470127,1,1,0,0,0,0,1,0,0
14,pretrained,TN,14/0001.png,54,0.9061681628227234,1,1,0,0,0,0,1,0,0
14,pretrained,TN,14/0001.png,55,0.2746010422706604,1,1,0,0,0,0,1,0,0
14,pretrained,TN,14/0001.png,56,1.6576699018478394,1,1,0,0,0,0,1,0,0
14,pretrained,TN,14/0001.png,57,0.5290995240211487,1,1,0,0,0,0,1,0,0
14,pretrained,TN,14/0001.png,58,1.6244406700134277,1,1,0,0,0,0,1,0,0
14,pretrained,TN,14/0001.png,59,1.3027215003967285,1,1,0,0,0,0,1,0,0
14,pretrained,TN,14/0001.png,60,1.7468146085739136,1,1,0,0,0,0,1,0,0
14,pretrained,TN,14/0001.png,61,0.8433361649513245,1,1,0,0,0,0,1,0,0
14,pretrained,TN,14/0001.png,62,0.08054212480783463,1,1,0,0,0,0,1,0,0
14,pretrained,TN,14/0001.png,63,0.24430567026138306,1,1,0,0,0,0,1,0,0
14,pretrained,TN,14/0001.png,64,1.1168291568756104,1,1,0,0,0,0,1,0,0
14,pretrained,TN,14/0001.png,65,1.0251153707504272,1,1,0,0,0,0,1,0,0
14,pretrained,TN,14/0001.png,66,0.27084779739379883,1,1,0,0,0,0,1,0,0
14,pretrained,TN,14/0001.png,67,0.3936481773853302,1,1,0,0,0,0,1,0,0
14,pretrained,TN,14/0001.png,68,0.2968578040599823,1,1,0,0,0,0,1,0,0
14,pretrained,TN,14/0001.png,69,1.7584911584854126,1,1,0,0,0,0,1,0,0
14,pretrained,TN,14/0001.png,70,0.790282130241394,1,1,0,0,0,0,1,0,0
14,pretrained,TN,14/0001.png,71,0.17364872992038727,1,1,0,0,0,0,1,0,0
14,pretrained,TN,14/0001.png,72,2.080897331237793,1,1,0,0,0,0,1,0,0
14,pretrained,TN,14/0001.png,73,0.029434354975819588,1,1,0,0,0,0,1,0,0
14,pretrained,TN,14/0001.png,74,1.5297282934188843,1,1,0,0,0,0,1,0,0
14,pretrained,TN,14/0001.png,75,0.8348393440246582,1,1,0,0,0,0,1,0,0
14,pretrained,TN,14/0001.png,76,0.004727471154183149,1,1,0,0,0,0,1,0,0
14,pretrained,TN,14/0001.png,77,1.425345540046692,1,1,0,0,0,0,1,0,0
14,pretrained,TN,14/0001.png,78,0.5698066353797913,1,1,0,0,0,0,1,0,0
14,pretrained,TN,14/0001.png,79,0.06565745919942856,1,1,0,0,0,0,1,0,0
14,pretrained,TN,14/0001.png,80,0.14367567002773285,1,1,0,0,0,0,1,0,0
14,pretrained,TN,14/0001.png,81,0.5751873850822449,1,1,0,0,0,0,1,0,0
14,pretrained,TN,14/0001.png,82,1.3091213703155518,1,1,0,0,0,0,1,0,0
14,pretrained,TN,14/0001.png,83,0.6642612814903259,1,1,0,0,0,0,1,0,0
14,pretrained,TN,14/0001.png,84,0.05933651700615883,1,1,0,0,0,0,1,0,0
14,pretrained,TN,14/0001.png,85,1.2118782997131348,1,1,0,0,0,0,1,0,0
14,pretrained,TN,14/0001.png,86,0.0019162609241902828,1,1,0,0,0,0,1,0,0
14,pretrained,TN,14/0001.png,87,0.5057299137115479,1,1,0,0,0,0,1,0,0
14,pretrained,TN,14/0001.png,88,0.16080883145332336,1,1,0,0,0,0,1,0,0
14,pretrained,TN,14/0001.png,89,2.5746684074401855,1,1,0,0,0,0,1,0,0
14,pretrained,TN,14/0001.png,90,0.15850169956684113,1,1,0,0,0,0,1,0,0
14,pretrained,TN,14/0001.png,91,1.4632843732833862,1,1,0,0,0,0,1,0,0
14,pretrained,TN,14/0001.png,92,1.0567139387130737,1,1,0,0,0,0,1,0,0
14,pretrained,TN,14/0001.png,93,0.17561736702919006,1,1,0,0,0,0,1,0,0
14,pretrained,TN,14/0001.png,94,0.6529297828674316,1,1,0,0,0,0,1,0,0
14,pretrained,TN,14/0001.png,95,0.8317624926567078,1,1,0,0,0,0,1,0,0
14,pretrained,TN,14/0001.png,96,1.1971302032470703,1,1,0,0,0,0,1,0,0
14,pretrained,TN,14/0001.png,97,0.41865411400794983,1,1,0,0,0,0,1,0,0
14,pretrained,TN,14/0001.png,98,1.336346983909607,1,1,0,0,0,0,1,0,0
14,pretrained,TN,14/0001.png,99,0.2100571244955063,1,1,0,0,0,0,1,0,0
14,pretrained,TN,14/0001.png,100,0.12563033401966095,1,1,0,0,0,0,1,0,0
14,pretrained,TN,14/0001.png,101,0.21072979271411896,1,1,0,0,0,0,1,0,0
14,pretrained,TN,14/0001.png,102,0.3385802209377289,1,1,0,0,0,0,1,0,0
14,pretrained,TN,14/0001.png,103,0.29850009083747864,1,1,0,0,0,0,1,0,0
14,pretrained,TN,14/0001.png,104,2.196901559829712,1,1,0,0,0,0,1,0,0
14,pretrained,TN,14/0001.png,105,0.5668715834617615,1,1,0,0,0,0,1,0,0
14,pretrained,TN,14/0001.png,106,0.2239822894334793,1,1,0,0,0,0,1,0,0
14,pretrained,TN,14/0001.png,107,0.6170220971107483,1,1,0,0,0,0,1,0,0
14,pretrained,TN,14/0001.png,108,0.14473176002502441,1,1,0,0,0,0,1,0,0
14,pretrained,TN,14/0001.png,109,0.40025949478149414,1,1,0,0,0,0,1,0,0
14,pretrained,TN,14/0001.png,110,0.16653788089752197,1,1,0,0,0,0,1,0,0
14,pretrained,TN,14/0001.png,111,0.7722370624542236,1,1,0,0,0,0,1,0,0
14,pretrained,TN,14/0001.png,112,0.6510226130485535,1,1,0,0,0,0,1,0,0
14,pretrained,TN,14/0001.png,113,0.7088793516159058,1,1,0,0,0,0,1,0,0
14,pretrained,TN,14/0001.png,114,0.23854783177375793,1,1,0,0,0,0,1,0,0
14,pretrained,TN,14/0001.png,115,0.37195828557014465,1,1,0,0,0,0,1,0,0
14,pretrained,TN,14/0001.png,116,0.9074625968933105,1,1,0,0,0,0,1,0,0
14,pretrained,TN,14/0001.png,117,0.5095301270484924,1,1,0,0,0,0,1,0,0
14,pretrained,TN,14/0001.png,118,0.1945081502199173,1,1,0,0,0,0,1,0,0
14,pretrained,TN,14/0001.png,119,0.895738422870636,1,1,0,0,0,0,1,0,0
14,pretrained,TN,14/0001.png,120,0.9835500717163086,1,1,0,0,0,0,1,0,0
14,pretrained,TN,14/0001.png,121,1.459157943725586,1,1,0,0,0,0,1,0,0
14,pretrained,TN,14/0001.png,122,0.06886981427669525,1,1,0,0,0,0,1,0,0
14,pretrained,TN,14/0001.png,123,1.724704623222351,1,1,0,0,0,0,1,0,0
14,pretrained,TN,14/0001.png,124,2.280916213989258,1,1,0,0,0,0,1,0,0
14,pretrained,TN,14/0001.png,125,1.0185550451278687,1,1,0,0,0,0,1,0,0
14,pretrained,TN,14/0001.png,126,1.3241561651229858,1,1,0,0,0,0,1,0,0
14,pretrained,TN,14/0001.png,127,0.16715069115161896,1,1,0,0,0,0,1,0,0
14,pretrained,TN,14/0001.png,128,0.25702670216560364,1,1,0,0,0,0,1,0,0
14,pretrained,TN,14/0001.png,129,0.24105700850486755,1,1,0,0,0,0,1,0,0
14,pretrained,TN,14/0001.png,130,0.37562406063079834,1,1,0,0,0,0,1,0,0
14,pretrained,TN,14/0001.png,131,0.2879882752895355,1,1,0,0,0,0,1,0,0
14,pretrained,TN,14/0001.png,132,0.03229410946369171,1,1,0,0,0,0,1,0,0
14,pretrained,TN,14/0001.png,133,1.393994688987732,1,1,0,0,0,0,1,0,0
14,pretrained,TN,14/0001.png,134,0.008591128513216972,1,1,0,0,0,0,1,0,0
14,pretrained,TN,14/0001.png,135,0.3986364006996155,1,1,0,0,0,0,1,0,0
14,pretrained,TN,14/0001.png,136,0.0405101403594017,1,1,0,0,0,0,1,0,0
14,pretrained,TN,14/0001.png,137,0.4911332130432129,1,1,0,0,0,0,1,0,0
14,pretrained,TN,14/0001.png,138,0.23066316545009613,1,1,0,0,0,0,1,0,0
14,pretrained,TN,14/0001.png,139,0.34690284729003906,1,1,0,0,0,0,1,0,0
14,pretrained,TN,14/0001.png,140,0.8289945721626282,1,1,0,0,0,0,1,0,0
14,pretrained,TN,14/0001.png,141,0.4668545126914978,1,1,0,0,0,0,1,0,0
14,pretrained,TN,14/0001.png,142,3.727846622467041,1,1,0,0,0,0,1,0,0
14,pretrained,TN,14/0001.png,143,1.4504939317703247,1,1,0,0,0,0,1,0,0
14,pretrained,TN,14/0001.png,144,0.07267354428768158,1,1,0,0,0,0,1,0,0
14,pretrained,TN,14/0001.png,145,0.2841365933418274,1,1,0,0,0,0,1,0,0
14,pretrained,TN,14/0001.png,146,0.49543410539627075,1,1,0,0,0,0,1,0,0
14,pretrained,TN,14/0001.png,147,0.5311509966850281,1,1,0,0,0,0,1,0,0
14,pretrained,TN,14/0001.png,148,0.0061032394878566265,1,1,0,0,0,0,1,0,0
14,pretrained,TN,14/0001.png,149,0.5771584510803223,1,1,0,0,0,0,1,0,0
14,pretrained,TN,14/0001.png,150,0.1672668308019638,1,1,0,0,0,0,1,0,0
14,pretrained,TN,14/0001.png,151,0.07817896455526352,1,1,0,0,0,0,1,0,0
14,pretrained,TN,14/0001.png,152,0.8441438674926758,1,1,0,0,0,0,1,0,0
14,pretrained,TN,14/0001.png,153,0.43735575675964355,1,1,0,0,0,0,1,0,0
14,pretrained,TN,14/0001.png,154,1.08292555809021,1,1,0,0,0,0,1,0,0
14,pretrained,TN,14/0001.png,155,0.1375446766614914,1,1,0,0,0,0,1,0,0
14,pretrained,TN,14/0001.png,156,0.541771650314331,1,1,0,0,0,0,1,0,0
14,pretrained,TN,14/0001.png,157,1.352243423461914,1,1,0,0,0,0,1,0,0
14,pretrained,TN,14/0001.png,158,0.22095853090286255,1,1,0,0,0,0,1,0,0
14,pretrained,TN,14/0001.png,159,0.12043534219264984,1,1,0,0,0,0,1,0,0
14,pretrained,TN,14/0001.png,160,0.17027436196804047,1,1,0,0,0,0,1,0,0
14,pretrained,TN,14/0001.png,161,0.8041409254074097,1,1,0,0,0,0,1,0,0
14,pretrained,TN,14/0001.png,162,0.27483174204826355,1,1,0,0,0,0,1,0,0
14,pretrained,TN,14/0001.png,163,0.9578799605369568,1,1,0,0,0,0,1,0,0
14,pretrained,TN,14/0001.png,164,1.5040614604949951,1,1,0,0,0,0,1,0,0
14,pretrained,TN,14/0001.png,165,0.34501728415489197,1,1,0,0,0,0,1,0,0
14,pretrained,TN,14/0001.png,166,1.2232803106307983,1,1,0,0,0,0,1,0,0
14,pretrained,TN,14/0001.png,167,0.2907303273677826,1,1,0,0,0,0,1,0,0
14,pretrained,TN,14/0001.png,168,0.30031901597976685,1,1,0,0,0,0,1,0,0
14,pretrained,TN,14/0001.png,169,2.1054532527923584,1,1,0,0,0,0,1,0,0
14,pretrained,TN,14/0001.png,170,0.6353535056114197,1,1,0,0,0,0,1,0,0
14,pretrained,TN,14/0001.png,171,0.029412386938929558,1,1,0,0,0,0,1,0,0
14,pretrained,TN,14/0001.png,172,0.5067015886306763,1,1,0,0,0,0,1,0,0
14,pretrained,TN,14/0001.png,173,0.2874144911766052,1,1,0,0,0,0,1,0,0
14,pretrained,TN,14/0001.png,174,0.3391757607460022,1,1,0,0,0,0,1,0,0
14,pretrained,TN,14/0001.png,175,0.9133003950119019,1,1,0,0,0,0,1,0,0
14,pretrained,TN,14/0001.png,176,0.01242026500403881,1,1,0,0,0,0,1,0,0
14,pretrained,TN,14/0001.png,177,0.006251033395528793,1,1,0,0,0,0,1,0,0
14,pretrained,TN,14/0001.png,178,0.5458235740661621,1,1,0,0,0,0,1,0,0
14,pretrained,TN,14/0001.png,179,0.4418300688266754,1,1,0,0,0,0,1,0,0
14,pretrained,TN,14/0001.png,180,0.46146759390830994,1,1,0,0,0,0,1,0,0
14,pretrained,TN,14/0001.png,181,0.24587035179138184,1,1,0,0,0,0,1,0,0
14,pretrained,TN,14/0001.png,182,2.510948896408081,1,1,0,0,0,0,1,0,0
14,pretrained,TN,14/0001.png,183,0.3799808621406555,1,1,0,0,0,0,1,0,0
14,pretrained,TN,14/0001.png,184,0.48701322078704834,1,1,0,0,0,0,1,0,0
14,pretrained,TN,14/0001.png,185,0.5563881993293762,1,1,0,0,0,0,1,0,0
14,pretrained,TN,14/0001.png,186,0.5894051194190979,1,1,0,0,0,0,1,0,0
14,pretrained,TN,14/0001.png,187,0.00803655106574297,1,1,0,0,0,0,1,0,0
14,pretrained,TN,14/0001.png,188,1.7371509075164795,1,1,0,0,0,0,1,0,0
14,pretrained,TN,14/0001.png,189,0.07596135884523392,1,1,0,0,0,0,1,0,0
14,pretrained,TN,14/0001.png,190,0.03836388140916824,1,1,0,0,0,0,1,0,0
14,pretrained,TN,14/0001.png,191,0.06268209964036942,1,1,0,0,0,0,1,0,0
14,pretrained,TN,14/0001.png,192,1.8774644136428833,1,1,0,0,0,0,1,0,0
14,pretrained,TN,14/0001.png,193,0.8430497050285339,1,1,0,0,0,0,1,0,0
14,pretrained,TN,14/0001.png,194,1.1386204957962036,1,1,0,0,0,0,1,0,0
14,pretrained,TN,14/0001.png,195,0.6270230412483215,1,1,0,0,0,0,1,0,0
14,pretrained,TN,14/0001.png,196,0.4023536443710327,1,1,0,0,0,0,1,0,0
14,pretrained,TN,14/0001.png,197,1.1097368001937866,1,1,0,0,0,0,1,0,0
14,pretrained,TN,14/0001.png,198,0.17648740112781525,1,1,0,0,0,0,1,0,0
14,pretrained,TN,14/0001.png,199,0.8350340127944946,1,1,0,0,0,0,1,0,0
14,pretrained,TN,14/0001.png,200,0.17294621467590332,1,1,0,0,0,0,1,0,0
14,pretrained,TN,14/0001.png,201,1.41315758228302,1,1,0,0,0,0,1,0,0
14,pretrained,TN,14/0001.png,202,0.860207200050354,1,1,0,0,0,0,1,0,0
14,pretrained,TN,14/0001.png,203,0.5344927310943604,1,1,0,0,0,0,1,0,0
14,pretrained,TN,14/0001.png,204,0.11297158896923065,1,1,0,0,0,0,1,0,0
14,pretrained,TN,14/0001.png,205,0.16968871653079987,1,1,0,0,0,0,1,0,0
14,pretrained,TN,14/0001.png,206,1.8331009149551392,1,1,0,0,0,0,1,0,0
14,pretrained,TN,14/0001.png,207,0.23851819336414337,1,1,0,0,0,0,1,0,0
14,pretrained,TN,14/0001.png,208,0.07168511301279068,1,1,0,0,0,0,1,0,0
14,pretrained,TN,14/0001.png,209,0.8319589495658875,1,1,0,0,0,0,1,0,0
14,pretrained,TN,14/0001.png,210,0.0023019956424832344,1,1,0,0,0,0,1,0,0
14,pretrained,TN,14/0001.png,211,0.6096850633621216,1,1,0,0,0,0,1,0,0
14,pretrained,TN,14/0001.png,212,0.01957537978887558,1,1,0,0,0,0,1,0,0
14,pretrained,TN,14/0001.png,213,0.1156918853521347,1,1,0,0,0,0,1,0,0
14,pretrained,TN,14/0001.png,214,0.9365352988243103,1,1,0,0,0,0,1,0,0
14,pretrained,TN,14/0001.png,215,0.349569708108902,1,1,0,0,0,0,1,0,0
14,pretrained,TN,14/0001.png,216,0.10825259238481522,1,1,0,0,0,0,1,0,0
14,pretrained,TN,14/0001.png,217,0.4574515223503113,1,1,0,0,0,0,1,0,0
14,pretrained,TN,14/0001.png,218,0.5907732248306274,1,1,0,0,0,0,1,0,0
14,pretrained,TN,14/0001.png,219,0.9062463641166687,1,1,0,0,0,0,1,0,0
14,pretrained,TN,14/0001.png,220,0.2584003508090973,1,1,0,0,0,0,1,0,0
14,pretrained,TN,14/0001.png,221,0.9179463982582092,1,1,0,0,0,0,1,0,0
14,pretrained,TN,14/0001.png,222,1.850886583328247,1,1,0,0,0,0,1,0,0
14,pretrained,TN,14/0001.png,223,0.40559861063957214,1,1,0,0,0,0,1,0,0
14,pretrained,TN,14/0001.png,224,0.17564304172992706,1,1,0,0,0,0,1,0,0
14,pretrained,TN,14/0001.png,225,0.6071615219116211,1,1,0,0,0,0,1,0,0
14,pretrained,TN,14/0001.png,226,2.2290029525756836,1,1,0,0,0,0,1,0,0
14,pretrained,TN,14/0001.png,227,0.005750846117734909,1,1,0,0,0,0,1,0,0
14,pretrained,TN,14/0001.png,228,0.32895952463150024,1,1,0,0,0,0,1,0,0
14,pretrained,TN,14/0001.png,229,1.3553701639175415,1,1,0,0,0,0,1,0,0
14,pretrained,TN,14/0001.png,230,2.320446252822876,1,1,0,0,0,0,1,0,0
14,pretrained,TN,14/0001.png,231,0.02664547599852085,1,1,0,0,0,0,1,0,0
14,pretrained,TN,14/0001.png,232,0.16190297901630402,1,1,0,0,0,0,1,0,0
14,pretrained,TN,14/0001.png,233,0.1146240234375,1,1,0,0,0,0,1,0,0
14,pretrained,TN,14/0001.png,234,1.298888087272644,1,1,0,0,0,0,1,0,0
14,pretrained,TN,14/0001.png,235,0.28946012258529663,1,1,0,0,0,0,1,0,0
14,pretrained,TN,14/0001.png,236,0.2760622799396515,1,1,0,0,0,0,1,0,0
14,pretrained,TN,14/0001.png,237,0.39835140109062195,1,1,0,0,0,0,1,0,0
14,pretrained,TN,14/0001.png,238,0.15407057106494904,1,1,0,0,0,0,1,0,0
14,pretrained,TN,14/0001.png,239,0.4571148753166199,1,1,0,0,0,0,1,0,0
14,pretrained,TN,14/0001.png,240,0.13315626978874207,1,1,0,0,0,0,1,0,0
14,pretrained,TN,14/0001.png,241,1.8248182535171509,1,1,0,0,0,0,1,0,0
14,pretrained,TN,14/0001.png,242,0.34420499205589294,1,1,0,0,0,0,1,0,0
14,pretrained,TN,14/0001.png,243,1.120065450668335,1,1,0,0,0,0,1,0,0
14,pretrained,TN,14/0001.png,244,0.48359057307243347,1,1,0,0,0,0,1,0,0
14,pretrained,TN,14/0001.png,245,0.43491873145103455,1,1,0,0,0,0,1,0,0
14,pretrained,TN,14/0001.png,246,1.693442940711975,1,1,0,0,0,0,1,0,0
14,pretrained,TN,14/0001.png,247,0.003490766743198037,1,1,0,0,0,0,1,0,0
14,pretrained,TN,14/0001.png,248,0.005164426285773516,1,1,0,0,0,0,1,0,0
14,pretrained,TN,14/0001.png,249,0.47902849316596985,1,1,0,0,0,0,1,0,0
14,pretrained,TN,14/0001.png,250,1.9801998138427734,1,1,0,0,0,0,1,0,0
14,pretrained,TN,14/0001.png,251,0.9203802347183228,1,1,0,0,0,0,1,0,0
14,pretrained,TN,14/0001.png,252,0.23783497512340546,1,1,0,0,0,0,1,0,0
14,pretrained,TN,14/0001.png,253,0.026643607765436172,1,1,0,0,0,0,1,0,0
14,pretrained,TN,14/0001.png,254,2.456284761428833,1,1,0,0,0,0,1,0,0
14,pretrained,TN,14/0001.png,255,2.784665584564209,1,1,0,0,0,0,1,0,0
14,pretrained,TN,14/0001.png,256,0.03768346086144447,1,1,0,0,0,0,1,0,0
14,pretrained,TN,14/0001.png,257,0.08440122753381729,1,1,0,0,0,0,1,0,0
14,pretrained,TN,14/0001.png,258,0.750380277633667,1,1,0,0,0,0,1,0,0
14,pretrained,TN,14/0001.png,259,0.03752324357628822,1,1,0,0,0,0,1,0,0
14,pretrained,TN,14/0001.png,260,0.6610676646232605,1,1,0,0,0,0,1,0,0
14,pretrained,TN,14/0001.png,261,0.3451389670372009,1,1,0,0,0,0,1,0,0
14,pretrained,TN,14/0001.png,262,1.4022682905197144,1,1,0,0,0,0,1,0,0
14,pretrained,TN,14/0001.png,263,0.08971289545297623,1,1,0,0,0,0,1,0,0
14,pretrained,TN,14/0001.png,264,0.26782676577568054,1,1,0,0,0,0,1,0,0
14,pretrained,TN,14/0001.png,265,0.5889171957969666,1,1,0,0,0,0,1,0,0
14,pretrained,TN,14/0001.png,266,0.641636073589325,1,1,0,0,0,0,1,0,0
14,pretrained,TN,14/0001.png,267,0.9382675290107727,1,1,0,0,0,0,1,0,0
14,pretrained,TN,14/0001.png,268,0.35692787170410156,1,1,0,0,0,0,1,0,0
14,pretrained,TN,14/0001.png,269,0.11132407933473587,1,1,0,0,0,0,1,0,0
14,pretrained,TN,14/0001.png,270,0.4471668601036072,1,1,0,0,0,0,1,0,0
14,pretrained,TN,14/0001.png,271,1.5232356786727905,1,1,0,0,0,0,1,0,0
14,pretrained,TN,14/0001.png,272,0.23429501056671143,1,1,0,0,0,0,1,0,0
14,pretrained,TN,14/0001.png,273,1.7382234334945679,1,1,0,0,0,0,1,0,0
14,pretrained,TN,14/0001.png,274,0.025957511737942696,1,1,0,0,0,0,1,0,0
14,pretrained,TN,14/0001.png,275,0.7456738948822021,1,1,0,0,0,0,1,0,0
14,pretrained,TN,14/0001.png,276,1.2441481351852417,1,1,0,0,0,0,1,0,0
14,pretrained,TN,14/0001.png,277,0.41306087374687195,1,1,0,0,0,0,1,0,0
14,pretrained,TN,14/0001.png,278,0.4319913387298584,1,1,0,0,0,0,1,0,0
14,pretrained,TN,14/0001.png,279,0.14267584681510925,1,1,0,0,0,0,1,0,0
14,pretrained,TN,14/0001.png,280,1.0312045812606812,1,1,0,0,0,0,1,0,0
14,pretrained,TN,14/0001.png,281,0.05769703909754753,1,1,0,0,0,0,1,0,0
14,pretrained,TN,14/0001.png,282,1.0468131303787231,1,1,0,0,0,0,1,0,0
14,pretrained,TN,14/0001.png,283,0.25395113229751587,1,1,0,0,0,0,1,0,0
14,pretrained,TN,14/0001.png,284,0.5620752573013306,1,1,0,0,0,0,1,0,0
14,pretrained,TN,14/0001.png,285,0.13367784023284912,1,1,0,0,0,0,1,0,0
14,pretrained,TN,14/0001.png,286,0.0016010288381949067,1,1,0,0,0,0,1,0,0
14,pretrained,TN,14/0001.png,287,0.6623799800872803,1,1,0,0,0,0,1,0,0
14,pretrained,TN,14/0001.png,288,0.49599766731262207,1,1,0,0,0,0,1,0,0
14,pretrained,TN,14/0001.png,289,0.7672604322433472,1,1,0,0,0,0,1,0,0
14,pretrained,TN,14/0001.png,290,0.6753214001655579,1,1,0,0,0,0,1,0,0
14,pretrained,TN,14/0001.png,291,1.7449527978897095,1,1,0,0,0,0,1,0,0
14,pretrained,TN,14/0001.png,292,0.6558392643928528,1,1,0,0,0,0,1,0,0
14,pretrained,TN,14/0001.png,293,0.388089120388031,1,1,0,0,0,0,1,0,0
14,pretrained,TN,14/0001.png,294,0.14618296921253204,1,1,0,0,0,0,1,0,0
14,pretrained,TN,14/0001.png,295,0.21124592423439026,1,1,0,0,0,0,1,0,0
14,pretrained,TN,14/0001.png,296,0.6171388626098633,1,1,0,0,0,0,1,0,0
14,pretrained,TN,14/0001.png,297,1.5814707279205322,1,1,0,0,0,0,1,0,0
14,pretrained,TN,14/0001.png,298,0.9083872437477112,1,1,0,0,0,0,1,0,0
14,pretrained,TN,14/0001.png,299,0.7372655868530273,1,1,0,0,0,0,1,0,0
14,pretrained,TN,14/0001.png,300,0.9990903735160828,1,1,0,0,0,0,1,0,0
14,pretrained,TN,14/0001.png,301,0.09417714923620224,1,1,0,0,0,0,1,0,0
14,pretrained,TN,14/0001.png,302,0.0,1,1,0,0,0,0,1,0,0
14,pretrained,TN,14/0001.png,303,0.11302759498357773,1,1,0,0,0,0,1,0,0
14,pretrained,TN,14/0001.png,304,0.7921358346939087,1,1,0,0,0,0,1,0,0
14,pretrained,TN,14/0001.png,305,0.1359330713748932,1,1,0,0,0,0,1,0,0
14,pretrained,TN,14/0001.png,306,0.006455274764448404,1,1,0,0,0,0,1,0,0
14,pretrained,TN,14/0001.png,307,0.20096753537654877,1,1,0,0,0,0,1,0,0
14,pretrained,TN,14/0001.png,308,0.0789923146367073,1,1,0,0,0,0,1,0,0
14,pretrained,TN,14/0001.png,309,0.08850385993719101,1,1,0,0,0,0,1,0,0
14,pretrained,TN,14/0001.png,310,2.0635714530944824,1,1,0,0,0,0,1,0,0
14,pretrained,TN,14/0001.png,311,0.2446509748697281,1,1,0,0,0,0,1,0,0
14,pretrained,TN,14/0001.png,312,0.789863109588623,1,1,0,0,0,0,1,0,0
14,pretrained,TN,14/0001.png,313,0.5199857354164124,1,1,0,0,0,0,1,0,0
14,pretrained,TN,14/0001.png,314,0.05374763906002045,1,1,0,0,0,0,1,0,0
14,pretrained,TN,14/0001.png,315,1.230417013168335,1,1,0,0,0,0,1,0,0
14,pretrained,TN,14/0001.png,316,0.23385073244571686,1,1,0,0,0,0,1,0,0
14,pretrained,TN,14/0001.png,317,0.05085034295916557,1,1,0,0,0,0,1,0,0
14,pretrained,TN,14/0001.png,318,0.11618363112211227,1,1,0,0,0,0,1,0,0
14,pretrained,TN,14/0001.png,319,2.053511381149292,1,1,0,0,0,0,1,0,0
14,pretrained,TN,14/0001.png,320,0.004016013815999031,1,1,0,0,0,0,1,0,0
14,pretrained,TN,14/0001.png,321,0.30202993750572205,1,1,0,0,0,0,1,0,0
14,pretrained,TN,14/0001.png,322,0.2840445041656494,1,1,0,0,0,0,1,0,0
14,pretrained,TN,14/0001.png,323,0.29723870754241943,1,1,0,0,0,0,1,0,0
14,pretrained,TN,14/0001.png,324,0.009754914790391922,1,1,0,0,0,0,1,0,0
14,pretrained,TN,14/0001.png,325,1.1676183938980103,1,1,0,0,0,0,1,0,0
14,pretrained,TN,14/0001.png,326,0.6473361253738403,1,1,0,0,0,0,1,0,0
14,pretrained,TN,14/0001.png,327,0.20987758040428162,1,1,0,0,0,0,1,0,0
14,pretrained,TN,14/0001.png,328,0.49178293347358704,1,1,0,0,0,0,1,0,0
14,pretrained,TN,14/0001.png,329,0.19504056870937347,1,1,0,0,0,0,1,0,0
14,pretrained,TN,14/0001.png,330,1.6476337909698486,1,1,0,0,0,0,1,0,0
14,pretrained,TN,14/0001.png,331,0.24191349744796753,1,1,0,0,0,0,1,0,0
14,pretrained,TN,14/0001.png,332,0.007517842575907707,1,1,0,0,0,0,1,0,0
14,pretrained,TN,14/0001.png,333,0.5725011229515076,1,1,0,0,0,0,1,0,0
14,pretrained,TN,14/0001.png,334,0.6080766916275024,1,1,0,0,0,0,1,0,0
14,pretrained,TN,14/0001.png,335,0.0,1,1,0,0,0,0,1,0,0
14,pretrained,TN,14/0001.png,336,3.1635448932647705,1,1,0,0,0,0,1,0,0
14,pretrained,TN,14/0001.png,337,0.4448305666446686,1,1,0,0,0,0,1,0,0
14,pretrained,TN,14/0001.png,338,0.2530224919319153,1,1,0,0,0,0,1,0,0
14,pretrained,TN,14/0001.png,339,0.0,1,1,0,0,0,0,1,0,0
14,pretrained,TN,14/0001.png,340,0.11444654315710068,1,1,0,0,0,0,1,0,0
14,pretrained,TN,14/0001.png,341,0.06142992526292801,1,1,0,0,0,0,1,0,0
14,pretrained,TN,14/0001.png,342,0.28212031722068787,1,1,0,0,0,0,1,0,0
14,pretrained,TN,14/0001.png,343,0.44777464866638184,1,1,0,0,0,0,1,0,0
14,pretrained,TN,14/0001.png,344,1.7270503044128418,1,1,0,0,0,0,1,0,0
14,pretrained,TN,14/0001.png,345,1.434023380279541,1,1,0,0,0,0,1,0,0
14,pretrained,TN,14/0001.png,346,1.4836539030075073,1,1,0,0,0,0,1,0,0
14,pretrained,TN,14/0001.png,347,0.030226415023207664,1,1,0,0,0,0,1,0,0
14,pretrained,TN,14/0001.png,348,0.5456913709640503,1,1,0,0,0,0,1,0,0
14,pretrained,TN,14/0001.png,349,1.5937291383743286,1,1,0,0,0,0,1,0,0
14,pretrained,TN,14/0001.png,350,0.5372654795646667,1,1,0,0,0,0,1,0,0
14,pretrained,TN,14/0001.png,351,1.2955656051635742,1,1,0,0,0,0,1,0,0
14,pretrained,TN,14/0001.png,352,1.176741600036621,1,1,0,0,0,0,1,0,0
14,pretrained,TN,14/0001.png,353,0.09581340849399567,1,1,0,0,0,0,1,0,0
14,pretrained,TN,14/0001.png,354,0.22929823398590088,1,1,0,0,0,0,1,0,0
14,pretrained,TN,14/0001.png,355,0.8247644901275635,1,1,0,0,0,0,1,0,0
14,pretrained,TN,14/0001.png,356,0.2578284442424774,1,1,0,0,0,0,1,0,0
14,pretrained,TN,14/0001.png,357,0.1401645839214325,1,1,0,0,0,0,1,0,0
14,pretrained,TN,14/0001.png,358,1.0024816989898682,1,1,0,0,0,0,1,0,0
14,pretrained,TN,14/0001.png,359,0.41860681772232056,1,1,0,0,0,0,1,0,0
14,pretrained,TN,14/0001.png,360,1.074387550354004,1,1,0,0,0,0,1,0,0
14,pretrained,TN,14/0001.png,361,0.0716458112001419,1,1,0,0,0,0,1,0,0
14,pretrained,TN,14/0001.png,362,0.17279435694217682,1,1,0,0,0,0,1,0,0
14,pretrained,TN,14/0001.png,363,1.3286983966827393,1,1,0,0,0,0,1,0,0
14,pretrained,TN,14/0001.png,364,0.03489738702774048,1,1,0,0,0,0,1,0,0
14,pretrained,TN,14/0001.png,365,0.4404979944229126,1,1,0,0,0,0,1,0,0
14,pretrained,TN,14/0001.png,366,0.7901898622512817,1,1,0,0,0,0,1,0,0
14,pretrained,TN,14/0001.png,367,0.005265007261186838,1,1,0,0,0,0,1,0,0
14,pretrained,TN,14/0001.png,368,2.0541434288024902,1,1,0,0,0,0,1,0,0
14,pretrained,TN,14/0001.png,369,0.43395549058914185,1,1,0,0,0,0,1,0,0
14,pretrained,TN,14/0001.png,370,0.6993473768234253,1,1,0,0,0,0,1,0,0
14,pretrained,TN,14/0001.png,371,1.0816397666931152,1,1,0,0,0,0,1,0,0
14,pretrained,TN,14/0001.png,372,0.288516104221344,1,1,0,0,0,0,1,0,0
14,pretrained,TN,14/0001.png,373,0.1463659703731537,1,1,0,0,0,0,1,0,0
14,pretrained,TN,14/0001.png,374,1.071547508239746,1,1,0,0,0,0,1,0,0
14,pretrained,TN,14/0001.png,375,0.08375710248947144,1,1,0,0,0,0,1,0,0
14,pretrained,TN,14/0001.png,376,0.2175605297088623,1,1,0,0,0,0,1,0,0
14,pretrained,TN,14/0001.png,377,0.34247347712516785,1,1,0,0,0,0,1,0,0
14,pretrained,TN,14/0001.png,378,0.3936960697174072,1,1,0,0,0,0,1,0,0
14,pretrained,TN,14/0001.png,379,1.7517292499542236,1,1,0,0,0,0,1,0,0
14,pretrained,TN,14/0001.png,380,0.6725567579269409,1,1,0,0,0,0,1,0,0
14,pretrained,TN,14/0001.png,381,0.52025306224823,1,1,0,0,0,0,1,0,0
14,pretrained,TN,14/0001.png,382,0.7651743292808533,1,1,0,0,0,0,1,0,0
14,pretrained,TN,14/0001.png,383,1.3862813711166382,1,1,0,0,0,0,1,0,0
14,pretrained,TN,14/0001.png,384,2.2264904975891113,1,1,0,0,0,0,1,0,0
14,pretrained,TN,14/0001.png,385,1.430956482887268,1,1,0,0,0,0,1,0,0
14,pretrained,TN,14/0001.png,386,0.006833084858953953,1,1,0,0,0,0,1,0,0
14,pretrained,TN,14/0001.png,387,0.05312848463654518,1,1,0,0,0,0,1,0,0
14,pretrained,TN,14/0001.png,388,1.715599536895752,1,1,0,0,0,0,1,0,0
14,pretrained,TN,14/0001.png,389,0.7665568590164185,1,1,0,0,0,0,1,0,0
14,pretrained,TN,14/0001.png,390,0.7635214924812317,1,1,0,0,0,0,1,0,0
14,pretrained,TN,14/0001.png,391,0.6286664605140686,1,1,0,0,0,0,1,0,0
14,pretrained,TN,14/0001.png,392,0.2517702281475067,1,1,0,0,0,0,1,0,0
14,pretrained,TN,14/0001.png,393,0.5092338919639587,1,1,0,0,0,0,1,0,0
14,pretrained,TN,14/0001.png,394,0.524306058883667,1,1,0,0,0,0,1,0,0
14,pretrained,TN,14/0001.png,395,0.40879589319229126,1,1,0,0,0,0,1,0,0
14,pretrained,TN,14/0001.png,396,0.0419095940887928,1,1,0,0,0,0,1,0,0
14,pretrained,TN,14/0001.png,397,2.905042886734009,1,1,0,0,0,0,1,0,0
14,pretrained,TN,14/0001.png,398,0.1361684501171112,1,1,0,0,0,0,1,0,0
14,pretrained,TN,14/0001.png,399,0.8300244808197021,1,1,0,0,0,0,1,0,0
14,pretrained,TN,14/0001.png,400,0.6939485669136047,1,1,0,0,0,0,1,0,0
14,pretrained,TN,14/0001.png,401,0.46121954917907715,1,1,0,0,0,0,1,0,0
14,pretrained,TN,14/0001.png,402,0.570830762386322,1,1,0,0,0,0,1,0,0
14,pretrained,TN,14/0001.png,403,0.7803243398666382,1,1,0,0,0,0,1,0,0
14,pretrained,TN,14/0001.png,404,0.7439872622489929,1,1,0,0,0,0,1,0,0
14,pretrained,TN,14/0001.png,405,1.101454734802246,1,1,0,0,0,0,1,0,0
14,pretrained,TN,14/0001.png,406,1.1480211019515991,1,1,0,0,0,0,1,0,0
14,pretrained,TN,14/0001.png,407,0.6156807541847229,1,1,0,0,0,0,1,0,0
14,pretrained,TN,14/0001.png,408,0.6021955609321594,1,1,0,0,0,0,1,0,0
14,pretrained,TN,14/0001.png,409,0.7415027022361755,1,1,0,0,0,0,1,0,0
14,pretrained,TN,14/0001.png,410,0.529410719871521,1,1,0,0,0,0,1,0,0
14,pretrained,TN,14/0001.png,411,1.4727486371994019,1,1,0,0,0,0,1,0,0
14,pretrained,TN,14/0001.png,412,0.1712728589773178,1,1,0,0,0,0,1,0,0
14,pretrained,TN,14/0001.png,413,0.18842296302318573,1,1,0,0,0,0,1,0,0
14,pretrained,TN,14/0001.png,414,1.3720046281814575,1,1,0,0,0,0,1,0,0
14,pretrained,TN,14/0001.png,415,0.3180553615093231,1,1,0,0,0,0,1,0,0
14,pretrained,TN,14/0001.png,416,0.3144647777080536,1,1,0,0,0,0,1,0,0
14,pretrained,TN,14/0001.png,417,1.475075125694275,1,1,0,0,0,0,1,0,0
14,pretrained,TN,14/0001.png,418,0.2314460724592209,1,1,0,0,0,0,1,0,0
14,pretrained,TN,14/0001.png,419,0.8821014761924744,1,1,0,0,0,0,1,0,0
14,pretrained,TN,14/0001.png,420,0.9224032163619995,1,1,0,0,0,0,1,0,0
14,pretrained,TN,14/0001.png,421,0.04111668840050697,1,1,0,0,0,0,1,0,0
14,pretrained,TN,14/0001.png,422,0.7346531748771667,1,1,0,0,0,0,1,0,0
14,pretrained,TN,14/0001.png,423,0.05150892212986946,1,1,0,0,0,0,1,0,0
14,pretrained,TN,14/0001.png,424,1.844415307044983,1,1,0,0,0,0,1,0,0
14,pretrained,TN,14/0001.png,425,0.07596395164728165,1,1,0,0,0,0,1,0,0
14,pretrained,TN,14/0001.png,426,0.1776755452156067,1,1,0,0,0,0,1,0,0
14,pretrained,TN,14/0001.png,427,0.05260495841503143,1,1,0,0,0,0,1,0,0
14,pretrained,TN,14/0001.png,428,1.5097789764404297,1,1,0,0,0,0,1,0,0
14,pretrained,TN,14/0001.png,429,0.08453992009162903,1,1,0,0,0,0,1,0,0
14,pretrained,TN,14/0001.png,430,1.1317803859710693,1,1,0,0,0,0,1,0,0
14,pretrained,TN,14/0001.png,431,1.1025487184524536,1,1,0,0,0,0,1,0,0
14,pretrained,TN,14/0001.png,432,0.5859646201133728,1,1,0,0,0,0,1,0,0
14,pretrained,TN,14/0001.png,433,0.6080769896507263,1,1,0,0,0,0,1,0,0
14,pretrained,TN,14/0001.png,434,0.6285132169723511,1,1,0,0,0,0,1,0,0
14,pretrained,TN,14/0001.png,435,1.553898811340332,1,1,0,0,0,0,1,0,0
14,pretrained,TN,14/0001.png,436,0.9302559494972229,1,1,0,0,0,0,1,0,0
14,pretrained,TN,14/0001.png,437,0.7210261821746826,1,1,0,0,0,0,1,0,0
14,pretrained,TN,14/0001.png,438,0.41843706369400024,1,1,0,0,0,0,1,0,0
14,pretrained,TN,14/0001.png,439,0.21421930193901062,1,1,0,0,0,0,1,0,0
14,pretrained,TN,14/0001.png,440,0.5621762275695801,1,1,0,0,0,0,1,0,0
14,pretrained,TN,14/0001.png,441,0.3451319634914398,1,1,0,0,0,0,1,0,0
14,pretrained,TN,14/0001.png,442,0.4478145241737366,1,1,0,0,0,0,1,0,0
14,pretrained,TN,14/0001.png,443,1.2012999057769775,1,1,0,0,0,0,1,0,0
14,pretrained,TN,14/0001.png,444,0.9437662363052368,1,1,0,0,0,0,1,0,0
14,pretrained,TN,14/0001.png,445,0.008513360284268856,1,1,0,0,0,0,1,0,0
14,pretrained,TN,14/0001.png,446,1.4494010210037231,1,1,0,0,0,0,1,0,0
14,pretrained,TN,14/0001.png,447,0.45065248012542725,1,1,0,0,0,0,1,0,0
14,pretrained,TN,14/0001.png,448,3.3590359687805176,1,1,0,0,0,0,1,0,0
14,pretrained,TN,14/0001.png,449,0.0,1,1,0,0,0,0,1,0,0
14,pretrained,TN,14/0001.png,450,0.6583028435707092,1,1,0,0,0,0,1,0,0
14,pretrained,TN,14/0001.png,451,0.21500863134860992,1,1,0,0,0,0,1,0,0
14,pretrained,TN,14/0001.png,452,0.05208051949739456,1,1,0,0,0,0,1,0,0
14,pretrained,TN,14/0001.png,453,0.5249164700508118,1,1,0,0,0,0,1,0,0
14,pretrained,TN,14/0001.png,454,0.1746867299079895,1,1,0,0,0,0,1,0,0
14,pretrained,TN,14/0001.png,455,0.5979948043823242,1,1,0,0,0,0,1,0,0
14,pretrained,TN,14/0001.png,456,0.8845419883728027,1,1,0,0,0,0,1,0,0
14,pretrained,TN,14/0001.png,457,0.4329681396484375,1,1,0,0,0,0,1,0,0
14,pretrained,TN,14/0001.png,458,0.42475950717926025,1,1,0,0,0,0,1,0,0
14,pretrained,TN,14/0001.png,459,1.726510763168335,1,1,0,0,0,0,1,0,0
14,pretrained,TN,14/0001.png,460,1.3824771642684937,1,1,0,0,0,0,1,0,0
14,pretrained,TN,14/0001.png,461,0.09879101812839508,1,1,0,0,0,0,1,0,0
14,pretrained,TN,14/0001.png,462,0.9599454998970032,1,1,0,0,0,0,1,0,0
14,pretrained,TN,14/0001.png,463,0.6882445812225342,1,1,0,0,0,0,1,0,0
14,pretrained,TN,14/0001.png,464,0.8149353861808777,1,1,0,0,0,0,1,0,0
14,pretrained,TN,14/0001.png,465,0.0,1,1,0,0,0,0,1,0,0
14,pretrained,TN,14/0001.png,466,0.0916176587343216,1,1,0,0,0,0,1,0,0
14,pretrained,TN,14/0001.png,467,0.707430362701416,1,1,0,0,0,0,1,0,0
14,pretrained,TN,14/0001.png,468,0.8484160900115967,1,1,0,0,0,0,1,0,0
14,pretrained,TN,14/0001.png,469,2.740753412246704,1,1,0,0,0,0,1,0,0
14,pretrained,TN,14/0001.png,470,0.737786591053009,1,1,0,0,0,0,1,0,0
14,pretrained,TN,14/0001.png,471,0.5300002694129944,1,1,0,0,0,0,1,0,0
14,pretrained,TN,14/0001.png,472,0.04748411476612091,1,1,0,0,0,0,1,0,0
14,pretrained,TN,14/0001.png,473,0.31047821044921875,1,1,0,0,0,0,1,0,0
14,pretrained,TN,14/0001.png,474,1.7696951627731323,1,1,0,0,0,0,1,0,0
14,pretrained,TN,14/0001.png,475,0.22767473757266998,1,1,0,0,0,0,1,0,0
14,pretrained,TN,14/0001.png,476,0.6508628129959106,1,1,0,0,0,0,1,0,0
14,pretrained,TN,14/0001.png,477,0.6911723017692566,1,1,0,0,0,0,1,0,0
14,pretrained,TN,14/0001.png,478,0.0063110226765275,1,1,0,0,0,0,1,0,0
14,pretrained,TN,14/0001.png,479,0.2897714376449585,1,1,0,0,0,0,1,0,0
14,pretrained,TN,14/0001.png,480,0.16710880398750305,1,1,0,0,0,0,1,0,0
14,pretrained,TN,14/0001.png,481,0.9072079658508301,1,1,0,0,0,0,1,0,0
14,pretrained,TN,14/0001.png,482,0.7569267153739929,1,1,0,0,0,0,1,0,0
14,pretrained,TN,14/0001.png,483,0.5528404712677002,1,1,0,0,0,0,1,0,0
14,pretrained,TN,14/0001.png,484,0.5157423615455627,1,1,0,0,0,0,1,0,0
14,pretrained,TN,14/0001.png,485,1.8331342935562134,1,1,0,0,0,0,1,0,0
14,pretrained,TN,14/0001.png,486,0.016147611662745476,1,1,0,0,0,0,1,0,0
14,pretrained,TN,14/0001.png,487,0.04464764893054962,1,1,0,0,0,0,1,0,0
14,pretrained,TN,14/0001.png,488,0.566741406917572,1,1,0,0,0,0,1,0,0
14,pretrained,TN,14/0001.png,489,0.03756656125187874,1,1,0,0,0,0,1,0,0
14,pretrained,TN,14/0001.png,490,0.07119947671890259,1,1,0,0,0,0,1,0,0
14,pretrained,TN,14/0001.png,491,0.018577145412564278,1,1,0,0,0,0,1,0,0
14,pretrained,TN,14/0001.png,492,0.1491859257221222,1,1,0,0,0,0,1,0,0
14,pretrained,TN,14/0001.png,493,0.1486424058675766,1,1,0,0,0,0,1,0,0
14,pretrained,TN,14/0001.png,494,0.15218043327331543,1,1,0,0,0,0,1,0,0
14,pretrained,TN,14/0001.png,495,0.8799986839294434,1,1,0,0,0,0,1,0,0
14,pretrained,TN,14/0001.png,496,0.6090773940086365,1,1,0,0,0,0,1,0,0
14,pretrained,TN,14/0001.png,497,0.08610992133617401,1,1,0,0,0,0,1,0,0
14,pretrained,TN,14/0001.png,498,1.825350284576416,1,1,0,0,0,0,1,0,0
14,pretrained,TN,14/0001.png,499,0.42343980073928833,1,1,0,0,0,0,1,0,0
14,pretrained,TN,14/0001.png,500,0.15990108251571655,1,1,0,0,0,0,1,0,0
14,pretrained,TN,14/0001.png,501,1.6473581790924072,1,1,0,0,0,0,1,0,0
14,pretrained,TN,14/0001.png,502,0.8720850348472595,1,1,0,0,0,0,1,0,0
14,pretrained,TN,14/0001.png,503,0.5163111090660095,1,1,0,0,0,0,1,0,0
14,pretrained,TN,14/0001.png,504,0.07412394881248474,1,1,0,0,0,0,1,0,0
14,pretrained,TN,14/0001.png,505,0.03644900768995285,1,1,0,0,0,0,1,0,0
14,pretrained,TN,14/0001.png,506,0.7187142372131348,1,1,0,0,0,0,1,0,0
14,pretrained,TN,14/0001.png,507,0.2789865732192993,1,1,0,0,0,0,1,0,0
14,pretrained,TN,14/0001.png,508,0.04114179313182831,1,1,0,0,0,0,1,0,0
14,pretrained,TN,14/0001.png,509,0.6345330476760864,1,1,0,0,0,0,1,0,0
14,pretrained,TN,14/0001.png,510,0.8341471552848816,1,1,0,0,0,0,1,0,0
14,pretrained,TN,14/0001.png,511,0.07408457249403,1,1,0,0,0,0,1,0,0
14,scratch,TP,14/0021.png,0,0.21268120408058167,1,0,0,0,0,1,0,0,1
14,scratch,TP,14/0021.png,1,0.12069591879844666,1,0,0,0,0,1,0,0,1
14,scratch,TP,14/0021.png,2,0.28218430280685425,1,0,0,0,0,1,0,0,1
14,scratch,TP,14/0021.png,3,0.17325720191001892,1,0,0,0,0,1,0,0,1
14,scratch,TP,14/0021.png,4,0.0408928282558918,1,0,0,0,0,1,0,0,1
14,scratch,TP,14/0021.png,5,0.32361090183258057,1,0,0,0,0,1,0,0,1
14,scratch,TP,14/0021.png,6,0.0323055237531662,1,0,0,0,0,1,0,0,1
14,scratch,TP,14/0021.png,7,0.1841038167476654,1,0,0,0,0,1,0,0,1
14,scratch,TP,14/0021.png,8,0.12846681475639343,1,0,0,0,0,1,0,0,1
14,scratch,TP,14/0021.png,9,0.015094170346856117,1,0,0,0,0,1,0,0,1
14,scratch,TP,14/0021.png,10,0.3449137806892395,1,0,0,0,0,1,0,0,1
14,scratch,TP,14/0021.png,11,0.5877167582511902,1,0,0,0,0,1,0,0,1
14,scratch,TP,14/0021.png,12,0.06575269252061844,1,0,0,0,0,1,0,0,1
14,scratch,TP,14/0021.png,13,0.02784769795835018,1,0,0,0,0,1,0,0,1
14,scratch,TP,14/0021.png,14,0.3415251076221466,1,0,0,0,0,1,0,0,1
14,scratch,TP,14/0021.png,15,0.33968546986579895,1,0,0,0,0,1,0,0,1
14,scratch,TP,14/0021.png,16,0.08826643973588943,1,0,0,0,0,1,0,0,1
14,scratch,TP,14/0021.png,17,0.10323606431484222,1,0,0,0,0,1,0,0,1
14,scratch,TP,14/0021.png,18,0.05066399276256561,1,0,0,0,0,1,0,0,1
14,scratch,TP,14/0021.png,19,0.18669657409191132,1,0,0,0,0,1,0,0,1
14,scratch,TP,14/0021.png,20,0.39270690083503723,1,0,0,0,0,1,0,0,1
14,scratch,TP,14/0021.png,21,0.12842586636543274,1,0,0,0,0,1,0,0,1
14,scratch,TP,14/0021.png,22,0.6602257490158081,1,0,0,0,0,1,0,0,1
14,scratch,TP,14/0021.png,23,0.44751039147377014,1,0,0,0,0,1,0,0,1
14,scratch,TP,14/0021.png,24,0.11988990008831024,1,0,0,0,0,1,0,0,1
14,scratch,TP,14/0021.png,25,0.4158273935317993,1,0,0,0,0,1,0,0,1
14,scratch,TP,14/0021.png,26,0.3401333689689636,1,0,0,0,0,1,0,0,1
14,scratch,TP,14/0021.png,27,0.19910013675689697,1,0,0,0,0,1,0,0,1
14,scratch,TP,14/0021.png,28,0.5439691543579102,1,0,0,0,0,1,0,0,1
14,scratch,TP,14/0021.png,29,0.14746804535388947,1,0,0,0,0,1,0,0,1
14,scratch,TP,14/0021.png,30,0.32756170630455017,1,0,0,0,0,1,0,0,1
14,scratch,TP,14/0021.png,31,0.0611865259706974,1,0,0,0,0,1,0,0,1
14,scratch,TP,14/0021.png,32,0.42526766657829285,1,0,0,0,0,1,0,0,1
14,scratch,TP,14/0021.png,33,0.20797856152057648,1,0,0,0,0,1,0,0,1
14,scratch,TP,14/0021.png,34,0.32134881615638733,1,0,0,0,0,1,0,0,1
14,scratch,TP,14/0021.png,35,0.3215920925140381,1,0,0,0,0,1,0,0,1
14,scratch,TP,14/0021.png,36,0.19212552905082703,1,0,0,0,0,1,0,0,1
14,scratch,TP,14/0021.png,37,0.5068005919456482,1,0,0,0,0,1,0,0,1
14,scratch,TP,14/0021.png,38,0.12337112426757812,1,0,0,0,0,1,0,0,1
14,scratch,TP,14/0021.png,39,0.16257545351982117,1,0,0,0,0,1,0,0,1
14,scratch,TP,14/0021.png,40,0.15117262303829193,1,0,0,0,0,1,0,0,1
14,scratch,TP,14/0021.png,41,0.19603949785232544,1,0,0,0,0,1,0,0,1
14,scratch,TP,14/0021.png,42,0.056978922337293625,1,0,0,0,0,1,0,0,1
14,scratch,TP,14/0021.png,43,0.17898446321487427,1,0,0,0,0,1,0,0,1
14,scratch,TP,14/0021.png,44,0.02090398408472538,1,0,0,0,0,1,0,0,1
14,scratch,TP,14/0021.png,45,0.01822727732360363,1,0,0,0,0,1,0,0,1
14,scratch,TP,14/0021.png,46,0.2593122720718384,1,0,0,0,0,1,0,0,1
14,scratch,TP,14/0021.png,47,0.32968372106552124,1,0,0,0,0,1,0,0,1
14,scratch,TP,14/0021.png,48,0.0701298713684082,1,0,0,0,0,1,0,0,1
14,scratch,TP,14/0021.png,49,0.13483241200447083,1,0,0,0,0,1,0,0,1
14,scratch,TP,14/0021.png,50,0.0120494794100523,1,0,0,0,0,1,0,0,1
14,scratch,TP,14/0021.png,51,0.36576858162879944,1,0,0,0,0,1,0,0,1
14,scratch,TP,14/0021.png,52,0.6060000061988831,1,0,0,0,0,1,0,0,1
14,scratch,TP,14/0021.png,53,0.3378813862800598,1,0,0,0,0,1,0,0,1
14,scratch,TP,14/0021.png,54,0.3545665740966797,1,0,0,0,0,1,0,0,1
14,scratch,TP,14/0021.png,55,0.4111015796661377,1,0,0,0,0,1,0,0,1
14,scratch,TP,14/0021.png,56,0.1612004041671753,1,0,0,0,0,1,0,0,1
14,scratch,TP,14/0021.png,57,0.03779376298189163,1,0,0,0,0,1,0,0,1
14,scratch,TP,14/0021.png,58,0.2068093717098236,1,0,0,0,0,1,0,0,1
14,scratch,TP,14/0021.png,59,0.3330727815628052,1,0,0,0,0,1,0,0,1
14,scratch,TP,14/0021.png,60,0.3682446777820587,1,0,0,0,0,1,0,0,1
14,scratch,TP,14/0021.png,61,0.022427480667829514,1,0,0,0,0,1,0,0,1
14,scratch,TP,14/0021.png,62,0.032479580491781235,1,0,0,0,0,1,0,0,1
14,scratch,TP,14/0021.png,63,0.005506732035428286,1,0,0,0,0,1,0,0,1
14,scratch,TP,14/0021.png,64,0.008889282122254372,1,0,0,0,0,1,0,0,1
14,scratch,TP,14/0021.png,65,0.23605136573314667,1,0,0,0,0,1,0,0,1
14,scratch,TP,14/0021.png,66,0.36612027883529663,1,0,0,0,0,1,0,0,1
14,scratch,TP,14/0021.png,67,0.05941389128565788,1,0,0,0,0,1,0,0,1
14,scratch,TP,14/0021.png,68,0.0043790303170681,1,0,0,0,0,1,0,0,1
14,scratch,TP,14/0021.png,69,0.11024799197912216,1,0,0,0,0,1,0,0,1
14,scratch,TP,14/0021.png,70,0.35368019342422485,1,0,0,0,0,1,0,0,1
14,scratch,TP,14/0021.png,71,0.046190306544303894,1,0,0,0,0,1,0,0,1
14,scratch,TP,14/0021.png,72,0.00558779202401638,1,0,0,0,0,1,0,0,1
14,scratch,TP,14/0021.png,73,0.23134364187717438,1,0,0,0,0,1,0,0,1
14,scratch,TP,14/0021.png,74,0.13074243068695068,1,0,0,0,0,1,0,0,1
14,scratch,TP,14/0021.png,75,0.6525360941886902,1,0,0,0,0,1,0,0,1
14,scratch,TP,14/0021.png,76,0.36604782938957214,1,0,0,0,0,1,0,0,1
14,scratch,TP,14/0021.png,77,0.19433942437171936,1,0,0,0,0,1,0,0,1
14,scratch,TP,14/0021.png,78,0.036835335195064545,1,0,0,0,0,1,0,0,1
14,scratch,TP,14/0021.png,79,0.016165705397725105,1,0,0,0,0,1,0,0,1
14,scratch,TP,14/0021.png,80,0.0431055873632431,1,0,0,0,0,1,0,0,1
14,scratch,TP,14/0021.png,81,0.5746138095855713,1,0,0,0,0,1,0,0,1
14,scratch,TP,14/0021.png,82,0.01285302359610796,1,0,0,0,0,1,0,0,1
14,scratch,TP,14/0021.png,83,0.6306268572807312,1,0,0,0,0,1,0,0,1
14,scratch,TP,14/0021.png,84,0.21870557963848114,1,0,0,0,0,1,0,0,1
14,scratch,TP,14/0021.png,85,0.13720932602882385,1,0,0,0,0,1,0,0,1
14,scratch,TP,14/0021.png,86,0.3964364528656006,1,0,0,0,0,1,0,0,1
14,scratch,TP,14/0021.png,87,0.34724777936935425,1,0,0,0,0,1,0,0,1
14,scratch,TP,14/0021.png,88,0.10075651854276657,1,0,0,0,0,1,0,0,1
14,scratch,TP,14/0021.png,89,0.350080281496048,1,0,0,0,0,1,0,0,1
14,scratch,TP,14/0021.png,90,0.06342176347970963,1,0,0,0,0,1,0,0,1
14,scratch,TP,14/0021.png,91,0.04394171014428139,1,0,0,0,0,1,0,0,1
14,scratch,TP,14/0021.png,92,0.11466961354017258,1,0,0,0,0,1,0,0,1
14,scratch,TP,14/0021.png,93,0.6732543706893921,1,0,0,0,0,1,0,0,1
14,scratch,TP,14/0021.png,94,0.009908539243042469,1,0,0,0,0,1,0,0,1
14,scratch,TP,14/0021.png,95,0.19586029648780823,1,0,0,0,0,1,0,0,1
14,scratch,TP,14/0021.png,96,0.2651124894618988,1,0,0,0,0,1,0,0,1
14,scratch,TP,14/0021.png,97,0.11862239241600037,1,0,0,0,0,1,0,0,1
14,scratch,TP,14/0021.png,98,0.3589703440666199,1,0,0,0,0,1,0,0,1
14,scratch,TP,14/0021.png,99,0.5428289771080017,1,0,0,0,0,1,0,0,1
14,scratch,TP,14/0021.png,100,0.41785484552383423,1,0,0,0,0,1,0,0,1
14,scratch,TP,14/0021.png,101,0.16728651523590088,1,0,0,0,0,1,0,0,1
14,scratch,TP,14/0021.png,102,0.37250036001205444,1,0,0,0,0,1,0,0,1
14,scratch,TP,14/0021.png,103,0.037278562784194946,1,0,0,0,0,1,0,0,1
14,scratch,TP,14/0021.png,104,0.11896951496601105,1,0,0,0,0,1,0,0,1
14,scratch,TP,14/0021.png,105,0.03744366765022278,1,0,0,0,0,1,0,0,1
14,scratch,TP,14/0021.png,106,0.04875844717025757,1,0,0,0,0,1,0,0,1
14,scratch,TP,14/0021.png,107,0.5580876469612122,1,0,0,0,0,1,0,0,1
14,scratch,TP,14/0021.png,108,0.49191612005233765,1,0,0,0,0,1,0,0,1
14,scratch,TP,14/0021.png,109,0.06164532154798508,1,0,0,0,0,1,0,0,1
14,scratch,TP,14/0021.png,110,0.11395005136728287,1,0,0,0,0,1,0,0,1
14,scratch,TP,14/0021.png,111,0.03997728228569031,1,0,0,0,0,1,0,0,1
14,scratch,TP,14/0021.png,112,0.35771459341049194,1,0,0,0,0,1,0,0,1
14,scratch,TP,14/0021.png,113,0.06972385197877884,1,0,0,0,0,1,0,0,1
14,scratch,TP,14/0021.png,114,0.5222649574279785,1,0,0,0,0,1,0,0,1
14,scratch,TP,14/0021.png,115,0.5621165633201599,1,0,0,0,0,1,0,0,1
14,scratch,TP,14/0021.png,116,0.0296761654317379,1,0,0,0,0,1,0,0,1
14,scratch,TP,14/0021.png,117,0.16673874855041504,1,0,0,0,0,1,0,0,1
14,scratch,TP,14/0021.png,118,0.43161696195602417,1,0,0,0,0,1,0,0,1
14,scratch,TP,14/0021.png,119,0.047850653529167175,1,0,0,0,0,1,0,0,1
14,scratch,TP,14/0021.png,120,0.08680155128240585,1,0,0,0,0,1,0,0,1
14,scratch,TP,14/0021.png,121,0.30492308735847473,1,0,0,0,0,1,0,0,1
14,scratch,TP,14/0021.png,122,0.1972183734178543,1,0,0,0,0,1,0,0,1
14,scratch,TP,14/0021.png,123,0.23859074711799622,1,0,0,0,0,1,0,0,1
14,scratch,TP,14/0021.png,124,0.3378645181655884,1,0,0,0,0,1,0,0,1
14,scratch,TP,14/0021.png,125,0.002194782951846719,1,0,0,0,0,1,0,0,1
14,scratch,TP,14/0021.png,126,0.34037452936172485,1,0,0,0,0,1,0,0,1
14,scratch,TP,14/0021.png,127,0.18202996253967285,1,0,0,0,0,1,0,0,1
14,scratch,TP,14/0021.png,128,0.06379538029432297,1,0,0,0,0,1,0,0,1
14,scratch,TP,14/0021.png,129,0.1179317757487297,1,0,0,0,0,1,0,0,1
14,scratch,TP,14/0021.png,130,0.12751701474189758,1,0,0,0,0,1,0,0,1
14,scratch,TP,14/0021.png,131,0.17313984036445618,1,0,0,0,0,1,0,0,1
14,scratch,TP,14/0021.png,132,0.04517694562673569,1,0,0,0,0,1,0,0,1
14,scratch,TP,14/0021.png,133,0.016879355534911156,1,0,0,0,0,1,0,0,1
14,scratch,TP,14/0021.png,134,0.27843454480171204,1,0,0,0,0,1,0,0,1
14,scratch,TP,14/0021.png,135,0.11723587661981583,1,0,0,0,0,1,0,0,1
14,scratch,TP,14/0021.png,136,0.08750151842832565,1,0,0,0,0,1,0,0,1
14,scratch,TP,14/0021.png,137,0.042520422488451004,1,0,0,0,0,1,0,0,1
14,scratch,TP,14/0021.png,138,0.002242263173684478,1,0,0,0,0,1,0,0,1
14,scratch,TP,14/0021.png,139,0.3377356231212616,1,0,0,0,0,1,0,0,1
14,scratch,TP,14/0021.png,140,0.2374817132949829,1,0,0,0,0,1,0,0,1
14,scratch,TP,14/0021.png,141,0.14931119978427887,1,0,0,0,0,1,0,0,1
14,scratch,TP,14/0021.png,142,0.5614587068557739,1,0,0,0,0,1,0,0,1
14,scratch,TP,14/0021.png,143,0.767579972743988,1,0,0,0,0,1,0,0,1
14,scratch,TP,14/0021.png,144,0.0,1,0,0,0,0,1,0,0,1
14,scratch,TP,14/0021.png,145,0.34464049339294434,1,0,0,0,0,1,0,0,1
14,scratch,TP,14/0021.png,146,0.007821755483746529,1,0,0,0,0,1,0,0,1
14,scratch,TP,14/0021.png,147,0.08579393476247787,1,0,0,0,0,1,0,0,1
14,scratch,TP,14/0021.png,148,0.19264280796051025,1,0,0,0,0,1,0,0,1
14,scratch,TP,14/0021.png,149,0.16907289624214172,1,0,0,0,0,1,0,0,1
14,scratch,TP,14/0021.png,150,0.31051507592201233,1,0,0,0,0,1,0,0,1
14,scratch,TP,14/0021.png,151,0.5679376721382141,1,0,0,0,0,1,0,0,1
14,scratch,TP,14/0021.png,152,0.18047359585762024,1,0,0,0,0,1,0,0,1
14,scratch,TP,14/0021.png,153,0.38487905263900757,1,0,0,0,0,1,0,0,1
14,scratch,TP,14/0021.png,154,0.04955104738473892,1,0,0,0,0,1,0,0,1
14,scratch,TP,14/0021.png,155,0.3985745310783386,1,0,0,0,0,1,0,0,1
14,scratch,TP,14/0021.png,156,0.058922264724969864,1,0,0,0,0,1,0,0,1
14,scratch,TP,14/0021.png,157,0.49431321024894714,1,0,0,0,0,1,0,0,1
14,scratch,TP,14/0021.png,158,0.6881712079048157,1,0,0,0,0,1,0,0,1
14,scratch,TP,14/0021.png,159,0.25271546840667725,1,0,0,0,0,1,0,0,1
14,scratch,TP,14/0021.png,160,0.08219948410987854,1,0,0,0,0,1,0,0,1
14,scratch,TP,14/0021.png,161,0.8912723064422607,1,0,0,0,0,1,0,0,1
14,scratch,TP,14/0021.png,162,0.18288350105285645,1,0,0,0,0,1,0,0,1
14,scratch,TP,14/0021.png,163,0.24367928504943848,1,0,0,0,0,1,0,0,1
14,scratch,TP,14/0021.png,164,0.3643653690814972,1,0,0,0,0,1,0,0,1
14,scratch,TP,14/0021.png,165,0.1353929042816162,1,0,0,0,0,1,0,0,1
14,scratch,TP,14/0021.png,166,0.16443653404712677,1,0,0,0,0,1,0,0,1
14,scratch,TP,14/0021.png,167,0.2918910086154938,1,0,0,0,0,1,0,0,1
14,scratch,TP,14/0021.png,168,0.08991680294275284,1,0,0,0,0,1,0,0,1
14,scratch,TP,14/0021.png,169,0.18237493932247162,1,0,0,0,0,1,0,0,1
14,scratch,TP,14/0021.png,170,0.03495600447058678,1,0,0,0,0,1,0,0,1
14,scratch,TP,14/0021.png,171,0.2300700694322586,1,0,0,0,0,1,0,0,1
14,scratch,TP,14/0021.png,172,0.07822277396917343,1,0,0,0,0,1,0,0,1
14,scratch,TP,14/0021.png,173,0.2812451422214508,1,0,0,0,0,1,0,0,1
14,scratch,TP,14/0021.png,174,0.138961523771286,1,0,0,0,0,1,0,0,1
14,scratch,TP,14/0021.png,175,0.615279495716095,1,0,0,0,0,1,0,0,1
14,scratch,TP,14/0021.png,176,0.04294519126415253,1,0,0,0,0,1,0,0,1
14,scratch,TP,14/0021.png,177,0.40384650230407715,1,0,0,0,0,1,0,0,1
14,scratch,TP,14/0021.png,178,0.0764060690999031,1,0,0,0,0,1,0,0,1
14,scratch,TP,14/0021.png,179,0.5255782604217529,1,0,0,0,0,1,0,0,1
14,scratch,TP,14/0021.png,180,0.032389458268880844,1,0,0,0,0,1,0,0,1
14,scratch,TP,14/0021.png,181,0.11339631676673889,1,0,0,0,0,1,0,0,1
14,scratch,TP,14/0021.png,182,0.5658389329910278,1,0,0,0,0,1,0,0,1
14,scratch,TP,14/0021.png,183,0.02711309865117073,1,0,0,0,0,1,0,0,1
14,scratch,TP,14/0021.png,184,0.008836573921144009,1,0,0,0,0,1,0,0,1
14,scratch,TP,14/0021.png,185,0.08349966257810593,1,0,0,0,0,1,0,0,1
14,scratch,TP,14/0021.png,186,0.3828549385070801,1,0,0,0,0,1,0,0,1
14,scratch,TP,14/0021.png,187,0.3873434364795685,1,0,0,0,0,1,0,0,1
14,scratch,TP,14/0021.png,188,7.378160080406815e-05,1,0,0,0,0,1,0,0,1
14,scratch,TP,14/0021.png,189,0.09620748460292816,1,0,0,0,0,1,0,0,1
14,scratch,TP,14/0021.png,190,0.5948575735092163,1,0,0,0,0,1,0,0,1
14,scratch,TP,14/0021.png,191,0.15888608992099762,1,0,0,0,0,1,0,0,1
14,scratch,TP,14/0021.png,192,0.094149649143219,1,0,0,0,0,1,0,0,1
14,scratch,TP,14/0021.png,193,0.1356787234544754,1,0,0,0,0,1,0,0,1
14,scratch,TP,14/0021.png,194,0.27539366483688354,1,0,0,0,0,1,0,0,1
14,scratch,TP,14/0021.png,195,0.27979573607444763,1,0,0,0,0,1,0,0,1
14,scratch,TP,14/0021.png,196,0.2150556743144989,1,0,0,0,0,1,0,0,1
14,scratch,TP,14/0021.png,197,0.3498704433441162,1,0,0,0,0,1,0,0,1
14,scratch,TP,14/0021.png,198,0.3983749747276306,1,0,0,0,0,1,0,0,1
14,scratch,TP,14/0021.png,199,0.41339242458343506,1,0,0,0,0,1,0,0,1
14,scratch,TP,14/0021.png,200,0.01290088053792715,1,0,0,0,0,1,0,0,1
14,scratch,TP,14/0021.png,201,0.22223511338233948,1,0,0,0,0,1,0,0,1
14,scratch,TP,14/0021.png,202,0.4708452820777893,1,0,0,0,0,1,0,0,1
14,scratch,TP,14/0021.png,203,0.06767644733190536,1,0,0,0,0,1,0,0,1
14,scratch,TP,14/0021.png,204,0.41123658418655396,1,0,0,0,0,1,0,0,1
14,scratch,TP,14/0021.png,205,0.0906277596950531,1,0,0,0,0,1,0,0,1
14,scratch,TP,14/0021.png,206,0.19701679050922394,1,0,0,0,0,1,0,0,1
14,scratch,TP,14/0021.png,207,0.10732065141201019,1,0,0,0,0,1,0,0,1
14,scratch,TP,14/0021.png,208,0.02851942554116249,1,0,0,0,0,1,0,0,1
14,scratch,TP,14/0021.png,209,0.0953570157289505,1,0,0,0,0,1,0,0,1
14,scratch,TP,14/0021.png,210,0.01683001220226288,1,0,0,0,0,1,0,0,1
14,scratch,TP,14/0021.png,211,0.44481444358825684,1,0,0,0,0,1,0,0,1
14,scratch,TP,14/0021.png,212,0.5488287210464478,1,0,0,0,0,1,0,0,1
14,scratch,TP,14/0021.png,213,0.1333826780319214,1,0,0,0,0,1,0,0,1
14,scratch,TP,14/0021.png,214,0.7312403917312622,1,0,0,0,0,1,0,0,1
14,scratch,TP,14/0021.png,215,0.6107152700424194,1,0,0,0,0,1,0,0,1
14,scratch,TP,14/0021.png,216,0.10166890919208527,1,0,0,0,0,1,0,0,1
14,scratch,TP,14/0021.png,217,0.13573068380355835,1,0,0,0,0,1,0,0,1
14,scratch,TP,14/0021.png,218,0.023573463782668114,1,0,0,0,0,1,0,0,1
14,scratch,TP,14/0021.png,219,0.1577921062707901,1,0,0,0,0,1,0,0,1
14,scratch,TP,14/0021.png,220,0.5753618478775024,1,0,0,0,0,1,0,0,1
14,scratch,TP,14/0021.png,221,0.21566326916217804,1,0,0,0,0,1,0,0,1
14,scratch,TP,14/0021.png,222,0.22908292710781097,1,0,0,0,0,1,0,0,1
14,scratch,TP,14/0021.png,223,0.0988689512014389,1,0,0,0,0,1,0,0,1
14,scratch,TP,14/0021.png,224,0.771216630935669,1,0,0,0,0,1,0,0,1
14,scratch,TP,14/0021.png,225,0.23489966988563538,1,0,0,0,0,1,0,0,1
14,scratch,TP,14/0021.png,226,0.1194048523902893,1,0,0,0,0,1,0,0,1
14,scratch,TP,14/0021.png,227,0.00685170479118824,1,0,0,0,0,1,0,0,1
14,scratch,TP,14/0021.png,228,0.39524731040000916,1,0,0,0,0,1,0,0,1
14,scratch,TP,14/0021.png,229,0.10982055962085724,1,0,0,0,0,1,0,0,1
14,scratch,TP,14/0021.png,230,0.011161694303154945,1,0,0,0,0,1,0,0,1
14,scratch,TP,14/0021.png,231,0.22101981937885284,1,0,0,0,0,1,0,0,1
14,scratch,TP,14/0021.png,232,0.8070935010910034,1,0,0,0,0,1,0,0,1
14,scratch,TP,14/0021.png,233,0.0014840541407465935,1,0,0,0,0,1,0,0,1
14,scratch,TP,14/0021.png,234,0.5990193486213684,1,0,0,0,0,1,0,0,1
14,scratch,TP,14/0021.png,235,0.09762907773256302,1,0,0,0,0,1,0,0,1
14,scratch,TP,14/0021.png,236,0.1856408268213272,1,0,0,0,0,1,0,0,1
14,scratch,TP,14/0021.png,237,0.4255160093307495,1,0,0,0,0,1,0,0,1
14,scratch,TP,14/0021.png,238,0.21627920866012573,1,0,0,0,0,1,0,0,1
14,scratch,TP,14/0021.png,239,0.23350386321544647,1,0,0,0,0,1,0,0,1
14,scratch,TP,14/0021.png,240,0.016169875860214233,1,0,0,0,0,1,0,0,1
14,scratch,TP,14/0021.png,241,0.07113903760910034,1,0,0,0,0,1,0,0,1
14,scratch,TP,14/0021.png,242,0.18588829040527344,1,0,0,0,0,1,0,0,1
14,scratch,TP,14/0021.png,243,0.06670942157506943,1,0,0,0,0,1,0,0,1
14,scratch,TP,14/0021.png,244,0.33819323778152466,1,0,0,0,0,1,0,0,1
14,scratch,TP,14/0021.png,245,0.07832109183073044,1,0,0,0,0,1,0,0,1
14,scratch,TP,14/0021.png,246,0.44906148314476013,1,0,0,0,0,1,0,0,1
14,scratch,TP,14/0021.png,247,0.057010188698768616,1,0,0,0,0,1,0,0,1
14,scratch,TP,14/0021.png,248,0.8915218710899353,1,0,0,0,0,1,0,0,1
14,scratch,TP,14/0021.png,249,0.09821821004152298,1,0,0,0,0,1,0,0,1
14,scratch,TP,14/0021.png,250,0.026590410619974136,1,0,0,0,0,1,0,0,1
14,scratch,TP,14/0021.png,251,0.44040337204933167,1,0,0,0,0,1,0,0,1
14,scratch,TP,14/0021.png,252,0.3108382523059845,1,0,0,0,0,1,0,0,1
14,scratch,TP,14/0021.png,253,0.32290327548980713,1,0,0,0,0,1,0,0,1
14,scratch,TP,14/0021.png,254,0.17911820113658905,1,0,0,0,0,1,0,0,1
14,scratch,TP,14/0021.png,255,0.23562563955783844,1,0,0,0,0,1,0,0,1
14,scratch,TP,14/0021.png,256,0.037808582186698914,1,0,0,0,0,1,0,0,1
14,scratch,TP,14/0021.png,257,0.2738034427165985,1,0,0,0,0,1,0,0,1
14,scratch,TP,14/0021.png,258,0.2146756500005722,1,0,0,0,0,1,0,0,1
14,scratch,TP,14/0021.png,259,0.07908801734447479,1,0,0,0,0,1,0,0,1
14,scratch,TP,14/0021.png,260,0.16532295942306519,1,0,0,0,0,1,0,0,1
14,scratch,TP,14/0021.png,261,0.125250905752182,1,0,0,0,0,1,0,0,1
14,scratch,TP,14/0021.png,262,0.015612181276082993,1,0,0,0,0,1,0,0,1
14,scratch,TP,14/0021.png,263,0.13317681849002838,1,0,0,0,0,1,0,0,1
14,scratch,TP,14/0021.png,264,0.23908448219299316,1,0,0,0,0,1,0,0,1
14,scratch,TP,14/0021.png,265,0.5995633602142334,1,0,0,0,0,1,0,0,1
14,scratch,TP,14/0021.png,266,0.1192491427063942,1,0,0,0,0,1,0,0,1
14,scratch,TP,14/0021.png,267,0.3810906708240509,1,0,0,0,0,1,0,0,1
14,scratch,TP,14/0021.png,268,0.32960328459739685,1,0,0,0,0,1,0,0,1
14,scratch,TP,14/0021.png,269,0.144972026348114,1,0,0,0,0,1,0,0,1
14,scratch,TP,14/0021.png,270,0.15116672217845917,1,0,0,0,0,1,0,0,1
14,scratch,TP,14/0021.png,271,0.117124043405056,1,0,0,0,0,1,0,0,1
14,scratch,TP,14/0021.png,272,0.1225300058722496,1,0,0,0,0,1,0,0,1
14,scratch,TP,14/0021.png,273,0.20898187160491943,1,0,0,0,0,1,0,0,1
14,scratch,TP,14/0021.png,274,0.46405449509620667,1,0,0,0,0,1,0,0,1
14,scratch,TP,14/0021.png,275,0.4156755805015564,1,0,0,0,0,1,0,0,1
14,scratch,TP,14/0021.png,276,0.0040347580797970295,1,0,0,0,0,1,0,0,1
14,scratch,TP,14/0021.png,277,0.15825839340686798,1,0,0,0,0,1,0,0,1
14,scratch,TP,14/0021.png,278,0.079807810485363,1,0,0,0,0,1,0,0,1
14,scratch,TP,14/0021.png,279,0.17883814871311188,1,0,0,0,0,1,0,0,1
14,scratch,TP,14/0021.png,280,0.5971221923828125,1,0,0,0,0,1,0,0,1
14,scratch,TP,14/0021.png,281,0.37304696440696716,1,0,0,0,0,1,0,0,1
14,scratch,TP,14/0021.png,282,0.621769905090332,1,0,0,0,0,1,0,0,1
14,scratch,TP,14/0021.png,283,0.05351006239652634,1,0,0,0,0,1,0,0,1
14,scratch,TP,14/0021.png,284,0.5950803756713867,1,0,0,0,0,1,0,0,1
14,scratch,TP,14/0021.png,285,0.21471521258354187,1,0,0,0,0,1,0,0,1
14,scratch,TP,14/0021.png,286,0.008983361534774303,1,0,0,0,0,1,0,0,1
14,scratch,TP,14/0021.png,287,0.14211517572402954,1,0,0,0,0,1,0,0,1
14,scratch,TP,14/0021.png,288,0.057900525629520416,1,0,0,0,0,1,0,0,1
14,scratch,TP,14/0021.png,289,0.2298302948474884,1,0,0,0,0,1,0,0,1
14,scratch,TP,14/0021.png,290,0.8401100635528564,1,0,0,0,0,1,0,0,1
14,scratch,TP,14/0021.png,291,0.048973143100738525,1,0,0,0,0,1,0,0,1
14,scratch,TP,14/0021.png,292,0.1339273601770401,1,0,0,0,0,1,0,0,1
14,scratch,TP,14/0021.png,293,0.3291149139404297,1,0,0,0,0,1,0,0,1
14,scratch,TP,14/0021.png,294,0.46470820903778076,1,0,0,0,0,1,0,0,1
14,scratch,TP,14/0021.png,295,0.698296070098877,1,0,0,0,0,1,0,0,1
14,scratch,TP,14/0021.png,296,0.10353759676218033,1,0,0,0,0,1,0,0,1
14,scratch,TP,14/0021.png,297,0.17623716592788696,1,0,0,0,0,1,0,0,1
14,scratch,TP,14/0021.png,298,0.39651167392730713,1,0,0,0,0,1,0,0,1
14,scratch,TP,14/0021.png,299,0.10912638157606125,1,0,0,0,0,1,0,0,1
14,scratch,TP,14/0021.png,300,0.4378800392150879,1,0,0,0,0,1,0,0,1
14,scratch,TP,14/0021.png,301,0.05801114812493324,1,0,0,0,0,1,0,0,1
14,scratch,TP,14/0021.png,302,0.40957140922546387,1,0,0,0,0,1,0,0,1
14,scratch,TP,14/0021.png,303,0.18963831663131714,1,0,0,0,0,1,0,0,1
14,scratch,TP,14/0021.png,304,0.0284793209284544,1,0,0,0,0,1,0,0,1
14,scratch,TP,14/0021.png,305,0.1474488377571106,1,0,0,0,0,1,0,0,1
14,scratch,TP,14/0021.png,306,0.17406871914863586,1,0,0,0,0,1,0,0,1
14,scratch,TP,14/0021.png,307,0.4022449553012848,1,0,0,0,0,1,0,0,1
14,scratch,TP,14/0021.png,308,0.03811372071504593,1,0,0,0,0,1,0,0,1
14,scratch,TP,14/0021.png,309,0.1529858410358429,1,0,0,0,0,1,0,0,1
14,scratch,TP,14/0021.png,310,0.05145659297704697,1,0,0,0,0,1,0,0,1
14,scratch,TP,14/0021.png,311,0.05399695783853531,1,0,0,0,0,1,0,0,1
14,scratch,TP,14/0021.png,312,0.22439058125019073,1,0,0,0,0,1,0,0,1
14,scratch,TP,14/0021.png,313,0.026241915300488472,1,0,0,0,0,1,0,0,1
14,scratch,TP,14/0021.png,314,0.0079570347443223,1,0,0,0,0,1,0,0,1
14,scratch,TP,14/0021.png,315,0.6094513535499573,1,0,0,0,0,1,0,0,1
14,scratch,TP,14/0021.png,316,0.30264827609062195,1,0,0,0,0,1,0,0,1
14,scratch,TP,14/0021.png,317,0.20315124094486237,1,0,0,0,0,1,0,0,1
14,scratch,TP,14/0021.png,318,0.08828695118427277,1,0,0,0,0,1,0,0,1
14,scratch,TP,14/0021.png,319,0.1078614816069603,1,0,0,0,0,1,0,0,1
14,scratch,TP,14/0021.png,320,0.07458925992250443,1,0,0,0,0,1,0,0,1
14,scratch,TP,14/0021.png,321,0.24697931110858917,1,0,0,0,0,1,0,0,1
14,scratch,TP,14/0021.png,322,0.10889656841754913,1,0,0,0,0,1,0,0,1
14,scratch,TP,14/0021.png,323,0.09745088964700699,1,0,0,0,0,1,0,0,1
14,scratch,TP,14/0021.png,324,0.051276203244924545,1,0,0,0,0,1,0,0,1
14,scratch,TP,14/0021.png,325,0.4409099519252777,1,0,0,0,0,1,0,0,1
14,scratch,TP,14/0021.png,326,0.07060615718364716,1,0,0,0,0,1,0,0,1
14,scratch,TP,14/0021.png,327,0.2666796147823334,1,0,0,0,0,1,0,0,1
14,scratch,TP,14/0021.png,328,0.8567341566085815,1,0,0,0,0,1,0,0,1
14,scratch,TP,14/0021.png,329,0.23705318570137024,1,0,0,0,0,1,0,0,1
14,scratch,TP,14/0021.png,330,0.20611239969730377,1,0,0,0,0,1,0,0,1
14,scratch,TP,14/0021.png,331,0.5351889729499817,1,0,0,0,0,1,0,0,1
14,scratch,TP,14/0021.png,332,0.18060743808746338,1,0,0,0,0,1,0,0,1
14,scratch,TP,14/0021.png,333,0.036556851118803024,1,0,0,0,0,1,0,0,1
14,scratch,TP,14/0021.png,334,0.016499657183885574,1,0,0,0,0,1,0,0,1
14,scratch,TP,14/0021.png,335,0.5211985111236572,1,0,0,0,0,1,0,0,1
14,scratch,TP,14/0021.png,336,0.0,1,0,0,0,0,1,0,0,1
14,scratch,TP,14/0021.png,337,0.30210989713668823,1,0,0,0,0,1,0,0,1
14,scratch,TP,14/0021.png,338,0.26299166679382324,1,0,0,0,0,1,0,0,1
14,scratch,TP,14/0021.png,339,0.1112898737192154,1,0,0,0,0,1,0,0,1
14,scratch,TP,14/0021.png,340,0.19370640814304352,1,0,0,0,0,1,0,0,1
14,scratch,TP,14/0021.png,341,0.20101597905158997,1,0,0,0,0,1,0,0,1
14,scratch,TP,14/0021.png,342,0.03216810151934624,1,0,0,0,0,1,0,0,1
14,scratch,TP,14/0021.png,343,0.180916890501976,1,0,0,0,0,1,0,0,1
14,scratch,TP,14/0021.png,344,0.2379889041185379,1,0,0,0,0,1,0,0,1
14,scratch,TP,14/0021.png,345,0.03677519038319588,1,0,0,0,0,1,0,0,1
14,scratch,TP,14/0021.png,346,0.17679806053638458,1,0,0,0,0,1,0,0,1
14,scratch,TP,14/0021.png,347,0.1950739473104477,1,0,0,0,0,1,0,0,1
14,scratch,TP,14/0021.png,348,0.5383665561676025,1,0,0,0,0,1,0,0,1
14,scratch,TP,14/0021.png,349,0.1022857278585434,1,0,0,0,0,1,0,0,1
14,scratch,TP,14/0021.png,350,0.7079739570617676,1,0,0,0,0,1,0,0,1
14,scratch,TP,14/0021.png,351,0.36525505781173706,1,0,0,0,0,1,0,0,1
14,scratch,TP,14/0021.png,352,0.05385742709040642,1,0,0,0,0,1,0,0,1
14,scratch,TP,14/0021.png,353,0.15154282748699188,1,0,0,0,0,1,0,0,1
14,scratch,TP,14/0021.png,354,0.6229904890060425,1,0,0,0,0,1,0,0,1
14,scratch,TP,14/0021.png,355,0.5591953992843628,1,0,0,0,0,1,0,0,1
14,scratch,TP,14/0021.png,356,0.060259681195020676,1,0,0,0,0,1,0,0,1
14,scratch,TP,14/0021.png,357,0.08815442025661469,1,0,0,0,0,1,0,0,1
14,scratch,TP,14/0021.png,358,0.273542195558548,1,0,0,0,0,1,0,0,1
14,scratch,TP,14/0021.png,359,0.23513782024383545,1,0,0,0,0,1,0,0,1
14,scratch,TP,14/0021.png,360,0.2737228572368622,1,0,0,0,0,1,0,0,1
14,scratch,TP,14/0021.png,361,0.6614905595779419,1,0,0,0,0,1,0,0,1
14,scratch,TP,14/0021.png,362,0.0793958529829979,1,0,0,0,0,1,0,0,1
14,scratch,TP,14/0021.png,363,0.30349600315093994,1,0,0,0,0,1,0,0,1
14,scratch,TP,14/0021.png,364,0.19666586816310883,1,0,0,0,0,1,0,0,1
14,scratch,TP,14/0021.png,365,0.019024286419153214,1,0,0,0,0,1,0,0,1
14,scratch,TP,14/0021.png,366,0.27834057807922363,1,0,0,0,0,1,0,0,1
14,scratch,TP,14/0021.png,367,0.26242876052856445,1,0,0,0,0,1,0,0,1
14,scratch,TP,14/0021.png,368,0.22784531116485596,1,0,0,0,0,1,0,0,1
14,scratch,TP,14/0021.png,369,0.3021887242794037,1,0,0,0,0,1,0,0,1
14,scratch,TP,14/0021.png,370,0.32996177673339844,1,0,0,0,0,1,0,0,1
14,scratch,TP,14/0021.png,371,0.13333605229854584,1,0,0,0,0,1,0,0,1
14,scratch,TP,14/0021.png,372,0.17413827776908875,1,0,0,0,0,1,0,0,1
14,scratch,TP,14/0021.png,373,0.4190855324268341,1,0,0,0,0,1,0,0,1
14,scratch,TP,14/0021.png,374,0.09869937598705292,1,0,0,0,0,1,0,0,1
14,scratch,TP,14/0021.png,375,0.03107512928545475,1,0,0,0,0,1,0,0,1
14,scratch,TP,14/0021.png,376,0.34874671697616577,1,0,0,0,0,1,0,0,1
14,scratch,TP,14/0021.png,377,0.1598673313856125,1,0,0,0,0,1,0,0,1
14,scratch,TP,14/0021.png,378,0.1499011516571045,1,0,0,0,0,1,0,0,1
14,scratch,TP,14/0021.png,379,0.3020716607570648,1,0,0,0,0,1,0,0,1
14,scratch,TP,14/0021.png,380,0.0,1,0,0,0,0,1,0,0,1
14,scratch,TP,14/0021.png,381,0.8742161989212036,1,0,0,0,0,1,0,0,1
14,scratch,TP,14/0021.png,382,0.1746004819869995,1,0,0,0,0,1,0,0,1
14,scratch,TP,14/0021.png,383,0.5104686617851257,1,0,0,0,0,1,0,0,1
14,scratch,TP,14/0021.png,384,0.03075243905186653,1,0,0,0,0,1,0,0,1
14,scratch,TP,14/0021.png,385,0.9915661811828613,1,0,0,0,0,1,0,0,1
14,scratch,TP,14/0021.png,386,0.28476524353027344,1,0,0,0,0,1,0,0,1
14,scratch,TP,14/0021.png,387,0.2711937129497528,1,0,0,0,0,1,0,0,1
14,scratch,TP,14/0021.png,388,0.001035444438457489,1,0,0,0,0,1,0,0,1
14,scratch,TP,14/0021.png,389,0.004508759826421738,1,0,0,0,0,1,0,0,1
14,scratch,TP,14/0021.png,390,0.33971697092056274,1,0,0,0,0,1,0,0,1
14,scratch,TP,14/0021.png,391,0.20027197897434235,1,0,0,0,0,1,0,0,1
14,scratch,TP,14/0021.png,392,0.08947592228651047,1,0,0,0,0,1,0,0,1
14,scratch,TP,14/0021.png,393,0.2254975140094757,1,0,0,0,0,1,0,0,1
14,scratch,TP,14/0021.png,394,0.18465077877044678,1,0,0,0,0,1,0,0,1
14,scratch,TP,14/0021.png,395,0.2757079601287842,1,0,0,0,0,1,0,0,1
14,scratch,TP,14/0021.png,396,0.15519143640995026,1,0,0,0,0,1,0,0,1
14,scratch,TP,14/0021.png,397,0.35375404357910156,1,0,0,0,0,1,0,0,1
14,scratch,TP,14/0021.png,398,0.3185797333717346,1,0,0,0,0,1,0,0,1
14,scratch,TP,14/0021.png,399,0.4432052671909332,1,0,0,0,0,1,0,0,1
14,scratch,TP,14/0021.png,400,0.12222374975681305,1,0,0,0,0,1,0,0,1
14,scratch,TP,14/0021.png,401,0.3388791084289551,1,0,0,0,0,1,0,0,1
14,scratch,TP,14/0021.png,402,0.5546755194664001,1,0,0,0,0,1,0,0,1
14,scratch,TP,14/0021.png,403,0.8836508989334106,1,0,0,0,0,1,0,0,1
14,scratch,TP,14/0021.png,404,0.056348104029893875,1,0,0,0,0,1,0,0,1
14,scratch,TP,14/0021.png,405,0.10162058472633362,1,0,0,0,0,1,0,0,1
14,scratch,TP,14/0021.png,406,0.1788291484117508,1,0,0,0,0,1,0,0,1
14,scratch,TP,14/0021.png,407,0.1189957708120346,1,0,0,0,0,1,0,0,1
14,scratch,TP,14/0021.png,408,0.15070840716362,1,0,0,0,0,1,0,0,1
14,scratch,TP,14/0021.png,409,0.1960458606481552,1,0,0,0,0,1,0,0,1
14,scratch,TP,14/0021.png,410,0.1283748745918274,1,0,0,0,0,1,0,0,1
14,scratch,TP,14/0021.png,411,0.134262815117836,1,0,0,0,0,1,0,0,1
14,scratch,TP,14/0021.png,412,0.28948500752449036,1,0,0,0,0,1,0,0,1
14,scratch,TP,14/0021.png,413,0.5008985996246338,1,0,0,0,0,1,0,0,1
14,scratch,TP,14/0021.png,414,0.05897226929664612,1,0,0,0,0,1,0,0,1
14,scratch,TP,14/0021.png,415,0.24603606760501862,1,0,0,0,0,1,0,0,1
14,scratch,TP,14/0021.png,416,0.10801465064287186,1,0,0,0,0,1,0,0,1
14,scratch,TP,14/0021.png,417,0.5021547675132751,1,0,0,0,0,1,0,0,1
14,scratch,TP,14/0021.png,418,0.16443295776844025,1,0,0,0,0,1,0,0,1
14,scratch,TP,14/0021.png,419,0.7365137934684753,1,0,0,0,0,1,0,0,1
14,scratch,TP,14/0021.png,420,0.5187636613845825,1,0,0,0,0,1,0,0,1
14,scratch,TP,14/0021.png,421,0.09380557388067245,1,0,0,0,0,1,0,0,1
14,scratch,TP,14/0021.png,422,0.22614702582359314,1,0,0,0,0,1,0,0,1
14,scratch,TP,14/0021.png,423,0.07270735502243042,1,0,0,0,0,1,0,0,1
14,scratch,TP,14/0021.png,424,0.20793217420578003,1,0,0,0,0,1,0,0,1
14,scratch,TP,14/0021.png,425,0.025613699108362198,1,0,0,0,0,1,0,0,1
14,scratch,TP,14/0021.png,426,0.29822665452957153,1,0,0,0,0,1,0,0,1
14,scratch,TP,14/0021.png,427,0.018224189057946205,1,0,0,0,0,1,0,0,1
14,scratch,TP,14/0021.png,428,0.09484943747520447,1,0,0,0,0,1,0,0,1
14,scratch,TP,14/0021.png,429,0.470508337020874,1,0,0,0,0,1,0,0,1
14,scratch,TP,14/0021.png,430,0.4034731388092041,1,0,0,0,0,1,0,0,1
14,scratch,TP,14/0021.png,431,0.4174949824810028,1,0,0,0,0,1,0,0,1
14,scratch,TP,14/0021.png,432,0.70159512758255,1,0,0,0,0,1,0,0,1
14,scratch,TP,14/0021.png,433,0.18821412324905396,1,0,0,0,0,1,0,0,1
14,scratch,TP,14/0021.png,434,0.41352155804634094,1,0,0,0,0,1,0,0,1
14,scratch,TP,14/0021.png,435,0.3033730685710907,1,0,0,0,0,1,0,0,1
14,scratch,TP,14/0021.png,436,0.15785811841487885,1,0,0,0,0,1,0,0,1
14,scratch,TP,14/0021.png,437,0.7656946778297424,1,0,0,0,0,1,0,0,1
14,scratch,TP,14/0021.png,438,0.2214154601097107,1,0,0,0,0,1,0,0,1
14,scratch,TP,14/0021.png,439,0.017512232065200806,1,0,0,0,0,1,0,0,1
14,scratch,TP,14/0021.png,440,0.16794119775295258,1,0,0,0,0,1,0,0,1
14,scratch,TP,14/0021.png,441,0.16254502534866333,1,0,0,0,0,1,0,0,1
14,scratch,TP,14/0021.png,442,0.17209340631961823,1,0,0,0,0,1,0,0,1
14,scratch,TP,14/0021.png,443,0.17559628188610077,1,0,0,0,0,1,0,0,1
14,scratch,TP,14/0021.png,444,0.31067317724227905,1,0,0,0,0,1,0,0,1
14,scratch,TP,14/0021.png,445,0.0027031314093619585,1,0,0,0,0,1,0,0,1
14,scratch,TP,14/0021.png,446,0.02034733258187771,1,0,0,0,0,1,0,0,1
14,scratch,TP,14/0021.png,447,0.4859634041786194,1,0,0,0,0,1,0,0,1
14,scratch,TP,14/0021.png,448,0.5071605443954468,1,0,0,0,0,1,0,0,1
14,scratch,TP,14/0021.png,449,0.051476508378982544,1,0,0,0,0,1,0,0,1
14,scratch,TP,14/0021.png,450,0.011387806385755539,1,0,0,0,0,1,0,0,1
14,scratch,TP,14/0021.png,451,0.03520094230771065,1,0,0,0,0,1,0,0,1
14,scratch,TP,14/0021.png,452,0.8381756544113159,1,0,0,0,0,1,0,0,1
14,scratch,TP,14/0021.png,453,0.2153012603521347,1,0,0,0,0,1,0,0,1
14,scratch,TP,14/0021.png,454,0.057037293910980225,1,0,0,0,0,1,0,0,1
14,scratch,TP,14/0021.png,455,1.004170298576355,1,0,0,0,0,1,0,0,1
14,scratch,TP,14/0021.png,456,0.20155276358127594,1,0,0,0,0,1,0,0,1
14,scratch,TP,14/0021.png,457,0.37988701462745667,1,0,0,0,0,1,0,0,1
14,scratch,TP,14/0021.png,458,1.2774763107299805,1,0,0,0,0,1,0,0,1
14,scratch,TP,14/0021.png,459,0.3012089133262634,1,0,0,0,0,1,0,0,1
14,scratch,TP,14/0021.png,460,0.1426573246717453,1,0,0,0,0,1,0,0,1
14,scratch,TP,14/0021.png,461,0.04121518135070801,1,0,0,0,0,1,0,0,1
14,scratch,TP,14/0021.png,462,0.0017251686658710241,1,0,0,0,0,1,0,0,1
14,scratch,TP,14/0021.png,463,0.349290132522583,1,0,0,0,0,1,0,0,1
14,scratch,TP,14/0021.png,464,0.31936144828796387,1,0,0,0,0,1,0,0,1
14,scratch,TP,14/0021.png,465,0.28466853499412537,1,0,0,0,0,1,0,0,1
14,scratch,TP,14/0021.png,466,0.6171636581420898,1,0,0,0,0,1,0,0,1
14,scratch,TP,14/0021.png,467,0.45274025201797485,1,0,0,0,0,1,0,0,1
14,scratch,TP,14/0021.png,468,0.19522777199745178,1,0,0,0,0,1,0,0,1
14,scratch,TP,14/0021.png,469,0.328313410282135,1,0,0,0,0,1,0,0,1
14,scratch,TP,14/0021.png,470,0.028440456837415695,1,0,0,0,0,1,0,0,1
14,scratch,TP,14/0021.png,471,0.883391797542572,1,0,0,0,0,1,0,0,1
14,scratch,TP,14/0021.png,472,0.14427714049816132,1,0,0,0,0,1,0,0,1
14,scratch,TP,14/0021.png,473,0.07192210853099823,1,0,0,0,0,1,0,0,1
14,scratch,TP,14/0021.png,474,0.5058101415634155,1,0,0,0,0,1,0,0,1
14,scratch,TP,14/0021.png,475,0.46630871295928955,1,0,0,0,0,1,0,0,1
14,scratch,TP,14/0021.png,476,0.03203944116830826,1,0,0,0,0,1,0,0,1
14,scratch,TP,14/0021.png,477,0.04725528135895729,1,0,0,0,0,1,0,0,1
14,scratch,TP,14/0021.png,478,0.17800097167491913,1,0,0,0,0,1,0,0,1
14,scratch,TP,14/0021.png,479,0.05866176262497902,1,0,0,0,0,1,0,0,1
14,scratch,TP,14/0021.png,480,0.4867607355117798,1,0,0,0,0,1,0,0,1
14,scratch,TP,14/0021.png,481,0.631192684173584,1,0,0,0,0,1,0,0,1
14,scratch,TP,14/0021.png,482,0.37522968649864197,1,0,0,0,0,1,0,0,1
14,scratch,TP,14/0021.png,483,0.0923774316906929,1,0,0,0,0,1,0,0,1
14,scratch,TP,14/0021.png,484,0.6515042185783386,1,0,0,0,0,1,0,0,1
14,scratch,TP,14/0021.png,485,0.04398541525006294,1,0,0,0,0,1,0,0,1
14,scratch,TP,14/0021.png,486,0.46875816583633423,1,0,0,0,0,1,0,0,1
14,scratch,TP,14/0021.png,487,0.5170256495475769,1,0,0,0,0,1,0,0,1
14,scratch,TP,14/0021.png,488,0.2869141399860382,1,0,0,0,0,1,0,0,1
14,scratch,TP,14/0021.png,489,0.153691366314888,1,0,0,0,0,1,0,0,1
14,scratch,TP,14/0021.png,490,0.5928915143013,1,0,0,0,0,1,0,0,1
14,scratch,TP,14/0021.png,491,0.27613016963005066,1,0,0,0,0,1,0,0,1
14,scratch,TP,14/0021.png,492,0.19896826148033142,1,0,0,0,0,1,0,0,1
14,scratch,TP,14/0021.png,493,0.22534823417663574,1,0,0,0,0,1,0,0,1
14,scratch,TP,14/0021.png,494,0.027100708335638046,1,0,0,0,0,1,0,0,1
14,scratch,TP,14/0021.png,495,0.23308949172496796,1,0,0,0,0,1,0,0,1
14,scratch,TP,14/0021.png,496,0.3594372868537903,1,0,0,0,0,1,0,0,1
14,scratch,TP,14/0021.png,497,0.11109383404254913,1,0,0,0,0,1,0,0,1
14,scratch,TP,14/0021.png,498,0.08590367436408997,1,0,0,0,0,1,0,0,1
14,scratch,TP,14/0021.png,499,0.2567002773284912,1,0,0,0,0,1,0,0,1
14,scratch,TP,14/0021.png,500,0.14461788535118103,1,0,0,0,0,1,0,0,1
14,scratch,TP,14/0021.png,501,0.38321635127067566,1,0,0,0,0,1,0,0,1
14,scratch,TP,14/0021.png,502,0.2307698130607605,1,0,0,0,0,1,0,0,1
14,scratch,TP,14/0021.png,503,0.129729762673378,1,0,0,0,0,1,0,0,1
14,scratch,TP,14/0021.png,504,0.5695422887802124,1,0,0,0,0,1,0,0,1
14,scratch,TP,14/0021.png,505,0.05065697431564331,1,0,0,0,0,1,0,0,1
14,scratch,TP,14/0021.png,506,0.5861765742301941,1,0,0,0,0,1,0,0,1
14,scratch,TP,14/0021.png,507,0.01458929106593132,1,0,0,0,0,1,0,0,1
14,scratch,TP,14/0021.png,508,0.028617000207304955,1,0,0,0,0,1,0,0,1
14,scratch,TP,14/0021.png,509,0.6250702738761902,1,0,0,0,0,1,0,0,1
14,scratch,TP,14/0021.png,510,0.48270687460899353,1,0,0,0,0,1,0,0,1
14,scratch,TP,14/0021.png,511,0.14269745349884033,1,0,0,0,0,1,0,0,1
14,scratch,FP,14/0017.png,0,0.2085438370704651,1,0,0,1,0,0,0,1,0
14,scratch,FP,14/0017.png,1,0.11843658238649368,1,0,0,1,0,0,0,1,0
14,scratch,FP,14/0017.png,2,0.2816535234451294,1,0,0,1,0,0,0,1,0
14,scratch,FP,14/0017.png,3,0.1625378429889679,1,0,0,1,0,0,0,1,0
14,scratch,FP,14/0017.png,4,0.041363585740327835,1,0,0,1,0,0,0,1,0
14,scratch,FP,14/0017.png,5,0.3480648994445801,1,0,0,1,0,0,0,1,0
14,scratch,FP,14/0017.png,6,0.03251417726278305,1,0,0,1,0,0,0,1,0
14,scratch,FP,14/0017.png,7,0.21221496164798737,1,0,0,1,0,0,0,1,0
14,scratch,FP,14/0017.png,8,0.105158232152462,1,0,0,1,0,0,0,1,0
14,scratch,FP,14/0017.png,9,0.0077104950323700905,1,0,0,1,0,0,0,1,0
14,scratch,FP,14/0017.png,10,0.37833693623542786,1,0,0,1,0,0,0,1,0
14,scratch,FP,14/0017.png,11,0.5876151323318481,1,0,0,1,0,0,0,1,0
14,scratch,FP,14/0017.png,12,0.06059134379029274,1,0,0,1,0,0,0,1,0
14,scratch,FP,14/0017.png,13,0.0215475931763649,1,0,0,1,0,0,0,1,0
14,scratch,FP,14/0017.png,14,0.3346541225910187,1,0,0,1,0,0,0,1,0
14,scratch,FP,14/0017.png,15,0.308140367269516,1,0,0,1,0,0,0,1,0
14,scratch,FP,14/0017.png,16,0.07327533513307571,1,0,0,1,0,0,0,1,0
14,scratch,FP,14/0017.png,17,0.11745693534612656,1,0,0,1,0,0,0,1,0
14,scratch,FP,14/0017.png,18,0.057061802595853806,1,0,0,1,0,0,0,1,0
14,scratch,FP,14/0017.png,19,0.16827227175235748,1,0,0,1,0,0,0,1,0
14,scratch,FP,14/0017.png,20,0.38029059767723083,1,0,0,1,0,0,0,1,0
14,scratch,FP,14/0017.png,21,0.1427149921655655,1,0,0,1,0,0,0,1,0
14,scratch,FP,14/0017.png,22,0.6776089668273926,1,0,0,1,0,0,0,1,0
14,scratch,FP,14/0017.png,23,0.4734935462474823,1,0,0,1,0,0,0,1,0
14,scratch,FP,14/0017.png,24,0.09465081244707108,1,0,0,1,0,0,0,1,0
14,scratch,FP,14/0017.png,25,0.4118644595146179,1,0,0,1,0,0,0,1,0
14,scratch,FP,14/0017.png,26,0.35062479972839355,1,0,0,1,0,0,0,1,0
14,scratch,FP,14/0017.png,27,0.1825287640094757,1,0,0,1,0,0,0,1,0
14,scratch,FP,14/0017.png,28,0.5846015214920044,1,0,0,1,0,0,0,1,0
14,scratch,FP,14/0017.png,29,0.14204341173171997,1,0,0,1,0,0,0,1,0
14,scratch,FP,14/0017.png,30,0.3457757234573364,1,0,0,1,0,0,0,1,0
14,scratch,FP,14/0017.png,31,0.04174942895770073,1,0,0,1,0,0,0,1,0
14,scratch,FP,14/0017.png,32,0.4468253254890442,1,0,0,1,0,0,0,1,0
14,scratch,FP,14/0017.png,33,0.17973485589027405,1,0,0,1,0,0,0,1,0
14,scratch,FP,14/0017.png,34,0.32937657833099365,1,0,0,1,0,0,0,1,0
14,scratch,FP,14/0017.png,35,0.26955142617225647,1,0,0,1,0,0,0,1,0
14,scratch,FP,14/0017.png,36,0.15149106085300446,1,0,0,1,0,0,0,1,0
14,scratch,FP,14/0017.png,37,0.5226505994796753,1,0,0,1,0,0,0,1,0
14,scratch,FP,14/0017.png,38,0.12050753086805344,1,0,0,1,0,0,0,1,0
14,scratch,FP,14/0017.png,39,0.16331768035888672,1,0,0,1,0,0,0,1,0
14,scratch,FP,14/0017.png,40,0.14596769213676453,1,0,0,1,0,0,0,1,0
14,scratch,FP,14/0017.png,41,0.21430771052837372,1,0,0,1,0,0,0,1,0
14,scratch,FP,14/0017.png,42,0.05403963848948479,1,0,0,1,0,0,0,1,0
14,scratch,FP,14/0017.png,43,0.18986086547374725,1,0,0,1,0,0,0,1,0
14,scratch,FP,14/0017.png,44,0.008944339118897915,1,0,0,1,0,0,0,1,0
14,scratch,FP,14/0017.png,45,0.00992485973984003,1,0,0,1,0,0,0,1,0
14,scratch,FP,14/0017.png,46,0.26618802547454834,1,0,0,1,0,0,0,1,0
14,scratch,FP,14/0017.png,47,0.33948376774787903,1,0,0,1,0,0,0,1,0
14,scratch,FP,14/0017.png,48,0.09443257749080658,1,0,0,1,0,0,0,1,0
14,scratch,FP,14/0017.png,49,0.11057326197624207,1,0,0,1,0,0,0,1,0
14,scratch,FP,14/0017.png,50,0.005173123441636562,1,0,0,1,0,0,0,1,0
14,scratch,FP,14/0017.png,51,0.3504229187965393,1,0,0,1,0,0,0,1,0
14,scratch,FP,14/0017.png,52,0.5836441516876221,1,0,0,1,0,0,0,1,0
14,scratch,FP,14/0017.png,53,0.33918407559394836,1,0,0,1,0,0,0,1,0
14,scratch,FP,14/0017.png,54,0.38332152366638184,1,0,0,1,0,0,0,1,0
14,scratch,FP,14/0017.png,55,0.4166625738143921,1,0,0,1,0,0,0,1,0
14,scratch,FP,14/0017.png,56,0.15740998089313507,1,0,0,1,0,0,0,1,0
14,scratch,FP,14/0017.png,57,0.02294304221868515,1,0,0,1,0,0,0,1,0
14,scratch,FP,14/0017.png,58,0.2385113537311554,1,0,0,1,0,0,0,1,0
14,scratch,FP,14/0017.png,59,0.34683889150619507,1,0,0,1,0,0,0,1,0
14,scratch,FP,14/0017.png,60,0.42278364300727844,1,0,0,1,0,0,0,1,0
14,scratch,FP,14/0017.png,61,0.0317084826529026,1,0,0,1,0,0,0,1,0
14,scratch,FP,14/0017.png,62,0.03686472028493881,1,0,0,1,0,0,0,1,0
14,scratch,FP,14/0017.png,63,0.0013889709953218699,1,0,0,1,0,0,0,1,0
14,scratch,FP,14/0017.png,64,0.00586746959015727,1,0,0,1,0,0,0,1,0
14,scratch,FP,14/0017.png,65,0.21692734956741333,1,0,0,1,0,0,0,1,0
14,scratch,FP,14/0017.png,66,0.4062809944152832,1,0,0,1,0,0,0,1,0
14,scratch,FP,14/0017.png,67,0.052659206092357635,1,0,0,1,0,0,0,1,0
14,scratch,FP,14/0017.png,68,0.007724944036453962,1,0,0,1,0,0,0,1,0
14,scratch,FP,14/0017.png,69,0.09729252755641937,1,0,0,1,0,0,0,1,0
14,scratch,FP,14/0017.png,70,0.37764590978622437,1,0,0,1,0,0,0,1,0
14,scratch,FP,14/0017.png,71,0.05734913796186447,1,0,0,1,0,0,0,1,0
14,scratch,FP,14/0017.png,72,0.003130280878394842,1,0,0,1,0,0,0,1,0
14,scratch,FP,14/0017.png,73,0.2620398998260498,1,0,0,1,0,0,0,1,0
14,scratch,FP,14/0017.png,74,0.13172487914562225,1,0,0,1,0,0,0,1,0
14,scratch,FP,14/0017.png,75,0.6570580005645752,1,0,0,1,0,0,0,1,0
14,scratch,FP,14/0017.png,76,0.39231330156326294,1,0,0,1,0,0,0,1,0
14,scratch,FP,14/0017.png,77,0.21920020878314972,1,0,0,1,0,0,0,1,0
14,scratch,FP,14/0017.png,78,0.015430782921612263,1,0,0,1,0,0,0,1,0
14,scratch,FP,14/0017.png,79,0.007427392993122339,1,0,0,1,0,0,0,1,0
14,scratch,FP,14/0017.png,80,0.06103389710187912,1,0,0,1,0,0,0,1,0
14,scratch,FP,14/0017.png,81,0.5475817918777466,1,0,0,1,0,0,0,1,0
14,scratch,FP,14/0017.png,82,0.012027047574520111,1,0,0,1,0,0,0,1,0
14,scratch,FP,14/0017.png,83,0.5969507694244385,1,0,0,1,0,0,0,1,0
14,scratch,FP,14/0017.png,84,0.2329193651676178,1,0,0,1,0,0,0,1,0
14,scratch,FP,14/0017.png,85,0.11626822501420975,1,0,0,1,0,0,0,1,0
14,scratch,FP,14/0017.png,86,0.40822911262512207,1,0,0,1,0,0,0,1,0
14,scratch,FP,14/0017.png,87,0.35259097814559937,1,0,0,1,0,0,0,1,0
14,scratch,FP,14/0017.png,88,0.10705868899822235,1,0,0,1,0,0,0,1,0
14,scratch,FP,14/0017.png,89,0.33834174275398254,1,0,0,1,0,0,0,1,0
14,scratch,FP,14/0017.png,90,0.04380637779831886,1,0,0,1,0,0,0,1,0
14,scratch,FP,14/0017.png,91,0.025579260662198067,1,0,0,1,0,0,0,1,0
14,scratch,FP,14/0017.png,92,0.11461448669433594,1,0,0,1,0,0,0,1,0
14,scratch,FP,14/0017.png,93,0.7631670832633972,1,0,0,1,0,0,0,1,0
14,scratch,FP,14/0017.png,94,0.013995292596518993,1,0,0,1,0,0,0,1,0
14,scratch,FP,14/0017.png,95,0.2300935536623001,1,0,0,1,0,0,0,1,0
14,scratch,FP,14/0017.png,96,0.3110038936138153,1,0,0,1,0,0,0,1,0
14,scratch,FP,14/0017.png,97,0.1075771301984787,1,0,0,1,0,0,0,1,0
14,scratch,FP,14/0017.png,98,0.301805704832077,1,0,0,1,0,0,0,1,0
14,scratch,FP,14/0017.png,99,0.5580546259880066,1,0,0,1,0,0,0,1,0
14,scratch,FP,14/0017.png,100,0.4080616235733032,1,0,0,1,0,0,0,1,0
14,scratch,FP,14/0017.png,101,0.16104210913181305,1,0,0,1,0,0,0,1,0
14,scratch,FP,14/0017.png,102,0.39750006794929504,1,0,0,1,0,0,0,1,0
14,scratch,FP,14/0017.png,103,0.028911598026752472,1,0,0,1,0,0,0,1,0
14,scratch,FP,14/0017.png,104,0.0997607558965683,1,0,0,1,0,0,0,1,0
14,scratch,FP,14/0017.png,105,0.042782146483659744,1,0,0,1,0,0,0,1,0
14,scratch,FP,14/0017.png,106,0.05032763630151749,1,0,0,1,0,0,0,1,0
14,scratch,FP,14/0017.png,107,0.5731827616691589,1,0,0,1,0,0,0,1,0
14,scratch,FP,14/0017.png,108,0.4887872040271759,1,0,0,1,0,0,0,1,0
14,scratch,FP,14/0017.png,109,0.04939306527376175,1,0,0,1,0,0,0,1,0
14,scratch,FP,14/0017.png,110,0.10392464697360992,1,0,0,1,0,0,0,1,0
14,scratch,FP,14/0017.png,111,0.043195560574531555,1,0,0,1,0,0,0,1,0
14,scratch,FP,14/0017.png,112,0.3744378089904785,1,0,0,1,0,0,0,1,0
14,scratch,FP,14/0017.png,113,0.06542610377073288,1,0,0,1,0,0,0,1,0
14,scratch,FP,14/0017.png,114,0.49314266443252563,1,0,0,1,0,0,0,1,0
14,scratch,FP,14/0017.png,115,0.5557839274406433,1,0,0,1,0,0,0,1,0
14,scratch,FP,14/0017.png,116,0.04159007593989372,1,0,0,1,0,0,0,1,0
14,scratch,FP,14/0017.png,117,0.15092837810516357,1,0,0,1,0,0,0,1,0
14,scratch,FP,14/0017.png,118,0.4680202305316925,1,0,0,1,0,0,0,1,0
14,scratch,FP,14/0017.png,119,0.03744344413280487,1,0,0,1,0,0,0,1,0
14,scratch,FP,14/0017.png,120,0.07874888926744461,1,0,0,1,0,0,0,1,0
14,scratch,FP,14/0017.png,121,0.29301220178604126,1,0,0,1,0,0,0,1,0
14,scratch,FP,14/0017.png,122,0.18924006819725037,1,0,0,1,0,0,0,1,0
14,scratch,FP,14/0017.png,123,0.20714682340621948,1,0,0,1,0,0,0,1,0
14,scratch,FP,14/0017.png,124,0.3108450174331665,1,0,0,1,0,0,0,1,0
14,scratch,FP,14/0017.png,125,0.0,1,0,0,1,0,0,0,1,0
14,scratch,FP,14/0017.png,126,0.3177260458469391,1,0,0,1,0,0,0,1,0
14,scratch,FP,14/0017.png,127,0.18604445457458496,1,0,0,1,0,0,0,1,0
14,scratch,FP,14/0017.png,128,0.04554535076022148,1,0,0,1,0,0,0,1,0
14,scratch,FP,14/0017.png,129,0.0975787490606308,1,0,0,1,0,0,0,1,0
14,scratch,FP,14/0017.png,130,0.10633736848831177,1,0,0,1,0,0,0,1,0
14,scratch,FP,14/0017.png,131,0.1595001071691513,1,0,0,1,0,0,0,1,0
14,scratch,FP,14/0017.png,132,0.045554373413324356,1,0,0,1,0,0,0,1,0
14,scratch,FP,14/0017.png,133,0.006354792509227991,1,0,0,1,0,0,0,1,0
14,scratch,FP,14/0017.png,134,0.28996405005455017,1,0,0,1,0,0,0,1,0
14,scratch,FP,14/0017.png,135,0.11975196748971939,1,0,0,1,0,0,0,1,0
14,scratch,FP,14/0017.png,136,0.08680398017168045,1,0,0,1,0,0,0,1,0
14,scratch,FP,14/0017.png,137,0.022997315973043442,1,0,0,1,0,0,0,1,0
14,scratch,FP,14/0017.png,138,0.0004667608591262251,1,0,0,1,0,0,0,1,0
14,scratch,FP,14/0017.png,139,0.32665663957595825,1,0,0,1,0,0,0,1,0
14,scratch,FP,14/0017.png,140,0.2533611059188843,1,0,0,1,0,0,0,1,0
14,scratch,FP,14/0017.png,141,0.1477857083082199,1,0,0,1,0,0,0,1,0
14,scratch,FP,14/0017.png,142,0.5871800184249878,1,0,0,1,0,0,0,1,0
14,scratch,FP,14/0017.png,143,0.762309193611145,1,0,0,1,0,0,0,1,0
14,scratch,FP,14/0017.png,144,0.0,1,0,0,1,0,0,0,1,0
14,scratch,FP,14/0017.png,145,0.34276390075683594,1,0,0,1,0,0,0,1,0
14,scratch,FP,14/0017.png,146,0.003538822289556265,1,0,0,1,0,0,0,1,0
14,scratch,FP,14/0017.png,147,0.10643060505390167,1,0,0,1,0,0,0,1,0
14,scratch,FP,14/0017.png,148,0.2055683583021164,1,0,0,1,0,0,0,1,0
14,scratch,FP,14/0017.png,149,0.15649889409542084,1,0,0,1,0,0,0,1,0
14,scratch,FP,14/0017.png,150,0.3150620460510254,1,0,0,1,0,0,0,1,0
14,scratch,FP,14/0017.png,151,0.565702497959137,1,0,0,1,0,0,0,1,0
14,scratch,FP,14/0017.png,152,0.18004491925239563,1,0,0,1,0,0,0,1,0
14,scratch,FP,14/0017.png,153,0.3716011941432953,1,0,0,1,0,0,0,1,0
14,scratch,FP,14/0017.png,154,0.054118044674396515,1,0,0,1,0,0,0,1,0
14,scratch,FP,14/0017.png,155,0.4013557732105255,1,0,0,1,0,0,0,1,0
14,scratch,FP,14/0017.png,156,0.057096246629953384,1,0,0,1,0,0,0,1,0
14,scratch,FP,14/0017.png,157,0.5070151686668396,1,0,0,1,0,0,0,1,0
14,scratch,FP,14/0017.png,158,0.6579022407531738,1,0,0,1,0,0,0,1,0
14,scratch,FP,14/0017.png,159,0.31062930822372437,1,0,0,1,0,0,0,1,0
14,scratch,FP,14/0017.png,160,0.0806172713637352,1,0,0,1,0,0,0,1,0
14,scratch,FP,14/0017.png,161,0.8821759819984436,1,0,0,1,0,0,0,1,0
14,scratch,FP,14/0017.png,162,0.16430401802062988,1,0,0,1,0,0,0,1,0
14,scratch,FP,14/0017.png,163,0.23199298977851868,1,0,0,1,0,0,0,1,0
14,scratch,FP,14/0017.png,164,0.36270344257354736,1,0,0,1,0,0,0,1,0
14,scratch,FP,14/0017.png,165,0.12224382162094116,1,0,0,1,0,0,0,1,0
14,scratch,FP,14/0017.png,166,0.17346765100955963,1,0,0,1,0,0,0,1,0
14,scratch,FP,14/0017.png,167,0.32396817207336426,1,0,0,1,0,0,0,1,0
14,scratch,FP,14/0017.png,168,0.09522552788257599,1,0,0,1,0,0,0,1,0
14,scratch,FP,14/0017.png,169,0.16575634479522705,1,0,0,1,0,0,0,1,0
14,scratch,FP,14/0017.png,170,0.03746708482503891,1,0,0,1,0,0,0,1,0
14,scratch,FP,14/0017.png,171,0.2093748152256012,1,0,0,1,0,0,0,1,0
14,scratch,FP,14/0017.png,172,0.06523443758487701,1,0,0,1,0,0,0,1,0
14,scratch,FP,14/0017.png,173,0.24748848378658295,1,0,0,1,0,0,0,1,0
14,scratch,FP,14/0017.png,174,0.13775788247585297,1,0,0,1,0,0,0,1,0
14,scratch,FP,14/0017.png,175,0.6260418891906738,1,0,0,1,0,0,0,1,0
14,scratch,FP,14/0017.png,176,0.046546999365091324,1,0,0,1,0,0,0,1,0
14,scratch,FP,14/0017.png,177,0.3882238566875458,1,0,0,1,0,0,0,1,0
14,scratch,FP,14/0017.png,178,0.030773911625146866,1,0,0,1,0,0,0,1,0
14,scratch,FP,14/0017.png,179,0.562553882598877,1,0,0,1,0,0,0,1,0
14,scratch,FP,14/0017.png,180,0.023112140595912933,1,0,0,1,0,0,0,1,0
14,scratch,FP,14/0017.png,181,0.10583359748125076,1,0,0,1,0,0,0,1,0
14,scratch,FP,14/0017.png,182,0.5622154474258423,1,0,0,1,0,0,0,1,0
14,scratch,FP,14/0017.png,183,0.02446122094988823,1,0,0,1,0,0,0,1,0
14,scratch,FP,14/0017.png,184,0.00560854934155941,1,0,0,1,0,0,0,1,0
14,scratch,FP,14/0017.png,185,0.058649301528930664,1,0,0,1,0,0,0,1,0
14,scratch,FP,14/0017.png,186,0.3575364053249359,1,0,0,1,0,0,0,1,0
14,scratch,FP,14/0017.png,187,0.3755919933319092,1,0,0,1,0,0,0,1,0
14,scratch,FP,14/0017.png,188,0.0,1,0,0,1,0,0,0,1,0
14,scratch,FP,14/0017.png,189,0.06748003512620926,1,0,0,1,0,0,0,1,0
14,scratch,FP,14/0017.png,190,0.6009361743927002,1,0,0,1,0,0,0,1,0
14,scratch,FP,14/0017.png,191,0.16070246696472168,1,0,0,1,0,0,0,1,0
14,scratch,FP,14/0017.png,192,0.10667826980352402,1,0,0,1,0,0,0,1,0
14,scratch,FP,14/0017.png,193,0.10635146498680115,1,0,0,1,0,0,0,1,0
14,scratch,FP,14/0017.png,194,0.29763785004615784,1,0,0,1,0,0,0,1,0
14,scratch,FP,14/0017.png,195,0.28827038407325745,1,0,0,1,0,0,0,1,0
14,scratch,FP,14/0017.png,196,0.1806715726852417,1,0,0,1,0,0,0,1,0
14,scratch,FP,14/0017.png,197,0.3668483793735504,1,0,0,1,0,0,0,1,0
14,scratch,FP,14/0017.png,198,0.3773607015609741,1,0,0,1,0,0,0,1,0
14,scratch,FP,14/0017.png,199,0.36866605281829834,1,0,0,1,0,0,0,1,0
14,scratch,FP,14/0017.png,200,0.01044374331831932,1,0,0,1,0,0,0,1,0
14,scratch,FP,14/0017.png,201,0.22794638574123383,1,0,0,1,0,0,0,1,0
14,scratch,FP,14/0017.png,202,0.4408658444881439,1,0,0,1,0,0,0,1,0
14,scratch,FP,14/0017.png,203,0.0488579124212265,1,0,0,1,0,0,0,1,0
14,scratch,FP,14/0017.png,204,0.40111351013183594,1,0,0,1,0,0,0,1,0
14,scratch,FP,14/0017.png,205,0.10356900095939636,1,0,0,1,0,0,0,1,0
14,scratch,FP,14/0017.png,206,0.21531707048416138,1,0,0,1,0,0,0,1,0
14,scratch,FP,14/0017.png,207,0.11140173673629761,1,0,0,1,0,0,0,1,0
14,scratch,FP,14/0017.png,208,0.01650899089872837,1,0,0,1,0,0,0,1,0
14,scratch,FP,14/0017.png,209,0.10067269951105118,1,0,0,1,0,0,0,1,0
14,scratch,FP,14/0017.png,210,0.020588967949151993,1,0,0,1,0,0,0,1,0
14,scratch,FP,14/0017.png,211,0.4961050748825073,1,0,0,1,0,0,0,1,0
14,scratch,FP,14/0017.png,212,0.5273818373680115,1,0,0,1,0,0,0,1,0
14,scratch,FP,14/0017.png,213,0.11460556089878082,1,0,0,1,0,0,0,1,0
14,scratch,FP,14/0017.png,214,0.7625287771224976,1,0,0,1,0,0,0,1,0
14,scratch,FP,14/0017.png,215,0.6237548589706421,1,0,0,1,0,0,0,1,0
14,scratch,FP,14/0017.png,216,0.09821401536464691,1,0,0,1,0,0,0,1,0
14,scratch,FP,14/0017.png,217,0.12614606320858002,1,0,0,1,0,0,0,1,0
14,scratch,FP,14/0017.png,218,0.01379359606653452,1,0,0,1,0,0,0,1,0
14,scratch,FP,14/0017.png,219,0.1642308533191681,1,0,0,1,0,0,0,1,0
14,scratch,FP,14/0017.png,220,0.5988945960998535,1,0,0,1,0,0,0,1,0
14,scratch,FP,14/0017.png,221,0.21287740767002106,1,0,0,1,0,0,0,1,0
14,scratch,FP,14/0017.png,222,0.24209867417812347,1,0,0,1,0,0,0,1,0
14,scratch,FP,14/0017.png,223,0.1029818207025528,1,0,0,1,0,0,0,1,0
14,scratch,FP,14/0017.png,224,0.7946800589561462,1,0,0,1,0,0,0,1,0
14,scratch,FP,14/0017.png,225,0.2298019826412201,1,0,0,1,0,0,0,1,0
14,scratch,FP,14/0017.png,226,0.11483674496412277,1,0,0,1,0,0,0,1,0
14,scratch,FP,14/0017.png,227,0.0030198197346180677,1,0,0,1,0,0,0,1,0
14,scratch,FP,14/0017.png,228,0.41309162974357605,1,0,0,1,0,0,0,1,0
14,scratch,FP,14/0017.png,229,0.12990951538085938,1,0,0,1,0,0,0,1,0
14,scratch,FP,14/0017.png,230,0.010890642181038857,1,0,0,1,0,0,0,1,0
14,scratch,FP,14/0017.png,231,0.22162069380283356,1,0,0,1,0,0,0,1,0
14,scratch,FP,14/0017.png,232,0.8529780507087708,1,0,0,1,0,0,0,1,0
14,scratch,FP,14/0017.png,233,0.0,1,0,0,1,0,0,0,1,0
14,scratch,FP,14/0017.png,234,0.5818208456039429,1,0,0,1,0,0,0,1,0
14,scratch,FP,14/0017.png,235,0.08688376843929291,1,0,0,1,0,0,0,1,0
14,scratch,FP,14/0017.png,236,0.2165297418832779,1,0,0,1,0,0,0,1,0
14,scratch,FP,14/0017.png,237,0.46442875266075134,1,0,0,1,0,0,0,1,0
14,scratch,FP,14/0017.png,238,0.17183730006217957,1,0,0,1,0,0,0,1,0
14,scratch,FP,14/0017.png,239,0.25547903776168823,1,0,0,1,0,0,0,1,0
14,scratch,FP,14/0017.png,240,0.025772064924240112,1,0,0,1,0,0,0,1,0
14,scratch,FP,14/0017.png,241,0.08577362447977066,1,0,0,1,0,0,0,1,0
14,scratch,FP,14/0017.png,242,0.1857466846704483,1,0,0,1,0,0,0,1,0
14,scratch,FP,14/0017.png,243,0.04415176436305046,1,0,0,1,0,0,0,1,0
14,scratch,FP,14/0017.png,244,0.3399121165275574,1,0,0,1,0,0,0,1,0
14,scratch,FP,14/0017.png,245,0.06561487913131714,1,0,0,1,0,0,0,1,0
14,scratch,FP,14/0017.png,246,0.4753289222717285,1,0,0,1,0,0,0,1,0
14,scratch,FP,14/0017.png,247,0.05408172309398651,1,0,0,1,0,0,0,1,0
14,scratch,FP,14/0017.png,248,0.9021430611610413,1,0,0,1,0,0,0,1,0
14,scratch,FP,14/0017.png,249,0.06412158906459808,1,0,0,1,0,0,0,1,0
14,scratch,FP,14/0017.png,250,0.0198333952575922,1,0,0,1,0,0,0,1,0
14,scratch,FP,14/0017.png,251,0.5051844120025635,1,0,0,1,0,0,0,1,0
14,scratch,FP,14/0017.png,252,0.3311896026134491,1,0,0,1,0,0,0,1,0
14,scratch,FP,14/0017.png,253,0.27348223328590393,1,0,0,1,0,0,0,1,0
14,scratch,FP,14/0017.png,254,0.15594111382961273,1,0,0,1,0,0,0,1,0
14,scratch,FP,14/0017.png,255,0.2547786235809326,1,0,0,1,0,0,0,1,0
14,scratch,FP,14/0017.png,256,0.02490997314453125,1,0,0,1,0,0,0,1,0
14,scratch,FP,14/0017.png,257,0.28816530108451843,1,0,0,1,0,0,0,1,0
14,scratch,FP,14/0017.png,258,0.20879673957824707,1,0,0,1,0,0,0,1,0
14,scratch,FP,14/0017.png,259,0.06974136829376221,1,0,0,1,0,0,0,1,0
14,scratch,FP,14/0017.png,260,0.15317586064338684,1,0,0,1,0,0,0,1,0
14,scratch,FP,14/0017.png,261,0.13080741465091705,1,0,0,1,0,0,0,1,0
14,scratch,FP,14/0017.png,262,0.010170391760766506,1,0,0,1,0,0,0,1,0
14,scratch,FP,14/0017.png,263,0.09873495250940323,1,0,0,1,0,0,0,1,0
14,scratch,FP,14/0017.png,264,0.21683169901371002,1,0,0,1,0,0,0,1,0
14,scratch,FP,14/0017.png,265,0.6514519453048706,1,0,0,1,0,0,0,1,0
14,scratch,FP,14/0017.png,266,0.13478942215442657,1,0,0,1,0,0,0,1,0
14,scratch,FP,14/0017.png,267,0.38049229979515076,1,0,0,1,0,0,0,1,0
14,scratch,FP,14/0017.png,268,0.35703498125076294,1,0,0,1,0,0,0,1,0
14,scratch,FP,14/0017.png,269,0.12921789288520813,1,0,0,1,0,0,0,1,0
14,scratch,FP,14/0017.png,270,0.12158381938934326,1,0,0,1,0,0,0,1,0
14,scratch,FP,14/0017.png,271,0.0859360620379448,1,0,0,1,0,0,0,1,0
14,scratch,FP,14/0017.png,272,0.09691943973302841,1,0,0,1,0,0,0,1,0
14,scratch,FP,14/0017.png,273,0.210244283080101,1,0,0,1,0,0,0,1,0
14,scratch,FP,14/0017.png,274,0.4550190269947052,1,0,0,1,0,0,0,1,0
14,scratch,FP,14/0017.png,275,0.4283216893672943,1,0,0,1,0,0,0,1,0
14,scratch,FP,14/0017.png,276,0.001297686481848359,1,0,0,1,0,0,0,1,0
14,scratch,FP,14/0017.png,277,0.14664576947689056,1,0,0,1,0,0,0,1,0
14,scratch,FP,14/0017.png,278,0.0847185030579567,1,0,0,1,0,0,0,1,0
14,scratch,FP,14/0017.png,279,0.20018137991428375,1,0,0,1,0,0,0,1,0
14,scratch,FP,14/0017.png,280,0.5860039591789246,1,0,0,1,0,0,0,1,0
14,scratch,FP,14/0017.png,281,0.3638056814670563,1,0,0,1,0,0,0,1,0
14,scratch,FP,14/0017.png,282,0.5916442275047302,1,0,0,1,0,0,0,1,0
14,scratch,FP,14/0017.png,283,0.04656557738780975,1,0,0,1,0,0,0,1,0
14,scratch,FP,14/0017.png,284,0.6351416707038879,1,0,0,1,0,0,0,1,0
14,scratch,FP,14/0017.png,285,0.19980594515800476,1,0,0,1,0,0,0,1,0
14,scratch,FP,14/0017.png,286,0.007588773500174284,1,0,0,1,0,0,0,1,0
14,scratch,FP,14/0017.png,287,0.12131092697381973,1,0,0,1,0,0,0,1,0
14,scratch,FP,14/0017.png,288,0.05989610403776169,1,0,0,1,0,0,0,1,0
14,scratch,FP,14/0017.png,289,0.23602545261383057,1,0,0,1,0,0,0,1,0
14,scratch,FP,14/0017.png,290,0.8635477423667908,1,0,0,1,0,0,0,1,0
14,scratch,FP,14/0017.png,291,0.04046299681067467,1,0,0,1,0,0,0,1,0
14,scratch,FP,14/0017.png,292,0.13484248518943787,1,0,0,1,0,0,0,1,0
14,scratch,FP,14/0017.png,293,0.31263360381126404,1,0,0,1,0,0,0,1,0
14,scratch,FP,14/0017.png,294,0.4511113464832306,1,0,0,1,0,0,0,1,0
14,scratch,FP,14/0017.png,295,0.7075896263122559,1,0,0,1,0,0,0,1,0
14,scratch,FP,14/0017.png,296,0.09613523632287979,1,0,0,1,0,0,0,1,0
14,scratch,FP,14/0017.png,297,0.15537557005882263,1,0,0,1,0,0,0,1,0
14,scratch,FP,14/0017.png,298,0.39452752470970154,1,0,0,1,0,0,0,1,0
14,scratch,FP,14/0017.png,299,0.10021612793207169,1,0,0,1,0,0,0,1,0
14,scratch,FP,14/0017.png,300,0.4535364508628845,1,0,0,1,0,0,0,1,0
14,scratch,FP,14/0017.png,301,0.05903533846139908,1,0,0,1,0,0,0,1,0
14,scratch,FP,14/0017.png,302,0.42152705788612366,1,0,0,1,0,0,0,1,0
14,scratch,FP,14/0017.png,303,0.17171499133110046,1,0,0,1,0,0,0,1,0
14,scratch,FP,14/0017.png,304,0.02203480526804924,1,0,0,1,0,0,0,1,0
14,scratch,FP,14/0017.png,305,0.1295461356639862,1,0,0,1,0,0,0,1,0
14,scratch,FP,14/0017.png,306,0.17300784587860107,1,0,0,1,0,0,0,1,0
14,scratch,FP,14/0017.png,307,0.3910137116909027,1,0,0,1,0,0,0,1,0
14,scratch,FP,14/0017.png,308,0.054072167724370956,1,0,0,1,0,0,0,1,0
14,scratch,FP,14/0017.png,309,0.15458989143371582,1,0,0,1,0,0,0,1,0
14,scratch,FP,14/0017.png,310,0.05143863707780838,1,0,0,1,0,0,0,1,0
14,scratch,FP,14/0017.png,311,0.027789579704403877,1,0,0,1,0,0,0,1,0
14,scratch,FP,14/0017.png,312,0.23473429679870605,1,0,0,1,0,0,0,1,0
14,scratch,FP,14/0017.png,313,0.029706396162509918,1,0,0,1,0,0,0,1,0
14,scratch,FP,14/0017.png,314,0.0008728733519092202,1,0,0,1,0,0,0,1,0
14,scratch,FP,14/0017.png,315,0.6022727489471436,1,0,0,1,0,0,0,1,0
14,scratch,FP,14/0017.png,316,0.29530972242355347,1,0,0,1,0,0,0,1,0
14,scratch,FP,14/0017.png,317,0.2048293948173523,1,0,0,1,0,0,0,1,0
14,scratch,FP,14/0017.png,318,0.08912550657987595,1,0,0,1,0,0,0,1,0
14,scratch,FP,14/0017.png,319,0.08014257252216339,1,0,0,1,0,0,0,1,0
14,scratch,FP,14/0017.png,320,0.065193772315979,1,0,0,1,0,0,0,1,0
14,scratch,FP,14/0017.png,321,0.27592846751213074,1,0,0,1,0,0,0,1,0
14,scratch,FP,14/0017.png,322,0.0905020460486412,1,0,0,1,0,0,0,1,0
14,scratch,FP,14/0017.png,323,0.10754460841417313,1,0,0,1,0,0,0,1,0
14,scratch,FP,14/0017.png,324,0.04729063808917999,1,0,0,1,0,0,0,1,0
14,scratch,FP,14/0017.png,325,0.4440127909183502,1,0,0,1,0,0,0,1,0
14,scratch,FP,14/0017.png,326,0.048476699739694595,1,0,0,1,0,0,0,1,0
14,scratch,FP,14/0017.png,327,0.2562929689884186,1,0,0,1,0,0,0,1,0
14,scratch,FP,14/0017.png,328,0.8711586594581604,1,0,0,1,0,0,0,1,0
14,scratch,FP,14/0017.png,329,0.24093559384346008,1,0,0,1,0,0,0,1,0
14,scratch,FP,14/0017.png,330,0.17999660968780518,1,0,0,1,0,0,0,1,0
14,scratch,FP,14/0017.png,331,0.5501108169555664,1,0,0,1,0,0,0,1,0
14,scratch,FP,14/0017.png,332,0.15601958334445953,1,0,0,1,0,0,0,1,0
14,scratch,FP,14/0017.png,333,0.03397874906659126,1,0,0,1,0,0,0,1,0
14,scratch,FP,14/0017.png,334,0.015491895377635956,1,0,0,1,0,0,0,1,0
14,scratch,FP,14/0017.png,335,0.518934428691864,1,0,0,1,0,0,0,1,0
14,scratch,FP,14/0017.png,336,0.0,1,0,0,1,0,0,0,1,0
14,scratch,FP,14/0017.png,337,0.31552818417549133,1,0,0,1,0,0,0,1,0
14,scratch,FP,14/0017.png,338,0.24668076634407043,1,0,0,1,0,0,0,1,0
14,scratch,FP,14/0017.png,339,0.09085538238286972,1,0,0,1,0,0,0,1,0
14,scratch,FP,14/0017.png,340,0.1911364048719406,1,0,0,1,0,0,0,1,0
14,scratch,FP,14/0017.png,341,0.2048477977514267,1,0,0,1,0,0,0,1,0
14,scratch,FP,14/0017.png,342,0.046782396733760834,1,0,0,1,0,0,0,1,0
14,scratch,FP,14/0017.png,343,0.18811078369617462,1,0,0,1,0,0,0,1,0
14,scratch,FP,14/0017.png,344,0.20314566791057587,1,0,0,1,0,0,0,1,0
14,scratch,FP,14/0017.png,345,0.036815885454416275,1,0,0,1,0,0,0,1,0
14,scratch,FP,14/0017.png,346,0.17762723565101624,1,0,0,1,0,0,0,1,0
14,scratch,FP,14/0017.png,347,0.1892017275094986,1,0,0,1,0,0,0,1,0
14,scratch,FP,14/0017.png,348,0.5714121460914612,1,0,0,1,0,0,0,1,0
14,scratch,FP,14/0017.png,349,0.1329815685749054,1,0,0,1,0,0,0,1,0
14,scratch,FP,14/0017.png,350,0.7613352537155151,1,0,0,1,0,0,0,1,0
14,scratch,FP,14/0017.png,351,0.35808852314949036,1,0,0,1,0,0,0,1,0
14,scratch,FP,14/0017.png,352,0.03586587309837341,1,0,0,1,0,0,0,1,0
14,scratch,FP,14/0017.png,353,0.15264838933944702,1,0,0,1,0,0,0,1,0
14,scratch,FP,14/0017.png,354,0.6555570363998413,1,0,0,1,0,0,0,1,0
14,scratch,FP,14/0017.png,355,0.5619362592697144,1,0,0,1,0,0,0,1,0
14,scratch,FP,14/0017.png,356,0.044774241745471954,1,0,0,1,0,0,0,1,0
14,scratch,FP,14/0017.png,357,0.07873723655939102,1,0,0,1,0,0,0,1,0
14,scratch,FP,14/0017.png,358,0.29516246914863586,1,0,0,1,0,0,0,1,0
14,scratch,FP,14/0017.png,359,0.2501356303691864,1,0,0,1,0,0,0,1,0
14,scratch,FP,14/0017.png,360,0.2663819193840027,1,0,0,1,0,0,0,1,0
14,scratch,FP,14/0017.png,361,0.6546427607536316,1,0,0,1,0,0,0,1,0
14,scratch,FP,14/0017.png,362,0.0962560772895813,1,0,0,1,0,0,0,1,0
14,scratch,FP,14/0017.png,363,0.28126904368400574,1,0,0,1,0,0,0,1,0
14,scratch,FP,14/0017.png,364,0.20517629384994507,1,0,0,1,0,0,0,1,0
14,scratch,FP,14/0017.png,365,0.028448129072785378,1,0,0,1,0,0,0,1,0
14,scratch,FP,14/0017.png,366,0.2867453694343567,1,0,0,1,0,0,0,1,0
14,scratch,FP,14/0017.png,367,0.25089627504348755,1,0,0,1,0,0,0,1,0
14,scratch,FP,14/0017.png,368,0.2014651745557785,1,0,0,1,0,0,0,1,0
14,scratch,FP,14/0017.png,369,0.3538733422756195,1,0,0,1,0,0,0,1,0
14,scratch,FP,14/0017.png,370,0.35342472791671753,1,0,0,1,0,0,0,1,0
14,scratch,FP,14/0017.png,371,0.13208186626434326,1,0,0,1,0,0,0,1,0
14,scratch,FP,14/0017.png,372,0.16626428067684174,1,0,0,1,0,0,0,1,0
14,scratch,FP,14/0017.png,373,0.45837709307670593,1,0,0,1,0,0,0,1,0
14,scratch,FP,14/0017.png,374,0.08785431832075119,1,0,0,1,0,0,0,1,0
14,scratch,FP,14/0017.png,375,0.039600130170583725,1,0,0,1,0,0,0,1,0
14,scratch,FP,14/0017.png,376,0.363312691450119,1,0,0,1,0,0,0,1,0
14,scratch,FP,14/0017.png,377,0.1647205501794815,1,0,0,1,0,0,0,1,0
14,scratch,FP,14/0017.png,378,0.15674825012683868,1,0,0,1,0,0,0,1,0
14,scratch,FP,14/0017.png,379,0.2974347770214081,1,0,0,1,0,0,0,1,0
14,scratch,FP,14/0017.png,380,0.0,1,0,0,1,0,0,0,1,0
14,scratch,FP,14/0017.png,381,0.8733094930648804,1,0,0,1,0,0,0,1,0
14,scratch,FP,14/0017.png,382,0.17224039137363434,1,0,0,1,0,0,0,1,0
14,scratch,FP,14/0017.png,383,0.551414966583252,1,0,0,1,0,0,0,1,0
14,scratch,FP,14/0017.png,384,0.03472811356186867,1,0,0,1,0,0,0,1,0
14,scratch,FP,14/0017.png,385,1.007468581199646,1,0,0,1,0,0,0,1,0
14,scratch,FP,14/0017.png,386,0.2940754294395447,1,0,0,1,0,0,0,1,0
14,scratch,FP,14/0017.png,387,0.3056923747062683,1,0,0,1,0,0,0,1,0
14,scratch,FP,14/0017.png,388,4.167557926848531e-05,1,0,0,1,0,0,0,1,0
14,scratch,FP,14/0017.png,389,0.0,1,0,0,1,0,0,0,1,0
14,scratch,FP,14/0017.png,390,0.3722204864025116,1,0,0,1,0,0,0,1,0
14,scratch,FP,14/0017.png,391,0.19505228102207184,1,0,0,1,0,0,0,1,0
14,scratch,FP,14/0017.png,392,0.0858091339468956,1,0,0,1,0,0,0,1,0
14,scratch,FP,14/0017.png,393,0.21170715987682343,1,0,0,1,0,0,0,1,0
14,scratch,FP,14/0017.png,394,0.1560603231191635,1,0,0,1,0,0,0,1,0
14,scratch,FP,14/0017.png,395,0.2730186879634857,1,0,0,1,0,0,0,1,0
14,scratch,FP,14/0017.png,396,0.15039074420928955,1,0,0,1,0,0,0,1,0
14,scratch,FP,14/0017.png,397,0.3722291588783264,1,0,0,1,0,0,0,1,0
14,scratch,FP,14/0017.png,398,0.3242449164390564,1,0,0,1,0,0,0,1,0
14,scratch,FP,14/0017.png,399,0.45662713050842285,1,0,0,1,0,0,0,1,0
14,scratch,FP,14/0017.png,400,0.1443442404270172,1,0,0,1,0,0,0,1,0
14,scratch,FP,14/0017.png,401,0.3179260194301605,1,0,0,1,0,0,0,1,0
14,scratch,FP,14/0017.png,402,0.5752325057983398,1,0,0,1,0,0,0,1,0
14,scratch,FP,14/0017.png,403,0.9043879508972168,1,0,0,1,0,0,0,1,0
14,scratch,FP,14/0017.png,404,0.06124701723456383,1,0,0,1,0,0,0,1,0
14,scratch,FP,14/0017.png,405,0.12276725471019745,1,0,0,1,0,0,0,1,0
14,scratch,FP,14/0017.png,406,0.15846428275108337,1,0,0,1,0,0,0,1,0
14,scratch,FP,14/0017.png,407,0.11473153531551361,1,0,0,1,0,0,0,1,0
14,scratch,FP,14/0017.png,408,0.1327780783176422,1,0,0,1,0,0,0,1,0
14,scratch,FP,14/0017.png,409,0.16648946702480316,1,0,0,1,0,0,0,1,0
14,scratch,FP,14/0017.png,410,0.1073244959115982,1,0,0,1,0,0,0,1,0
14,scratch,FP,14/0017.png,411,0.11893969029188156,1,0,0,1,0,0,0,1,0
14,scratch,FP,14/0017.png,412,0.27272695302963257,1,0,0,1,0,0,0,1,0
14,scratch,FP,14/0017.png,413,0.5125645399093628,1,0,0,1,0,0,0,1,0
14,scratch,FP,14/0017.png,414,0.04307880997657776,1,0,0,1,0,0,0,1,0
14,scratch,FP,14/0017.png,415,0.22621461749076843,1,0,0,1,0,0,0,1,0
14,scratch,FP,14/0017.png,416,0.08806351572275162,1,0,0,1,0,0,0,1,0
14,scratch,FP,14/0017.png,417,0.43963950872421265,1,0,0,1,0,0,0,1,0
14,scratch,FP,14/0017.png,418,0.15587516129016876,1,0,0,1,0,0,0,1,0
14,scratch,FP,14/0017.png,419,0.7489299178123474,1,0,0,1,0,0,0,1,0
14,scratch,FP,14/0017.png,420,0.5051463842391968,1,0,0,1,0,0,0,1,0
14,scratch,FP,14/0017.png,421,0.0930645540356636,1,0,0,1,0,0,0,1,0
14,scratch,FP,14/0017.png,422,0.21584807336330414,1,0,0,1,0,0,0,1,0
14,scratch,FP,14/0017.png,423,0.06589347869157791,1,0,0,1,0,0,0,1,0
14,scratch,FP,14/0017.png,424,0.189401313662529,1,0,0,1,0,0,0,1,0
14,scratch,FP,14/0017.png,425,0.029462799429893494,1,0,0,1,0,0,0,1,0
14,scratch,FP,14/0017.png,426,0.3140730857849121,1,0,0,1,0,0,0,1,0
14,scratch,FP,14/0017.png,427,0.012027960270643234,1,0,0,1,0,0,0,1,0
14,scratch,FP,14/0017.png,428,0.08677084743976593,1,0,0,1,0,0,0,1,0
14,scratch,FP,14/0017.png,429,0.47937121987342834,1,0,0,1,0,0,0,1,0
14,scratch,FP,14/0017.png,430,0.40999388694763184,1,0,0,1,0,0,0,1,0
14,scratch,FP,14/0017.png,431,0.38737186789512634,1,0,0,1,0,0,0,1,0
14,scratch,FP,14/0017.png,432,0.6961475014686584,1,0,0,1,0,0,0,1,0
14,scratch,FP,14/0017.png,433,0.23786711692810059,1,0,0,1,0,0,0,1,0
14,scratch,FP,14/0017.png,434,0.4281691312789917,1,0,0,1,0,0,0,1,0
14,scratch,FP,14/0017.png,435,0.3679027259349823,1,0,0,1,0,0,0,1,0
14,scratch,FP,14/0017.png,436,0.15194091200828552,1,0,0,1,0,0,0,1,0
14,scratch,FP,14/0017.png,437,0.7982731461524963,1,0,0,1,0,0,0,1,0
14,scratch,FP,14/0017.png,438,0.22351525723934174,1,0,0,1,0,0,0,1,0
14,scratch,FP,14/0017.png,439,0.016106070950627327,1,0,0,1,0,0,0,1,0
14,scratch,FP,14/0017.png,440,0.1693485677242279,1,0,0,1,0,0,0,1,0
14,scratch,FP,14/0017.png,441,0.15698891878128052,1,0,0,1,0,0,0,1,0
14,scratch,FP,14/0017.png,442,0.17730452120304108,1,0,0,1,0,0,0,1,0
14,scratch,FP,14/0017.png,443,0.14079098403453827,1,0,0,1,0,0,0,1,0
14,scratch,FP,14/0017.png,444,0.3297719657421112,1,0,0,1,0,0,0,1,0
14,scratch,FP,14/0017.png,445,0.002279765671119094,1,0,0,1,0,0,0,1,0
14,scratch,FP,14/0017.png,446,0.026154899969697,1,0,0,1,0,0,0,1,0
14,scratch,FP,14/0017.png,447,0.4502698481082916,1,0,0,1,0,0,0,1,0
14,scratch,FP,14/0017.png,448,0.4754261374473572,1,0,0,1,0,0,0,1,0
14,scratch,FP,14/0017.png,449,0.03674786537885666,1,0,0,1,0,0,0,1,0
14,scratch,FP,14/0017.png,450,0.00990997813642025,1,0,0,1,0,0,0,1,0
14,scratch,FP,14/0017.png,451,0.020356783643364906,1,0,0,1,0,0,0,1,0
14,scratch,FP,14/0017.png,452,0.8861488699913025,1,0,0,1,0,0,0,1,0
14,scratch,FP,14/0017.png,453,0.22984804213047028,1,0,0,1,0,0,0,1,0
14,scratch,FP,14/0017.png,454,0.056964144110679626,1,0,0,1,0,0,0,1,0
14,scratch,FP,14/0017.png,455,1.0055853128433228,1,0,0,1,0,0,0,1,0
14,scratch,FP,14/0017.png,456,0.21561335027217865,1,0,0,1,0,0,0,1,0
14,scratch,FP,14/0017.png,457,0.3700651526451111,1,0,0,1,0,0,0,1,0
14,scratch,FP,14/0017.png,458,1.3271621465682983,1,0,0,1,0,0,0,1,0
14,scratch,FP,14/0017.png,459,0.26336389780044556,1,0,0,1,0,0,0,1,0
14,scratch,FP,14/0017.png,460,0.13113275170326233,1,0,0,1,0,0,0,1,0
14,scratch,FP,14/0017.png,461,0.03088369220495224,1,0,0,1,0,0,0,1,0
14,scratch,FP,14/0017.png,462,0.0006506554782390594,1,0,0,1,0,0,0,1,0
14,scratch,FP,14/0017.png,463,0.3748936653137207,1,0,0,1,0,0,0,1,0
14,scratch,FP,14/0017.png,464,0.3187069296836853,1,0,0,1,0,0,0,1,0
14,scratch,FP,14/0017.png,465,0.28529858589172363,1,0,0,1,0,0,0,1,0
14,scratch,FP,14/0017.png,466,0.6715108156204224,1,0,0,1,0,0,0,1,0
14,scratch,FP,14/0017.png,467,0.45778682827949524,1,0,0,1,0,0,0,1,0
14,scratch,FP,14/0017.png,468,0.2226216197013855,1,0,0,1,0,0,0,1,0
14,scratch,FP,14/0017.png,469,0.30098408460617065,1,0,0,1,0,0,0,1,0
14,scratch,FP,14/0017.png,470,0.029887350276112556,1,0,0,1,0,0,0,1,0
14,scratch,FP,14/0017.png,471,0.9361414313316345,1,0,0,1,0,0,0,1,0
14,scratch,FP,14/0017.png,472,0.15377217531204224,1,0,0,1,0,0,0,1,0
14,scratch,FP,14/0017.png,473,0.07210861146450043,1,0,0,1,0,0,0,1,0
14,scratch,FP,14/0017.png,474,0.5163082480430603,1,0,0,1,0,0,0,1,0
14,scratch,FP,14/0017.png,475,0.48503103852272034,1,0,0,1,0,0,0,1,0
14,scratch,FP,14/0017.png,476,0.02652372233569622,1,0,0,1,0,0,0,1,0
14,scratch,FP,14/0017.png,477,0.05652055889368057,1,0,0,1,0,0,0,1,0
14,scratch,FP,14/0017.png,478,0.17454120516777039,1,0,0,1,0,0,0,1,0
14,scratch,FP,14/0017.png,479,0.05925346538424492,1,0,0,1,0,0,0,1,0
14,scratch,FP,14/0017.png,480,0.512247622013092,1,0,0,1,0,0,0,1,0
14,scratch,FP,14/0017.png,481,0.7011758685112,1,0,0,1,0,0,0,1,0
14,scratch,FP,14/0017.png,482,0.38784563541412354,1,0,0,1,0,0,0,1,0
14,scratch,FP,14/0017.png,483,0.09297322481870651,1,0,0,1,0,0,0,1,0
14,scratch,FP,14/0017.png,484,0.6846944093704224,1,0,0,1,0,0,0,1,0
14,scratch,FP,14/0017.png,485,0.040012869983911514,1,0,0,1,0,0,0,1,0
14,scratch,FP,14/0017.png,486,0.47197917103767395,1,0,0,1,0,0,0,1,0
14,scratch,FP,14/0017.png,487,0.5742167830467224,1,0,0,1,0,0,0,1,0
14,scratch,FP,14/0017.png,488,0.29533204436302185,1,0,0,1,0,0,0,1,0
14,scratch,FP,14/0017.png,489,0.13828575611114502,1,0,0,1,0,0,0,1,0
14,scratch,FP,14/0017.png,490,0.6089975237846375,1,0,0,1,0,0,0,1,0
14,scratch,FP,14/0017.png,491,0.2791331112384796,1,0,0,1,0,0,0,1,0
14,scratch,FP,14/0017.png,492,0.1536341905593872,1,0,0,1,0,0,0,1,0
14,scratch,FP,14/0017.png,493,0.203080952167511,1,0,0,1,0,0,0,1,0
14,scratch,FP,14/0017.png,494,0.014797940850257874,1,0,0,1,0,0,0,1,0
14,scratch,FP,14/0017.png,495,0.21792234480381012,1,0,0,1,0,0,0,1,0
14,scratch,FP,14/0017.png,496,0.3423911929130554,1,0,0,1,0,0,0,1,0
14,scratch,FP,14/0017.png,497,0.09078465402126312,1,0,0,1,0,0,0,1,0
14,scratch,FP,14/0017.png,498,0.09644651412963867,1,0,0,1,0,0,0,1,0
14,scratch,FP,14/0017.png,499,0.2536236047744751,1,0,0,1,0,0,0,1,0
14,scratch,FP,14/0017.png,500,0.1441696584224701,1,0,0,1,0,0,0,1,0
14,scratch,FP,14/0017.png,501,0.3783610165119171,1,0,0,1,0,0,0,1,0
14,scratch,FP,14/0017.png,502,0.2062060832977295,1,0,0,1,0,0,0,1,0
14,scratch,FP,14/0017.png,503,0.12734784185886383,1,0,0,1,0,0,0,1,0
14,scratch,FP,14/0017.png,504,0.5864258408546448,1,0,0,1,0,0,0,1,0
14,scratch,FP,14/0017.png,505,0.04128798842430115,1,0,0,1,0,0,0,1,0
14,scratch,FP,14/0017.png,506,0.5516258478164673,1,0,0,1,0,0,0,1,0
14,scratch,FP,14/0017.png,507,0.012394183315336704,1,0,0,1,0,0,0,1,0
14,scratch,FP,14/0017.png,508,0.012814964167773724,1,0,0,1,0,0,0,1,0
14,scratch,FP,14/0017.png,509,0.6463850140571594,1,0,0,1,0,0,0,1,0
14,scratch,FP,14/0017.png,510,0.505571186542511,1,0,0,1,0,0,0,1,0
14,scratch,FP,14/0017.png,511,0.1266927570104599,1,0,0,1,0,0,0,1,0
19,pretrained,TP,19/0022.png,0,0.00016615464119240642,0,0,1,1,1,0,0,0,1
19,pretrained,TP,19/0022.png,1,0.5376840233802795,0,0,1,1,1,0,0,0,1
19,pretrained,TP,19/0022.png,2,1.9087917804718018,0,0,1,1,1,0,0,0,1
19,pretrained,TP,19/0022.png,3,0.5726111531257629,0,0,1,1,1,0,0,0,1
19,pretrained,TP,19/0022.png,4,0.9161292910575867,0,0,1,1,1,0,0,0,1
19,pretrained,TP,19/0022.png,5,0.7619677782058716,0,0,1,1,1,0,0,0,1
19,pretrained,TP,19/0022.png,6,0.025918660685420036,0,0,1,1,1,0,0,0,1
19,pretrained,TP,19/0022.png,7,0.25505703687667847,0,0,1,1,1,0,0,0,1
19,pretrained,TP,19/0022.png,8,1.0398428440093994,0,0,1,1,1,0,0,0,1
19,pretrained,TP,19/0022.png,9,0.01166913565248251,0,0,1,1,1,0,0,0,1
19,pretrained,TP,19/0022.png,10,1.31158447265625,0,0,1,1,1,0,0,0,1
19,pretrained,TP,19/0022.png,11,0.01984565332531929,0,0,1,1,1,0,0,0,1
19,pretrained,TP,19/0022.png,12,0.270405113697052,0,0,1,1,1,0,0,0,1
19,pretrained,TP,19/0022.png,13,1.8044718503952026,0,0,1,1,1,0,0,0,1
19,pretrained,TP,19/0022.png,14,0.8185940384864807,0,0,1,1,1,0,0,0,1
19,pretrained,TP,19/0022.png,15,1.5178254842758179,0,0,1,1,1,0,0,0,1
19,pretrained,TP,19/0022.png,16,1.3108713626861572,0,0,1,1,1,0,0,0,1
19,pretrained,TP,19/0022.png,17,0.37040239572525024,0,0,1,1,1,0,0,0,1
19,pretrained,TP,19/0022.png,18,0.8775889873504639,0,0,1,1,1,0,0,0,1
19,pretrained,TP,19/0022.png,19,1.48039972782135,0,0,1,1,1,0,0,0,1
19,pretrained,TP,19/0022.png,20,1.5292415618896484,0,0,1,1,1,0,0,0,1
19,pretrained,TP,19/0022.png,21,0.010927127674221992,0,0,1,1,1,0,0,0,1
19,pretrained,TP,19/0022.png,22,1.2542829513549805,0,0,1,1,1,0,0,0,1
19,pretrained,TP,19/0022.png,23,0.9968612194061279,0,0,1,1,1,0,0,0,1
19,pretrained,TP,19/0022.png,24,1.7546000480651855,0,0,1,1,1,0,0,0,1
19,pretrained,TP,19/0022.png,25,0.5939256548881531,0,0,1,1,1,0,0,0,1
19,pretrained,TP,19/0022.png,26,0.0004168043378740549,0,0,1,1,1,0,0,0,1
19,pretrained,TP,19/0022.png,27,0.1986125111579895,0,0,1,1,1,0,0,0,1
19,pretrained,TP,19/0022.png,28,0.6329981684684753,0,0,1,1,1,0,0,0,1
19,pretrained,TP,19/0022.png,29,0.7397302389144897,0,0,1,1,1,0,0,0,1
19,pretrained,TP,19/0022.png,30,0.2372279316186905,0,0,1,1,1,0,0,0,1
19,pretrained,TP,19/0022.png,31,0.0,0,0,1,1,1,0,0,0,1
19,pretrained,TP,19/0022.png,32,0.16498470306396484,0,0,1,1,1,0,0,0,1
19,pretrained,TP,19/0022.png,33,0.26114556193351746,0,0,1,1,1,0,0,0,1
19,pretrained,TP,19/0022.png,34,2.508063554763794,0,0,1,1,1,0,0,0,1
19,pretrained,TP,19/0022.png,35,1.4345279932022095,0,0,1,1,1,0,0,0,1
19,pretrained,TP,19/0022.png,36,0.5719991326332092,0,0,1,1,1,0,0,0,1
19,pretrained,TP,19/0022.png,37,2.0730323791503906,0,0,1,1,1,0,0,0,1
19,pretrained,TP,19/0022.png,38,1.346057653427124,0,0,1,1,1,0,0,0,1
19,pretrained,TP,19/0022.png,39,0.7119787335395813,0,0,1,1,1,0,0,0,1
19,pretrained,TP,19/0022.png,40,0.4237043559551239,0,0,1,1,1,0,0,0,1
19,pretrained,TP,19/0022.png,41,1.2407214641571045,0,0,1,1,1,0,0,0,1
19,pretrained,TP,19/0022.png,42,0.4494762122631073,0,0,1,1,1,0,0,0,1
19,pretrained,TP,19/0022.png,43,1.5633180141448975,0,0,1,1,1,0,0,0,1
19,pretrained,TP,19/0022.png,44,1.472339391708374,0,0,1,1,1,0,0,0,1
19,pretrained,TP,19/0022.png,45,0.549914538860321,0,0,1,1,1,0,0,0,1
19,pretrained,TP,19/0022.png,46,2.494412899017334,0,0,1,1,1,0,0,0,1
19,pretrained,TP,19/0022.png,47,1.1412217617034912,0,0,1,1,1,0,0,0,1
19,pretrained,TP,19/0022.png,48,1.9912350177764893,0,0,1,1,1,0,0,0,1
19,pretrained,TP,19/0022.png,49,1.726095199584961,0,0,1,1,1,0,0,0,1
19,pretrained,TP,19/0022.png,50,0.7888137698173523,0,0,1,1,1,0,0,0,1
19,pretrained,TP,19/0022.png,51,0.11797994375228882,0,0,1,1,1,0,0,0,1
19,pretrained,TP,19/0022.png,52,2.1190528869628906,0,0,1,1,1,0,0,0,1
19,pretrained,TP,19/0022.png,53,2.100910186767578,0,0,1,1,1,0,0,0,1
19,pretrained,TP,19/0022.png,54,0.4604957401752472,0,0,1,1,1,0,0,0,1
19,pretrained,TP,19/0022.png,55,0.16699086129665375,0,0,1,1,1,0,0,0,1
19,pretrained,TP,19/0022.png,56,1.1556469202041626,0,0,1,1,1,0,0,0,1
19,pretrained,TP,19/0022.png,57,0.06262741982936859,0,0,1,1,1,0,0,0,1
19,pretrained,TP,19/0022.png,58,1.5064910650253296,0,0,1,1,1,0,0,0,1
19,pretrained,TP,19/0022.png,59,1.9277154207229614,0,0,1,1,1,0,0,0,1
19,pretrained,TP,19/0022.png,60,0.2419126331806183,0,0,1,1,1,0,0,0,1
19,pretrained,TP,19/0022.png,61,0.7746922373771667,0,0,1,1,1,0,0,0,1
19,pretrained,TP,19/0022.png,62,0.49525415897369385,0,0,1,1,1,0,0,0,1
19,pretrained,TP,19/0022.png,63,0.007831638678908348,0,0,1,1,1,0,0,0,1
19,pretrained,TP,19/0022.png,64,1.8042913675308228,0,0,1,1,1,0,0,0,1
19,pretrained,TP,19/0022.png,65,0.11827030777931213,0,0,1,1,1,0,0,0,1
19,pretrained,TP,19/0022.png,66,1.072521686553955,0,0,1,1,1,0,0,0,1
19,pretrained,TP,19/0022.png,67,0.0014666392235085368,0,0,1,1,1,0,0,0,1
19,pretrained,TP,19/0022.png,68,1.9578945636749268,0,0,1,1,1,0,0,0,1
19,pretrained,TP,19/0022.png,69,0.5797633528709412,0,0,1,1,1,0,0,0,1
19,pretrained,TP,19/0022.png,70,0.05776350945234299,0,0,1,1,1,0,0,0,1
19,pretrained,TP,19/0022.png,71,2.18029522895813,0,0,1,1,1,0,0,0,1
19,pretrained,TP,19/0022.png,72,0.26644742488861084,0,0,1,1,1,0,0,0,1
19,pretrained,TP,19/0022.png,73,0.11054101586341858,0,0,1,1,1,0,0,0,1
19,pretrained,TP,19/0022.png,74,0.0916091799736023,0,0,1,1,1,0,0,0,1
19,pretrained,TP,19/0022.png,75,0.3229755461215973,0,0,1,1,1,0,0,0,1
19,pretrained,TP,19/0022.png,76,0.5004933476448059,0,0,1,1,1,0,0,0,1
19,pretrained,TP,19/0022.png,77,2.4203450679779053,0,0,1,1,1,0,0,0,1
19,pretrained,TP,19/0022.png,78,0.16942787170410156,0,0,1,1,1,0,0,0,1
19,pretrained,TP,19/0022.png,79,1.8658347129821777,0,0,1,1,1,0,0,0,1
19,pretrained,TP,19/0022.png,80,2.343677282333374,0,0,1,1,1,0,0,0,1
19,pretrained,TP,19/0022.png,81,0.7044187188148499,0,0,1,1,1,0,0,0,1
19,pretrained,TP,19/0022.png,82,1.9155101776123047,0,0,1,1,1,0,0,0,1
19,pretrained,TP,19/0022.png,83,1.0626362562179565,0,0,1,1,1,0,0,0,1
19,pretrained,TP,19/0022.png,84,0.6739073991775513,0,0,1,1,1,0,0,0,1
19,pretrained,TP,19/0022.png,85,0.17399799823760986,0,0,1,1,1,0,0,0,1
19,pretrained,TP,19/0022.png,86,2.1083438396453857,0,0,1,1,1,0,0,0,1
19,pretrained,TP,19/0022.png,87,0.14686547219753265,0,0,1,1,1,0,0,0,1
19,pretrained,TP,19/0022.png,88,0.9706220626831055,0,0,1,1,1,0,0,0,1
19,pretrained,TP,19/0022.png,89,0.33167892694473267,0,0,1,1,1,0,0,0,1
19,pretrained,TP,19/0022.png,90,0.7683802843093872,0,0,1,1,1,0,0,0,1
19,pretrained,TP,19/0022.png,91,0.14889806509017944,0,0,1,1,1,0,0,0,1
19,pretrained,TP,19/0022.png,92,2.1297285556793213,0,0,1,1,1,0,0,0,1
19,pretrained,TP,19/0022.png,93,0.5227019786834717,0,0,1,1,1,0,0,0,1
19,pretrained,TP,19/0022.png,94,1.1470673084259033,0,0,1,1,1,0,0,0,1
19,pretrained,TP,19/0022.png,95,1.7271448373794556,0,0,1,1,1,0,0,0,1
19,pretrained,TP,19/0022.png,96,1.5684694051742554,0,0,1,1,1,0,0,0,1
19,pretrained,TP,19/0022.png,97,0.4683333933353424,0,0,1,1,1,0,0,0,1
19,pretrained,TP,19/0022.png,98,0.17781910300254822,0,0,1,1,1,0,0,0,1
19,pretrained,TP,19/0022.png,99,0.7329494953155518,0,0,1,1,1,0,0,0,1
19,pretrained,TP,19/0022.png,100,1.2045910358428955,0,0,1,1,1,0,0,0,1
19,pretrained,TP,19/0022.png,101,2.1398110389709473,0,0,1,1,1,0,0,0,1
19,pretrained,TP,19/0022.png,102,0.018494725227355957,0,0,1,1,1,0,0,0,1
19,pretrained,TP,19/0022.png,103,1.1661485433578491,0,0,1,1,1,0,0,0,1
19,pretrained,TP,19/0022.png,104,0.6287040114402771,0,0,1,1,1,0,0,0,1
19,pretrained,TP,19/0022.png,105,0.3820560872554779,0,0,1,1,1,0,0,0,1
19,pretrained,TP,19/0022.png,106,1.9040762186050415,0,0,1,1,1,0,0,0,1
19,pretrained,TP,19/0022.png,107,0.11268813908100128,0,0,1,1,1,0,0,0,1
19,pretrained,TP,19/0022.png,108,1.1256756782531738,0,0,1,1,1,0,0,0,1
19,pretrained,TP,19/0022.png,109,0.4530414640903473,0,0,1,1,1,0,0,0,1
19,pretrained,TP,19/0022.png,110,1.367608666419983,0,0,1,1,1,0,0,0,1
19,pretrained,TP,19/0022.png,111,2.5565085411071777,0,0,1,1,1,0,0,0,1
19,pretrained,TP,19/0022.png,112,0.30022674798965454,0,0,1,1,1,0,0,0,1
19,pretrained,TP,19/0022.png,113,2.275461196899414,0,0,1,1,1,0,0,0,1
19,pretrained,TP,19/0022.png,114,0.0249322522431612,0,0,1,1,1,0,0,0,1
19,pretrained,TP,19/0022.png,115,0.5733299851417542,0,0,1,1,1,0,0,0,1
19,pretrained,TP,19/0022.png,116,0.5041273236274719,0,0,1,1,1,0,0,0,1
19,pretrained,TP,19/0022.png,117,2.025510311126709,0,0,1,1,1,0,0,0,1
19,pretrained,TP,19/0022.png,118,0.555382490158081,0,0,1,1,1,0,0,0,1
19,pretrained,TP,19/0022.png,119,0.6853352785110474,0,0,1,1,1,0,0,0,1
19,pretrained,TP,19/0022.png,120,1.4840656518936157,0,0,1,1,1,0,0,0,1
19,pretrained,TP,19/0022.png,121,2.0892789363861084,0,0,1,1,1,0,0,0,1
19,pretrained,TP,19/0022.png,122,0.0,0,0,1,1,1,0,0,0,1
19,pretrained,TP,19/0022.png,123,0.7986724972724915,0,0,1,1,1,0,0,0,1
19,pretrained,TP,19/0022.png,124,0.23681658506393433,0,0,1,1,1,0,0,0,1
19,pretrained,TP,19/0022.png,125,0.03896324336528778,0,0,1,1,1,0,0,0,1
19,pretrained,TP,19/0022.png,126,0.2752895951271057,0,0,1,1,1,0,0,0,1
19,pretrained,TP,19/0022.png,127,1.030173420906067,0,0,1,1,1,0,0,0,1
19,pretrained,TP,19/0022.png,128,1.0769261121749878,0,0,1,1,1,0,0,0,1
19,pretrained,TP,19/0022.png,129,1.7646043300628662,0,0,1,1,1,0,0,0,1
19,pretrained,TP,19/0022.png,130,0.2769824266433716,0,0,1,1,1,0,0,0,1
19,pretrained,TP,19/0022.png,131,0.04124387353658676,0,0,1,1,1,0,0,0,1
19,pretrained,TP,19/0022.png,132,0.31100261211395264,0,0,1,1,1,0,0,0,1
19,pretrained,TP,19/0022.png,133,1.0275155305862427,0,0,1,1,1,0,0,0,1
19,pretrained,TP,19/0022.png,134,0.15784655511379242,0,0,1,1,1,0,0,0,1
19,pretrained,TP,19/0022.png,135,0.674771785736084,0,0,1,1,1,0,0,0,1
19,pretrained,TP,19/0022.png,136,0.5783146619796753,0,0,1,1,1,0,0,0,1
19,pretrained,TP,19/0022.png,137,0.5314934849739075,0,0,1,1,1,0,0,0,1
19,pretrained,TP,19/0022.png,138,1.0277166366577148,0,0,1,1,1,0,0,0,1
19,pretrained,TP,19/0022.png,139,1.4424262046813965,0,0,1,1,1,0,0,0,1
19,pretrained,TP,19/0022.png,140,0.004875833634287119,0,0,1,1,1,0,0,0,1
19,pretrained,TP,19/0022.png,141,1.6011632680892944,0,0,1,1,1,0,0,0,1
19,pretrained,TP,19/0022.png,142,1.1350185871124268,0,0,1,1,1,0,0,0,1
19,pretrained,TP,19/0022.png,143,1.9158786535263062,0,0,1,1,1,0,0,0,1
19,pretrained,TP,19/0022.png,144,1.8531917333602905,0,0,1,1,1,0,0,0,1
19,pretrained,TP,19/0022.png,145,0.0705355554819107,0,0,1,1,1,0,0,0,1
19,pretrained,TP,19/0022.png,146,0.0027677754405885935,0,0,1,1,1,0,0,0,1
19,pretrained,TP,19/0022.png,147,0.0006528275553137064,0,0,1,1,1,0,0,0,1
19,pretrained,TP,19/0022.png,148,0.5143245458602905,0,0,1,1,1,0,0,0,1
19,pretrained,TP,19/0022.png,149,0.6979082226753235,0,0,1,1,1,0,0,0,1
19,pretrained,TP,19/0022.png,150,0.12403170019388199,0,0,1,1,1,0,0,0,1
19,pretrained,TP,19/0022.png,151,1.805846095085144,0,0,1,1,1,0,0,0,1
19,pretrained,TP,19/0022.png,152,1.2340883016586304,0,0,1,1,1,0,0,0,1
19,pretrained,TP,19/0022.png,153,1.0207873582839966,0,0,1,1,1,0,0,0,1
19,pretrained,TP,19/0022.png,154,1.4657248258590698,0,0,1,1,1,0,0,0,1
19,pretrained,TP,19/0022.png,155,0.0007883845828473568,0,0,1,1,1,0,0,0,1
19,pretrained,TP,19/0022.png,156,0.049795184284448624,0,0,1,1,1,0,0,0,1
19,pretrained,TP,19/0022.png,157,0.2901010513305664,0,0,1,1,1,0,0,0,1
19,pretrained,TP,19/0022.png,158,2.528804302215576,0,0,1,1,1,0,0,0,1
19,pretrained,TP,19/0022.png,159,0.5865064859390259,0,0,1,1,1,0,0,0,1
19,pretrained,TP,19/0022.png,160,0.13965745270252228,0,0,1,1,1,0,0,0,1
19,pretrained,TP,19/0022.png,161,0.8436271548271179,0,0,1,1,1,0,0,0,1
19,pretrained,TP,19/0022.png,162,0.08016863465309143,0,0,1,1,1,0,0,0,1
19,pretrained,TP,19/0022.png,163,0.15892243385314941,0,0,1,1,1,0,0,0,1
19,pretrained,TP,19/0022.png,164,0.302269846200943,0,0,1,1,1,0,0,0,1
19,pretrained,TP,19/0022.png,165,3.6067116260528564,0,0,1,1,1,0,0,0,1
19,pretrained,TP,19/0022.png,166,0.762965738773346,0,0,1,1,1,0,0,0,1
19,pretrained,TP,19/0022.png,167,2.654470443725586,0,0,1,1,1,0,0,0,1
19,pretrained,TP,19/0022.png,168,0.42431896924972534,0,0,1,1,1,0,0,0,1
19,pretrained,TP,19/0022.png,169,1.6129294633865356,0,0,1,1,1,0,0,0,1
19,pretrained,TP,19/0022.png,170,0.14132803678512573,0,0,1,1,1,0,0,0,1
19,pretrained,TP,19/0022.png,171,0.032598480582237244,0,0,1,1,1,0,0,0,1
19,pretrained,TP,19/0022.png,172,3.2842013835906982,0,0,1,1,1,0,0,0,1
19,pretrained,TP,19/0022.png,173,0.5888674855232239,0,0,1,1,1,0,0,0,1
19,pretrained,TP,19/0022.png,174,0.00899830274283886,0,0,1,1,1,0,0,0,1
19,pretrained,TP,19/0022.png,175,0.860627293586731,0,0,1,1,1,0,0,0,1
19,pretrained,TP,19/0022.png,176,0.44135692715644836,0,0,1,1,1,0,0,0,1
19,pretrained,TP,19/0022.png,177,0.1324901580810547,0,0,1,1,1,0,0,0,1
19,pretrained,TP,19/0022.png,178,0.8922529220581055,0,0,1,1,1,0,0,0,1
19,pretrained,TP,19/0022.png,179,0.005508945789188147,0,0,1,1,1,0,0,0,1
19,pretrained,TP,19/0022.png,180,0.9115440845489502,0,0,1,1,1,0,0,0,1
19,pretrained,TP,19/0022.png,181,2.191394805908203,0,0,1,1,1,0,0,0,1
19,pretrained,TP,19/0022.png,182,0.2708219885826111,0,0,1,1,1,0,0,0,1
19,pretrained,TP,19/0022.png,183,0.027017131447792053,0,0,1,1,1,0,0,0,1
19,pretrained,TP,19/0022.png,184,0.12372112274169922,0,0,1,1,1,0,0,0,1
19,pretrained,TP,19/0022.png,185,0.7092123031616211,0,0,1,1,1,0,0,0,1
19,pretrained,TP,19/0022.png,186,0.02695281431078911,0,0,1,1,1,0,0,0,1
19,pretrained,TP,19/0022.png,187,0.16978219151496887,0,0,1,1,1,0,0,0,1
19,pretrained,TP,19/0022.png,188,0.04310866817831993,0,0,1,1,1,0,0,0,1
19,pretrained,TP,19/0022.png,189,0.3951464295387268,0,0,1,1,1,0,0,0,1
19,pretrained,TP,19/0022.png,190,1.8588056564331055,0,0,1,1,1,0,0,0,1
19,pretrained,TP,19/0022.png,191,0.33105188608169556,0,0,1,1,1,0,0,0,1
19,pretrained,TP,19/0022.png,192,1.1413135528564453,0,0,1,1,1,0,0,0,1
19,pretrained,TP,19/0022.png,193,0.510496199131012,0,0,1,1,1,0,0,0,1
19,pretrained,TP,19/0022.png,194,0.24708081781864166,0,0,1,1,1,0,0,0,1
19,pretrained,TP,19/0022.png,195,0.01967998966574669,0,0,1,1,1,0,0,0,1
19,pretrained,TP,19/0022.png,196,0.4701507091522217,0,0,1,1,1,0,0,0,1
19,pretrained,TP,19/0022.png,197,1.3376113176345825,0,0,1,1,1,0,0,0,1
19,pretrained,TP,19/0022.png,198,0.798510730266571,0,0,1,1,1,0,0,0,1
19,pretrained,TP,19/0022.png,199,1.7610565423965454,0,0,1,1,1,0,0,0,1
19,pretrained,TP,19/0022.png,200,0.7864054441452026,0,0,1,1,1,0,0,0,1
19,pretrained,TP,19/0022.png,201,1.5595271587371826,0,0,1,1,1,0,0,0,1
19,pretrained,TP,19/0022.png,202,0.13671943545341492,0,0,1,1,1,0,0,0,1
19,pretrained,TP,19/0022.png,203,1.6568882465362549,0,0,1,1,1,0,0,0,1
19,pretrained,TP,19/0022.png,204,0.7507921457290649,0,0,1,1,1,0,0,0,1
19,pretrained,TP,19/0022.png,205,1.7424254417419434,0,0,1,1,1,0,0,0,1
19,pretrained,TP,19/0022.png,206,0.004187070764601231,0,0,1,1,1,0,0,0,1
19,pretrained,TP,19/0022.png,207,0.591611385345459,0,0,1,1,1,0,0,0,1
19,pretrained,TP,19/0022.png,208,0.2625460922718048,0,0,1,1,1,0,0,0,1
19,pretrained,TP,19/0022.png,209,2.4789655208587646,0,0,1,1,1,0,0,0,1
19,pretrained,TP,19/0022.png,210,1.9096359014511108,0,0,1,1,1,0,0,0,1
19,pretrained,TP,19/0022.png,211,1.2134289741516113,0,0,1,1,1,0,0,0,1
19,pretrained,TP,19/0022.png,212,0.6407190561294556,0,0,1,1,1,0,0,0,1
19,pretrained,TP,19/0022.png,213,2.1320290565490723,0,0,1,1,1,0,0,0,1
19,pretrained,TP,19/0022.png,214,0.00030508392956107855,0,0,1,1,1,0,0,0,1
19,pretrained,TP,19/0022.png,215,2.482581377029419,0,0,1,1,1,0,0,0,1
19,pretrained,TP,19/0022.png,216,0.16643989086151123,0,0,1,1,1,0,0,0,1
19,pretrained,TP,19/0022.png,217,0.23420923948287964,0,0,1,1,1,0,0,0,1
19,pretrained,TP,19/0022.png,218,0.3647916316986084,0,0,1,1,1,0,0,0,1
19,pretrained,TP,19/0022.png,219,0.6038980484008789,0,0,1,1,1,0,0,0,1
19,pretrained,TP,19/0022.png,220,0.8274573683738708,0,0,1,1,1,0,0,0,1
19,pretrained,TP,19/0022.png,221,0.9456663131713867,0,0,1,1,1,0,0,0,1
19,pretrained,TP,19/0022.png,222,0.002888332586735487,0,0,1,1,1,0,0,0,1
19,pretrained,TP,19/0022.png,223,0.26127251982688904,0,0,1,1,1,0,0,0,1
19,pretrained,TP,19/0022.png,224,1.3289145231246948,0,0,1,1,1,0,0,0,1
19,pretrained,TP,19/0022.png,225,0.6431771516799927,0,0,1,1,1,0,0,0,1
19,pretrained,TP,19/0022.png,226,1.9876474142074585,0,0,1,1,1,0,0,0,1
19,pretrained,TP,19/0022.png,227,0.041247155517339706,0,0,1,1,1,0,0,0,1
19,pretrained,TP,19/0022.png,228,1.1949708461761475,0,0,1,1,1,0,0,0,1
19,pretrained,TP,19/0022.png,229,0.3284033238887787,0,0,1,1,1,0,0,0,1
19,pretrained,TP,19/0022.png,230,1.4346489906311035,0,0,1,1,1,0,0,0,1
19,pretrained,TP,19/0022.png,231,1.326285719871521,0,0,1,1,1,0,0,0,1
19,pretrained,TP,19/0022.png,232,0.6389150619506836,0,0,1,1,1,0,0,0,1
19,pretrained,TP,19/0022.png,233,1.915536880493164,0,0,1,1,1,0,0,0,1
19,pretrained,TP,19/0022.png,234,0.15142858028411865,0,0,1,1,1,0,0,0,1
19,pretrained,TP,19/0022.png,235,2.6130313873291016,0,0,1,1,1,0,0,0,1
19,pretrained,TP,19/0022.png,236,0.8522798418998718,0,0,1,1,1,0,0,0,1
19,pretrained,TP,19/0022.png,237,1.0482988357543945,0,0,1,1,1,0,0,0,1
19,pretrained,TP,19/0022.png,238,0.09611053764820099,0,0,1,1,1,0,0,0,1
19,pretrained,TP,19/0022.png,239,0.3292771875858307,0,0,1,1,1,0,0,0,1
19,pretrained,TP,19/0022.png,240,0.8912050724029541,0,0,1,1,1,0,0,0,1
19,pretrained,TP,19/0022.png,241,0.004256948363035917,0,0,1,1,1,0,0,0,1
19,pretrained,TP,19/0022.png,242,0.3897031545639038,0,0,1,1,1,0,0,0,1
19,pretrained,TP,19/0022.png,243,0.0662214457988739,0,0,1,1,1,0,0,0,1
19,pretrained,TP,19/0022.png,244,1.3213489055633545,0,0,1,1,1,0,0,0,1
19,pretrained,TP,19/0022.png,245,0.9740738868713379,0,0,1,1,1,0,0,0,1
19,pretrained,TP,19/0022.png,246,0.9016891121864319,0,0,1,1,1,0,0,0,1
19,pretrained,TP,19/0022.png,247,2.0297152996063232,0,0,1,1,1,0,0,0,1
19,pretrained,TP,19/0022.png,248,0.0054039922542870045,0,0,1,1,1,0,0,0,1
19,pretrained,TP,19/0022.png,249,0.4249098598957062,0,0,1,1,1,0,0,0,1
19,pretrained,TP,19/0022.png,250,2.4857699871063232,0,0,1,1,1,0,0,0,1
19,pretrained,TP,19/0022.png,251,2.5839831829071045,0,0,1,1,1,0,0,0,1
19,pretrained,TP,19/0022.png,252,0.9104917645454407,0,0,1,1,1,0,0,0,1
19,pretrained,TP,19/0022.png,253,0.7422096133232117,0,0,1,1,1,0,0,0,1
19,pretrained,TP,19/0022.png,254,0.2553217113018036,0,0,1,1,1,0,0,0,1
19,pretrained,TP,19/0022.png,255,0.0,0,0,1,1,1,0,0,0,1
19,pretrained,TP,19/0022.png,256,1.119925618171692,0,0,1,1,1,0,0,0,1
19,pretrained,TP,19/0022.png,257,2.191124677658081,0,0,1,1,1,0,0,0,1
19,pretrained,TP,19/0022.png,258,0.6161765456199646,0,0,1,1,1,0,0,0,1
19,pretrained,TP,19/0022.png,259,1.5318055152893066,0,0,1,1,1,0,0,0,1
19,pretrained,TP,19/0022.png,260,0.20483651757240295,0,0,1,1,1,0,0,0,1
19,pretrained,TP,19/0022.png,261,0.07335936278104782,0,0,1,1,1,0,0,0,1
19,pretrained,TP,19/0022.png,262,1.3852874040603638,0,0,1,1,1,0,0,0,1
19,pretrained,TP,19/0022.png,263,2.090918779373169,0,0,1,1,1,0,0,0,1
19,pretrained,TP,19/0022.png,264,0.12429532408714294,0,0,1,1,1,0,0,0,1
19,pretrained,TP,19/0022.png,265,0.440459668636322,0,0,1,1,1,0,0,0,1
19,pretrained,TP,19/0022.png,266,0.2831799387931824,0,0,1,1,1,0,0,0,1
19,pretrained,TP,19/0022.png,267,1.2886440753936768,0,0,1,1,1,0,0,0,1
19,pretrained,TP,19/0022.png,268,0.04103313013911247,0,0,1,1,1,0,0,0,1
19,pretrained,TP,19/0022.png,269,2.283330202102661,0,0,1,1,1,0,0,0,1
19,pretrained,TP,19/0022.png,270,0.7348847389221191,0,0,1,1,1,0,0,0,1
19,pretrained,TP,19/0022.png,271,0.8658564686775208,0,0,1,1,1,0,0,0,1
19,pretrained,TP,19/0022.png,272,1.0951389074325562,0,0,1,1,1,0,0,0,1
19,pretrained,TP,19/0022.png,273,0.04887329787015915,0,0,1,1,1,0,0,0,1
19,pretrained,TP,19/0022.png,274,0.17427869141101837,0,0,1,1,1,0,0,0,1
19,pretrained,TP,19/0022.png,275,1.1435309648513794,0,0,1,1,1,0,0,0,1
19,pretrained,TP,19/0022.png,276,2.57696270942688,0,0,1,1,1,0,0,0,1
19,pretrained,TP,19/0022.png,277,0.0,0,0,1,1,1,0,0,0,1
19,pretrained,TP,19/0022.png,278,2.401897430419922,0,0,1,1,1,0,0,0,1
19,pretrained,TP,19/0022.png,279,0.9454430341720581,0,0,1,1,1,0,0,0,1
19,pretrained,TP,19/0022.png,280,0.7445515990257263,0,0,1,1,1,0,0,0,1
19,pretrained,TP,19/0022.png,281,0.1507941484451294,0,0,1,1,1,0,0,0,1
19,pretrained,TP,19/0022.png,282,0.6851232647895813,0,0,1,1,1,0,0,0,1
19,pretrained,TP,19/0022.png,283,2.304800033569336,0,0,1,1,1,0,0,0,1
19,pretrained,TP,19/0022.png,284,1.1122570037841797,0,0,1,1,1,0,0,0,1
19,pretrained,TP,19/0022.png,285,0.7181251645088196,0,0,1,1,1,0,0,0,1
19,pretrained,TP,19/0022.png,286,0.20720387995243073,0,0,1,1,1,0,0,0,1
19,pretrained,TP,19/0022.png,287,0.6140633821487427,0,0,1,1,1,0,0,0,1
19,pretrained,TP,19/0022.png,288,0.10435985773801804,0,0,1,1,1,0,0,0,1
19,pretrained,TP,19/0022.png,289,0.07139988988637924,0,0,1,1,1,0,0,0,1
19,pretrained,TP,19/0022.png,290,0.9500636458396912,0,0,1,1,1,0,0,0,1
19,pretrained,TP,19/0022.png,291,1.0924257040023804,0,0,1,1,1,0,0,0,1
19,pretrained,TP,19/0022.png,292,0.02943229116499424,0,0,1,1,1,0,0,0,1
19,pretrained,TP,19/0022.png,293,0.2112848460674286,0,0,1,1,1,0,0,0,1
19,pretrained,TP,19/0022.png,294,1.8671423196792603,0,0,1,1,1,0,0,0,1
19,pretrained,TP,19/0022.png,295,0.0,0,0,1,1,1,0,0,0,1
19,pretrained,TP,19/0022.png,296,0.8725929260253906,0,0,1,1,1,0,0,0,1
19,pretrained,TP,19/0022.png,297,0.10642319917678833,0,0,1,1,1,0,0,0,1
19,pretrained,TP,19/0022.png,298,2.3217387199401855,0,0,1,1,1,0,0,0,1
19,pretrained,TP,19/0022.png,299,0.9759719371795654,0,0,1,1,1,0,0,0,1
19,pretrained,TP,19/0022.png,300,0.7521111369132996,0,0,1,1,1,0,0,0,1
19,pretrained,TP,19/0022.png,301,1.3265471458435059,0,0,1,1,1,0,0,0,1
19,pretrained,TP,19/0022.png,302,1.0998347997665405,0,0,1,1,1,0,0,0,1
19,pretrained,TP,19/0022.png,303,1.010632872581482,0,0,1,1,1,0,0,0,1
19,pretrained,TP,19/0022.png,304,1.9176908731460571,0,0,1,1,1,0,0,0,1
19,pretrained,TP,19/0022.png,305,1.2713130712509155,0,0,1,1,1,0,0,0,1
19,pretrained,TP,19/0022.png,306,1.122829556465149,0,0,1,1,1,0,0,0,1
19,pretrained,TP,19/0022.png,307,1.1745710372924805,0,0,1,1,1,0,0,0,1
19,pretrained,TP,19/0022.png,308,2.4598467350006104,0,0,1,1,1,0,0,0,1
19,pretrained,TP,19/0022.png,309,0.7601999640464783,0,0,1,1,1,0,0,0,1
19,pretrained,TP,19/0022.png,310,0.7191617488861084,0,0,1,1,1,0,0,0,1
19,pretrained,TP,19/0022.png,311,0.2690621018409729,0,0,1,1,1,0,0,0,1
19,pretrained,TP,19/0022.png,312,1.679775595664978,0,0,1,1,1,0,0,0,1
19,pretrained,TP,19/0022.png,313,0.462503582239151,0,0,1,1,1,0,0,0,1
19,pretrained,TP,19/0022.png,314,0.02767089195549488,0,0,1,1,1,0,0,0,1
19,pretrained,TP,19/0022.png,315,0.012940029613673687,0,0,1,1,1,0,0,0,1
19,pretrained,TP,19/0022.png,316,2.2185957431793213,0,0,1,1,1,0,0,0,1
19,pretrained,TP,19/0022.png,317,0.7268933653831482,0,0,1,1,1,0,0,0,1
19,pretrained,TP,19/0022.png,318,0.11459487676620483,0,0,1,1,1,0,0,0,1
19,pretrained,TP,19/0022.png,319,0.06387977302074432,0,0,1,1,1,0,0,0,1
19,pretrained,TP,19/0022.png,320,2.071882963180542,0,0,1,1,1,0,0,0,1
19,pretrained,TP,19/0022.png,321,0.1977822482585907,0,0,1,1,1,0,0,0,1
19,pretrained,TP,19/0022.png,322,0.142511785030365,0,0,1,1,1,0,0,0,1
19,pretrained,TP,19/0022.png,323,0.13215753436088562,0,0,1,1,1,0,0,0,1
19,pretrained,TP,19/0022.png,324,2.007216691970825,0,0,1,1,1,0,0,0,1
19,pretrained,TP,19/0022.png,325,0.6248095035552979,0,0,1,1,1,0,0,0,1
19,pretrained,TP,19/0022.png,326,0.025291379541158676,0,0,1,1,1,0,0,0,1
19,pretrained,TP,19/0022.png,327,1.628639578819275,0,0,1,1,1,0,0,0,1
19,pretrained,TP,19/0022.png,328,0.28677165508270264,0,0,1,1,1,0,0,0,1
19,pretrained,TP,19/0022.png,329,0.30532559752464294,0,0,1,1,1,0,0,0,1
19,pretrained,TP,19/0022.png,330,1.3231006860733032,0,0,1,1,1,0,0,0,1
19,pretrained,TP,19/0022.png,331,2.1463263034820557,0,0,1,1,1,0,0,0,1
19,pretrained,TP,19/0022.png,332,0.10067886114120483,0,0,1,1,1,0,0,0,1
19,pretrained,TP,19/0022.png,333,2.018401861190796,0,0,1,1,1,0,0,0,1
19,pretrained,TP,19/0022.png,334,0.35162925720214844,0,0,1,1,1,0,0,0,1
19,pretrained,TP,19/0022.png,335,1.2658705711364746,0,0,1,1,1,0,0,0,1
19,pretrained,TP,19/0022.png,336,1.121275544166565,0,0,1,1,1,0,0,0,1
19,pretrained,TP,19/0022.png,337,2.260469913482666,0,0,1,1,1,0,0,0,1
19,pretrained,TP,19/0022.png,338,0.464415967464447,0,0,1,1,1,0,0,0,1
19,pretrained,TP,19/0022.png,339,1.0629796981811523,0,0,1,1,1,0,0,0,1
19,pretrained,TP,19/0022.png,340,1.5798455476760864,0,0,1,1,1,0,0,0,1
19,pretrained,TP,19/0022.png,341,1.9905214309692383,0,0,1,1,1,0,0,0,1
19,pretrained,TP,19/0022.png,342,1.9031862020492554,0,0,1,1,1,0,0,0,1
19,pretrained,TP,19/0022.png,343,3.0206687450408936,0,0,1,1,1,0,0,0,1
19,pretrained,TP,19/0022.png,344,2.3390376567840576,0,0,1,1,1,0,0,0,1
19,pretrained,TP,19/0022.png,345,2.7008378505706787,0,0,1,1,1,0,0,0,1
19,pretrained,TP,19/0022.png,346,2.029688835144043,0,0,1,1,1,0,0,0,1
19,pretrained,TP,19/0022.png,347,2.5003206729888916,0,0,1,1,1,0,0,0,1
19,pretrained,TP,19/0022.png,348,0.010161139070987701,0,0,1,1,1,0,0,0,1
19,pretrained,TP,19/0022.png,349,0.06968209147453308,0,0,1,1,1,0,0,0,1
19,pretrained,TP,19/0022.png,350,0.07606271654367447,0,0,1,1,1,0,0,0,1
19,pretrained,TP,19/0022.png,351,1.4078887701034546,0,0,1,1,1,0,0,0,1
19,pretrained,TP,19/0022.png,352,1.4227993488311768,0,0,1,1,1,0,0,0,1
19,pretrained,TP,19/0022.png,353,0.0006741564138792455,0,0,1,1,1,0,0,0,1
19,pretrained,TP,19/0022.png,354,0.036785271018743515,0,0,1,1,1,0,0,0,1
19,pretrained,TP,19/0022.png,355,1.102690577507019,0,0,1,1,1,0,0,0,1
19,pretrained,TP,19/0022.png,356,1.3201725482940674,0,0,1,1,1,0,0,0,1
19,pretrained,TP,19/0022.png,357,2.4027578830718994,0,0,1,1,1,0,0,0,1
19,pretrained,TP,19/0022.png,358,0.76036536693573,0,0,1,1,1,0,0,0,1
19,pretrained,TP,19/0022.png,359,0.0,0,0,1,1,1,0,0,0,1
19,pretrained,TP,19/0022.png,360,0.7200198173522949,0,0,1,1,1,0,0,0,1
19,pretrained,TP,19/0022.png,361,1.264003872871399,0,0,1,1,1,0,0,0,1
19,pretrained,TP,19/0022.png,362,1.9465447664260864,0,0,1,1,1,0,0,0,1
19,pretrained,TP,19/0022.png,363,1.8151005506515503,0,0,1,1,1,0,0,0,1
19,pretrained,TP,19/0022.png,364,0.858561635017395,0,0,1,1,1,0,0,0,1
19,pretrained,TP,19/0022.png,365,1.895755410194397,0,0,1,1,1,0,0,0,1
19,pretrained,TP,19/0022.png,366,0.051008839160203934,0,0,1,1,1,0,0,0,1
19,pretrained,TP,19/0022.png,367,0.038900356739759445,0,0,1,1,1,0,0,0,1
19,pretrained,TP,19/0022.png,368,0.28899574279785156,0,0,1,1,1,0,0,0,1
19,pretrained,TP,19/0022.png,369,0.42216432094573975,0,0,1,1,1,0,0,0,1
19,pretrained,TP,19/0022.png,370,0.9851949214935303,0,0,1,1,1,0,0,0,1
19,pretrained,TP,19/0022.png,371,0.21620795130729675,0,0,1,1,1,0,0,0,1
19,pretrained,TP,19/0022.png,372,0.5598167181015015,0,0,1,1,1,0,0,0,1
19,pretrained,TP,19/0022.png,373,1.594894289970398,0,0,1,1,1,0,0,0,1
19,pretrained,TP,19/0022.png,374,0.640694797039032,0,0,1,1,1,0,0,0,1
19,pretrained,TP,19/0022.png,375,1.1717594861984253,0,0,1,1,1,0,0,0,1
19,pretrained,TP,19/0022.png,376,1.5871529579162598,0,0,1,1,1,0,0,0,1
19,pretrained,TP,19/0022.png,377,0.0005195649573579431,0,0,1,1,1,0,0,0,1
19,pretrained,TP,19/0022.png,378,0.2226019948720932,0,0,1,1,1,0,0,0,1
19,pretrained,TP,19/0022.png,379,1.519657850265503,0,0,1,1,1,0,0,0,1
19,pretrained,TP,19/0022.png,380,1.410205602645874,0,0,1,1,1,0,0,0,1
19,pretrained,TP,19/0022.png,381,1.0600230693817139,0,0,1,1,1,0,0,0,1
19,pretrained,TP,19/0022.png,382,1.923129916191101,0,0,1,1,1,0,0,0,1
19,pretrained,TP,19/0022.png,383,0.492052286863327,0,0,1,1,1,0,0,0,1
19,pretrained,TP,19/0022.png,384,0.09938601404428482,0,0,1,1,1,0,0,0,1
19,pretrained,TP,19/0022.png,385,2.0600335597991943,0,0,1,1,1,0,0,0,1
19,pretrained,TP,19/0022.png,386,1.8411667346954346,0,0,1,1,1,0,0,0,1
19,pretrained,TP,19/0022.png,387,2.8872876167297363,0,0,1,1,1,0,0,0,1
19,pretrained,TP,19/0022.png,388,0.8579575419425964,0,0,1,1,1,0,0,0,1
19,pretrained,TP,19/0022.png,389,2.316335439682007,0,0,1,1,1,0,0,0,1
19,pretrained,TP,19/0022.png,390,0.40013644099235535,0,0,1,1,1,0,0,0,1
19,pretrained,TP,19/0022.png,391,0.7868566513061523,0,0,1,1,1,0,0,0,1
19,pretrained,TP,19/0022.png,392,0.6908101439476013,0,0,1,1,1,0,0,0,1
19,pretrained,TP,19/0022.png,393,1.4110052585601807,0,0,1,1,1,0,0,0,1
19,pretrained,TP,19/0022.png,394,0.13164204359054565,0,0,1,1,1,0,0,0,1
19,pretrained,TP,19/0022.png,395,0.45133981108665466,0,0,1,1,1,0,0,0,1
19,pretrained,TP,19/0022.png,396,0.24791020154953003,0,0,1,1,1,0,0,0,1
19,pretrained,TP,19/0022.png,397,0.48624303936958313,0,0,1,1,1,0,0,0,1
19,pretrained,TP,19/0022.png,398,0.1203223317861557,0,0,1,1,1,0,0,0,1
19,pretrained,TP,19/0022.png,399,0.00483806012198329,0,0,1,1,1,0,0,0,1
19,pretrained,TP,19/0022.png,400,0.3478254973888397,0,0,1,1,1,0,0,0,1
19,pretrained,TP,19/0022.png,401,0.0,0,0,1,1,1,0,0,0,1
19,pretrained,TP,19/0022.png,402,0.08767236769199371,0,0,1,1,1,0,0,0,1
19,pretrained,TP,19/0022.png,403,0.3049335479736328,0,0,1,1,1,0,0,0,1
19,pretrained,TP,19/0022.png,404,2.074786901473999,0,0,1,1,1,0,0,0,1
19,pretrained,TP,19/0022.png,405,0.4981801509857178,0,0,1,1,1,0,0,0,1
19,pretrained,TP,19/0022.png,406,1.7946935892105103,0,0,1,1,1,0,0,0,1
19,pretrained,TP,19/0022.png,407,0.02144155278801918,0,0,1,1,1,0,0,0,1
19,pretrained,TP,19/0022.png,408,2.217970371246338,0,0,1,1,1,0,0,0,1
19,pretrained,TP,19/0022.png,409,2.080545425415039,0,0,1,1,1,0,0,0,1
19,pretrained,TP,19/0022.png,410,0.0012928040232509375,0,0,1,1,1,0,0,0,1
19,pretrained,TP,19/0022.png,411,0.1595434993505478,0,0,1,1,1,0,0,0,1
19,pretrained,TP,19/0022.png,412,2.4958229064941406,0,0,1,1,1,0,0,0,1
19,pretrained,TP,19/0022.png,413,0.11377909034490585,0,0,1,1,1,0,0,0,1
19,pretrained,TP,19/0022.png,414,1.2731451988220215,0,0,1,1,1,0,0,0,1
19,pretrained,TP,19/0022.png,415,1.4067716598510742,0,0,1,1,1,0,0,0,1
19,pretrained,TP,19/0022.png,416,0.359178751707077,0,0,1,1,1,0,0,0,1
19,pretrained,TP,19/0022.png,417,2.0210764408111572,0,0,1,1,1,0,0,0,1
19,pretrained,TP,19/0022.png,418,0.9870308637619019,0,0,1,1,1,0,0,0,1
19,pretrained,TP,19/0022.png,419,0.1743231862783432,0,0,1,1,1,0,0,0,1
19,pretrained,TP,19/0022.png,420,0.7931281328201294,0,0,1,1,1,0,0,0,1
19,pretrained,TP,19/0022.png,421,0.04977867379784584,0,0,1,1,1,0,0,0,1
19,pretrained,TP,19/0022.png,422,0.0667562484741211,0,0,1,1,1,0,0,0,1
19,pretrained,TP,19/0022.png,423,0.24358153343200684,0,0,1,1,1,0,0,0,1
19,pretrained,TP,19/0022.png,424,0.006848725024610758,0,0,1,1,1,0,0,0,1
19,pretrained,TP,19/0022.png,425,0.02957935258746147,0,0,1,1,1,0,0,0,1
19,pretrained,TP,19/0022.png,426,2.3133182525634766,0,0,1,1,1,0,0,0,1
19,pretrained,TP,19/0022.png,427,0.8958213329315186,0,0,1,1,1,0,0,0,1
19,pretrained,TP,19/0022.png,428,0.7563025951385498,0,0,1,1,1,0,0,0,1
19,pretrained,TP,19/0022.png,429,1.6405832767486572,0,0,1,1,1,0,0,0,1
19,pretrained,TP,19/0022.png,430,0.37486395239830017,0,0,1,1,1,0,0,0,1
19,pretrained,TP,19/0022.png,431,0.2224666029214859,0,0,1,1,1,0,0,0,1
19,pretrained,TP,19/0022.png,432,1.9266598224639893,0,0,1,1,1,0,0,0,1
19,pretrained,TP,19/0022.png,433,0.0,0,0,1,1,1,0,0,0,1
19,pretrained,TP,19/0022.png,434,1.241707682609558,0,0,1,1,1,0,0,0,1
19,pretrained,TP,19/0022.png,435,0.6870855093002319,0,0,1,1,1,0,0,0,1
19,pretrained,TP,19/0022.png,436,2.0903544425964355,0,0,1,1,1,0,0,0,1
19,pretrained,TP,19/0022.png,437,0.0762876570224762,0,0,1,1,1,0,0,0,1
19,pretrained,TP,19/0022.png,438,0.012432646006345749,0,0,1,1,1,0,0,0,1
19,pretrained,TP,19/0022.png,439,0.05548889935016632,0,0,1,1,1,0,0,0,1
19,pretrained,TP,19/0022.png,440,1.891567349433899,0,0,1,1,1,0,0,0,1
19,pretrained,TP,19/0022.png,441,0.5148035287857056,0,0,1,1,1,0,0,0,1
19,pretrained,TP,19/0022.png,442,0.0,0,0,1,1,1,0,0,0,1
19,pretrained,TP,19/0022.png,443,0.06630179286003113,0,0,1,1,1,0,0,0,1
19,pretrained,TP,19/0022.png,444,0.808239758014679,0,0,1,1,1,0,0,0,1
19,pretrained,TP,19/0022.png,445,0.23460352420806885,0,0,1,1,1,0,0,0,1
19,pretrained,TP,19/0022.png,446,1.598024845123291,0,0,1,1,1,0,0,0,1
19,pretrained,TP,19/0022.png,447,1.4871740341186523,0,0,1,1,1,0,0,0,1
19,pretrained,TP,19/0022.png,448,1.0769188404083252,0,0,1,1,1,0,0,0,1
19,pretrained,TP,19/0022.png,449,0.0,0,0,1,1,1,0,0,0,1
19,pretrained,TP,19/0022.png,450,2.0442302227020264,0,0,1,1,1,0,0,0,1
19,pretrained,TP,19/0022.png,451,0.14397037029266357,0,0,1,1,1,0,0,0,1
19,pretrained,TP,19/0022.png,452,1.0192755460739136,0,0,1,1,1,0,0,0,1
19,pretrained,TP,19/0022.png,453,0.6251090168952942,0,0,1,1,1,0,0,0,1
19,pretrained,TP,19/0022.png,454,0.32799646258354187,0,0,1,1,1,0,0,0,1
19,pretrained,TP,19/0022.png,455,0.4474511444568634,0,0,1,1,1,0,0,0,1
19,pretrained,TP,19/0022.png,456,0.15331123769283295,0,0,1,1,1,0,0,0,1
19,pretrained,TP,19/0022.png,457,2.62142014503479,0,0,1,1,1,0,0,0,1
19,pretrained,TP,19/0022.png,458,0.05791854485869408,0,0,1,1,1,0,0,0,1
19,pretrained,TP,19/0022.png,459,0.02008029632270336,0,0,1,1,1,0,0,0,1
19,pretrained,TP,19/0022.png,460,1.768911600112915,0,0,1,1,1,0,0,0,1
19,pretrained,TP,19/0022.png,461,0.4089072346687317,0,0,1,1,1,0,0,0,1
19,pretrained,TP,19/0022.png,462,0.30265599489212036,0,0,1,1,1,0,0,0,1
19,pretrained,TP,19/0022.png,463,0.5667054653167725,0,0,1,1,1,0,0,0,1
19,pretrained,TP,19/0022.png,464,2.712791681289673,0,0,1,1,1,0,0,0,1
19,pretrained,TP,19/0022.png,465,2.0994129180908203,0,0,1,1,1,0,0,0,1
19,pretrained,TP,19/0022.png,466,2.6886167526245117,0,0,1,1,1,0,0,0,1
19,pretrained,TP,19/0022.png,467,0.3517768383026123,0,0,1,1,1,0,0,0,1
19,pretrained,TP,19/0022.png,468,0.076424241065979,0,0,1,1,1,0,0,0,1
19,pretrained,TP,19/0022.png,469,0.22256597876548767,0,0,1,1,1,0,0,0,1
19,pretrained,TP,19/0022.png,470,0.118507981300354,0,0,1,1,1,0,0,0,1
19,pretrained,TP,19/0022.png,471,0.1624743640422821,0,0,1,1,1,0,0,0,1
19,pretrained,TP,19/0022.png,472,1.583708643913269,0,0,1,1,1,0,0,0,1
19,pretrained,TP,19/0022.png,473,0.05870407447218895,0,0,1,1,1,0,0,0,1
19,pretrained,TP,19/0022.png,474,0.2676233947277069,0,0,1,1,1,0,0,0,1
19,pretrained,TP,19/0022.png,475,0.3700161278247833,0,0,1,1,1,0,0,0,1
19,pretrained,TP,19/0022.png,476,1.4438470602035522,0,0,1,1,1,0,0,0,1
19,pretrained,TP,19/0022.png,477,0.052728865295648575,0,0,1,1,1,0,0,0,1
19,pretrained,TP,19/0022.png,478,1.967323660850525,0,0,1,1,1,0,0,0,1
19,pretrained,TP,19/0022.png,479,0.3368734121322632,0,0,1,1,1,0,0,0,1
19,pretrained,TP,19/0022.png,480,1.5668387413024902,0,0,1,1,1,0,0,0,1
19,pretrained,TP,19/0022.png,481,0.0036299668718129396,0,0,1,1,1,0,0,0,1
19,pretrained,TP,19/0022.png,482,0.6491888165473938,0,0,1,1,1,0,0,0,1
19,pretrained,TP,19/0022.png,483,2.1364219188690186,0,0,1,1,1,0,0,0,1
19,pretrained,TP,19/0022.png,484,2.5812039375305176,0,0,1,1,1,0,0,0,1
19,pretrained,TP,19/0022.png,485,1.1164087057113647,0,0,1,1,1,0,0,0,1
19,pretrained,TP,19/0022.png,486,2.419499635696411,0,0,1,1,1,0,0,0,1
19,pretrained,TP,19/0022.png,487,0.025673817843198776,0,0,1,1,1,0,0,0,1
19,pretrained,TP,19/0022.png,488,2.5701448917388916,0,0,1,1,1,0,0,0,1
19,pretrained,TP,19/0022.png,489,0.648020327091217,0,0,1,1,1,0,0,0,1
19,pretrained,TP,19/0022.png,490,0.35582342743873596,0,0,1,1,1,0,0,0,1
19,pretrained,TP,19/0022.png,491,0.9532743096351624,0,0,1,1,1,0,0,0,1
19,pretrained,TP,19/0022.png,492,0.3152613639831543,0,0,1,1,1,0,0,0,1
19,pretrained,TP,19/0022.png,493,0.6145272254943848,0,0,1,1,1,0,0,0,1
19,pretrained,TP,19/0022.png,494,0.21461938321590424,0,0,1,1,1,0,0,0,1
19,pretrained,TP,19/0022.png,495,0.0201222263276577,0,0,1,1,1,0,0,0,1
19,pretrained,TP,19/0022.png,496,0.43189942836761475,0,0,1,1,1,0,0,0,1
19,pretrained,TP,19/0022.png,497,0.19232764840126038,0,0,1,1,1,0,0,0,1
19,pretrained,TP,19/0022.png,498,0.0019593555480241776,0,0,1,1,1,0,0,0,1
19,pretrained,TP,19/0022.png,499,0.22504989802837372,0,0,1,1,1,0,0,0,1
19,pretrained,TP,19/0022.png,500,0.022041423246264458,0,0,1,1,1,0,0,0,1
19,pretrained,TP,19/0022.png,501,1.4607242345809937,0,0,1,1,1,0,0,0,1
19,pretrained,TP,19/0022.png,502,0.27127763628959656,0,0,1,1,1,0,0,0,1
19,pretrained,TP,19/0022.png,503,2.728569507598877,0,0,1,1,1,0,0,0,1
19,pretrained,TP,19/0022.png,504,1.6301599740982056,0,0,1,1,1,0,0,0,1
19,pretrained,TP,19/0022.png,505,1.153642177581787,0,0,1,1,1,0,0,0,1
19,pretrained,TP,19/0022.png,506,0.9291676878929138,0,0,1,1,1,0,0,0,1
19,pretrained,TP,19/0022.png,507,0.32251042127609253,0,0,1,1,1,0,0,0,1
19,pretrained,TP,19/0022.png,508,2.0622119903564453,0,0,1,1,1,0,0,0,1
19,pretrained,TP,19/0022.png,509,0.47492700815200806,0,0,1,1,1,0,0,0,1
19,pretrained,TP,19/0022.png,510,0.0,0,0,1,1,1,0,0,0,1
19,pretrained,TP,19/0022.png,511,1.146804690361023,0,0,1,1,1,0,0,0,1
19,pretrained,FP,19/0006.png,0,0.011288098059594631,0,0,1,1,0,0,0,0,1
19,pretrained,FP,19/0006.png,1,0.6549830436706543,0,0,1,1,0,0,0,0,1
19,pretrained,FP,19/0006.png,2,1.5946595668792725,0,0,1,1,0,0,0,0,1
19,pretrained,FP,19/0006.png,3,0.6056358218193054,0,0,1,1,0,0,0,0,1
19,pretrained,FP,19/0006.png,4,0.7902128100395203,0,0,1,1,0,0,0,0,1
19,pretrained,FP,19/0006.png,5,0.8159853219985962,0,0,1,1,0,0,0,0,1
19,pretrained,FP,19/0006.png,6,0.0,0,0,1,1,0,0,0,0,1
19,pretrained,FP,19/0006.png,7,0.5170347690582275,0,0,1,1,0,0,0,0,1
19,pretrained,FP,19/0006.png,8,0.6253243088722229,0,0,1,1,0,0,0,0,1
19,pretrained,FP,19/0006.png,9,1.0262374877929688,0,0,1,1,0,0,0,0,1
19,pretrained,FP,19/0006.png,10,0.7269427180290222,0,0,1,1,0,0,0,0,1
19,pretrained,FP,19/0006.png,11,0.4342360496520996,0,0,1,1,0,0,0,0,1
19,pretrained,FP,19/0006.png,12,0.24697832763195038,0,0,1,1,0,0,0,0,1
19,pretrained,FP,19/0006.png,13,1.1076734066009521,0,0,1,1,0,0,0,0,1
19,pretrained,FP,19/0006.png,14,0.9213815927505493,0,0,1,1,0,0,0,0,1
19,pretrained,FP,19/0006.png,15,1.495375633239746,0,0,1,1,0,0,0,0,1
19,pretrained,FP,19/0006.png,16,1.4059357643127441,0,0,1,1,0,0,0,0,1
19,pretrained,FP,19/0006.png,17,0.24610504508018494,0,0,1,1,0,0,0,0,1
19,pretrained,FP,19/0006.png,18,0.9038737416267395,0,0,1,1,0,0,0,0,1
19,pretrained,FP,19/0006.png,19,1.3772904872894287,0,0,1,1,0,0,0,0,1
19,pretrained,FP,19/0006.png,20,1.2359647750854492,0,0,1,1,0,0,0,0,1
19,pretrained,FP,19/0006.png,21,0.152924582362175,0,0,1,1,0,0,0,0,1
19,pretrained,FP,19/0006.png,22,1.3664830923080444,0,0,1,1,0,0,0,0,1
19,pretrained,FP,19/0006.png,23,0.9890305399894714,0,0,1,1,0,0,0,0,1
19,pretrained,FP,19/0006.png,24,1.6044976711273193,0,0,1,1,0,0,0,0,1
19,pretrained,FP,19/0006.png,25,0.9136865735054016,0,0,1,1,0,0,0,0,1
19,pretrained,FP,19/0006.png,26,0.4625605642795563,0,0,1,1,0,0,0,0,1
19,pretrained,FP,19/0006.png,27,0.37855252623558044,0,0,1,1,0,0,0,0,1
19,pretrained,FP,19/0006.png,28,0.4499559998512268,0,0,1,1,0,0,0,0,1
19,pretrained,FP,19/0006.png,29,1.7571425437927246,0,0,1,1,0,0,0,0,1
19,pretrained,FP,19/0006.png,30,0.46253103017807007,0,0,1,1,0,0,0,0,1
19,pretrained,FP,19/0006.png,31,0.020139485597610474,0,0,1,1,0,0,0,0,1
19,pretrained,FP,19/0006.png,32,0.38837432861328125,0,0,1,1,0,0,0,0,1
19,pretrained,FP,19/0006.png,33,0.06280066072940826,0,0,1,1,0,0,0,0,1
19,pretrained,FP,19/0006.png,34,2.0895609855651855,0,0,1,1,0,0,0,0,1
19,pretrained,FP,19/0006.png,35,0.9071006178855896,0,0,1,1,0,0,0,0,1
19,pretrained,FP,19/0006.png,36,0.5310029983520508,0,0,1,1,0,0,0,0,1
19,pretrained,FP,19/0006.png,37,1.9280349016189575,0,0,1,1,0,0,0,0,1
19,pretrained,FP,19/0006.png,38,1.040043830871582,0,0,1,1,0,0,0,0,1
19,pretrained,FP,19/0006.png,39,0.09537643939256668,0,0,1,1,0,0,0,0,1
19,pretrained,FP,19/0006.png,40,0.3022518455982208,0,0,1,1,0,0,0,0,1
19,pretrained,FP,19/0006.png,41,0.03850983455777168,0,0,1,1,0,0,0,0,1
19,pretrained,FP,19/0006.png,42,0.38413432240486145,0,0,1,1,0,0,0,0,1
19,pretrained,FP,19/0006.png,43,1.433944582939148,0,0,1,1,0,0,0,0,1
19,pretrained,FP,19/0006.png,44,1.5327647924423218,0,0,1,1,0,0,0,0,1
19,pretrained,FP,19/0006.png,45,0.5421512126922607,0,0,1,1,0,0,0,0,1
19,pretrained,FP,19/0006.png,46,1.4075801372528076,0,0,1,1,0,0,0,0,1
19,pretrained,FP,19/0006.png,47,1.3181911706924438,0,0,1,1,0,0,0,0,1
19,pretrained,FP,19/0006.png,48,1.5903518199920654,0,0,1,1,0,0,0,0,1
19,pretrained,FP,19/0006.png,49,1.7161754369735718,0,0,1,1,0,0,0,0,1
19,pretrained,FP,19/0006.png,50,0.8714843988418579,0,0,1,1,0,0,0,0,1
19,pretrained,FP,19/0006.png,51,0.0,0,0,1,1,0,0,0,0,1
19,pretrained,FP,19/0006.png,52,1.42218017578125,0,0,1,1,0,0,0,0,1
19,pretrained,FP,19/0006.png,53,1.3554868698120117,0,0,1,1,0,0,0,0,1
19,pretrained,FP,19/0006.png,54,0.4610758125782013,0,0,1,1,0,0,0,0,1
19,pretrained,FP,19/0006.png,55,0.6258139610290527,0,0,1,1,0,0,0,0,1
19,pretrained,FP,19/0006.png,56,0.400713175535202,0,0,1,1,0,0,0,0,1
19,pretrained,FP,19/0006.png,57,0.6435303092002869,0,0,1,1,0,0,0,0,1
19,pretrained,FP,19/0006.png,58,0.980261504650116,0,0,1,1,0,0,0,0,1
19,pretrained,FP,19/0006.png,59,0.7270172834396362,0,0,1,1,0,0,0,0,1
19,pretrained,FP,19/0006.png,60,0.6132272481918335,0,0,1,1,0,0,0,0,1
19,pretrained,FP,19/0006.png,61,1.4864288568496704,0,0,1,1,0,0,0,0,1
19,pretrained,FP,19/0006.png,62,0.5310860276222229,0,0,1,1,0,0,0,0,1
19,pretrained,FP,19/0006.png,63,0.038541216403245926,0,0,1,1,0,0,0,0,1
19,pretrained,FP,19/0006.png,64,0.9899656176567078,0,0,1,1,0,0,0,0,1
19,pretrained,FP,19/0006.png,65,0.1621793657541275,0,0,1,1,0,0,0,0,1
19,pretrained,FP,19/0006.png,66,1.0999878644943237,0,0,1,1,0,0,0,0,1
19,pretrained,FP,19/0006.png,67,0.07479695230722427,0,0,1,1,0,0,0,0,1
19,pretrained,FP,19/0006.png,68,0.017594287171959877,0,0,1,1,0,0,0,0,1
19,pretrained,FP,19/0006.png,69,0.6054419875144958,0,0,1,1,0,0,0,0,1
19,pretrained,FP,19/0006.png,70,0.20501242578029633,0,0,1,1,0,0,0,0,1
19,pretrained,FP,19/0006.png,71,0.7655584216117859,0,0,1,1,0,0,0,0,1
19,pretrained,FP,19/0006.png,72,0.3801364004611969,0,0,1,1,0,0,0,0,1
19,pretrained,FP,19/0006.png,73,0.1706780642271042,0,0,1,1,0,0,0,0,1
19,pretrained,FP,19/0006.png,74,0.11412688344717026,0,0,1,1,0,0,0,0,1
19,pretrained,FP,19/0006.png,75,0.18123850226402283,0,0,1,1,0,0,0,0,1
19,pretrained,FP,19/0006.png,76,0.5253946185112,0,0,1,1,0,0,0,0,1
19,pretrained,FP,19/0006.png,77,1.0407769680023193,0,0,1,1,0,0,0,0,1
19,pretrained,FP,19/0006.png,78,0.2729809284210205,0,0,1,1,0,0,0,0,1
19,pretrained,FP,19/0006.png,79,1.2254351377487183,0,0,1,1,0,0,0,0,1
19,pretrained,FP,19/0006.png,80,1.4043879508972168,0,0,1,1,0,0,0,0,1
19,pretrained,FP,19/0006.png,81,0.9887338876724243,0,0,1,1,0,0,0,0,1
19,pretrained,FP,19/0006.png,82,0.6876473426818848,0,0,1,1,0,0,0,0,1
19,pretrained,FP,19/0006.png,83,1.045236349105835,0,0,1,1,0,0,0,0,1
19,pretrained,FP,19/0006.png,84,0.214790940284729,0,0,1,1,0,0,0,0,1
19,pretrained,FP,19/0006.png,85,0.2153080552816391,0,0,1,1,0,0,0,0,1
19,pretrained,FP,19/0006.png,86,1.2797950506210327,0,0,1,1,0,0,0,0,1
19,pretrained,FP,19/0006.png,87,0.24970009922981262,0,0,1,1,0,0,0,0,1
19,pretrained,FP,19/0006.png,88,1.223789930343628,0,0,1,1,0,0,0,0,1
19,pretrained,FP,19/0006.png,89,0.39011111855506897,0,0,1,1,0,0,0,0,1
19,pretrained,FP,19/0006.png,90,0.6309269666671753,0,0,1,1,0,0,0,0,1
19,pretrained,FP,19/0006.png,91,0.2146434336900711,0,0,1,1,0,0,0,0,1
19,pretrained,FP,19/0006.png,92,1.6218806505203247,0,0,1,1,0,0,0,0,1
19,pretrained,FP,19/0006.png,93,0.9233742356300354,0,0,1,1,0,0,0,0,1
19,pretrained,FP,19/0006.png,94,1.3598740100860596,0,0,1,1,0,0,0,0,1
19,pretrained,FP,19/0006.png,95,0.2573050260543823,0,0,1,1,0,0,0,0,1
19,pretrained,FP,19/0006.png,96,1.60545814037323,0,0,1,1,0,0,0,0,1
19,pretrained,FP,19/0006.png,97,0.8248405456542969,0,0,1,1,0,0,0,0,1
19,pretrained,FP,19/0006.png,98,0.1728406846523285,0,0,1,1,0,0,0,0,1
19,pretrained,FP,19/0006.png,99,1.1827393770217896,0,0,1,1,0,0,0,0,1
19,pretrained,FP,19/0006.png,100,0.043935567140579224,0,0,1,1,0,0,0,0,1
19,pretrained,FP,19/0006.png,101,1.507176399230957,0,0,1,1,0,0,0,0,1
19,pretrained,FP,19/0006.png,102,0.009716615080833435,0,0,1,1,0,0,0,0,1
19,pretrained,FP,19/0006.png,103,0.9907017946243286,0,0,1,1,0,0,0,0,1
19,pretrained,FP,19/0006.png,104,0.6328331828117371,0,0,1,1,0,0,0,0,1
19,pretrained,FP,19/0006.png,105,0.363722562789917,0,0,1,1,0,0,0,0,1
19,pretrained,FP,19/0006.png,106,0.6575722694396973,0,0,1,1,0,0,0,0,1
19,pretrained,FP,19/0006.png,107,0.13870975375175476,0,0,1,1,0,0,0,0,1
19,pretrained,FP,19/0006.png,108,0.7606338858604431,0,0,1,1,0,0,0,0,1
19,pretrained,FP,19/0006.png,109,1.2645684480667114,0,0,1,1,0,0,0,0,1
19,pretrained,FP,19/0006.png,110,0.5982925891876221,0,0,1,1,0,0,0,0,1
19,pretrained,FP,19/0006.png,111,1.0105810165405273,0,0,1,1,0,0,0,0,1
19,pretrained,FP,19/0006.png,112,0.5594350695610046,0,0,1,1,0,0,0,0,1
19,pretrained,FP,19/0006.png,113,1.6277196407318115,0,0,1,1,0,0,0,0,1
19,pretrained,FP,19/0006.png,114,0.023314228281378746,0,0,1,1,0,0,0,0,1
19,pretrained,FP,19/0006.png,115,0.6574379801750183,0,0,1,1,0,0,0,0,1
19,pretrained,FP,19/0006.png,116,0.701637864112854,0,0,1,1,0,0,0,0,1
19,pretrained,FP,19/0006.png,117,1.872859239578247,0,0,1,1,0,0,0,0,1
19,pretrained,FP,19/0006.png,118,1.0702067613601685,0,0,1,1,0,0,0,0,1
19,pretrained,FP,19/0006.png,119,0.9211260676383972,0,0,1,1,0,0,0,0,1
19,pretrained,FP,19/0006.png,120,1.2463029623031616,0,0,1,1,0,0,0,0,1
19,pretrained,FP,19/0006.png,121,1.2122161388397217,0,0,1,1,0,0,0,0,1
19,pretrained,FP,19/0006.png,122,0.0029616691172122955,0,0,1,1,0,0,0,0,1
19,pretrained,FP,19/0006.png,123,0.8728297352790833,0,0,1,1,0,0,0,0,1
19,pretrained,FP,19/0006.png,124,0.07628772407770157,0,0,1,1,0,0,0,0,1
19,pretrained,FP,19/0006.png,125,0.1563558727502823,0,0,1,1,0,0,0,0,1
19,pretrained,FP,19/0006.png,126,0.4126218557357788,0,0,1,1,0,0,0,0,1
19,pretrained,FP,19/0006.png,127,0.14286720752716064,0,0,1,1,0,0,0,0,1
19,pretrained,FP,19/0006.png,128,1.2070591449737549,0,0,1,1,0,0,0,0,1
19,pretrained,FP,19/0006.png,129,0.46823054552078247,0,0,1,1,0,0,0,0,1
19,pretrained,FP,19/0006.png,130,0.5785977244377136,0,0,1,1,0,0,0,0,1
19,pretrained,FP,19/0006.png,131,0.038379330188035965,0,0,1,1,0,0,0,0,1
19,pretrained,FP,19/0006.png,132,0.2906262278556824,0,0,1,1,0,0,0,0,1
19,pretrained,FP,19/0006.png,133,0.5429461002349854,0,0,1,1,0,0,0,0,1
19,pretrained,FP,19/0006.png,134,0.6426644325256348,0,0,1,1,0,0,0,0,1
19,pretrained,FP,19/0006.png,135,0.3325997591018677,0,0,1,1,0,0,0,0,1
19,pretrained,FP,19/0006.png,136,1.1047070026397705,0,0,1,1,0,0,0,0,1
19,pretrained,FP,19/0006.png,137,0.7777752876281738,0,0,1,1,0,0,0,0,1
19,pretrained,FP,19/0006.png,138,0.43761563301086426,0,0,1,1,0,0,0,0,1
19,pretrained,FP,19/0006.png,139,0.7196820378303528,0,0,1,1,0,0,0,0,1
19,pretrained,FP,19/0006.png,140,0.17613621056079865,0,0,1,1,0,0,0,0,1
19,pretrained,FP,19/0006.png,141,0.22976495325565338,0,0,1,1,0,0,0,0,1
19,pretrained,FP,19/0006.png,142,1.59178626537323,0,0,1,1,0,0,0,0,1
19,pretrained,FP,19/0006.png,143,1.8571604490280151,0,0,1,1,0,0,0,0,1
19,pretrained,FP,19/0006.png,144,0.5802951455116272,0,0,1,1,0,0,0,0,1
19,pretrained,FP,19/0006.png,145,0.06891755759716034,0,0,1,1,0,0,0,0,1
19,pretrained,FP,19/0006.png,146,0.7679668068885803,0,0,1,1,0,0,0,0,1
19,pretrained,FP,19/0006.png,147,0.31333842873573303,0,0,1,1,0,0,0,0,1
19,pretrained,FP,19/0006.png,148,0.1672254353761673,0,0,1,1,0,0,0,0,1
19,pretrained,FP,19/0006.png,149,0.8942833542823792,0,0,1,1,0,0,0,0,1
19,pretrained,FP,19/0006.png,150,0.18290765583515167,0,0,1,1,0,0,0,0,1
19,pretrained,FP,19/0006.png,151,0.8087581992149353,0,0,1,1,0,0,0,0,1
19,pretrained,FP,19/0006.png,152,0.32234206795692444,0,0,1,1,0,0,0,0,1
19,pretrained,FP,19/0006.png,153,0.8178646564483643,0,0,1,1,0,0,0,0,1
19,pretrained,FP,19/0006.png,154,1.4294023513793945,0,0,1,1,0,0,0,0,1
19,pretrained,FP,19/0006.png,155,0.8297500610351562,0,0,1,1,0,0,0,0,1
19,pretrained,FP,19/0006.png,156,0.01074497401714325,0,0,1,1,0,0,0,0,1
19,pretrained,FP,19/0006.png,157,0.3374882638454437,0,0,1,1,0,0,0,0,1
19,pretrained,FP,19/0006.png,158,1.2872862815856934,0,0,1,1,0,0,0,0,1
19,pretrained,FP,19/0006.png,159,0.6180518865585327,0,0,1,1,0,0,0,0,1
19,pretrained,FP,19/0006.png,160,0.4707069396972656,0,0,1,1,0,0,0,0,1
19,pretrained,FP,19/0006.png,161,0.7820080518722534,0,0,1,1,0,0,0,0,1
19,pretrained,FP,19/0006.png,162,0.1744343489408493,0,0,1,1,0,0,0,0,1
19,pretrained,FP,19/0006.png,163,0.9904053211212158,0,0,1,1,0,0,0,0,1
19,pretrained,FP,19/0006.png,164,0.591565728187561,0,0,1,1,0,0,0,0,1
19,pretrained,FP,19/0006.png,165,0.890703558921814,0,0,1,1,0,0,0,0,1
19,pretrained,FP,19/0006.png,166,0.8215884566307068,0,0,1,1,0,0,0,0,1
19,pretrained,FP,19/0006.png,167,0.8099856376647949,0,0,1,1,0,0,0,0,1
19,pretrained,FP,19/0006.png,168,0.6929154396057129,0,0,1,1,0,0,0,0,1
19,pretrained,FP,19/0006.png,169,1.1993792057037354,0,0,1,1,0,0,0,0,1
19,pretrained,FP,19/0006.png,170,0.0018032575026154518,0,0,1,1,0,0,0,0,1
19,pretrained,FP,19/0006.png,171,0.4416474997997284,0,0,1,1,0,0,0,0,1
19,pretrained,FP,19/0006.png,172,1.5164226293563843,0,0,1,1,0,0,0,0,1
19,pretrained,FP,19/0006.png,173,0.6130579113960266,0,0,1,1,0,0,0,0,1
19,pretrained,FP,19/0006.png,174,0.014978316612541676,0,0,1,1,0,0,0,0,1
19,pretrained,FP,19/0006.png,175,0.8943681716918945,0,0,1,1,0,0,0,0,1
19,pretrained,FP,19/0006.png,176,0.6081574559211731,0,0,1,1,0,0,0,0,1
19,pretrained,FP,19/0006.png,177,0.581214189529419,0,0,1,1,0,0,0,0,1
19,pretrained,FP,19/0006.png,178,1.0021228790283203,0,0,1,1,0,0,0,0,1
19,pretrained,FP,19/0006.png,179,0.09623892605304718,0,0,1,1,0,0,0,0,1
19,pretrained,FP,19/0006.png,180,1.6657079458236694,0,0,1,1,0,0,0,0,1
19,pretrained,FP,19/0006.png,181,1.2228387594223022,0,0,1,1,0,0,0,0,1
19,pretrained,FP,19/0006.png,182,0.5026748180389404,0,0,1,1,0,0,0,0,1
19,pretrained,FP,19/0006.png,183,0.620099663734436,0,0,1,1,0,0,0,0,1
19,pretrained,FP,19/0006.png,184,0.13064731657505035,0,0,1,1,0,0,0,0,1
19,pretrained,FP,19/0006.png,185,0.6899299025535583,0,0,1,1,0,0,0,0,1
19,pretrained,FP,19/0006.png,186,0.03086632676422596,0,0,1,1,0,0,0,0,1
19,pretrained,FP,19/0006.png,187,0.2287675440311432,0,0,1,1,0,0,0,0,1
19,pretrained,FP,19/0006.png,188,0.06436500698328018,0,0,1,1,0,0,0,0,1
19,pretrained,FP,19/0006.png,189,0.369722843170166,0,0,1,1,0,0,0,0,1
19,pretrained,FP,19/0006.png,190,0.8313870429992676,0,0,1,1,0,0,0,0,1
19,pretrained,FP,19/0006.png,191,1.0167899131774902,0,0,1,1,0,0,0,0,1
19,pretrained,FP,19/0006.png,192,1.0545450448989868,0,0,1,1,0,0,0,0,1
19,pretrained,FP,19/0006.png,193,0.5191415548324585,0,0,1,1,0,0,0,0,1
19,pretrained,FP,19/0006.png,194,0.448501855134964,0,0,1,1,0,0,0,0,1
19,pretrained,FP,19/0006.png,195,0.5496922135353088,0,0,1,1,0,0,0,0,1
19,pretrained,FP,19/0006.png,196,0.7878832817077637,0,0,1,1,0,0,0,0,1
19,pretrained,FP,19/0006.png,197,1.277728796005249,0,0,1,1,0,0,0,0,1
19,pretrained,FP,19/0006.png,198,0.8237081170082092,0,0,1,1,0,0,0,0,1
19,pretrained,FP,19/0006.png,199,1.033803105354309,0,0,1,1,0,0,0,0,1
19,pretrained,FP,19/0006.png,200,0.5123695731163025,0,0,1,1,0,0,0,0,1
19,pretrained,FP,19/0006.png,201,0.39513322710990906,0,0,1,1,0,0,0,0,1
19,pretrained,FP,19/0006.png,202,0.561406135559082,0,0,1,1,0,0,0,0,1
19,pretrained,FP,19/0006.png,203,0.4296993017196655,0,0,1,1,0,0,0,0,1
19,pretrained,FP,19/0006.png,204,0.9061843156814575,0,0,1,1,0,0,0,0,1
19,pretrained,FP,19/0006.png,205,1.5675609111785889,0,0,1,1,0,0,0,0,1
19,pretrained,FP,19/0006.png,206,0.052248094230890274,0,0,1,1,0,0,0,0,1
19,pretrained,FP,19/0006.png,207,1.0685213804244995,0,0,1,1,0,0,0,0,1
19,pretrained,FP,19/0006.png,208,0.41182661056518555,0,0,1,1,0,0,0,0,1
19,pretrained,FP,19/0006.png,209,1.2013734579086304,0,0,1,1,0,0,0,0,1
19,pretrained,FP,19/0006.png,210,0.48462650179862976,0,0,1,1,0,0,0,0,1
19,pretrained,FP,19/0006.png,211,0.9606717228889465,0,0,1,1,0,0,0,0,1
19,pretrained,FP,19/0006.png,212,0.8032003045082092,0,0,1,1,0,0,0,0,1
19,pretrained,FP,19/0006.png,213,0.9835222959518433,0,0,1,1,0,0,0,0,1
19,pretrained,FP,19/0006.png,214,0.01827589049935341,0,0,1,1,0,0,0,0,1
19,pretrained,FP,19/0006.png,215,1.2618550062179565,0,0,1,1,0,0,0,0,1
19,pretrained,FP,19/0006.png,216,0.19801075756549835,0,0,1,1,0,0,0,0,1
19,pretrained,FP,19/0006.png,217,0.16866625845432281,0,0,1,1,0,0,0,0,1
19,pretrained,FP,19/0006.png,218,0.47777724266052246,0,0,1,1,0,0,0,0,1
19,pretrained,FP,19/0006.png,219,0.302967369556427,0,0,1,1,0,0,0,0,1
19,pretrained,FP,19/0006.png,220,0.871980607509613,0,0,1,1,0,0,0,0,1
19,pretrained,FP,19/0006.png,221,0.19695086777210236,0,0,1,1,0,0,0,0,1
19,pretrained,FP,19/0006.png,222,0.198086217045784,0,0,1,1,0,0,0,0,1
19,pretrained,FP,19/0006.png,223,0.2599852383136749,0,0,1,1,0,0,0,0,1
19,pretrained,FP,19/0006.png,224,1.2626667022705078,0,0,1,1,0,0,0,0,1
19,pretrained,FP,19/0006.png,225,0.7143552899360657,0,0,1,1,0,0,0,0,1
19,pretrained,FP,19/0006.png,226,1.5005184412002563,0,0,1,1,0,0,0,0,1
19,pretrained,FP,19/0006.png,227,0.5732626914978027,0,0,1,1,0,0,0,0,1
19,pretrained,FP,19/0006.png,228,1.2087243795394897,0,0,1,1,0,0,0,0,1
19,pretrained,FP,19/0006.png,229,0.3960721790790558,0,0,1,1,0,0,0,0,1
19,pretrained,FP,19/0006.png,230,1.1849761009216309,0,0,1,1,0,0,0,0,1
19,pretrained,FP,19/0006.png,231,0.3901574909687042,0,0,1,1,0,0,0,0,1
19,pretrained,FP,19/0006.png,232,1.1493077278137207,0,0,1,1,0,0,0,0,1
19,pretrained,FP,19/0006.png,233,2.156402349472046,0,0,1,1,0,0,0,0,1
19,pretrained,FP,19/0006.png,234,0.2938196659088135,0,0,1,1,0,0,0,0,1
19,pretrained,FP,19/0006.png,235,1.6420549154281616,0,0,1,1,0,0,0,0,1
19,pretrained,FP,19/0006.png,236,0.6420472264289856,0,0,1,1,0,0,0,0,1
19,pretrained,FP,19/0006.png,237,0.9780077338218689,0,0,1,1,0,0,0,0,1
19,pretrained,FP,19/0006.png,238,0.06998463720083237,0,0,1,1,0,0,0,0,1
19,pretrained,FP,19/0006.png,239,0.3389500081539154,0,0,1,1,0,0,0,0,1
19,pretrained,FP,19/0006.png,240,0.07671836763620377,0,0,1,1,0,0,0,0,1
19,pretrained,FP,19/0006.png,241,0.009831354022026062,0,0,1,1,0,0,0,0,1
19,pretrained,FP,19/0006.png,242,0.7479891180992126,0,0,1,1,0,0,0,0,1
19,pretrained,FP,19/0006.png,243,0.420047789812088,0,0,1,1,0,0,0,0,1
19,pretrained,FP,19/0006.png,244,1.4557013511657715,0,0,1,1,0,0,0,0,1
19,pretrained,FP,19/0006.png,245,0.8824915885925293,0,0,1,1,0,0,0,0,1
19,pretrained,FP,19/0006.png,246,1.1483139991760254,0,0,1,1,0,0,0,0,1
19,pretrained,FP,19/0006.png,247,0.5809804797172546,0,0,1,1,0,0,0,0,1
19,pretrained,FP,19/0006.png,248,0.006732806097716093,0,0,1,1,0,0,0,0,1
19,pretrained,FP,19/0006.png,249,0.5704793930053711,0,0,1,1,0,0,0,0,1
19,pretrained,FP,19/0006.png,250,1.8399169445037842,0,0,1,1,0,0,0,0,1
19,pretrained,FP,19/0006.png,251,1.3807759284973145,0,0,1,1,0,0,0,0,1
19,pretrained,FP,19/0006.png,252,0.5696492195129395,0,0,1,1,0,0,0,0,1
19,pretrained,FP,19/0006.png,253,0.7844935059547424,0,0,1,1,0,0,0,0,1
19,pretrained,FP,19/0006.png,254,0.33498460054397583,0,0,1,1,0,0,0,0,1
19,pretrained,FP,19/0006.png,255,0.3666163384914398,0,0,1,1,0,0,0,0,1
19,pretrained,FP,19/0006.png,256,0.5126601457595825,0,0,1,1,0,0,0,0,1
19,pretrained,FP,19/0006.png,257,1.3571048974990845,0,0,1,1,0,0,0,0,1
19,pretrained,FP,19/0006.png,258,0.7495815753936768,0,0,1,1,0,0,0,0,1
19,pretrained,FP,19/0006.png,259,1.1478351354599,0,0,1,1,0,0,0,0,1
19,pretrained,FP,19/0006.png,260,1.106361746788025,0,0,1,1,0,0,0,0,1
19,pretrained,FP,19/0006.png,261,0.43684789538383484,0,0,1,1,0,0,0,0,1
19,pretrained,FP,19/0006.png,262,0.40327566862106323,0,0,1,1,0,0,0,0,1
19,pretrained,FP,19/0006.png,263,0.6068282723426819,0,0,1,1,0,0,0,0,1
19,pretrained,FP,19/0006.png,264,0.8496724963188171,0,0,1,1,0,0,0,0,1
19,pretrained,FP,19/0006.png,265,0.42505404353141785,0,0,1,1,0,0,0,0,1
19,pretrained,FP,19/0006.png,266,0.6700701117515564,0,0,1,1,0,0,0,0,1
19,pretrained,FP,19/0006.png,267,0.5542502999305725,0,0,1,1,0,0,0,0,1
19,pretrained,FP,19/0006.png,268,0.3274805545806885,0,0,1,1,0,0,0,0,1
19,pretrained,FP,19/0006.png,269,1.5427097082138062,0,0,1,1,0,0,0,0,1
19,pretrained,FP,19/0006.png,270,0.6427386403083801,0,0,1,1,0,0,0,0,1
19,pretrained,FP,19/0006.png,271,0.25011736154556274,0,0,1,1,0,0,0,0,1
19,pretrained,FP,19/0006.png,272,1.4503377676010132,0,0,1,1,0,0,0,0,1
19,pretrained,FP,19/0006.png,273,0.029360763728618622,0,0,1,1,0,0,0,0,1
19,pretrained,FP,19/0006.png,274,0.17808562517166138,0,0,1,1,0,0,0,0,1
19,pretrained,FP,19/0006.png,275,0.39498791098594666,0,0,1,1,0,0,0,0,1
19,pretrained,FP,19/0006.png,276,0.7611252069473267,0,0,1,1,0,0,0,0,1
19,pretrained,FP,19/0006.png,277,0.1975955367088318,0,0,1,1,0,0,0,0,1
19,pretrained,FP,19/0006.png,278,1.2106044292449951,0,0,1,1,0,0,0,0,1
19,pretrained,FP,19/0006.png,279,0.5218047499656677,0,0,1,1,0,0,0,0,1
19,pretrained,FP,19/0006.png,280,0.6822662353515625,0,0,1,1,0,0,0,0,1
19,pretrained,FP,19/0006.png,281,0.4415562152862549,0,0,1,1,0,0,0,0,1
19,pretrained,FP,19/0006.png,282,1.2239691019058228,0,0,1,1,0,0,0,0,1
19,pretrained,FP,19/0006.png,283,0.8407992720603943,0,0,1,1,0,0,0,0,1
19,pretrained,FP,19/0006.png,284,1.3620436191558838,0,0,1,1,0,0,0,0,1
19,pretrained,FP,19/0006.png,285,0.7491691708564758,0,0,1,1,0,0,0,0,1
19,pretrained,FP,19/0006.png,286,0.27923983335494995,0,0,1,1,0,0,0,0,1
19,pretrained,FP,19/0006.png,287,1.4447678327560425,0,0,1,1,0,0,0,0,1
19,pretrained,FP,19/0006.png,288,0.18858540058135986,0,0,1,1,0,0,0,0,1
19,pretrained,FP,19/0006.png,289,0.0916341245174408,0,0,1,1,0,0,0,0,1
19,pretrained,FP,19/0006.png,290,0.9544998407363892,0,0,1,1,0,0,0,0,1
19,pretrained,FP,19/0006.png,291,0.37476539611816406,0,0,1,1,0,0,0,0,1
19,pretrained,FP,19/0006.png,292,0.06425199657678604,0,0,1,1,0,0,0,0,1
19,pretrained,FP,19/0006.png,293,0.16828684508800507,0,0,1,1,0,0,0,0,1
19,pretrained,FP,19/0006.png,294,1.2949293851852417,0,0,1,1,0,0,0,0,1
19,pretrained,FP,19/0006.png,295,0.09357545524835587,0,0,1,1,0,0,0,0,1
19,pretrained,FP,19/0006.png,296,0.6160246729850769,0,0,1,1,0,0,0,0,1
19,pretrained,FP,19/0006.png,297,0.7018452286720276,0,0,1,1,0,0,0,0,1
19,pretrained,FP,19/0006.png,298,0.9805368781089783,0,0,1,1,0,0,0,0,1
19,pretrained,FP,19/0006.png,299,0.8819261789321899,0,0,1,1,0,0,0,0,1
19,pretrained,FP,19/0006.png,300,0.6607701778411865,0,0,1,1,0,0,0,0,1
19,pretrained,FP,19/0006.png,301,0.4019615352153778,0,0,1,1,0,0,0,0,1
19,pretrained,FP,19/0006.png,302,0.3977040648460388,0,0,1,1,0,0,0,0,1
19,pretrained,FP,19/0006.png,303,0.9892146587371826,0,0,1,1,0,0,0,0,1
19,pretrained,FP,19/0006.png,304,2.218222141265869,0,0,1,1,0,0,0,0,1
19,pretrained,FP,19/0006.png,305,0.4338191747665405,0,0,1,1,0,0,0,0,1
19,pretrained,FP,19/0006.png,306,0.6518937945365906,0,0,1,1,0,0,0,0,1
19,pretrained,FP,19/0006.png,307,0.4135544002056122,0,0,1,1,0,0,0,0,1
19,pretrained,FP,19/0006.png,308,1.892784595489502,0,0,1,1,0,0,0,0,1
19,pretrained,FP,19/0006.png,309,0.7727259397506714,0,0,1,1,0,0,0,0,1
19,pretrained,FP,19/0006.png,310,0.8730607032775879,0,0,1,1,0,0,0,0,1
19,pretrained,FP,19/0006.png,311,0.6249094605445862,0,0,1,1,0,0,0,0,1
19,pretrained,FP,19/0006.png,312,1.8883657455444336,0,0,1,1,0,0,0,0,1
19,pretrained,FP,19/0006.png,313,0.48504841327667236,0,0,1,1,0,0,0,0,1
19,pretrained,FP,19/0006.png,314,0.04637480154633522,0,0,1,1,0,0,0,0,1
19,pretrained,FP,19/0006.png,315,0.632836103439331,0,0,1,1,0,0,0,0,1
19,pretrained,FP,19/0006.png,316,1.428228735923767,0,0,1,1,0,0,0,0,1
19,pretrained,FP,19/0006.png,317,0.6785627603530884,0,0,1,1,0,0,0,0,1
19,pretrained,FP,19/0006.png,318,0.0635848268866539,0,0,1,1,0,0,0,0,1
19,pretrained,FP,19/0006.png,319,0.4645680785179138,0,0,1,1,0,0,0,0,1
19,pretrained,FP,19/0006.png,320,0.4880082905292511,0,0,1,1,0,0,0,0,1
19,pretrained,FP,19/0006.png,321,0.6129560470581055,0,0,1,1,0,0,0,0,1
19,pretrained,FP,19/0006.png,322,0.7323573231697083,0,0,1,1,0,0,0,0,1
19,pretrained,FP,19/0006.png,323,0.40542688965797424,0,0,1,1,0,0,0,0,1
19,pretrained,FP,19/0006.png,324,0.5708311200141907,0,0,1,1,0,0,0,0,1
19,pretrained,FP,19/0006.png,325,0.6277633309364319,0,0,1,1,0,0,0,0,1
19,pretrained,FP,19/0006.png,326,0.8257524967193604,0,0,1,1,0,0,0,0,1
19,pretrained,FP,19/0006.png,327,1.1369444131851196,0,0,1,1,0,0,0,0,1
19,pretrained,FP,19/0006.png,328,0.5354012250900269,0,0,1,1,0,0,0,0,1
19,pretrained,FP,19/0006.png,329,0.33364638686180115,0,0,1,1,0,0,0,0,1
19,pretrained,FP,19/0006.png,330,1.2463186979293823,0,0,1,1,0,0,0,0,1
19,pretrained,FP,19/0006.png,331,1.5000665187835693,0,0,1,1,0,0,0,0,1
19,pretrained,FP,19/0006.png,332,0.24619489908218384,0,0,1,1,0,0,0,0,1
19,pretrained,FP,19/0006.png,333,1.1745141744613647,0,0,1,1,0,0,0,0,1
19,pretrained,FP,19/0006.png,334,0.8346574902534485,0,0,1,1,0,0,0,0,1
19,pretrained,FP,19/0006.png,335,0.6886345744132996,0,0,1,1,0,0,0,0,1
19,pretrained,FP,19/0006.png,336,0.9793711304664612,0,0,1,1,0,0,0,0,1
19,pretrained,FP,19/0006.png,337,1.3972139358520508,0,0,1,1,0,0,0,0,1
19,pretrained,FP,19/0006.png,338,0.31627988815307617,0,0,1,1,0,0,0,0,1
19,pretrained,FP,19/0006.png,339,0.33846133947372437,0,0,1,1,0,0,0,0,1
19,pretrained,FP,19/0006.png,340,1.8717713356018066,0,0,1,1,0,0,0,0,1
19,pretrained,FP,19/0006.png,341,1.2802320718765259,0,0,1,1,0,0,0,0,1
19,pretrained,FP,19/0006.png,342,0.9219779372215271,0,0,1,1,0,0,0,0,1
19,pretrained,FP,19/0006.png,343,2.215261220932007,0,0,1,1,0,0,0,0,1
19,pretrained,FP,19/0006.png,344,0.6835311055183411,0,0,1,1,0,0,0,0,1
19,pretrained,FP,19/0006.png,345,2.088630437850952,0,0,1,1,0,0,0,0,1
19,pretrained,FP,19/0006.png,346,0.950506865978241,0,0,1,1,0,0,0,0,1
19,pretrained,FP,19/0006.png,347,1.2954415082931519,0,0,1,1,0,0,0,0,1
19,pretrained,FP,19/0006.png,348,0.5307821035385132,0,0,1,1,0,0,0,0,1
19,pretrained,FP,19/0006.png,349,0.41239333152770996,0,0,1,1,0,0,0,0,1
19,pretrained,FP,19/0006.png,350,0.034938301891088486,0,0,1,1,0,0,0,0,1
19,pretrained,FP,19/0006.png,351,0.8630214333534241,0,0,1,1,0,0,0,0,1
19,pretrained,FP,19/0006.png,352,0.8773612976074219,0,0,1,1,0,0,0,0,1
19,pretrained,FP,19/0006.png,353,0.20331935584545135,0,0,1,1,0,0,0,0,1
19,pretrained,FP,19/0006.png,354,0.005601322744041681,0,0,1,1,0,0,0,0,1
19,pretrained,FP,19/0006.png,355,1.1745694875717163,0,0,1,1,0,0,0,0,1
19,pretrained,FP,19/0006.png,356,0.6758206486701965,0,0,1,1,0,0,0,0,1
19,pretrained,FP,19/0006.png,357,0.9323391318321228,0,0,1,1,0,0,0,0,1
19,pretrained,FP,19/0006.png,358,0.1627732515335083,0,0,1,1,0,0,0,0,1
19,pretrained,FP,19/0006.png,359,0.37545761466026306,0,0,1,1,0,0,0,0,1
19,pretrained,FP,19/0006.png,360,0.602739155292511,0,0,1,1,0,0,0,0,1
19,pretrained,FP,19/0006.png,361,0.9180967211723328,0,0,1,1,0,0,0,0,1
19,pretrained,FP,19/0006.png,362,0.4359775185585022,0,0,1,1,0,0,0,0,1
19,pretrained,FP,19/0006.png,363,0.5661472678184509,0,0,1,1,0,0,0,0,1
19,pretrained,FP,19/0006.png,364,0.9113695621490479,0,0,1,1,0,0,0,0,1
19,pretrained,FP,19/0006.png,365,0.9796015024185181,0,0,1,1,0,0,0,0,1
19,pretrained,FP,19/0006.png,366,0.0,0,0,1,1,0,0,0,0,1
19,pretrained,FP,19/0006.png,367,0.034720391035079956,0,0,1,1,0,0,0,0,1
19,pretrained,FP,19/0006.png,368,0.4865057170391083,0,0,1,1,0,0,0,0,1
19,pretrained,FP,19/0006.png,369,0.6757553815841675,0,0,1,1,0,0,0,0,1
19,pretrained,FP,19/0006.png,370,0.04807684198021889,0,0,1,1,0,0,0,0,1
19,pretrained,FP,19/0006.png,371,0.3534206449985504,0,0,1,1,0,0,0,0,1
19,pretrained,FP,19/0006.png,372,0.7714641094207764,0,0,1,1,0,0,0,0,1
19,pretrained,FP,19/0006.png,373,0.5652341246604919,0,0,1,1,0,0,0,0,1
19,pretrained,FP,19/0006.png,374,1.0175254344940186,0,0,1,1,0,0,0,0,1
19,pretrained,FP,19/0006.png,375,1.1487585306167603,0,0,1,1,0,0,0,0,1
19,pretrained,FP,19/0006.png,376,0.883270800113678,0,0,1,1,0,0,0,0,1
19,pretrained,FP,19/0006.png,377,0.09249276667833328,0,0,1,1,0,0,0,0,1
19,pretrained,FP,19/0006.png,378,0.29357388615608215,0,0,1,1,0,0,0,0,1
19,pretrained,FP,19/0006.png,379,0.7037155032157898,0,0,1,1,0,0,0,0,1
19,pretrained,FP,19/0006.png,380,1.345420002937317,0,0,1,1,0,0,0,0,1
19,pretrained,FP,19/0006.png,381,0.5809822678565979,0,0,1,1,0,0,0,0,1
19,pretrained,FP,19/0006.png,382,0.8391614556312561,0,0,1,1,0,0,0,0,1
19,pretrained,FP,19/0006.png,383,0.3821866512298584,0,0,1,1,0,0,0,0,1
19,pretrained,FP,19/0006.png,384,0.7575299739837646,0,0,1,1,0,0,0,0,1
19,pretrained,FP,19/0006.png,385,1.1071193218231201,0,0,1,1,0,0,0,0,1
19,pretrained,FP,19/0006.png,386,0.9704276323318481,0,0,1,1,0,0,0,0,1
19,pretrained,FP,19/0006.png,387,2.6029980182647705,0,0,1,1,0,0,0,0,1
19,pretrained,FP,19/0006.png,388,0.06049974262714386,0,0,1,1,0,0,0,0,1
19,pretrained,FP,19/0006.png,389,1.1965422630310059,0,0,1,1,0,0,0,0,1
19,pretrained,FP,19/0006.png,390,0.6716011762619019,0,0,1,1,0,0,0,0,1
19,pretrained,FP,19/0006.png,391,0.3763459622859955,0,0,1,1,0,0,0,0,1
19,pretrained,FP,19/0006.png,392,1.2479184865951538,0,0,1,1,0,0,0,0,1
19,pretrained,FP,19/0006.png,393,0.8073368668556213,0,0,1,1,0,0,0,0,1
19,pretrained,FP,19/0006.png,394,0.18320180475711823,0,0,1,1,0,0,0,0,1
19,pretrained,FP,19/0006.png,395,0.48546114563941956,0,0,1,1,0,0,0,0,1
19,pretrained,FP,19/0006.png,396,0.6710423231124878,0,0,1,1,0,0,0,0,1
19,pretrained,FP,19/0006.png,397,0.49245768785476685,0,0,1,1,0,0,0,0,1
19,pretrained,FP,19/0006.png,398,0.0,0,0,1,1,0,0,0,0,1
19,pretrained,FP,19/0006.png,399,0.09512820839881897,0,0,1,1,0,0,0,0,1
19,pretrained,FP,19/0006.png,400,0.5362667441368103,0,0,1,1,0,0,0,0,1
19,pretrained,FP,19/0006.png,401,0.0013972102897241712,0,0,1,1,0,0,0,0,1
19,pretrained,FP,19/0006.png,402,0.3535040616989136,0,0,1,1,0,0,0,0,1
19,pretrained,FP,19/0006.png,403,0.11418787389993668,0,0,1,1,0,0,0,0,1
19,pretrained,FP,19/0006.png,404,1.2739683389663696,0,0,1,1,0,0,0,0,1
19,pretrained,FP,19/0006.png,405,0.5907582640647888,0,0,1,1,0,0,0,0,1
19,pretrained,FP,19/0006.png,406,0.43873661756515503,0,0,1,1,0,0,0,0,1
19,pretrained,FP,19/0006.png,407,0.042398884892463684,0,0,1,1,0,0,0,0,1
19,pretrained,FP,19/0006.png,408,2.0074105262756348,0,0,1,1,0,0,0,0,1
19,pretrained,FP,19/0006.png,409,0.8926066756248474,0,0,1,1,0,0,0,0,1
19,pretrained,FP,19/0006.png,410,0.11908124387264252,0,0,1,1,0,0,0,0,1
19,pretrained,FP,19/0006.png,411,0.006910605821758509,0,0,1,1,0,0,0,0,1
19,pretrained,FP,19/0006.png,412,1.3530939817428589,0,0,1,1,0,0,0,0,1
19,pretrained,FP,19/0006.png,413,0.20931410789489746,0,0,1,1,0,0,0,0,1
19,pretrained,FP,19/0006.png,414,1.4577877521514893,0,0,1,1,0,0,0,0,1
19,pretrained,FP,19/0006.png,415,0.674250602722168,0,0,1,1,0,0,0,0,1
19,pretrained,FP,19/0006.png,416,0.5036165118217468,0,0,1,1,0,0,0,0,1
19,pretrained,FP,19/0006.png,417,1.2989510297775269,0,0,1,1,0,0,0,0,1
19,pretrained,FP,19/0006.png,418,0.6268959045410156,0,0,1,1,0,0,0,0,1
19,pretrained,FP,19/0006.png,419,0.20938892662525177,0,0,1,1,0,0,0,0,1
19,pretrained,FP,19/0006.png,420,1.2142964601516724,0,0,1,1,0,0,0,0,1
19,pretrained,FP,19/0006.png,421,0.06188003718852997,0,0,1,1,0,0,0,0,1
19,pretrained,FP,19/0006.png,422,0.569439172744751,0,0,1,1,0,0,0,0,1
19,pretrained,FP,19/0006.png,423,0.840559720993042,0,0,1,1,0,0,0,0,1
19,pretrained,FP,19/0006.png,424,0.2486620992422104,0,0,1,1,0,0,0,0,1
19,pretrained,FP,19/0006.png,425,0.9122893810272217,0,0,1,1,0,0,0,0,1
19,pretrained,FP,19/0006.png,426,1.3537416458129883,0,0,1,1,0,0,0,0,1
19,pretrained,FP,19/0006.png,427,0.9377006888389587,0,0,1,1,0,0,0,0,1
19,pretrained,FP,19/0006.png,428,0.9365822672843933,0,0,1,1,0,0,0,0,1
19,pretrained,FP,19/0006.png,429,0.984851598739624,0,0,1,1,0,0,0,0,1
19,pretrained,FP,19/0006.png,430,0.6179592609405518,0,0,1,1,0,0,0,0,1
19,pretrained,FP,19/0006.png,431,0.40534353256225586,0,0,1,1,0,0,0,0,1
19,pretrained,FP,19/0006.png,432,0.6745036244392395,0,0,1,1,0,0,0,0,1
19,pretrained,FP,19/0006.png,433,0.1390334516763687,0,0,1,1,0,0,0,0,1
19,pretrained,FP,19/0006.png,434,0.43753480911254883,0,0,1,1,0,0,0,0,1
19,pretrained,FP,19/0006.png,435,0.7954497337341309,0,0,1,1,0,0,0,0,1
19,pretrained,FP,19/0006.png,436,0.7992920279502869,0,0,1,1,0,0,0,0,1
19,pretrained,FP,19/0006.png,437,0.21189382672309875,0,0,1,1,0,0,0,0,1
19,pretrained,FP,19/0006.png,438,0.39445701241493225,0,0,1,1,0,0,0,0,1
19,pretrained,FP,19/0006.png,439,0.2353687882423401,0,0,1,1,0,0,0,0,1
19,pretrained,FP,19/0006.png,440,1.9849721193313599,0,0,1,1,0,0,0,0,1
19,pretrained,FP,19/0006.png,441,0.0023419258650392294,0,0,1,1,0,0,0,0,1
19,pretrained,FP,19/0006.png,442,0.2448216676712036,0,0,1,1,0,0,0,0,1
19,pretrained,FP,19/0006.png,443,0.4284088611602783,0,0,1,1,0,0,0,0,1
19,pretrained,FP,19/0006.png,444,0.8316258192062378,0,0,1,1,0,0,0,0,1
19,pretrained,FP,19/0006.png,445,0.8465570211410522,0,0,1,1,0,0,0,0,1
19,pretrained,FP,19/0006.png,446,1.1606003046035767,0,0,1,1,0,0,0,0,1
19,pretrained,FP,19/0006.png,447,1.042875051498413,0,0,1,1,0,0,0,0,1
19,pretrained,FP,19/0006.png,448,0.2218339890241623,0,0,1,1,0,0,0,0,1
19,pretrained,FP,19/0006.png,449,0.0,0,0,1,1,0,0,0,0,1
19,pretrained,FP,19/0006.png,450,0.5180761218070984,0,0,1,1,0,0,0,0,1
19,pretrained,FP,19/0006.png,451,0.18177205324172974,0,0,1,1,0,0,0,0,1
19,pretrained,FP,19/0006.png,452,0.9578728675842285,0,0,1,1,0,0,0,0,1
19,pretrained,FP,19/0006.png,453,0.5994584560394287,0,0,1,1,0,0,0,0,1
19,pretrained,FP,19/0006.png,454,0.2982892096042633,0,0,1,1,0,0,0,0,1
19,pretrained,FP,19/0006.png,455,0.8335853815078735,0,0,1,1,0,0,0,0,1
19,pretrained,FP,19/0006.png,456,0.7433545589447021,0,0,1,1,0,0,0,0,1
19,pretrained,FP,19/0006.png,457,0.6137263774871826,0,0,1,1,0,0,0,0,1
19,pretrained,FP,19/0006.png,458,0.27229827642440796,0,0,1,1,0,0,0,0,1
19,pretrained,FP,19/0006.png,459,0.04121679067611694,0,0,1,1,0,0,0,0,1
19,pretrained,FP,19/0006.png,460,1.1216202974319458,0,0,1,1,0,0,0,0,1
19,pretrained,FP,19/0006.png,461,0.22023895382881165,0,0,1,1,0,0,0,0,1
19,pretrained,FP,19/0006.png,462,0.511744499206543,0,0,1,1,0,0,0,0,1
19,pretrained,FP,19/0006.png,463,0.5955328941345215,0,0,1,1,0,0,0,0,1
19,pretrained,FP,19/0006.png,464,2.594965696334839,0,0,1,1,0,0,0,0,1
19,pretrained,FP,19/0006.png,465,1.3653947114944458,0,0,1,1,0,0,0,0,1
19,pretrained,FP,19/0006.png,466,0.6124297380447388,0,0,1,1,0,0,0,0,1
19,pretrained,FP,19/0006.png,467,0.3947058618068695,0,0,1,1,0,0,0,0,1
19,pretrained,FP,19/0006.png,468,0.46138155460357666,0,0,1,1,0,0,0,0,1
19,pretrained,FP,19/0006.png,469,0.5999444127082825,0,0,1,1,0,0,0,0,1
19,pretrained,FP,19/0006.png,470,0.005481945816427469,0,0,1,1,0,0,0,0,1
19,pretrained,FP,19/0006.png,471,0.13050952553749084,0,0,1,1,0,0,0,0,1
19,pretrained,FP,19/0006.png,472,1.0419275760650635,0,0,1,1,0,0,0,0,1
19,pretrained,FP,19/0006.png,473,0.17374421656131744,0,0,1,1,0,0,0,0,1
19,pretrained,FP,19/0006.png,474,0.41801702976226807,0,0,1,1,0,0,0,0,1
19,pretrained,FP,19/0006.png,475,0.18507638573646545,0,0,1,1,0,0,0,0,1
19,pretrained,FP,19/0006.png,476,1.3418550491333008,0,0,1,1,0,0,0,0,1
19,pretrained,FP,19/0006.png,477,0.3217431902885437,0,0,1,1,0,0,0,0,1
19,pretrained,FP,19/0006.png,478,1.5270951986312866,0,0,1,1,0,0,0,0,1
19,pretrained,FP,19/0006.png,479,0.8082988262176514,0,0,1,1,0,0,0,0,1
19,pretrained,FP,19/0006.png,480,0.8732492327690125,0,0,1,1,0,0,0,0,1
19,pretrained,FP,19/0006.png,481,0.20988845825195312,0,0,1,1,0,0,0,0,1
19,pretrained,FP,19/0006.png,482,0.6374746561050415,0,0,1,1,0,0,0,0,1
19,pretrained,FP,19/0006.png,483,1.5632253885269165,0,0,1,1,0,0,0,0,1
19,pretrained,FP,19/0006.png,484,1.062840223312378,0,0,1,1,0,0,0,0,1
19,pretrained,FP,19/0006.png,485,0.15740473568439484,0,0,1,1,0,0,0,0,1
19,pretrained,FP,19/0006.png,486,1.449546456336975,0,0,1,1,0,0,0,0,1
19,pretrained,FP,19/0006.png,487,0.061305221170186996,0,0,1,1,0,0,0,0,1
19,pretrained,FP,19/0006.png,488,1.3166751861572266,0,0,1,1,0,0,0,0,1
19,pretrained,FP,19/0006.png,489,0.01032909844070673,0,0,1,1,0,0,0,0,1
19,pretrained,FP,19/0006.png,490,0.031082985922694206,0,0,1,1,0,0,0,0,1
19,pretrained,FP,19/0006.png,491,1.0046576261520386,0,0,1,1,0,0,0,0,1
19,pretrained,FP,19/0006.png,492,0.3835858702659607,0,0,1,1,0,0,0,0,1
19,pretrained,FP,19/0006.png,493,0.09243011474609375,0,0,1,1,0,0,0,0,1
19,pretrained,FP,19/0006.png,494,0.275873601436615,0,0,1,1,0,0,0,0,1
19,pretrained,FP,19/0006.png,495,0.10077736526727676,0,0,1,1,0,0,0,0,1
19,pretrained,FP,19/0006.png,496,0.6819908022880554,0,0,1,1,0,0,0,0,1
19,pretrained,FP,19/0006.png,497,0.13948912918567657,0,0,1,1,0,0,0,0,1
19,pretrained,FP,19/0006.png,498,0.27325937151908875,0,0,1,1,0,0,0,0,1
19,pretrained,FP,19/0006.png,499,0.19772174954414368,0,0,1,1,0,0,0,0,1
19,pretrained,FP,19/0006.png,500,0.0,0,0,1,1,0,0,0,0,1
19,pretrained,FP,19/0006.png,501,0.93602454662323,0,0,1,1,0,0,0,0,1
19,pretrained,FP,19/0006.png,502,0.27238237857818604,0,0,1,1,0,0,0,0,1
19,pretrained,FP,19/0006.png,503,1.2416234016418457,0,0,1,1,0,0,0,0,1
19,pretrained,FP,19/0006.png,504,1.0381696224212646,0,0,1,1,0,0,0,0,1
19,pretrained,FP,19/0006.png,505,1.2541487216949463,0,0,1,1,0,0,0,0,1
19,pretrained,FP,19/0006.png,506,0.7918111085891724,0,0,1,1,0,0,0,0,1
19,pretrained,FP,19/0006.png,507,0.8885375261306763,0,0,1,1,0,0,0,0,1
19,pretrained,FP,19/0006.png,508,1.27783203125,0,0,1,1,0,0,0,0,1
19,pretrained,FP,19/0006.png,509,0.4947715997695923,0,0,1,1,0,0,0,0,1
19,pretrained,FP,19/0006.png,510,0.24545659124851227,0,0,1,1,0,0,0,0,1
19,pretrained,FP,19/0006.png,511,1.0854158401489258,0,0,1,1,0,0,0,0,1
19,pretrained,TN,19/0017.png,0,1.8074045181274414,0,0,1,0,0,1,1,1,0
19,pretrained,TN,19/0017.png,1,0.7905242443084717,0,0,1,0,0,1,1,1,0
19,pretrained,TN,19/0017.png,2,0.7715773582458496,0,0,1,0,0,1,1,1,0
19,pretrained,TN,19/0017.png,3,1.075131893157959,0,0,1,0,0,1,1,1,0
19,pretrained,TN,19/0017.png,4,0.8403767943382263,0,0,1,0,0,1,1,1,0
19,pretrained,TN,19/0017.png,5,1.9555983543395996,0,0,1,0,0,1,1,1,0
19,pretrained,TN,19/0017.png,6,0.5632960796356201,0,0,1,0,0,1,1,1,0
19,pretrained,TN,19/0017.png,7,1.6995556354522705,0,0,1,0,0,1,1,1,0
19,pretrained,TN,19/0017.png,8,0.23570220172405243,0,0,1,0,0,1,1,1,0
19,pretrained,TN,19/0017.png,9,2.404357671737671,0,0,1,0,0,1,1,1,0
19,pretrained,TN,19/0017.png,10,1.1120851039886475,0,0,1,0,0,1,1,1,0
19,pretrained,TN,19/0017.png,11,1.1796642541885376,0,0,1,0,0,1,1,1,0
19,pretrained,TN,19/0017.png,12,1.8398137092590332,0,0,1,0,0,1,1,1,0
19,pretrained,TN,19/0017.png,13,1.1581709384918213,0,0,1,0,0,1,1,1,0
19,pretrained,TN,19/0017.png,14,0.7010043263435364,0,0,1,0,0,1,1,1,0
19,pretrained,TN,19/0017.png,15,1.0349619388580322,0,0,1,0,0,1,1,1,0
19,pretrained,TN,19/0017.png,16,0.08929852396249771,0,0,1,0,0,1,1,1,0
19,pretrained,TN,19/0017.png,17,3.085895538330078,0,0,1,0,0,1,1,1,0
19,pretrained,TN,19/0017.png,18,1.345219612121582,0,0,1,0,0,1,1,1,0
19,pretrained,TN,19/0017.png,19,1.0812114477157593,0,0,1,0,0,1,1,1,0
19,pretrained,TN,19/0017.png,20,2.227851390838623,0,0,1,0,0,1,1,1,0
19,pretrained,TN,19/0017.png,21,2.2054080963134766,0,0,1,0,0,1,1,1,0
19,pretrained,TN,19/0017.png,22,0.8156163692474365,0,0,1,0,0,1,1,1,0
19,pretrained,TN,19/0017.png,23,0.7025355696678162,0,0,1,0,0,1,1,1,0
19,pretrained,TN,19/0017.png,24,0.29153943061828613,0,0,1,0,0,1,1,1,0
19,pretrained,TN,19/0017.png,25,0.5873234868049622,0,0,1,0,0,1,1,1,0
19,pretrained,TN,19/0017.png,26,1.9191879034042358,0,0,1,0,0,1,1,1,0
19,pretrained,TN,19/0017.png,27,1.0626728534698486,0,0,1,0,0,1,1,1,0
19,pretrained,TN,19/0017.png,28,0.07268193364143372,0,0,1,0,0,1,1,1,0
19,pretrained,TN,19/0017.png,29,2.9680721759796143,0,0,1,0,0,1,1,1,0
19,pretrained,TN,19/0017.png,30,2.190915822982788,0,0,1,0,0,1,1,1,0
19,pretrained,TN,19/0017.png,31,1.2747300863265991,0,0,1,0,0,1,1,1,0
19,pretrained,TN,19/0017.png,32,2.34879469871521,0,0,1,0,0,1,1,1,0
19,pretrained,TN,19/0017.png,33,1.1160727739334106,0,0,1,0,0,1,1,1,0
19,pretrained,TN,19/0017.png,34,0.6413407325744629,0,0,1,0,0,1,1,1,0
19,pretrained,TN,19/0017.png,35,1.2802743911743164,0,0,1,0,0,1,1,1,0
19,pretrained,TN,19/0017.png,36,0.5559372901916504,0,0,1,0,0,1,1,1,0
19,pretrained,TN,19/0017.png,37,0.458504855632782,0,0,1,0,0,1,1,1,0
19,pretrained,TN,19/0017.png,38,0.22086238861083984,0,0,1,0,0,1,1,1,0
19,pretrained,TN,19/0017.png,39,0.8782561421394348,0,0,1,0,0,1,1,1,0
19,pretrained,TN,19/0017.png,40,0.9855806827545166,0,0,1,0,0,1,1,1,0
19,pretrained,TN,19/0017.png,41,0.7421540021896362,0,0,1,0,0,1,1,1,0
19,pretrained,TN,19/0017.png,42,0.9201868772506714,0,0,1,0,0,1,1,1,0
19,pretrained,TN,19/0017.png,43,0.9941266179084778,0,0,1,0,0,1,1,1,0
19,pretrained,TN,19/0017.png,44,1.3141697645187378,0,0,1,0,0,1,1,1,0
19,pretrained,TN,19/0017.png,45,0.38465744256973267,0,0,1,0,0,1,1,1,0
19,pretrained,TN,19/0017.png,46,0.3996688723564148,0,0,1,0,0,1,1,1,0
19,pretrained,TN,19/0017.png,47,0.8082096576690674,0,0,1,0,0,1,1,1,0
19,pretrained,TN,19/0017.png,48,1.225297451019287,0,0,1,0,0,1,1,1,0
19,pretrained,TN,19/0017.png,49,1.1210824251174927,0,0,1,0,0,1,1,1,0
19,pretrained,TN,19/0017.png,50,1.4767405986785889,0,0,1,0,0,1,1,1,0
19,pretrained,TN,19/0017.png,51,1.9022220373153687,0,0,1,0,0,1,1,1,0
19,pretrained,TN,19/0017.png,52,0.792222797870636,0,0,1,0,0,1,1,1,0
19,pretrained,TN,19/0017.png,53,0.7466463446617126,0,0,1,0,0,1,1,1,0
19,pretrained,TN,19/0017.png,54,2.408031940460205,0,0,1,0,0,1,1,1,0
19,pretrained,TN,19/0017.png,55,3.9663479328155518,0,0,1,0,0,1,1,1,0
19,pretrained,TN,19/0017.png,56,0.33468136191368103,0,0,1,0,0,1,1,1,0
19,pretrained,TN,19/0017.png,57,3.049468994140625,0,0,1,0,0,1,1,1,0
19,pretrained,TN,19/0017.png,58,1.293726921081543,0,0,1,0,0,1,1,1,0
19,pretrained,TN,19/0017.png,59,0.24431931972503662,0,0,1,0,0,1,1,1,0
19,pretrained,TN,19/0017.png,60,0.12024348229169846,0,0,1,0,0,1,1,1,0
19,pretrained,TN,19/0017.png,61,3.085655927658081,0,0,1,0,0,1,1,1,0
19,pretrained,TN,19/0017.png,62,0.960157573223114,0,0,1,0,0,1,1,1,0
19,pretrained,TN,19/0017.png,63,2.839456081390381,0,0,1,0,0,1,1,1,0
19,pretrained,TN,19/0017.png,64,0.6364515423774719,0,0,1,0,0,1,1,1,0
19,pretrained,TN,19/0017.png,65,1.5571659803390503,0,0,1,0,0,1,1,1,0
19,pretrained,TN,19/0017.png,66,0.5005630850791931,0,0,1,0,0,1,1,1,0
19,pretrained,TN,19/0017.png,67,2.1857378482818604,0,0,1,0,0,1,1,1,0
19,pretrained,TN,19/0017.png,68,0.008365733548998833,0,0,1,0,0,1,1,1,0
19,pretrained,TN,19/0017.png,69,0.9025176167488098,0,0,1,0,0,1,1,1,0
19,pretrained,TN,19/0017.png,70,2.6605427265167236,0,0,1,0,0,1,1,1,0
19,pretrained,TN,19/0017.png,71,0.727832555770874,0,0,1,0,0,1,1,1,0
19,pretrained,TN,19/0017.png,72,1.9223687648773193,0,0,1,0,0,1,1,1,0
19,pretrained,TN,19/0017.png,73,3.9888298511505127,0,0,1,0,0,1,1,1,0
19,pretrained,TN,19/0017.png,74,0.37758776545524597,0,0,1,0,0,1,1,1,0
19,pretrained,TN,19/0017.png,75,0.0961940735578537,0,0,1,0,0,1,1,1,0
19,pretrained,TN,19/0017.png,76,1.7927160263061523,0,0,1,0,0,1,1,1,0
19,pretrained,TN,19/0017.png,77,1.5593221187591553,0,0,1,0,0,1,1,1,0
19,pretrained,TN,19/0017.png,78,0.06754989176988602,0,0,1,0,0,1,1,1,0
19,pretrained,TN,19/0017.png,79,0.23494409024715424,0,0,1,0,0,1,1,1,0
19,pretrained,TN,19/0017.png,80,0.22176501154899597,0,0,1,0,0,1,1,1,0
19,pretrained,TN,19/0017.png,81,2.1056365966796875,0,0,1,0,0,1,1,1,0
19,pretrained,TN,19/0017.png,82,1.4183582067489624,0,0,1,0,0,1,1,1,0
19,pretrained,TN,19/0017.png,83,1.5163244009017944,0,0,1,0,0,1,1,1,0
19,pretrained,TN,19/0017.png,84,2.517587184906006,0,0,1,0,0,1,1,1,0
19,pretrained,TN,19/0017.png,85,1.9896148443222046,0,0,1,0,0,1,1,1,0
19,pretrained,TN,19/0017.png,86,0.6066916584968567,0,0,1,0,0,1,1,1,0
19,pretrained,TN,19/0017.png,87,1.6551446914672852,0,0,1,0,0,1,1,1,0
19,pretrained,TN,19/0017.png,88,0.5958767533302307,0,0,1,0,0,1,1,1,0
19,pretrained,TN,19/0017.png,89,3.006920099258423,0,0,1,0,0,1,1,1,0
19,pretrained,TN,19/0017.png,90,0.11748524010181427,0,0,1,0,0,1,1,1,0
19,pretrained,TN,19/0017.png,91,0.5355194211006165,0,0,1,0,0,1,1,1,0
19,pretrained,TN,19/0017.png,92,1.3845036029815674,0,0,1,0,0,1,1,1,0
19,pretrained,TN,19/0017.png,93,1.5319314002990723,0,0,1,0,0,1,1,1,0
19,pretrained,TN,19/0017.png,94,0.9481526017189026,0,0,1,0,0,1,1,1,0
19,pretrained,TN,19/0017.png,95,1.0926626920700073,0,0,1,0,0,1,1,1,0
19,pretrained,TN,19/0017.png,96,0.8344818949699402,0,0,1,0,0,1,1,1,0
19,pretrained,TN,19/0017.png,97,0.5166887044906616,0,0,1,0,0,1,1,1,0
19,pretrained,TN,19/0017.png,98,0.6773117780685425,0,0,1,0,0,1,1,1,0
19,pretrained,TN,19/0017.png,99,1.207841157913208,0,0,1,0,0,1,1,1,0
19,pretrained,TN,19/0017.png,100,0.9021697044372559,0,0,1,0,0,1,1,1,0
19,pretrained,TN,19/0017.png,101,0.4235919117927551,0,0,1,0,0,1,1,1,0
19,pretrained,TN,19/0017.png,102,4.623323917388916,0,0,1,0,0,1,1,1,0
19,pretrained,TN,19/0017.png,103,0.8990406394004822,0,0,1,0,0,1,1,1,0
19,pretrained,TN,19/0017.png,104,1.0780831575393677,0,0,1,0,0,1,1,1,0
19,pretrained,TN,19/0017.png,105,0.714900016784668,0,0,1,0,0,1,1,1,0
19,pretrained,TN,19/0017.png,106,1.4238897562026978,0,0,1,0,0,1,1,1,0
19,pretrained,TN,19/0017.png,107,2.144812822341919,0,0,1,0,0,1,1,1,0
19,pretrained,TN,19/0017.png,108,0.21357417106628418,0,0,1,0,0,1,1,1,0
19,pretrained,TN,19/0017.png,109,1.6176321506500244,0,0,1,0,0,1,1,1,0
19,pretrained,TN,19/0017.png,110,1.256122350692749,0,0,1,0,0,1,1,1,0
19,pretrained,TN,19/0017.png,111,0.7757835984230042,0,0,1,0,0,1,1,1,0
19,pretrained,TN,19/0017.png,112,3.466050386428833,0,0,1,0,0,1,1,1,0
19,pretrained,TN,19/0017.png,113,1.1675119400024414,0,0,1,0,0,1,1,1,0
19,pretrained,TN,19/0017.png,114,0.25184178352355957,0,0,1,0,0,1,1,1,0
19,pretrained,TN,19/0017.png,115,1.1674158573150635,0,0,1,0,0,1,1,1,0
19,pretrained,TN,19/0017.png,116,0.7792006731033325,0,0,1,0,0,1,1,1,0
19,pretrained,TN,19/0017.png,117,0.9521126747131348,0,0,1,0,0,1,1,1,0
19,pretrained,TN,19/0017.png,118,1.1314401626586914,0,0,1,0,0,1,1,1,0
19,pretrained,TN,19/0017.png,119,0.45201894640922546,0,0,1,0,0,1,1,1,0
19,pretrained,TN,19/0017.png,120,1.6582187414169312,0,0,1,0,0,1,1,1,0
19,pretrained,TN,19/0017.png,121,0.2310638427734375,0,0,1,0,0,1,1,1,0
19,pretrained,TN,19/0017.png,122,0.21722419559955597,0,0,1,0,0,1,1,1,0
19,pretrained,TN,19/0017.png,123,1.0669211149215698,0,0,1,0,0,1,1,1,0
19,pretrained,TN,19/0017.png,124,2.0785388946533203,0,0,1,0,0,1,1,1,0
19,pretrained,TN,19/0017.png,125,1.9100403785705566,0,0,1,0,0,1,1,1,0
19,pretrained,TN,19/0017.png,126,1.943238377571106,0,0,1,0,0,1,1,1,0
19,pretrained,TN,19/0017.png,127,0.48306772112846375,0,0,1,0,0,1,1,1,0
19,pretrained,TN,19/0017.png,128,0.5764070749282837,0,0,1,0,0,1,1,1,0
19,pretrained,TN,19/0017.png,129,2.392299175262451,0,0,1,0,0,1,1,1,0
19,pretrained,TN,19/0017.png,130,2.1931536197662354,0,0,1,0,0,1,1,1,0
19,pretrained,TN,19/0017.png,131,2.190798282623291,0,0,1,0,0,1,1,1,0
19,pretrained,TN,19/0017.png,132,1.5790536403656006,0,0,1,0,0,1,1,1,0
19,pretrained,TN,19/0017.png,133,2.5271096229553223,0,0,1,0,0,1,1,1,0
19,pretrained,TN,19/0017.png,134,2.738610029220581,0,0,1,0,0,1,1,1,0
19,pretrained,TN,19/0017.png,135,1.55633544921875,0,0,1,0,0,1,1,1,0
19,pretrained,TN,19/0017.png,136,0.29199835658073425,0,0,1,0,0,1,1,1,0
19,pretrained,TN,19/0017.png,137,1.8805360794067383,0,0,1,0,0,1,1,1,0
19,pretrained,TN,19/0017.png,138,0.7458294630050659,0,0,1,0,0,1,1,1,0
19,pretrained,TN,19/0017.png,139,2.0305755138397217,0,0,1,0,0,1,1,1,0
19,pretrained,TN,19/0017.png,140,2.3474764823913574,0,0,1,0,0,1,1,1,0
19,pretrained,TN,19/0017.png,141,0.25721266865730286,0,0,1,0,0,1,1,1,0
19,pretrained,TN,19/0017.png,142,2.0865657329559326,0,0,1,0,0,1,1,1,0
19,pretrained,TN,19/0017.png,143,1.382920265197754,0,0,1,0,0,1,1,1,0
19,pretrained,TN,19/0017.png,144,0.9782562255859375,0,0,1,0,0,1,1,1,0
19,pretrained,TN,19/0017.png,145,1.285423755645752,0,0,1,0,0,1,1,1,0
19,pretrained,TN,19/0017.png,146,1.9935153722763062,0,0,1,0,0,1,1,1,0
19,pretrained,TN,19/0017.png,147,1.2092283964157104,0,0,1,0,0,1,1,1,0
19,pretrained,TN,19/0017.png,148,0.6936258673667908,0,0,1,0,0,1,1,1,0
19,pretrained,TN,19/0017.png,149,1.5027995109558105,0,0,1,0,0,1,1,1,0
19,pretrained,TN,19/0017.png,150,0.41845402121543884,0,0,1,0,0,1,1,1,0
19,pretrained,TN,19/0017.png,151,0.25445494055747986,0,0,1,0,0,1,1,1,0
19,pretrained,TN,19/0017.png,152,0.5770075917243958,0,0,1,0,0,1,1,1,0
19,pretrained,TN,19/0017.png,153,1.5774800777435303,0,0,1,0,0,1,1,1,0
19,pretrained,TN,19/0017.png,154,1.016873836517334,0,0,1,0,0,1,1,1,0
19,pretrained,TN,19/0017.png,155,1.4521976709365845,0,0,1,0,0,1,1,1,0
19,pretrained,TN,19/0017.png,156,0.9494829177856445,0,0,1,0,0,1,1,1,0
19,pretrained,TN,19/0017.png,157,0.1850801557302475,0,0,1,0,0,1,1,1,0
19,pretrained,TN,19/0017.png,158,0.1931488811969757,0,0,1,0,0,1,1,1,0
19,pretrained,TN,19/0017.png,159,0.5361393094062805,0,0,1,0,0,1,1,1,0
19,pretrained,TN,19/0017.png,160,2.498840570449829,0,0,1,0,0,1,1,1,0
19,pretrained,TN,19/0017.png,161,1.2941664457321167,0,0,1,0,0,1,1,1,0
19,pretrained,TN,19/0017.png,162,0.5215986371040344,0,0,1,0,0,1,1,1,0
19,pretrained,TN,19/0017.png,163,2.5874297618865967,0,0,1,0,0,1,1,1,0
19,pretrained,TN,19/0017.png,164,2.0162625312805176,0,0,1,0,0,1,1,1,0
19,pretrained,TN,19/0017.png,165,0.09330283105373383,0,0,1,0,0,1,1,1,0
19,pretrained,TN,19/0017.png,166,2.259181499481201,0,0,1,0,0,1,1,1,0
19,pretrained,TN,19/0017.png,167,0.12356434017419815,0,0,1,0,0,1,1,1,0
19,pretrained,TN,19/0017.png,168,0.23596246540546417,0,0,1,0,0,1,1,1,0
19,pretrained,TN,19/0017.png,169,0.7988355159759521,0,0,1,0,0,1,1,1,0
19,pretrained,TN,19/0017.png,170,3.550236940383911,0,0,1,0,0,1,1,1,0
19,pretrained,TN,19/0017.png,171,2.4851090908050537,0,0,1,0,0,1,1,1,0
19,pretrained,TN,19/0017.png,172,0.6207363605499268,0,0,1,0,0,1,1,1,0
19,pretrained,TN,19/0017.png,173,0.3246932327747345,0,0,1,0,0,1,1,1,0
19,pretrained,TN,19/0017.png,174,1.3717961311340332,0,0,1,0,0,1,1,1,0
19,pretrained,TN,19/0017.png,175,0.9397757649421692,0,0,1,0,0,1,1,1,0
19,pretrained,TN,19/0017.png,176,1.8176568746566772,0,0,1,0,0,1,1,1,0
19,pretrained,TN,19/0017.png,177,1.5450388193130493,0,0,1,0,0,1,1,1,0
19,pretrained,TN,19/0017.png,178,4.723141193389893,0,0,1,0,0,1,1,1,0
19,pretrained,TN,19/0017.png,179,3.4652106761932373,0,0,1,0,0,1,1,1,0
19,pretrained,TN,19/0017.png,180,1.025391936302185,0,0,1,0,0,1,1,1,0
19,pretrained,TN,19/0017.png,181,0.23638948798179626,0,0,1,0,0,1,1,1,0
19,pretrained,TN,19/0017.png,182,1.8048553466796875,0,0,1,0,0,1,1,1,0
19,pretrained,TN,19/0017.png,183,1.2902075052261353,0,0,1,0,0,1,1,1,0
19,pretrained,TN,19/0017.png,184,0.7002464532852173,0,0,1,0,0,1,1,1,0
19,pretrained,TN,19/0017.png,185,0.5645108222961426,0,0,1,0,0,1,1,1,0
19,pretrained,TN,19/0017.png,186,0.4861857295036316,0,0,1,0,0,1,1,1,0
19,pretrained,TN,19/0017.png,187,3.15838623046875,0,0,1,0,0,1,1,1,0
19,pretrained,TN,19/0017.png,188,2.9353814125061035,0,0,1,0,0,1,1,1,0
19,pretrained,TN,19/0017.png,189,0.31998854875564575,0,0,1,0,0,1,1,1,0
19,pretrained,TN,19/0017.png,190,1.0216857194900513,0,0,1,0,0,1,1,1,0
19,pretrained,TN,19/0017.png,191,0.8391631841659546,0,0,1,0,0,1,1,1,0
19,pretrained,TN,19/0017.png,192,0.38755378127098083,0,0,1,0,0,1,1,1,0
19,pretrained,TN,19/0017.png,193,0.7399688363075256,0,0,1,0,0,1,1,1,0
19,pretrained,TN,19/0017.png,194,1.6603206396102905,0,0,1,0,0,1,1,1,0
19,pretrained,TN,19/0017.png,195,2.6869804859161377,0,0,1,0,0,1,1,1,0
19,pretrained,TN,19/0017.png,196,0.553493857383728,0,0,1,0,0,1,1,1,0
19,pretrained,TN,19/0017.png,197,0.7476950883865356,0,0,1,0,0,1,1,1,0
19,pretrained,TN,19/0017.png,198,0.6223116517066956,0,0,1,0,0,1,1,1,0
19,pretrained,TN,19/0017.png,199,0.01770063489675522,0,0,1,0,0,1,1,1,0
19,pretrained,TN,19/0017.png,200,0.2721863090991974,0,0,1,0,0,1,1,1,0
19,pretrained,TN,19/0017.png,201,0.8091245889663696,0,0,1,0,0,1,1,1,0
19,pretrained,TN,19/0017.png,202,2.6147589683532715,0,0,1,0,0,1,1,1,0
19,pretrained,TN,19/0017.png,203,0.388623982667923,0,0,1,0,0,1,1,1,0
19,pretrained,TN,19/0017.png,204,1.3072205781936646,0,0,1,0,0,1,1,1,0
19,pretrained,TN,19/0017.png,205,1.1315364837646484,0,0,1,0,0,1,1,1,0
19,pretrained,TN,19/0017.png,206,0.8684427738189697,0,0,1,0,0,1,1,1,0
19,pretrained,TN,19/0017.png,207,4.124457836151123,0,0,1,0,0,1,1,1,0
19,pretrained,TN,19/0017.png,208,1.512485146522522,0,0,1,0,0,1,1,1,0
19,pretrained,TN,19/0017.png,209,0.06109817326068878,0,0,1,0,0,1,1,1,0
19,pretrained,TN,19/0017.png,210,0.033008985221385956,0,0,1,0,0,1,1,1,0
19,pretrained,TN,19/0017.png,211,1.0270541906356812,0,0,1,0,0,1,1,1,0
19,pretrained,TN,19/0017.png,212,1.4914790391921997,0,0,1,0,0,1,1,1,0
19,pretrained,TN,19/0017.png,213,0.428793340921402,0,0,1,0,0,1,1,1,0
19,pretrained,TN,19/0017.png,214,3.0793588161468506,0,0,1,0,0,1,1,1,0
19,pretrained,TN,19/0017.png,215,0.2914086580276489,0,0,1,0,0,1,1,1,0
19,pretrained,TN,19/0017.png,216,2.9892354011535645,0,0,1,0,0,1,1,1,0
19,pretrained,TN,19/0017.png,217,0.6817867755889893,0,0,1,0,0,1,1,1,0
19,pretrained,TN,19/0017.png,218,2.2583653926849365,0,0,1,0,0,1,1,1,0
19,pretrained,TN,19/0017.png,219,0.9052284359931946,0,0,1,0,0,1,1,1,0
19,pretrained,TN,19/0017.png,220,1.1321405172348022,0,0,1,0,0,1,1,1,0
19,pretrained,TN,19/0017.png,221,2.161684513092041,0,0,1,0,0,1,1,1,0
19,pretrained,TN,19/0017.png,222,2.445263624191284,0,0,1,0,0,1,1,1,0
19,pretrained,TN,19/0017.png,223,2.1212191581726074,0,0,1,0,0,1,1,1,0
19,pretrained,TN,19/0017.png,224,0.5275015830993652,0,0,1,0,0,1,1,1,0
19,pretrained,TN,19/0017.png,225,1.1880947351455688,0,0,1,0,0,1,1,1,0
19,pretrained,TN,19/0017.png,226,0.7127832770347595,0,0,1,0,0,1,1,1,0
19,pretrained,TN,19/0017.png,227,1.5097774267196655,0,0,1,0,0,1,1,1,0
19,pretrained,TN,19/0017.png,228,1.0671194791793823,0,0,1,0,0,1,1,1,0
19,pretrained,TN,19/0017.png,229,0.5175890922546387,0,0,1,0,0,1,1,1,0
19,pretrained,TN,19/0017.png,230,0.7925336956977844,0,0,1,0,0,1,1,1,0
19,pretrained,TN,19/0017.png,231,0.28767773509025574,0,0,1,0,0,1,1,1,0
19,pretrained,TN,19/0017.png,232,1.3610519170761108,0,0,1,0,0,1,1,1,0
19,pretrained,TN,19/0017.png,233,1.5486677885055542,0,0,1,0,0,1,1,1,0
19,pretrained,TN,19/0017.png,234,0.4090152680873871,0,0,1,0,0,1,1,1,0
19,pretrained,TN,19/0017.png,235,0.5682116150856018,0,0,1,0,0,1,1,1,0
19,pretrained,TN,19/0017.png,236,0.9247176647186279,0,0,1,0,0,1,1,1,0
19,pretrained,TN,19/0017.png,237,2.533025026321411,0,0,1,0,0,1,1,1,0
19,pretrained,TN,19/0017.png,238,0.6275865435600281,0,0,1,0,0,1,1,1,0
19,pretrained,TN,19/0017.png,239,0.025611234828829765,0,0,1,0,0,1,1,1,0
19,pretrained,TN,19/0017.png,240,1.2950427532196045,0,0,1,0,0,1,1,1,0
19,pretrained,TN,19/0017.png,241,1.9166513681411743,0,0,1,0,0,1,1,1,0
19,pretrained,TN,19/0017.png,242,1.7779048681259155,0,0,1,0,0,1,1,1,0
19,pretrained,TN,19/0017.png,243,2.6786091327667236,0,0,1,0,0,1,1,1,0
19,pretrained,TN,19/0017.png,244,0.7506240606307983,0,0,1,0,0,1,1,1,0
19,pretrained,TN,19/0017.png,245,3.0580894947052,0,0,1,0,0,1,1,1,0
19,pretrained,TN,19/0017.png,246,0.8045742511749268,0,0,1,0,0,1,1,1,0
19,pretrained,TN,19/0017.png,247,1.0439265966415405,0,0,1,0,0,1,1,1,0
19,pretrained,TN,19/0017.png,248,0.5627736449241638,0,0,1,0,0,1,1,1,0
19,pretrained,TN,19/0017.png,249,1.7057850360870361,0,0,1,0,0,1,1,1,0
19,pretrained,TN,19/0017.png,250,1.075602412223816,0,0,1,0,0,1,1,1,0
19,pretrained,TN,19/0017.png,251,0.9195746779441833,0,0,1,0,0,1,1,1,0
19,pretrained,TN,19/0017.png,252,1.2794133424758911,0,0,1,0,0,1,1,1,0
19,pretrained,TN,19/0017.png,253,1.9999440908432007,0,0,1,0,0,1,1,1,0
19,pretrained,TN,19/0017.png,254,0.8150289058685303,0,0,1,0,0,1,1,1,0
19,pretrained,TN,19/0017.png,255,4.863839149475098,0,0,1,0,0,1,1,1,0
19,pretrained,TN,19/0017.png,256,1.6580681800842285,0,0,1,0,0,1,1,1,0
19,pretrained,TN,19/0017.png,257,0.9966329336166382,0,0,1,0,0,1,1,1,0
19,pretrained,TN,19/0017.png,258,1.5097060203552246,0,0,1,0,0,1,1,1,0
19,pretrained,TN,19/0017.png,259,0.6725578904151917,0,0,1,0,0,1,1,1,0
19,pretrained,TN,19/0017.png,260,1.2735637426376343,0,0,1,0,0,1,1,1,0
19,pretrained,TN,19/0017.png,261,2.5840373039245605,0,0,1,0,0,1,1,1,0
19,pretrained,TN,19/0017.png,262,1.3418018817901611,0,0,1,0,0,1,1,1,0
19,pretrained,TN,19/0017.png,263,1.210568904876709,0,0,1,0,0,1,1,1,0
19,pretrained,TN,19/0017.png,264,2.6087474822998047,0,0,1,0,0,1,1,1,0
19,pretrained,TN,19/0017.png,265,1.7409998178482056,0,0,1,0,0,1,1,1,0
19,pretrained,TN,19/0017.png,266,0.7033524513244629,0,0,1,0,0,1,1,1,0
19,pretrained,TN,19/0017.png,267,2.1856768131256104,0,0,1,0,0,1,1,1,0
19,pretrained,TN,19/0017.png,268,1.799221158027649,0,0,1,0,0,1,1,1,0
19,pretrained,TN,19/0017.png,269,1.161239504814148,0,0,1,0,0,1,1,1,0
19,pretrained,TN,19/0017.png,270,0.45232242345809937,0,0,1,0,0,1,1,1,0
19,pretrained,TN,19/0017.png,271,0.6312884092330933,0,0,1,0,0,1,1,1,0
19,pretrained,TN,19/0017.png,272,1.3885029554367065,0,0,1,0,0,1,1,1,0
19,pretrained,TN,19/0017.png,273,1.400191068649292,0,0,1,0,0,1,1,1,0
19,pretrained,TN,19/0017.png,274,0.5294982194900513,0,0,1,0,0,1,1,1,0
19,pretrained,TN,19/0017.png,275,1.3972421884536743,0,0,1,0,0,1,1,1,0
19,pretrained,TN,19/0017.png,276,0.40707942843437195,0,0,1,0,0,1,1,1,0
19,pretrained,TN,19/0017.png,277,2.4894142150878906,0,0,1,0,0,1,1,1,0
19,pretrained,TN,19/0017.png,278,0.7656158804893494,0,0,1,0,0,1,1,1,0
19,pretrained,TN,19/0017.png,279,0.5380823612213135,0,0,1,0,0,1,1,1,0
19,pretrained,TN,19/0017.png,280,1.9034415483474731,0,0,1,0,0,1,1,1,0
19,pretrained,TN,19/0017.png,281,1.7427515983581543,0,0,1,0,0,1,1,1,0
19,pretrained,TN,19/0017.png,282,2.171290636062622,0,0,1,0,0,1,1,1,0
19,pretrained,TN,19/0017.png,283,0.6826485395431519,0,0,1,0,0,1,1,1,0
19,pretrained,TN,19/0017.png,284,1.2401487827301025,0,0,1,0,0,1,1,1,0
19,pretrained,TN,19/0017.png,285,0.46022289991378784,0,0,1,0,0,1,1,1,0
19,pretrained,TN,19/0017.png,286,2.1770362854003906,0,0,1,0,0,1,1,1,0
19,pretrained,TN,19/0017.png,287,2.2374701499938965,0,0,1,0,0,1,1,1,0
19,pretrained,TN,19/0017.png,288,0.16728311777114868,0,0,1,0,0,1,1,1,0
19,pretrained,TN,19/0017.png,289,3.263782501220703,0,0,1,0,0,1,1,1,0
19,pretrained,TN,19/0017.png,290,0.6200703382492065,0,0,1,0,0,1,1,1,0
19,pretrained,TN,19/0017.png,291,2.156643867492676,0,0,1,0,0,1,1,1,0
19,pretrained,TN,19/0017.png,292,1.350272297859192,0,0,1,0,0,1,1,1,0
19,pretrained,TN,19/0017.png,293,0.19934503734111786,0,0,1,0,0,1,1,1,0
19,pretrained,TN,19/0017.png,294,1.9962202310562134,0,0,1,0,0,1,1,1,0
19,pretrained,TN,19/0017.png,295,2.9006364345550537,0,0,1,0,0,1,1,1,0
19,pretrained,TN,19/0017.png,296,0.43586450815200806,0,0,1,0,0,1,1,1,0
19,pretrained,TN,19/0017.png,297,4.253731727600098,0,0,1,0,0,1,1,1,0
19,pretrained,TN,19/0017.png,298,0.08155036717653275,0,0,1,0,0,1,1,1,0
19,pretrained,TN,19/0017.png,299,1.3836619853973389,0,0,1,0,0,1,1,1,0
19,pretrained,TN,19/0017.png,300,1.545485258102417,0,0,1,0,0,1,1,1,0
19,pretrained,TN,19/0017.png,301,1.123095989227295,0,0,1,0,0,1,1,1,0
19,pretrained,TN,19/0017.png,302,0.9880038499832153,0,0,1,0,0,1,1,1,0
19,pretrained,TN,19/0017.png,303,0.6158730983734131,0,0,1,0,0,1,1,1,0
19,pretrained,TN,19/0017.png,304,1.12985098361969,0,0,1,0,0,1,1,1,0
19,pretrained,TN,19/0017.png,305,1.5595277547836304,0,0,1,0,0,1,1,1,0
19,pretrained,TN,19/0017.png,306,1.561795711517334,0,0,1,0,0,1,1,1,0
19,pretrained,TN,19/0017.png,307,0.774860143661499,0,0,1,0,0,1,1,1,0
19,pretrained,TN,19/0017.png,308,0.11498544365167618,0,0,1,0,0,1,1,1,0
19,pretrained,TN,19/0017.png,309,0.43682897090911865,0,0,1,0,0,1,1,1,0
19,pretrained,TN,19/0017.png,310,0.4488954246044159,0,0,1,0,0,1,1,1,0
19,pretrained,TN,19/0017.png,311,2.5829312801361084,0,0,1,0,0,1,1,1,0
19,pretrained,TN,19/0017.png,312,0.3191043436527252,0,0,1,0,0,1,1,1,0
19,pretrained,TN,19/0017.png,313,2.608024835586548,0,0,1,0,0,1,1,1,0
19,pretrained,TN,19/0017.png,314,2.336228609085083,0,0,1,0,0,1,1,1,0
19,pretrained,TN,19/0017.png,315,1.726326823234558,0,0,1,0,0,1,1,1,0
19,pretrained,TN,19/0017.png,316,1.1075074672698975,0,0,1,0,0,1,1,1,0
19,pretrained,TN,19/0017.png,317,0.7394444942474365,0,0,1,0,0,1,1,1,0
19,pretrained,TN,19/0017.png,318,2.0779013633728027,0,0,1,0,0,1,1,1,0
19,pretrained,TN,19/0017.png,319,1.6178171634674072,0,0,1,0,0,1,1,1,0
19,pretrained,TN,19/0017.png,320,1.3820388317108154,0,0,1,0,0,1,1,1,0
19,pretrained,TN,19/0017.png,321,0.9834192991256714,0,0,1,0,0,1,1,1,0
19,pretrained,TN,19/0017.png,322,2.4559359550476074,0,0,1,0,0,1,1,1,0
19,pretrained,TN,19/0017.png,323,2.306884288787842,0,0,1,0,0,1,1,1,0
19,pretrained,TN,19/0017.png,324,0.16193576157093048,0,0,1,0,0,1,1,1,0
19,pretrained,TN,19/0017.png,325,0.7463646531105042,0,0,1,0,0,1,1,1,0
19,pretrained,TN,19/0017.png,326,4.104151725769043,0,0,1,0,0,1,1,1,0
19,pretrained,TN,19/0017.png,327,0.4008643627166748,0,0,1,0,0,1,1,1,0
19,pretrained,TN,19/0017.png,328,2.414876699447632,0,0,1,0,0,1,1,1,0
19,pretrained,TN,19/0017.png,329,0.4055221676826477,0,0,1,0,0,1,1,1,0
19,pretrained,TN,19/0017.png,330,1.0657868385314941,0,0,1,0,0,1,1,1,0
19,pretrained,TN,19/0017.png,331,1.7404056787490845,0,0,1,0,0,1,1,1,0
19,pretrained,TN,19/0017.png,332,4.337886333465576,0,0,1,0,0,1,1,1,0
19,pretrained,TN,19/0017.png,333,0.2192053496837616,0,0,1,0,0,1,1,1,0
19,pretrained,TN,19/0017.png,334,1.7956253290176392,0,0,1,0,0,1,1,1,0
19,pretrained,TN,19/0017.png,335,1.638556957244873,0,0,1,0,0,1,1,1,0
19,pretrained,TN,19/0017.png,336,0.631584882736206,0,0,1,0,0,1,1,1,0
19,pretrained,TN,19/0017.png,337,1.0088682174682617,0,0,1,0,0,1,1,1,0
19,pretrained,TN,19/0017.png,338,1.1177253723144531,0,0,1,0,0,1,1,1,0
19,pretrained,TN,19/0017.png,339,1.7296255826950073,0,0,1,0,0,1,1,1,0
19,pretrained,TN,19/0017.png,340,1.0946924686431885,0,0,1,0,0,1,1,1,0
19,pretrained,TN,19/0017.png,341,0.17827069759368896,0,0,1,0,0,1,1,1,0
19,pretrained,TN,19/0017.png,342,0.20877642929553986,0,0,1,0,0,1,1,1,0
19,pretrained,TN,19/0017.png,343,0.6611104607582092,0,0,1,0,0,1,1,1,0
19,pretrained,TN,19/0017.png,344,0.36866700649261475,0,0,1,0,0,1,1,1,0
19,pretrained,TN,19/0017.png,345,1.6812015771865845,0,0,1,0,0,1,1,1,0
19,pretrained,TN,19/0017.png,346,0.4626444876194,0,0,1,0,0,1,1,1,0
19,pretrained,TN,19/0017.png,347,0.11093753576278687,0,0,1,0,0,1,1,1,0
19,pretrained,TN,19/0017.png,348,2.5833067893981934,0,0,1,0,0,1,1,1,0
19,pretrained,TN,19/0017.png,349,3.1100361347198486,0,0,1,0,0,1,1,1,0
19,pretrained,TN,19/0017.png,350,0.3497812747955322,0,0,1,0,0,1,1,1,0
19,pretrained,TN,19/0017.png,351,0.26835009455680847,0,0,1,0,0,1,1,1,0
19,pretrained,TN,19/0017.png,352,0.44384485483169556,0,0,1,0,0,1,1,1,0
19,pretrained,TN,19/0017.png,353,3.268176317214966,0,0,1,0,0,1,1,1,0
19,pretrained,TN,19/0017.png,354,1.002191185951233,0,0,1,0,0,1,1,1,0
19,pretrained,TN,19/0017.png,355,0.4873701333999634,0,0,1,0,0,1,1,1,0
19,pretrained,TN,19/0017.png,356,0.5565933585166931,0,0,1,0,0,1,1,1,0
19,pretrained,TN,19/0017.png,357,1.7429825067520142,0,0,1,0,0,1,1,1,0
19,pretrained,TN,19/0017.png,358,1.6353484392166138,0,0,1,0,0,1,1,1,0
19,pretrained,TN,19/0017.png,359,2.6136701107025146,0,0,1,0,0,1,1,1,0
19,pretrained,TN,19/0017.png,360,0.1706104874610901,0,0,1,0,0,1,1,1,0
19,pretrained,TN,19/0017.png,361,1.8805725574493408,0,0,1,0,0,1,1,1,0
19,pretrained,TN,19/0017.png,362,0.9842472672462463,0,0,1,0,0,1,1,1,0
19,pretrained,TN,19/0017.png,363,0.31632286310195923,0,0,1,0,0,1,1,1,0
19,pretrained,TN,19/0017.png,364,1.4716463088989258,0,0,1,0,0,1,1,1,0
19,pretrained,TN,19/0017.png,365,0.24096064269542694,0,0,1,0,0,1,1,1,0
19,pretrained,TN,19/0017.png,366,1.9290269613265991,0,0,1,0,0,1,1,1,0
19,pretrained,TN,19/0017.png,367,1.3983705043792725,0,0,1,0,0,1,1,1,0
19,pretrained,TN,19/0017.png,368,1.431264877319336,0,0,1,0,0,1,1,1,0
19,pretrained,TN,19/0017.png,369,1.6071584224700928,0,0,1,0,0,1,1,1,0
19,pretrained,TN,19/0017.png,370,1.146325707435608,0,0,1,0,0,1,1,1,0
19,pretrained,TN,19/0017.png,371,3.8006751537323,0,0,1,0,0,1,1,1,0
19,pretrained,TN,19/0017.png,372,1.586460828781128,0,0,1,0,0,1,1,1,0
19,pretrained,TN,19/0017.png,373,0.031162112951278687,0,0,1,0,0,1,1,1,0
19,pretrained,TN,19/0017.png,374,0.8137805461883545,0,0,1,0,0,1,1,1,0
19,pretrained,TN,19/0017.png,375,1.8318334817886353,0,0,1,0,0,1,1,1,0
19,pretrained,TN,19/0017.png,376,1.4385974407196045,0,0,1,0,0,1,1,1,0
19,pretrained,TN,19/0017.png,377,2.4474987983703613,0,0,1,0,0,1,1,1,0
19,pretrained,TN,19/0017.png,378,1.1414592266082764,0,0,1,0,0,1,1,1,0
19,pretrained,TN,19/0017.png,379,2.524024724960327,0,0,1,0,0,1,1,1,0
19,pretrained,TN,19/0017.png,380,1.3046365976333618,0,0,1,0,0,1,1,1,0
19,pretrained,TN,19/0017.png,381,0.9336183667182922,0,0,1,0,0,1,1,1,0
19,pretrained,TN,19/0017.png,382,1.1292510032653809,0,0,1,0,0,1,1,1,0
19,pretrained,TN,19/0017.png,383,0.806487500667572,0,0,1,0,0,1,1,1,0
19,pretrained,TN,19/0017.png,384,2.3205370903015137,0,0,1,0,0,1,1,1,0
19,pretrained,TN,19/0017.png,385,0.21763993799686432,0,0,1,0,0,1,1,1,0
19,pretrained,TN,19/0017.png,386,0.21508929133415222,0,0,1,0,0,1,1,1,0
19,pretrained,TN,19/0017.png,387,0.002663450315594673,0,0,1,0,0,1,1,1,0
19,pretrained,TN,19/0017.png,388,0.8578639626502991,0,0,1,0,0,1,1,1,0
19,pretrained,TN,19/0017.png,389,0.5877512693405151,0,0,1,0,0,1,1,1,0
19,pretrained,TN,19/0017.png,390,3.23124361038208,0,0,1,0,0,1,1,1,0
19,pretrained,TN,19/0017.png,391,1.5666612386703491,0,0,1,0,0,1,1,1,0
19,pretrained,TN,19/0017.png,392,1.217575192451477,0,0,1,0,0,1,1,1,0
19,pretrained,TN,19/0017.png,393,1.2495067119598389,0,0,1,0,0,1,1,1,0
19,pretrained,TN,19/0017.png,394,1.0413453578948975,0,0,1,0,0,1,1,1,0
19,pretrained,TN,19/0017.png,395,1.2069368362426758,0,0,1,0,0,1,1,1,0
19,pretrained,TN,19/0017.png,396,0.5977371335029602,0,0,1,0,0,1,1,1,0
19,pretrained,TN,19/0017.png,397,1.0744801759719849,0,0,1,0,0,1,1,1,0
19,pretrained,TN,19/0017.png,398,0.7634536027908325,0,0,1,0,0,1,1,1,0
19,pretrained,TN,19/0017.png,399,2.6628129482269287,0,0,1,0,0,1,1,1,0
19,pretrained,TN,19/0017.png,400,0.5479172468185425,0,0,1,0,0,1,1,1,0
19,pretrained,TN,19/0017.png,401,1.4692918062210083,0,0,1,0,0,1,1,1,0
19,pretrained,TN,19/0017.png,402,2.5718400478363037,0,0,1,0,0,1,1,1,0
19,pretrained,TN,19/0017.png,403,1.7117654085159302,0,0,1,0,0,1,1,1,0
19,pretrained,TN,19/0017.png,404,0.33301088213920593,0,0,1,0,0,1,1,1,0
19,pretrained,TN,19/0017.png,405,0.8546660542488098,0,0,1,0,0,1,1,1,0
19,pretrained,TN,19/0017.png,406,0.6586876511573792,0,0,1,0,0,1,1,1,0
19,pretrained,TN,19/0017.png,407,0.5424528121948242,0,0,1,0,0,1,1,1,0
19,pretrained,TN,19/0017.png,408,0.04595068097114563,0,0,1,0,0,1,1,1,0
19,pretrained,TN,19/0017.png,409,0.16924965381622314,0,0,1,0,0,1,1,1,0
19,pretrained,TN,19/0017.png,410,1.2992405891418457,0,0,1,0,0,1,1,1,0
19,pretrained,TN,19/0017.png,411,2.188455104827881,0,0,1,0,0,1,1,1,0
19,pretrained,TN,19/0017.png,412,0.21503755450248718,0,0,1,0,0,1,1,1,0
19,pretrained,TN,19/0017.png,413,0.8740096092224121,0,0,1,0,0,1,1,1,0
19,pretrained,TN,19/0017.png,414,0.7131155133247375,0,0,1,0,0,1,1,1,0
19,pretrained,TN,19/0017.png,415,1.7846449613571167,0,0,1,0,0,1,1,1,0
19,pretrained,TN,19/0017.png,416,0.19748376309871674,0,0,1,0,0,1,1,1,0
19,pretrained,TN,19/0017.png,417,0.4538924992084503,0,0,1,0,0,1,1,1,0
19,pretrained,TN,19/0017.png,418,0.908226490020752,0,0,1,0,0,1,1,1,0
19,pretrained,TN,19/0017.png,419,2.944732904434204,0,0,1,0,0,1,1,1,0
19,pretrained,TN,19/0017.png,420,0.5169325470924377,0,0,1,0,0,1,1,1,0
19,pretrained,TN,19/0017.png,421,1.180749773979187,0,0,1,0,0,1,1,1,0
19,pretrained,TN,19/0017.png,422,2.140294313430786,0,0,1,0,0,1,1,1,0
19,pretrained,TN,19/0017.png,423,1.3786191940307617,0,0,1,0,0,1,1,1,0
19,pretrained,TN,19/0017.png,424,1.020856261253357,0,0,1,0,0,1,1,1,0
19,pretrained,TN,19/0017.png,425,2.262918472290039,0,0,1,0,0,1,1,1,0
19,pretrained,TN,19/0017.png,426,0.6333014965057373,0,0,1,0,0,1,1,1,0
19,pretrained,TN,19/0017.png,427,0.9193105101585388,0,0,1,0,0,1,1,1,0
19,pretrained,TN,19/0017.png,428,2.1194493770599365,0,0,1,0,0,1,1,1,0
19,pretrained,TN,19/0017.png,429,0.8989406228065491,0,0,1,0,0,1,1,1,0
19,pretrained,TN,19/0017.png,430,0.7957024574279785,0,0,1,0,0,1,1,1,0
19,pretrained,TN,19/0017.png,431,0.9387476444244385,0,0,1,0,0,1,1,1,0
19,pretrained,TN,19/0017.png,432,0.2506725490093231,0,0,1,0,0,1,1,1,0
19,pretrained,TN,19/0017.png,433,2.6914925575256348,0,0,1,0,0,1,1,1,0
19,pretrained,TN,19/0017.png,434,1.644052267074585,0,0,1,0,0,1,1,1,0
19,pretrained,TN,19/0017.png,435,0.903324544429779,0,0,1,0,0,1,1,1,0
19,pretrained,TN,19/0017.png,436,1.035609245300293,0,0,1,0,0,1,1,1,0
19,pretrained,TN,19/0017.png,437,2.3621442317962646,0,0,1,0,0,1,1,1,0
19,pretrained,TN,19/0017.png,438,3.2790544033050537,0,0,1,0,0,1,1,1,0
19,pretrained,TN,19/0017.png,439,2.4001879692077637,0,0,1,0,0,1,1,1,0
19,pretrained,TN,19/0017.png,440,0.08105961978435516,0,0,1,0,0,1,1,1,0
19,pretrained,TN,19/0017.png,441,0.5702807307243347,0,0,1,0,0,1,1,1,0
19,pretrained,TN,19/0017.png,442,0.7015924453735352,0,0,1,0,0,1,1,1,0
19,pretrained,TN,19/0017.png,443,2.4889073371887207,0,0,1,0,0,1,1,1,0
19,pretrained,TN,19/0017.png,444,2.7118215560913086,0,0,1,0,0,1,1,1,0
19,pretrained,TN,19/0017.png,445,3.182295799255371,0,0,1,0,0,1,1,1,0
19,pretrained,TN,19/0017.png,446,1.4608954191207886,0,0,1,0,0,1,1,1,0
19,pretrained,TN,19/0017.png,447,1.7326714992523193,0,0,1,0,0,1,1,1,0
19,pretrained,TN,19/0017.png,448,1.093307614326477,0,0,1,0,0,1,1,1,0
19,pretrained,TN,19/0017.png,449,1.0335389375686646,0,0,1,0,0,1,1,1,0
19,pretrained,TN,19/0017.png,450,0.543181836605072,0,0,1,0,0,1,1,1,0
19,pretrained,TN,19/0017.png,451,1.0239999294281006,0,0,1,0,0,1,1,1,0
19,pretrained,TN,19/0017.png,452,0.7484169602394104,0,0,1,0,0,1,1,1,0
19,pretrained,TN,19/0017.png,453,0.979897141456604,0,0,1,0,0,1,1,1,0
19,pretrained,TN,19/0017.png,454,0.6175665855407715,0,0,1,0,0,1,1,1,0
19,pretrained,TN,19/0017.png,455,1.525740623474121,0,0,1,0,0,1,1,1,0
19,pretrained,TN,19/0017.png,456,1.2038227319717407,0,0,1,0,0,1,1,1,0
19,pretrained,TN,19/0017.png,457,0.1376737803220749,0,0,1,0,0,1,1,1,0
19,pretrained,TN,19/0017.png,458,2.017921209335327,0,0,1,0,0,1,1,1,0
19,pretrained,TN,19/0017.png,459,1.6066852807998657,0,0,1,0,0,1,1,1,0
19,pretrained,TN,19/0017.png,460,0.9239316582679749,0,0,1,0,0,1,1,1,0
19,pretrained,TN,19/0017.png,461,1.4370495080947876,0,0,1,0,0,1,1,1,0
19,pretrained,TN,19/0017.png,462,1.1612496376037598,0,0,1,0,0,1,1,1,0
19,pretrained,TN,19/0017.png,463,0.6441459059715271,0,0,1,0,0,1,1,1,0
19,pretrained,TN,19/0017.png,464,1.0361649990081787,0,0,1,0,0,1,1,1,0
19,pretrained,TN,19/0017.png,465,0.7790552973747253,0,0,1,0,0,1,1,1,0
19,pretrained,TN,19/0017.png,466,0.4226861298084259,0,0,1,0,0,1,1,1,0
19,pretrained,TN,19/0017.png,467,1.5348581075668335,0,0,1,0,0,1,1,1,0
19,pretrained,TN,19/0017.png,468,1.3751710653305054,0,0,1,0,0,1,1,1,0
19,pretrained,TN,19/0017.png,469,2.9219605922698975,0,0,1,0,0,1,1,1,0
19,pretrained,TN,19/0017.png,470,1.4971810579299927,0,0,1,0,0,1,1,1,0
19,pretrained,TN,19/0017.png,471,2.0256824493408203,0,0,1,0,0,1,1,1,0
19,pretrained,TN,19/0017.png,472,0.6416524648666382,0,0,1,0,0,1,1,1,0
19,pretrained,TN,19/0017.png,473,1.9480925798416138,0,0,1,0,0,1,1,1,0
19,pretrained,TN,19/0017.png,474,2.3102073669433594,0,0,1,0,0,1,1,1,0
19,pretrained,TN,19/0017.png,475,0.4907679557800293,0,0,1,0,0,1,1,1,0
19,pretrained,TN,19/0017.png,476,0.459796279668808,0,0,1,0,0,1,1,1,0
19,pretrained,TN,19/0017.png,477,0.9809046983718872,0,0,1,0,0,1,1,1,0
19,pretrained,TN,19/0017.png,478,0.0017949385801330209,0,0,1,0,0,1,1,1,0
19,pretrained,TN,19/0017.png,479,1.648372769355774,0,0,1,0,0,1,1,1,0
19,pretrained,TN,19/0017.png,480,0.03348764777183533,0,0,1,0,0,1,1,1,0
19,pretrained,TN,19/0017.png,481,1.7525742053985596,0,0,1,0,0,1,1,1,0
19,pretrained,TN,19/0017.png,482,0.6174564361572266,0,0,1,0,0,1,1,1,0
19,pretrained,TN,19/0017.png,483,0.8714330792427063,0,0,1,0,0,1,1,1,0
19,pretrained,TN,19/0017.png,484,0.779194712638855,0,0,1,0,0,1,1,1,0
19,pretrained,TN,19/0017.png,485,2.181382179260254,0,0,1,0,0,1,1,1,0
19,pretrained,TN,19/0017.png,486,0.6408429145812988,0,0,1,0,0,1,1,1,0
19,pretrained,TN,19/0017.png,487,1.4630497694015503,0,0,1,0,0,1,1,1,0
19,pretrained,TN,19/0017.png,488,0.1984194964170456,0,0,1,0,0,1,1,1,0
19,pretrained,TN,19/0017.png,489,0.32096898555755615,0,0,1,0,0,1,1,1,0
19,pretrained,TN,19/0017.png,490,1.5392751693725586,0,0,1,0,0,1,1,1,0
19,pretrained,TN,19/0017.png,491,0.5434279441833496,0,0,1,0,0,1,1,1,0
19,pretrained,TN,19/0017.png,492,2.7567250728607178,0,0,1,0,0,1,1,1,0
19,pretrained,TN,19/0017.png,493,1.5740249156951904,0,0,1,0,0,1,1,1,0
19,pretrained,TN,19/0017.png,494,1.4258675575256348,0,0,1,0,0,1,1,1,0
19,pretrained,TN,19/0017.png,495,0.38924548029899597,0,0,1,0,0,1,1,1,0
19,pretrained,TN,19/0017.png,496,2.81097412109375,0,0,1,0,0,1,1,1,0
19,pretrained,TN,19/0017.png,497,0.07627300173044205,0,0,1,0,0,1,1,1,0
19,pretrained,TN,19/0017.png,498,2.7584738731384277,0,0,1,0,0,1,1,1,0
19,pretrained,TN,19/0017.png,499,2.4710257053375244,0,0,1,0,0,1,1,1,0
19,pretrained,TN,19/0017.png,500,1.0906914472579956,0,0,1,0,0,1,1,1,0
19,pretrained,TN,19/0017.png,501,0.6544667482376099,0,0,1,0,0,1,1,1,0
19,pretrained,TN,19/0017.png,502,1.7627615928649902,0,0,1,0,0,1,1,1,0
19,pretrained,TN,19/0017.png,503,0.43107399344444275,0,0,1,0,0,1,1,1,0
19,pretrained,TN,19/0017.png,504,1.7196391820907593,0,0,1,0,0,1,1,1,0
19,pretrained,TN,19/0017.png,505,1.297074556350708,0,0,1,0,0,1,1,1,0
19,pretrained,TN,19/0017.png,506,1.0573863983154297,0,0,1,0,0,1,1,1,0
19,pretrained,TN,19/0017.png,507,0.2129339873790741,0,0,1,0,0,1,1,1,0
19,pretrained,TN,19/0017.png,508,1.534759521484375,0,0,1,0,0,1,1,1,0
19,pretrained,TN,19/0017.png,509,1.2045480012893677,0,0,1,0,0,1,1,1,0
19,pretrained,TN,19/0017.png,510,1.377041220664978,0,0,1,0,0,1,1,1,0
19,pretrained,TN,19/0017.png,511,0.6550254821777344,0,0,1,0,0,1,1,1,0
19,scratch,FN,19/0007.png,0,0.4658393859863281,0,0,1,1,1,0,0,0,1
19,scratch,FN,19/0007.png,1,0.01852233335375786,0,0,1,1,1,0,0,0,1
19,scratch,FN,19/0007.png,2,0.0,0,0,1,1,1,0,0,0,1
19,scratch,FN,19/0007.png,3,0.04934602975845337,0,0,1,1,1,0,0,0,1
19,scratch,FN,19/0007.png,4,0.8317548632621765,0,0,1,1,1,0,0,0,1
19,scratch,FN,19/0007.png,5,0.18212637305259705,0,0,1,1,1,0,0,0,1
19,scratch,FN,19/0007.png,6,0.10575156658887863,0,0,1,1,1,0,0,0,1
19,scratch,FN,19/0007.png,7,0.13219445943832397,0,0,1,1,1,0,0,0,1
19,scratch,FN,19/0007.png,8,0.08673201501369476,0,0,1,1,1,0,0,0,1
19,scratch,FN,19/0007.png,9,0.8112754225730896,0,0,1,1,1,0,0,0,1
19,scratch,FN,19/0007.png,10,0.0,0,0,1,1,1,0,0,0,1
19,scratch,FN,19/0007.png,11,0.19717420637607574,0,0,1,1,1,0,0,0,1
19,scratch,FN,19/0007.png,12,0.08195418864488602,0,0,1,1,1,0,0,0,1
19,scratch,FN,19/0007.png,13,0.02597281150519848,0,0,1,1,1,0,0,0,1
19,scratch,FN,19/0007.png,14,0.040543463081121445,0,0,1,1,1,0,0,0,1
19,scratch,FN,19/0007.png,15,0.2003122866153717,0,0,1,1,1,0,0,0,1
19,scratch,FN,19/0007.png,16,0.28985098004341125,0,0,1,1,1,0,0,0,1
19,scratch,FN,19/0007.png,17,0.02993999607861042,0,0,1,1,1,0,0,0,1
19,scratch,FN,19/0007.png,18,1.4596649408340454,0,0,1,1,1,0,0,0,1
19,scratch,FN,19/0007.png,19,0.33771517872810364,0,0,1,1,1,0,0,0,1
19,scratch,FN,19/0007.png,20,1.2162225246429443,0,0,1,1,1,0,0,0,1
19,scratch,FN,19/0007.png,21,0.16234682500362396,0,0,1,1,1,0,0,0,1
19,scratch,FN,19/0007.png,22,0.47305434942245483,0,0,1,1,1,0,0,0,1
19,scratch,FN,19/0007.png,23,0.007679664995521307,0,0,1,1,1,0,0,0,1
19,scratch,FN,19/0007.png,24,0.23762154579162598,0,0,1,1,1,0,0,0,1
19,scratch,FN,19/0007.png,25,0.7885922193527222,0,0,1,1,1,0,0,0,1
19,scratch,FN,19/0007.png,26,0.0,0,0,1,1,1,0,0,0,1
19,scratch,FN,19/0007.png,27,1.1785465478897095,0,0,1,1,1,0,0,0,1
19,scratch,FN,19/0007.png,28,0.05792972818017006,0,0,1,1,1,0,0,0,1
19,scratch,FN,19/0007.png,29,0.01498657837510109,0,0,1,1,1,0,0,0,1
19,scratch,FN,19/0007.png,30,0.005360402632504702,0,0,1,1,1,0,0,0,1
19,scratch,FN,19/0007.png,31,0.12942270934581757,0,0,1,1,1,0,0,0,1
19,scratch,FN,19/0007.png,32,0.0975383073091507,0,0,1,1,1,0,0,0,1
19,scratch,FN,19/0007.png,33,0.19396033883094788,0,0,1,1,1,0,0,0,1
19,scratch,FN,19/0007.png,34,0.5751975774765015,0,0,1,1,1,0,0,0,1
19,scratch,FN,19/0007.png,35,0.04169948771595955,0,0,1,1,1,0,0,0,1
19,scratch,FN,19/0007.png,36,0.39275097846984863,0,0,1,1,1,0,0,0,1
19,scratch,FN,19/0007.png,37,0.0,0,0,1,1,1,0,0,0,1
19,scratch,FN,19/0007.png,38,1.7092523574829102,0,0,1,1,1,0,0,0,1
19,scratch,FN,19/0007.png,39,0.44261637330055237,0,0,1,1,1,0,0,0,1
19,scratch,FN,19/0007.png,40,0.18110115826129913,0,0,1,1,1,0,0,0,1
19,scratch,FN,19/0007.png,41,0.18400032818317413,0,0,1,1,1,0,0,0,1
19,scratch,FN,19/0007.png,42,0.029654042795300484,0,0,1,1,1,0,0,0,1
19,scratch,FN,19/0007.png,43,1.3847370147705078,0,0,1,1,1,0,0,0,1
19,scratch,FN,19/0007.png,44,0.8143048882484436,0,0,1,1,1,0,0,0,1
19,scratch,FN,19/0007.png,45,0.12874393165111542,0,0,1,1,1,0,0,0,1
19,scratch,FN,19/0007.png,46,0.27902770042419434,0,0,1,1,1,0,0,0,1
19,scratch,FN,19/0007.png,47,0.6370470523834229,0,0,1,1,1,0,0,0,1
19,scratch,FN,19/0007.png,48,1.3298975229263306,0,0,1,1,1,0,0,0,1
19,scratch,FN,19/0007.png,49,0.04526147246360779,0,0,1,1,1,0,0,0,1
19,scratch,FN,19/0007.png,50,0.14735741913318634,0,0,1,1,1,0,0,0,1
19,scratch,FN,19/0007.png,51,0.02085583470761776,0,0,1,1,1,0,0,0,1
19,scratch,FN,19/0007.png,52,0.03225722908973694,0,0,1,1,1,0,0,0,1
19,scratch,FN,19/0007.png,53,1.2218961715698242,0,0,1,1,1,0,0,0,1
19,scratch,FN,19/0007.png,54,0.0,0,0,1,1,1,0,0,0,1
19,scratch,FN,19/0007.png,55,0.13851113617420197,0,0,1,1,1,0,0,0,1
19,scratch,FN,19/0007.png,56,1.491204857826233,0,0,1,1,1,0,0,0,1
19,scratch,FN,19/0007.png,57,0.0055877044796943665,0,0,1,1,1,0,0,0,1
19,scratch,FN,19/0007.png,58,0.407635897397995,0,0,1,1,1,0,0,0,1
19,scratch,FN,19/0007.png,59,0.028271635994315147,0,0,1,1,1,0,0,0,1
19,scratch,FN,19/0007.png,60,0.0,0,0,1,1,1,0,0,0,1
19,scratch,FN,19/0007.png,61,0.0307913888245821,0,0,1,1,1,0,0,0,1
19,scratch,FN,19/0007.png,62,0.14305949211120605,0,0,1,1,1,0,0,0,1
19,scratch,FN,19/0007.png,63,0.0,0,0,1,1,1,0,0,0,1
19,scratch,FN,19/0007.png,64,0.41870546340942383,0,0,1,1,1,0,0,0,1
19,scratch,FN,19/0007.png,65,0.0,0,0,1,1,1,0,0,0,1
19,scratch,FN,19/0007.png,66,0.3975141942501068,0,0,1,1,1,0,0,0,1
19,scratch,FN,19/0007.png,67,0.1605275422334671,0,0,1,1,1,0,0,0,1
19,scratch,FN,19/0007.png,68,0.3868825137615204,0,0,1,1,1,0,0,0,1
19,scratch,FN,19/0007.png,69,0.011546086519956589,0,0,1,1,1,0,0,0,1
19,scratch,FN,19/0007.png,70,0.24045421183109283,0,0,1,1,1,0,0,0,1
19,scratch,FN,19/0007.png,71,0.7451402544975281,0,0,1,1,1,0,0,0,1
19,scratch,FN,19/0007.png,72,0.3375436067581177,0,0,1,1,1,0,0,0,1
19,scratch,FN,19/0007.png,73,0.5187427401542664,0,0,1,1,1,0,0,0,1
19,scratch,FN,19/0007.png,74,0.10839629918336868,0,0,1,1,1,0,0,0,1
19,scratch,FN,19/0007.png,75,0.19124512374401093,0,0,1,1,1,0,0,0,1
19,scratch,FN,19/0007.png,76,0.0,0,0,1,1,1,0,0,0,1
19,scratch,FN,19/0007.png,77,0.9634606242179871,0,0,1,1,1,0,0,0,1
19,scratch,FN,19/0007.png,78,0.14910712838172913,0,0,1,1,1,0,0,0,1
19,scratch,FN,19/0007.png,79,0.14271984994411469,0,0,1,1,1,0,0,0,1
19,scratch,FN,19/0007.png,80,0.201945960521698,0,0,1,1,1,0,0,0,1
19,scratch,FN,19/0007.png,81,1.354939341545105,0,0,1,1,1,0,0,0,1
19,scratch,FN,19/0007.png,82,0.9669118523597717,0,0,1,1,1,0,0,0,1
19,scratch,FN,19/0007.png,83,0.03673669695854187,0,0,1,1,1,0,0,0,1
19,scratch,FN,19/0007.png,84,0.023753611370921135,0,0,1,1,1,0,0,0,1
19,scratch,FN,19/0007.png,85,0.4377530813217163,0,0,1,1,1,0,0,0,1
19,scratch,FN,19/0007.png,86,1.2605047225952148,0,0,1,1,1,0,0,0,1
19,scratch,FN,19/0007.png,87,0.09082932025194168,0,0,1,1,1,0,0,0,1
19,scratch,FN,19/0007.png,88,0.03917226567864418,0,0,1,1,1,0,0,0,1
19,scratch,FN,19/0007.png,89,0.7326627969741821,0,0,1,1,1,0,0,0,1
19,scratch,FN,19/0007.png,90,0.659302830696106,0,0,1,1,1,0,0,0,1
19,scratch,FN,19/0007.png,91,0.7340970039367676,0,0,1,1,1,0,0,0,1
19,scratch,FN,19/0007.png,92,0.009831528179347515,0,0,1,1,1,0,0,0,1
19,scratch,FN,19/0007.png,93,0.1199757307767868,0,0,1,1,1,0,0,0,1
19,scratch,FN,19/0007.png,94,0.017770379781723022,0,0,1,1,1,0,0,0,1
19,scratch,FN,19/0007.png,95,0.001852313638664782,0,0,1,1,1,0,0,0,1
19,scratch,FN,19/0007.png,96,0.13729843497276306,0,0,1,1,1,0,0,0,1
19,scratch,FN,19/0007.png,97,0.0018518329598009586,0,0,1,1,1,0,0,0,1
19,scratch,FN,19/0007.png,98,0.007970993407070637,0,0,1,1,1,0,0,0,1
19,scratch,FN,19/0007.png,99,1.4881240129470825,0,0,1,1,1,0,0,0,1
19,scratch,FN,19/0007.png,100,0.42103204131126404,0,0,1,1,1,0,0,0,1
19,scratch,FN,19/0007.png,101,0.0,0,0,1,1,1,0,0,0,1
19,scratch,FN,19/0007.png,102,1.4511535167694092,0,0,1,1,1,0,0,0,1
19,scratch,FN,19/0007.png,103,0.4347914457321167,0,0,1,1,1,0,0,0,1
19,scratch,FN,19/0007.png,104,0.24282918870449066,0,0,1,1,1,0,0,0,1
19,scratch,FN,19/0007.png,105,0.3692490756511688,0,0,1,1,1,0,0,0,1
19,scratch,FN,19/0007.png,106,0.007353798486292362,0,0,1,1,1,0,0,0,1
19,scratch,FN,19/0007.png,107,0.14100849628448486,0,0,1,1,1,0,0,0,1
19,scratch,FN,19/0007.png,108,0.31954458355903625,0,0,1,1,1,0,0,0,1
19,scratch,FN,19/0007.png,109,1.0913469791412354,0,0,1,1,1,0,0,0,1
19,scratch,FN,19/0007.png,110,0.0,0,0,1,1,1,0,0,0,1
19,scratch,FN,19/0007.png,111,0.014528270810842514,0,0,1,1,1,0,0,0,1
19,scratch,FN,19/0007.png,112,0.17881254851818085,0,0,1,1,1,0,0,0,1
19,scratch,FN,19/0007.png,113,0.00201392755843699,0,0,1,1,1,0,0,0,1
19,scratch,FN,19/0007.png,114,0.14533907175064087,0,0,1,1,1,0,0,0,1
19,scratch,FN,19/0007.png,115,0.0,0,0,1,1,1,0,0,0,1
19,scratch,FN,19/0007.png,116,0.0,0,0,1,1,1,0,0,0,1
19,scratch,FN,19/0007.png,117,0.25691747665405273,0,0,1,1,1,0,0,0,1
19,scratch,FN,19/0007.png,118,0.2644108533859253,0,0,1,1,1,0,0,0,1
19,scratch,FN,19/0007.png,119,0.3700904846191406,0,0,1,1,1,0,0,0,1
19,scratch,FN,19/0007.png,120,0.26788949966430664,0,0,1,1,1,0,0,0,1
19,scratch,FN,19/0007.png,121,0.029305944219231606,0,0,1,1,1,0,0,0,1
19,scratch,FN,19/0007.png,122,0.14453242719173431,0,0,1,1,1,0,0,0,1
19,scratch,FN,19/0007.png,123,0.03671548143029213,0,0,1,1,1,0,0,0,1
19,scratch,FN,19/0007.png,124,1.4310799837112427,0,0,1,1,1,0,0,0,1
19,scratch,FN,19/0007.png,125,0.07315010577440262,0,0,1,1,1,0,0,0,1
19,scratch,FN,19/0007.png,126,0.34976908564567566,0,0,1,1,1,0,0,0,1
19,scratch,FN,19/0007.png,127,0.10221987217664719,0,0,1,1,1,0,0,0,1
19,scratch,FN,19/0007.png,128,0.09943263232707977,0,0,1,1,1,0,0,0,1
19,scratch,FN,19/0007.png,129,0.6963361501693726,0,0,1,1,1,0,0,0,1
19,scratch,FN,19/0007.png,130,0.06501780450344086,0,0,1,1,1,0,0,0,1
19,scratch,FN,19/0007.png,131,0.20641210675239563,0,0,1,1,1,0,0,0,1
19,scratch,FN,19/0007.png,132,0.14964258670806885,0,0,1,1,1,0,0,0,1
19,scratch,FN,19/0007.png,133,0.0,0,0,1,1,1,0,0,0,1
19,scratch,FN,19/0007.png,134,0.0,0,0,1,1,1,0,0,0,1
19,scratch,FN,19/0007.png,135,0.2050524204969406,0,0,1,1,1,0,0,0,1
19,scratch,FN,19/0007.png,136,0.1899956315755844,0,0,1,1,1,0,0,0,1
19,scratch,FN,19/0007.png,137,0.025172773748636246,0,0,1,1,1,0,0,0,1
19,scratch,FN,19/0007.png,138,0.0676877573132515,0,0,1,1,1,0,0,0,1
19,scratch,FN,19/0007.png,139,0.5324815511703491,0,0,1,1,1,0,0,0,1
19,scratch,FN,19/0007.png,140,0.0048010521568357944,0,0,1,1,1,0,0,0,1
19,scratch,FN,19/0007.png,141,0.08748092502355576,0,0,1,1,1,0,0,0,1
19,scratch,FN,19/0007.png,142,0.211770698428154,0,0,1,1,1,0,0,0,1
19,scratch,FN,19/0007.png,143,0.0,0,0,1,1,1,0,0,0,1
19,scratch,FN,19/0007.png,144,0.47291937470436096,0,0,1,1,1,0,0,0,1
19,scratch,FN,19/0007.png,145,0.09090763330459595,0,0,1,1,1,0,0,0,1
19,scratch,FN,19/0007.png,146,0.22398516535758972,0,0,1,1,1,0,0,0,1
19,scratch,FN,19/0007.png,147,1.2415956258773804,0,0,1,1,1,0,0,0,1
19,scratch,FN,19/0007.png,148,0.1996202915906906,0,0,1,1,1,0,0,0,1
19,scratch,FN,19/0007.png,149,0.3213006854057312,0,0,1,1,1,0,0,0,1
19,scratch,FN,19/0007.png,150,0.0,0,0,1,1,1,0,0,0,1
19,scratch,FN,19/0007.png,151,0.22462089359760284,0,0,1,1,1,0,0,0,1
19,scratch,FN,19/0007.png,152,1.0187292098999023,0,0,1,1,1,0,0,0,1
19,scratch,FN,19/0007.png,153,0.7790193557739258,0,0,1,1,1,0,0,0,1
19,scratch,FN,19/0007.png,154,0.6430313587188721,0,0,1,1,1,0,0,0,1
19,scratch,FN,19/0007.png,155,0.20749245584011078,0,0,1,1,1,0,0,0,1
19,scratch,FN,19/0007.png,156,0.2680635452270508,0,0,1,1,1,0,0,0,1
19,scratch,FN,19/0007.png,157,0.2321251481771469,0,0,1,1,1,0,0,0,1
19,scratch,FN,19/0007.png,158,0.8330365419387817,0,0,1,1,1,0,0,0,1
19,scratch,FN,19/0007.png,159,0.3670812249183655,0,0,1,1,1,0,0,0,1
19,scratch,FN,19/0007.png,160,0.5164055824279785,0,0,1,1,1,0,0,0,1
19,scratch,FN,19/0007.png,161,1.279793620109558,0,0,1,1,1,0,0,0,1
19,scratch,FN,19/0007.png,162,0.012769476510584354,0,0,1,1,1,0,0,0,1
19,scratch,FN,19/0007.png,163,0.3089706003665924,0,0,1,1,1,0,0,0,1
19,scratch,FN,19/0007.png,164,0.0,0,0,1,1,1,0,0,0,1
19,scratch,FN,19/0007.png,165,0.3726459741592407,0,0,1,1,1,0,0,0,1
19,scratch,FN,19/0007.png,166,0.2143726795911789,0,0,1,1,1,0,0,0,1
19,scratch,FN,19/0007.png,167,0.7513857483863831,0,0,1,1,1,0,0,0,1
19,scratch,FN,19/0007.png,168,0.0,0,0,1,1,1,0,0,0,1
19,scratch,FN,19/0007.png,169,0.1302158534526825,0,0,1,1,1,0,0,0,1
19,scratch,FN,19/0007.png,170,0.0,0,0,1,1,1,0,0,0,1
19,scratch,FN,19/0007.png,171,0.05872531980276108,0,0,1,1,1,0,0,0,1
19,scratch,FN,19/0007.png,172,0.0,0,0,1,1,1,0,0,0,1
19,scratch,FN,19/0007.png,173,0.8567006587982178,0,0,1,1,1,0,0,0,1
19,scratch,FN,19/0007.png,174,0.12893709540367126,0,0,1,1,1,0,0,0,1
19,scratch,FN,19/0007.png,175,0.5022021532058716,0,0,1,1,1,0,0,0,1
19,scratch,FN,19/0007.png,176,0.03214499354362488,0,0,1,1,1,0,0,0,1
19,scratch,FN,19/0007.png,177,0.09189073741436005,0,0,1,1,1,0,0,0,1
19,scratch,FN,19/0007.png,178,0.0,0,0,1,1,1,0,0,0,1
19,scratch,FN,19/0007.png,179,0.4362233579158783,0,0,1,1,1,0,0,0,1
19,scratch,FN,19/0007.png,180,0.5508274435997009,0,0,1,1,1,0,0,0,1
19,scratch,FN,19/0007.png,181,0.014293988235294819,0,0,1,1,1,0,0,0,1
19,scratch,FN,19/0007.png,182,0.0,0,0,1,1,1,0,0,0,1
19,scratch,FN,19/0007.png,183,0.5679567456245422,0,0,1,1,1,0,0,0,1
19,scratch,FN,19/0007.png,184,0.07468971610069275,0,0,1,1,1,0,0,0,1
19,scratch,FN,19/0007.png,185,0.1587797999382019,0,0,1,1,1,0,0,0,1
19,scratch,FN,19/0007.png,186,0.410165011882782,0,0,1,1,1,0,0,0,1
19,scratch,FN,19/0007.png,187,0.4998707175254822,0,0,1,1,1,0,0,0,1
19,scratch,FN,19/0007.png,188,0.20204991102218628,0,0,1,1,1,0,0,0,1
19,scratch,FN,19/0007.png,189,0.0,0,0,1,1,1,0,0,0,1
19,scratch,FN,19/0007.png,190,0.20424333214759827,0,0,1,1,1,0,0,0,1
19,scratch,FN,19/0007.png,191,0.0,0,0,1,1,1,0,0,0,1
19,scratch,FN,19/0007.png,192,0.08612409234046936,0,0,1,1,1,0,0,0,1
19,scratch,FN,19/0007.png,193,0.35958045721054077,0,0,1,1,1,0,0,0,1
19,scratch,FN,19/0007.png,194,0.07558802515268326,0,0,1,1,1,0,0,0,1
19,scratch,FN,19/0007.png,195,0.06464351713657379,0,0,1,1,1,0,0,0,1
19,scratch,FN,19/0007.png,196,0.440935879945755,0,0,1,1,1,0,0,0,1
19,scratch,FN,19/0007.png,197,0.2463883012533188,0,0,1,1,1,0,0,0,1
19,scratch,FN,19/0007.png,198,0.6024015545845032,0,0,1,1,1,0,0,0,1
19,scratch,FN,19/0007.png,199,0.4595658481121063,0,0,1,1,1,0,0,0,1
19,scratch,FN,19/0007.png,200,0.0022610577289015055,0,0,1,1,1,0,0,0,1
19,scratch,FN,19/0007.png,201,0.001040007104165852,0,0,1,1,1,0,0,0,1
19,scratch,FN,19/0007.png,202,1.1636035442352295,0,0,1,1,1,0,0,0,1
19,scratch,FN,19/0007.png,203,0.08392162621021271,0,0,1,1,1,0,0,0,1
19,scratch,FN,19/0007.png,204,0.12724193930625916,0,0,1,1,1,0,0,0,1
19,scratch,FN,19/0007.png,205,0.29136770963668823,0,0,1,1,1,0,0,0,1
19,scratch,FN,19/0007.png,206,0.21411681175231934,0,0,1,1,1,0,0,0,1
19,scratch,FN,19/0007.png,207,0.27415648102760315,0,0,1,1,1,0,0,0,1
19,scratch,FN,19/0007.png,208,0.4139139652252197,0,0,1,1,1,0,0,0,1
19,scratch,FN,19/0007.png,209,0.21847078204154968,0,0,1,1,1,0,0,0,1
19,scratch,FN,19/0007.png,210,0.5591186285018921,0,0,1,1,1,0,0,0,1
19,scratch,FN,19/0007.png,211,0.0,0,0,1,1,1,0,0,0,1
19,scratch,FN,19/0007.png,212,0.4022678732872009,0,0,1,1,1,0,0,0,1
19,scratch,FN,19/0007.png,213,0.04258446767926216,0,0,1,1,1,0,0,0,1
19,scratch,FN,19/0007.png,214,1.5678502321243286,0,0,1,1,1,0,0,0,1
19,scratch,FN,19/0007.png,215,0.0,0,0,1,1,1,0,0,0,1
19,scratch,FN,19/0007.png,216,0.6100369095802307,0,0,1,1,1,0,0,0,1
19,scratch,FN,19/0007.png,217,0.011121888644993305,0,0,1,1,1,0,0,0,1
19,scratch,FN,19/0007.png,218,1.013798713684082,0,0,1,1,1,0,0,0,1
19,scratch,FN,19/0007.png,219,0.021834786981344223,0,0,1,1,1,0,0,0,1
19,scratch,FN,19/0007.png,220,0.9966456890106201,0,0,1,1,1,0,0,0,1
19,scratch,FN,19/0007.png,221,0.0,0,0,1,1,1,0,0,0,1
19,scratch,FN,19/0007.png,222,0.1445482075214386,0,0,1,1,1,0,0,0,1
19,scratch,FN,19/0007.png,223,0.31763795018196106,0,0,1,1,1,0,0,0,1
19,scratch,FN,19/0007.png,224,0.19128823280334473,0,0,1,1,1,0,0,0,1
19,scratch,FN,19/0007.png,225,1.115938425064087,0,0,1,1,1,0,0,0,1
19,scratch,FN,19/0007.png,226,0.0,0,0,1,1,1,0,0,0,1
19,scratch,FN,19/0007.png,227,0.16066953539848328,0,0,1,1,1,0,0,0,1
19,scratch,FN,19/0007.png,228,0.1612595170736313,0,0,1,1,1,0,0,0,1
19,scratch,FN,19/0007.png,229,0.0,0,0,1,1,1,0,0,0,1
19,scratch,FN,19/0007.png,230,0.0,0,0,1,1,1,0,0,0,1
19,scratch,FN,19/0007.png,231,0.0,0,0,1,1,1,0,0,0,1
19,scratch,FN,19/0007.png,232,0.13834114372730255,0,0,1,1,1,0,0,0,1
19,scratch,FN,19/0007.png,233,0.0,0,0,1,1,1,0,0,0,1
19,scratch,FN,19/0007.png,234,0.0357866995036602,0,0,1,1,1,0,0,0,1
19,scratch,FN,19/0007.png,235,0.02993328683078289,0,0,1,1,1,0,0,0,1
19,scratch,FN,19/0007.png,236,1.0872201919555664,0,0,1,1,1,0,0,0,1
19,scratch,FN,19/0007.png,237,0.2115171253681183,0,0,1,1,1,0,0,0,1
19,scratch,FN,19/0007.png,238,0.05273947864770889,0,0,1,1,1,0,0,0,1
19,scratch,FN,19/0007.png,239,0.029468966647982597,0,0,1,1,1,0,0,0,1
19,scratch,FN,19/0007.png,240,0.19077326357364655,0,0,1,1,1,0,0,0,1
19,scratch,FN,19/0007.png,241,0.0,0,0,1,1,1,0,0,0,1
19,scratch,FN,19/0007.png,242,1.6240509748458862,0,0,1,1,1,0,0,0,1
19,scratch,FN,19/0007.png,243,0.5818679332733154,0,0,1,1,1,0,0,0,1
19,scratch,FN,19/0007.png,244,0.4623575508594513,0,0,1,1,1,0,0,0,1
19,scratch,FN,19/0007.png,245,0.17200487852096558,0,0,1,1,1,0,0,0,1
19,scratch,FN,19/0007.png,246,1.2337749004364014,0,0,1,1,1,0,0,0,1
19,scratch,FN,19/0007.png,247,0.44026002287864685,0,0,1,1,1,0,0,0,1
19,scratch,FN,19/0007.png,248,0.29585012793540955,0,0,1,1,1,0,0,0,1
19,scratch,FN,19/0007.png,249,0.004090063273906708,0,0,1,1,1,0,0,0,1
19,scratch,FN,19/0007.png,250,0.3279329836368561,0,0,1,1,1,0,0,0,1
19,scratch,FN,19/0007.png,251,0.03316035494208336,0,0,1,1,1,0,0,0,1
19,scratch,FN,19/0007.png,252,0.018174737691879272,0,0,1,1,1,0,0,0,1
19,scratch,FN,19/0007.png,253,0.002141623990610242,0,0,1,1,1,0,0,0,1
19,scratch,FN,19/0007.png,254,0.0,0,0,1,1,1,0,0,0,1
19,scratch,FN,19/0007.png,255,0.06576082855463028,0,0,1,1,1,0,0,0,1
19,scratch,FN,19/0007.png,256,0.5321012139320374,0,0,1,1,1,0,0,0,1
19,scratch,FN,19/0007.png,257,0.044347673654556274,0,0,1,1,1,0,0,0,1
19,scratch,FN,19/0007.png,258,0.3072505593299866,0,0,1,1,1,0,0,0,1
19,scratch,FN,19/0007.png,259,0.08406045287847519,0,0,1,1,1,0,0,0,1
19,scratch,FN,19/0007.png,260,0.6939207315444946,0,0,1,1,1,0,0,0,1
19,scratch,FN,19/0007.png,261,0.2025371789932251,0,0,1,1,1,0,0,0,1
19,scratch,FN,19/0007.png,262,0.025534046813845634,0,0,1,1,1,0,0,0,1
19,scratch,FN,19/0007.png,263,0.128392294049263,0,0,1,1,1,0,0,0,1
19,scratch,FN,19/0007.png,264,0.30973756313323975,0,0,1,1,1,0,0,0,1
19,scratch,FN,19/0007.png,265,0.048451006412506104,0,0,1,1,1,0,0,0,1
19,scratch,FN,19/0007.png,266,0.03877934068441391,0,0,1,1,1,0,0,0,1
19,scratch,FN,19/0007.png,267,0.44223684072494507,0,0,1,1,1,0,0,0,1
19,scratch,FN,19/0007.png,268,0.2550240457057953,0,0,1,1,1,0,0,0,1
19,scratch,FN,19/0007.png,269,0.0,0,0,1,1,1,0,0,0,1
19,scratch,FN,19/0007.png,270,0.006555286701768637,0,0,1,1,1,0,0,0,1
19,scratch,FN,19/0007.png,271,0.06605839729309082,0,0,1,1,1,0,0,0,1
19,scratch,FN,19/0007.png,272,0.2792474627494812,0,0,1,1,1,0,0,0,1
19,scratch,FN,19/0007.png,273,0.0,0,0,1,1,1,0,0,0,1
19,scratch,FN,19/0007.png,274,0.052154622972011566,0,0,1,1,1,0,0,0,1
19,scratch,FN,19/0007.png,275,0.36011621356010437,0,0,1,1,1,0,0,0,1
19,scratch,FN,19/0007.png,276,0.05887988209724426,0,0,1,1,1,0,0,0,1
19,scratch,FN,19/0007.png,277,0.3377820551395416,0,0,1,1,1,0,0,0,1
19,scratch,FN,19/0007.png,278,0.27684086561203003,0,0,1,1,1,0,0,0,1
19,scratch,FN,19/0007.png,279,0.04014857858419418,0,0,1,1,1,0,0,0,1
19,scratch,FN,19/0007.png,280,0.016317417845129967,0,0,1,1,1,0,0,0,1
19,scratch,FN,19/0007.png,281,0.12594346702098846,0,0,1,1,1,0,0,0,1
19,scratch,FN,19/0007.png,282,0.1333082616329193,0,0,1,1,1,0,0,0,1
19,scratch,FN,19/0007.png,283,0.005349266342818737,0,0,1,1,1,0,0,0,1
19,scratch,FN,19/0007.png,284,0.03427349403500557,0,0,1,1,1,0,0,0,1
19,scratch,FN,19/0007.png,285,0.012309220619499683,0,0,1,1,1,0,0,0,1
19,scratch,FN,19/0007.png,286,0.3835867941379547,0,0,1,1,1,0,0,0,1
19,scratch,FN,19/0007.png,287,0.41242900490760803,0,0,1,1,1,0,0,0,1
19,scratch,FN,19/0007.png,288,1.252367377281189,0,0,1,1,1,0,0,0,1
19,scratch,FN,19/0007.png,289,1.491952657699585,0,0,1,1,1,0,0,0,1
19,scratch,FN,19/0007.png,290,0.11362237483263016,0,0,1,1,1,0,0,0,1
19,scratch,FN,19/0007.png,291,0.06117040291428566,0,0,1,1,1,0,0,0,1
19,scratch,FN,19/0007.png,292,0.0013183774426579475,0,0,1,1,1,0,0,0,1
19,scratch,FN,19/0007.png,293,1.7050660848617554,0,0,1,1,1,0,0,0,1
19,scratch,FN,19/0007.png,294,0.5081461668014526,0,0,1,1,1,0,0,0,1
19,scratch,FN,19/0007.png,295,0.0059684887528419495,0,0,1,1,1,0,0,0,1
19,scratch,FN,19/0007.png,296,0.5111508369445801,0,0,1,1,1,0,0,0,1
19,scratch,FN,19/0007.png,297,1.0048290491104126,0,0,1,1,1,0,0,0,1
19,scratch,FN,19/0007.png,298,0.9532315135002136,0,0,1,1,1,0,0,0,1
19,scratch,FN,19/0007.png,299,0.13472294807434082,0,0,1,1,1,0,0,0,1
19,scratch,FN,19/0007.png,300,0.29391685128211975,0,0,1,1,1,0,0,0,1
19,scratch,FN,19/0007.png,301,0.16069823503494263,0,0,1,1,1,0,0,0,1
19,scratch,FN,19/0007.png,302,0.05235934257507324,0,0,1,1,1,0,0,0,1
19,scratch,FN,19/0007.png,303,0.45349135994911194,0,0,1,1,1,0,0,0,1
19,scratch,FN,19/0007.png,304,0.22217167913913727,0,0,1,1,1,0,0,0,1
19,scratch,FN,19/0007.png,305,0.18224914371967316,0,0,1,1,1,0,0,0,1
19,scratch,FN,19/0007.png,306,0.06737244129180908,0,0,1,1,1,0,0,0,1
19,scratch,FN,19/0007.png,307,0.6288256645202637,0,0,1,1,1,0,0,0,1
19,scratch,FN,19/0007.png,308,0.28945034742355347,0,0,1,1,1,0,0,0,1
19,scratch,FN,19/0007.png,309,0.09144964814186096,0,0,1,1,1,0,0,0,1
19,scratch,FN,19/0007.png,310,0.1592721790075302,0,0,1,1,1,0,0,0,1
19,scratch,FN,19/0007.png,311,0.0001863953802967444,0,0,1,1,1,0,0,0,1
19,scratch,FN,19/0007.png,312,0.5490415692329407,0,0,1,1,1,0,0,0,1
19,scratch,FN,19/0007.png,313,0.28501611948013306,0,0,1,1,1,0,0,0,1
19,scratch,FN,19/0007.png,314,0.2726185917854309,0,0,1,1,1,0,0,0,1
19,scratch,FN,19/0007.png,315,0.0,0,0,1,1,1,0,0,0,1
19,scratch,FN,19/0007.png,316,0.0,0,0,1,1,1,0,0,0,1
19,scratch,FN,19/0007.png,317,0.0,0,0,1,1,1,0,0,0,1
19,scratch,FN,19/0007.png,318,0.6920170783996582,0,0,1,1,1,0,0,0,1
19,scratch,FN,19/0007.png,319,0.07338876277208328,0,0,1,1,1,0,0,0,1
19,scratch,FN,19/0007.png,320,0.0,0,0,1,1,1,0,0,0,1
19,scratch,FN,19/0007.png,321,0.013277100399136543,0,0,1,1,1,0,0,0,1
19,scratch,FN,19/0007.png,322,0.44735196232795715,0,0,1,1,1,0,0,0,1
19,scratch,FN,19/0007.png,323,0.672772228717804,0,0,1,1,1,0,0,0,1
19,scratch,FN,19/0007.png,324,0.4351711571216583,0,0,1,1,1,0,0,0,1
19,scratch,FN,19/0007.png,325,0.04979393258690834,0,0,1,1,1,0,0,0,1
19,scratch,FN,19/0007.png,326,1.336000680923462,0,0,1,1,1,0,0,0,1
19,scratch,FN,19/0007.png,327,0.30487871170043945,0,0,1,1,1,0,0,0,1
19,scratch,FN,19/0007.png,328,0.030492831021547318,0,0,1,1,1,0,0,0,1
19,scratch,FN,19/0007.png,329,1.087049126625061,0,0,1,1,1,0,0,0,1
19,scratch,FN,19/0007.png,330,0.001650952617637813,0,0,1,1,1,0,0,0,1
19,scratch,FN,19/0007.png,331,0.3196355998516083,0,0,1,1,1,0,0,0,1
19,scratch,FN,19/0007.png,332,0.2289338856935501,0,0,1,1,1,0,0,0,1
19,scratch,FN,19/0007.png,333,0.0,0,0,1,1,1,0,0,0,1
19,scratch,FN,19/0007.png,334,0.0003783525025937706,0,0,1,1,1,0,0,0,1
19,scratch,FN,19/0007.png,335,0.005273100454360247,0,0,1,1,1,0,0,0,1
19,scratch,FN,19/0007.png,336,0.3854857087135315,0,0,1,1,1,0,0,0,1
19,scratch,FN,19/0007.png,337,0.011591991409659386,0,0,1,1,1,0,0,0,1
19,scratch,FN,19/0007.png,338,1.1625287532806396,0,0,1,1,1,0,0,0,1
19,scratch,FN,19/0007.png,339,0.25601720809936523,0,0,1,1,1,0,0,0,1
19,scratch,FN,19/0007.png,340,0.0,0,0,1,1,1,0,0,0,1
19,scratch,FN,19/0007.png,341,0.27266067266464233,0,0,1,1,1,0,0,0,1
19,scratch,FN,19/0007.png,342,0.04991583526134491,0,0,1,1,1,0,0,0,1
19,scratch,FN,19/0007.png,343,0.055750083178281784,0,0,1,1,1,0,0,0,1
19,scratch,FN,19/0007.png,344,0.014185518957674503,0,0,1,1,1,0,0,0,1
19,scratch,FN,19/0007.png,345,0.20706699788570404,0,0,1,1,1,0,0,0,1
19,scratch,FN,19/0007.png,346,0.06673908233642578,0,0,1,1,1,0,0,0,1
19,scratch,FN,19/0007.png,347,0.5261797904968262,0,0,1,1,1,0,0,0,1
19,scratch,FN,19/0007.png,348,0.0,0,0,1,1,1,0,0,0,1
19,scratch,FN,19/0007.png,349,0.24115774035453796,0,0,1,1,1,0,0,0,1
19,scratch,FN,19/0007.png,350,0.007836121134459972,0,0,1,1,1,0,0,0,1
19,scratch,FN,19/0007.png,351,0.06428832560777664,0,0,1,1,1,0,0,0,1
19,scratch,FN,19/0007.png,352,0.3862660527229309,0,0,1,1,1,0,0,0,1
19,scratch,FN,19/0007.png,353,0.0014150455826893449,0,0,1,1,1,0,0,0,1
19,scratch,FN,19/0007.png,354,0.20036010444164276,0,0,1,1,1,0,0,0,1
19,scratch,FN,19/0007.png,355,0.0,0,0,1,1,1,0,0,0,1
19,scratch,FN,19/0007.png,356,0.4330171048641205,0,0,1,1,1,0,0,0,1
19,scratch,FN,19/0007.png,357,0.14471790194511414,0,0,1,1,1,0,0,0,1
19,scratch,FN,19/0007.png,358,0.09945302456617355,0,0,1,1,1,0,0,0,1
19,scratch,FN,19/0007.png,359,0.05396946147084236,0,0,1,1,1,0,0,0,1
19,scratch,FN,19/0007.png,360,0.0,0,0,1,1,1,0,0,0,1
19,scratch,FN,19/0007.png,361,0.2550244629383087,0,0,1,1,1,0,0,0,1
19,scratch,FN,19/0007.png,362,0.5996522903442383,0,0,1,1,1,0,0,0,1
19,scratch,FN,19/0007.png,363,0.10880281776189804,0,0,1,1,1,0,0,0,1
19,scratch,FN,19/0007.png,364,1.0423774719238281,0,0,1,1,1,0,0,0,1
19,scratch,FN,19/0007.png,365,0.0052223000675439835,0,0,1,1,1,0,0,0,1
19,scratch,FN,19/0007.png,366,0.37314143776893616,0,0,1,1,1,0,0,0,1
19,scratch,FN,19/0007.png,367,0.1300787329673767,0,0,1,1,1,0,0,0,1
19,scratch,FN,19/0007.png,368,0.17526951432228088,0,0,1,1,1,0,0,0,1
19,scratch,FN,19/0007.png,369,0.014662452973425388,0,0,1,1,1,0,0,0,1
19,scratch,FN,19/0007.png,370,0.14422479271888733,0,0,1,1,1,0,0,0,1
19,scratch,FN,19/0007.png,371,1.6891382932662964,0,0,1,1,1,0,0,0,1
19,scratch,FN,19/0007.png,372,0.35388973355293274,0,0,1,1,1,0,0,0,1
19,scratch,FN,19/0007.png,373,0.1570851057767868,0,0,1,1,1,0,0,0,1
19,scratch,FN,19/0007.png,374,0.0015459314454346895,0,0,1,1,1,0,0,0,1
19,scratch,FN,19/0007.png,375,0.4085986614227295,0,0,1,1,1,0,0,0,1
19,scratch,FN,19/0007.png,376,0.39567145705223083,0,0,1,1,1,0,0,0,1
19,scratch,FN,19/0007.png,377,0.04022292047739029,0,0,1,1,1,0,0,0,1
19,scratch,FN,19/0007.png,378,0.5759655833244324,0,0,1,1,1,0,0,0,1
19,scratch,FN,19/0007.png,379,0.11438103020191193,0,0,1,1,1,0,0,0,1
19,scratch,FN,19/0007.png,380,0.34884098172187805,0,0,1,1,1,0,0,0,1
19,scratch,FN,19/0007.png,381,0.48900848627090454,0,0,1,1,1,0,0,0,1
19,scratch,FN,19/0007.png,382,0.6228498220443726,0,0,1,1,1,0,0,0,1
19,scratch,FN,19/0007.png,383,0.3612629771232605,0,0,1,1,1,0,0,0,1
19,scratch,FN,19/0007.png,384,0.0,0,0,1,1,1,0,0,0,1
19,scratch,FN,19/0007.png,385,0.06400908529758453,0,0,1,1,1,0,0,0,1
19,scratch,FN,19/0007.png,386,0.026364445686340332,0,0,1,1,1,0,0,0,1
19,scratch,FN,19/0007.png,387,0.46944719552993774,0,0,1,1,1,0,0,0,1
19,scratch,FN,19/0007.png,388,0.0,0,0,1,1,1,0,0,0,1
19,scratch,FN,19/0007.png,389,0.9741902351379395,0,0,1,1,1,0,0,0,1
19,scratch,FN,19/0007.png,390,0.3376885652542114,0,0,1,1,1,0,0,0,1
19,scratch,FN,19/0007.png,391,0.3026203513145447,0,0,1,1,1,0,0,0,1
19,scratch,FN,19/0007.png,392,0.0662190169095993,0,0,1,1,1,0,0,0,1
19,scratch,FN,19/0007.png,393,0.645142138004303,0,0,1,1,1,0,0,0,1
19,scratch,FN,19/0007.png,394,0.0,0,0,1,1,1,0,0,0,1
19,scratch,FN,19/0007.png,395,0.0,0,0,1,1,1,0,0,0,1
19,scratch,FN,19/0007.png,396,1.832112193107605,0,0,1,1,1,0,0,0,1
19,scratch,FN,19/0007.png,397,0.06969156116247177,0,0,1,1,1,0,0,0,1
19,scratch,FN,19/0007.png,398,0.0034843662288039923,0,0,1,1,1,0,0,0,1
19,scratch,FN,19/0007.png,399,0.0,0,0,1,1,1,0,0,0,1
19,scratch,FN,19/0007.png,400,0.0,0,0,1,1,1,0,0,0,1
19,scratch,FN,19/0007.png,401,0.4128321707248688,0,0,1,1,1,0,0,0,1
19,scratch,FN,19/0007.png,402,0.04016032814979553,0,0,1,1,1,0,0,0,1
19,scratch,FN,19/0007.png,403,1.129960298538208,0,0,1,1,1,0,0,0,1
19,scratch,FN,19/0007.png,404,0.46390408277511597,0,0,1,1,1,0,0,0,1
19,scratch,FN,19/0007.png,405,0.23073120415210724,0,0,1,1,1,0,0,0,1
19,scratch,FN,19/0007.png,406,0.07028660923242569,0,0,1,1,1,0,0,0,1
19,scratch,FN,19/0007.png,407,0.0,0,0,1,1,1,0,0,0,1
19,scratch,FN,19/0007.png,408,0.8690327405929565,0,0,1,1,1,0,0,0,1
19,scratch,FN,19/0007.png,409,0.0014529217733070254,0,0,1,1,1,0,0,0,1
19,scratch,FN,19/0007.png,410,0.2781503200531006,0,0,1,1,1,0,0,0,1
19,scratch,FN,19/0007.png,411,0.11946989595890045,0,0,1,1,1,0,0,0,1
19,scratch,FN,19/0007.png,412,0.0001773133990354836,0,0,1,1,1,0,0,0,1
19,scratch,FN,19/0007.png,413,0.6865638494491577,0,0,1,1,1,0,0,0,1
19,scratch,FN,19/0007.png,414,0.06476627290248871,0,0,1,1,1,0,0,0,1
19,scratch,FN,19/0007.png,415,0.7633671164512634,0,0,1,1,1,0,0,0,1
19,scratch,FN,19/0007.png,416,0.0,0,0,1,1,1,0,0,0,1
19,scratch,FN,19/0007.png,417,0.011090611107647419,0,0,1,1,1,0,0,0,1
19,scratch,FN,19/0007.png,418,0.17129921913146973,0,0,1,1,1,0,0,0,1
19,scratch,FN,19/0007.png,419,0.0014552249340340495,0,0,1,1,1,0,0,0,1
19,scratch,FN,19/0007.png,420,0.0679481104016304,0,0,1,1,1,0,0,0,1
19,scratch,FN,19/0007.png,421,0.022110184654593468,0,0,1,1,1,0,0,0,1
19,scratch,FN,19/0007.png,422,0.018482161685824394,0,0,1,1,1,0,0,0,1
19,scratch,FN,19/0007.png,423,0.1581575870513916,0,0,1,1,1,0,0,0,1
19,scratch,FN,19/0007.png,424,0.02247239649295807,0,0,1,1,1,0,0,0,1
19,scratch,FN,19/0007.png,425,0.1978410929441452,0,0,1,1,1,0,0,0,1
19,scratch,FN,19/0007.png,426,1.6300568580627441,0,0,1,1,1,0,0,0,1
19,scratch,FN,19/0007.png,427,0.16572299599647522,0,0,1,1,1,0,0,0,1
19,scratch,FN,19/0007.png,428,0.46883320808410645,0,0,1,1,1,0,0,0,1
19,scratch,FN,19/0007.png,429,0.05623933672904968,0,0,1,1,1,0,0,0,1
19,scratch,FN,19/0007.png,430,0.26498204469680786,0,0,1,1,1,0,0,0,1
19,scratch,FN,19/0007.png,431,0.0,0,0,1,1,1,0,0,0,1
19,scratch,FN,19/0007.png,432,1.0372694730758667,0,0,1,1,1,0,0,0,1
19,scratch,FN,19/0007.png,433,0.18022984266281128,0,0,1,1,1,0,0,0,1
19,scratch,FN,19/0007.png,434,0.0,0,0,1,1,1,0,0,0,1
19,scratch,FN,19/0007.png,435,0.005399048328399658,0,0,1,1,1,0,0,0,1
19,scratch,FN,19/0007.png,436,0.0,0,0,1,1,1,0,0,0,1
19,scratch,FN,19/0007.png,437,0.08156013488769531,0,0,1,1,1,0,0,0,1
19,scratch,FN,19/0007.png,438,0.35549673438072205,0,0,1,1,1,0,0,0,1
19,scratch,FN,19/0007.png,439,1.0148893594741821,0,0,1,1,1,0,0,0,1
19,scratch,FN,19/0007.png,440,0.23956388235092163,0,0,1,1,1,0,0,0,1
19,scratch,FN,19/0007.png,441,0.0,0,0,1,1,1,0,0,0,1
19,scratch,FN,19/0007.png,442,0.070595882833004,0,0,1,1,1,0,0,0,1
19,scratch,FN,19/0007.png,443,0.16297799348831177,0,0,1,1,1,0,0,0,1
19,scratch,FN,19/0007.png,444,0.4791598320007324,0,0,1,1,1,0,0,0,1
19,scratch,FN,19/0007.png,445,0.04882151260972023,0,0,1,1,1,0,0,0,1
19,scratch,FN,19/0007.png,446,0.6911574602127075,0,0,1,1,1,0,0,0,1
19,scratch,FN,19/0007.png,447,0.5310883522033691,0,0,1,1,1,0,0,0,1
19,scratch,FN,19/0007.png,448,0.980293869972229,0,0,1,1,1,0,0,0,1
19,scratch,FN,19/0007.png,449,1.0315585136413574,0,0,1,1,1,0,0,0,1
19,scratch,FN,19/0007.png,450,0.1076771691441536,0,0,1,1,1,0,0,0,1
19,scratch,FN,19/0007.png,451,0.0,0,0,1,1,1,0,0,0,1
19,scratch,FN,19/0007.png,452,0.0,0,0,1,1,1,0,0,0,1
19,scratch,FN,19/0007.png,453,0.2901700437068939,0,0,1,1,1,0,0,0,1
19,scratch,FN,19/0007.png,454,0.019087249413132668,0,0,1,1,1,0,0,0,1
19,scratch,FN,19/0007.png,455,0.23619821667671204,0,0,1,1,1,0,0,0,1
19,scratch,FN,19/0007.png,456,5.2225528634153306e-05,0,0,1,1,1,0,0,0,1
19,scratch,FN,19/0007.png,457,0.4481545388698578,0,0,1,1,1,0,0,0,1
19,scratch,FN,19/0007.png,458,0.0,0,0,1,1,1,0,0,0,1
19,scratch,FN,19/0007.png,459,0.5967578291893005,0,0,1,1,1,0,0,0,1
19,scratch,FN,19/0007.png,460,0.10981505364179611,0,0,1,1,1,0,0,0,1
19,scratch,FN,19/0007.png,461,0.047463685274124146,0,0,1,1,1,0,0,0,1
19,scratch,FN,19/0007.png,462,0.0,0,0,1,1,1,0,0,0,1
19,scratch,FN,19/0007.png,463,0.08928021788597107,0,0,1,1,1,0,0,0,1
19,scratch,FN,19/0007.png,464,1.3482584953308105,0,0,1,1,1,0,0,0,1
19,scratch,FN,19/0007.png,465,0.0,0,0,1,1,1,0,0,0,1
19,scratch,FN,19/0007.png,466,0.018898766487836838,0,0,1,1,1,0,0,0,1
19,scratch,FN,19/0007.png,467,0.11008007824420929,0,0,1,1,1,0,0,0,1
19,scratch,FN,19/0007.png,468,0.0,0,0,1,1,1,0,0,0,1
19,scratch,FN,19/0007.png,469,1.4705252647399902,0,0,1,1,1,0,0,0,1
19,scratch,FN,19/0007.png,470,0.2765588164329529,0,0,1,1,1,0,0,0,1
19,scratch,FN,19/0007.png,471,0.0,0,0,1,1,1,0,0,0,1
19,scratch,FN,19/0007.png,472,0.0063810949213802814,0,0,1,1,1,0,0,0,1
19,scratch,FN,19/0007.png,473,0.35616421699523926,0,0,1,1,1,0,0,0,1
19,scratch,FN,19/0007.png,474,0.35502204298973083,0,0,1,1,1,0,0,0,1
19,scratch,FN,19/0007.png,475,0.48986220359802246,0,0,1,1,1,0,0,0,1
19,scratch,FN,19/0007.png,476,0.0,0,0,1,1,1,0,0,0,1
19,scratch,FN,19/0007.png,477,0.16554535925388336,0,0,1,1,1,0,0,0,1
19,scratch,FN,19/0007.png,478,0.10088971257209778,0,0,1,1,1,0,0,0,1
19,scratch,FN,19/0007.png,479,0.0008893955964595079,0,0,1,1,1,0,0,0,1
19,scratch,FN,19/0007.png,480,0.008568509481847286,0,0,1,1,1,0,0,0,1
19,scratch,FN,19/0007.png,481,0.14096279442310333,0,0,1,1,1,0,0,0,1
19,scratch,FN,19/0007.png,482,0.932070255279541,0,0,1,1,1,0,0,0,1
19,scratch,FN,19/0007.png,483,0.15132680535316467,0,0,1,1,1,0,0,0,1
19,scratch,FN,19/0007.png,484,0.0,0,0,1,1,1,0,0,0,1
19,scratch,FN,19/0007.png,485,0.0,0,0,1,1,1,0,0,0,1
19,scratch,FN,19/0007.png,486,0.06242513284087181,0,0,1,1,1,0,0,0,1
19,scratch,FN,19/0007.png,487,1.6559419631958008,0,0,1,1,1,0,0,0,1
19,scratch,FN,19/0007.png,488,0.08065096288919449,0,0,1,1,1,0,0,0,1
19,scratch,FN,19/0007.png,489,0.016041668131947517,0,0,1,1,1,0,0,0,1
19,scratch,FN,19/0007.png,490,0.050247762352228165,0,0,1,1,1,0,0,0,1
19,scratch,FN,19/0007.png,491,0.6884282231330872,0,0,1,1,1,0,0,0,1
19,scratch,FN,19/0007.png,492,0.2597948908805847,0,0,1,1,1,0,0,0,1
19,scratch,FN,19/0007.png,493,0.05265607312321663,0,0,1,1,1,0,0,0,1
19,scratch,FN,19/0007.png,494,0.2865763008594513,0,0,1,1,1,0,0,0,1
19,scratch,FN,19/0007.png,495,0.06576515734195709,0,0,1,1,1,0,0,0,1
19,scratch,FN,19/0007.png,496,0.6543777585029602,0,0,1,1,1,0,0,0,1
19,scratch,FN,19/0007.png,497,0.19702161848545074,0,0,1,1,1,0,0,0,1
19,scratch,FN,19/0007.png,498,0.07891853898763657,0,0,1,1,1,0,0,0,1
19,scratch,FN,19/0007.png,499,0.27267545461654663,0,0,1,1,1,0,0,0,1
19,scratch,FN,19/0007.png,500,0.3425731360912323,0,0,1,1,1,0,0,0,1
19,scratch,FN,19/0007.png,501,1.627151608467102,0,0,1,1,1,0,0,0,1
19,scratch,FN,19/0007.png,502,0.49219223856925964,0,0,1,1,1,0,0,0,1
19,scratch,FN,19/0007.png,503,0.9001585245132446,0,0,1,1,1,0,0,0,1
19,scratch,FN,19/0007.png,504,0.13088205456733704,0,0,1,1,1,0,0,0,1
19,scratch,FN,19/0007.png,505,0.0,0,0,1,1,1,0,0,0,1
19,scratch,FN,19/0007.png,506,0.0348537340760231,0,0,1,1,1,0,0,0,1
19,scratch,FN,19/0007.png,507,0.12513382732868195,0,0,1,1,1,0,0,0,1
19,scratch,FN,19/0007.png,508,0.17137984931468964,0,0,1,1,1,0,0,0,1
19,scratch,FN,19/0007.png,509,0.5335922837257385,0,0,1,1,1,0,0,0,1
19,scratch,FN,19/0007.png,510,0.483904093503952,0,0,1,1,1,0,0,0,1
19,scratch,FN,19/0007.png,511,0.1348227858543396,0,0,1,1,1,0,0,0,1
19,scratch,TN,19/0006.png,0,0.45192277431488037,0,0,1,1,0,0,0,0,1
19,scratch,TN,19/0006.png,1,0.018488023430109024,0,0,1,1,0,0,0,0,1
19,scratch,TN,19/0006.png,2,0.0,0,0,1,1,0,0,0,0,1
19,scratch,TN,19/0006.png,3,0.03945395350456238,0,0,1,1,0,0,0,0,1
19,scratch,TN,19/0006.png,4,0.8408985733985901,0,0,1,1,0,0,0,0,1
19,scratch,TN,19/0006.png,5,0.1492612063884735,0,0,1,1,0,0,0,0,1
19,scratch,TN,19/0006.png,6,0.08140977472066879,0,0,1,1,0,0,0,0,1
19,scratch,TN,19/0006.png,7,0.13358263671398163,0,0,1,1,0,0,0,0,1
19,scratch,TN,19/0006.png,8,0.08421507477760315,0,0,1,1,0,0,0,0,1
19,scratch,TN,19/0006.png,9,0.7909915447235107,0,0,1,1,0,0,0,0,1
19,scratch,TN,19/0006.png,10,0.0,0,0,1,1,0,0,0,0,1
19,scratch,TN,19/0006.png,11,0.18587727844715118,0,0,1,1,0,0,0,0,1
19,scratch,TN,19/0006.png,12,0.05910813435912132,0,0,1,1,0,0,0,0,1
19,scratch,TN,19/0006.png,13,0.011471101082861423,0,0,1,1,0,0,0,0,1
19,scratch,TN,19/0006.png,14,0.02846270613372326,0,0,1,1,0,0,0,0,1
19,scratch,TN,19/0006.png,15,0.17125670611858368,0,0,1,1,0,0,0,0,1
19,scratch,TN,19/0006.png,16,0.3028401732444763,0,0,1,1,0,0,0,0,1
19,scratch,TN,19/0006.png,17,0.02800275757908821,0,0,1,1,0,0,0,0,1
19,scratch,TN,19/0006.png,18,1.4657297134399414,0,0,1,1,0,0,0,0,1
19,scratch,TN,19/0006.png,19,0.31579288840293884,0,0,1,1,0,0,0,0,1
19,scratch,TN,19/0006.png,20,1.2247607707977295,0,0,1,1,0,0,0,0,1
19,scratch,TN,19/0006.png,21,0.14961384236812592,0,0,1,1,0,0,0,0,1
19,scratch,TN,19/0006.png,22,0.4607516825199127,0,0,1,1,0,0,0,0,1
19,scratch,TN,19/0006.png,23,0.009653164073824883,0,0,1,1,0,0,0,0,1
19,scratch,TN,19/0006.png,24,0.20452135801315308,0,0,1,1,0,0,0,0,1
19,scratch,TN,19/0006.png,25,0.8350054621696472,0,0,1,1,0,0,0,0,1
19,scratch,TN,19/0006.png,26,0.0,0,0,1,1,0,0,0,0,1
19,scratch,TN,19/0006.png,27,1.1743295192718506,0,0,1,1,0,0,0,0,1
19,scratch,TN,19/0006.png,28,0.04871303215622902,0,0,1,1,0,0,0,0,1
19,scratch,TN,19/0006.png,29,0.0066907089203596115,0,0,1,1,0,0,0,0,1
19,scratch,TN,19/0006.png,30,0.005415317136794329,0,0,1,1,0,0,0,0,1
19,scratch,TN,19/0006.png,31,0.12796474993228912,0,0,1,1,0,0,0,0,1
19,scratch,TN,19/0006.png,32,0.07879278808832169,0,0,1,1,0,0,0,0,1
19,scratch,TN,19/0006.png,33,0.17882275581359863,0,0,1,1,0,0,0,0,1
19,scratch,TN,19/0006.png,34,0.5960420966148376,0,0,1,1,0,0,0,0,1
19,scratch,TN,19/0006.png,35,0.030481956899166107,0,0,1,1,0,0,0,0,1
19,scratch,TN,19/0006.png,36,0.3932974636554718,0,0,1,1,0,0,0,0,1
19,scratch,TN,19/0006.png,37,0.0,0,0,1,1,0,0,0,0,1
19,scratch,TN,19/0006.png,38,1.7464951276779175,0,0,1,1,0,0,0,0,1
19,scratch,TN,19/0006.png,39,0.4333527088165283,0,0,1,1,0,0,0,0,1
19,scratch,TN,19/0006.png,40,0.16620320081710815,0,0,1,1,0,0,0,0,1
19,scratch,TN,19/0006.png,41,0.13518476486206055,0,0,1,1,0,0,0,0,1
19,scratch,TN,19/0006.png,42,0.021143650636076927,0,0,1,1,0,0,0,0,1
19,scratch,TN,19/0006.png,43,1.4423085451126099,0,0,1,1,0,0,0,0,1
19,scratch,TN,19/0006.png,44,0.8352259397506714,0,0,1,1,0,0,0,0,1
19,scratch,TN,19/0006.png,45,0.08366954326629639,0,0,1,1,0,0,0,0,1
19,scratch,TN,19/0006.png,46,0.278666228055954,0,0,1,1,0,0,0,0,1
19,scratch,TN,19/0006.png,47,0.64101642370224,0,0,1,1,0,0,0,0,1
19,scratch,TN,19/0006.png,48,1.3815726041793823,0,0,1,1,0,0,0,0,1
19,scratch,TN,19/0006.png,49,0.0448509156703949,0,0,1,1,0,0,0,0,1
19,scratch,TN,19/0006.png,50,0.12409918755292892,0,0,1,1,0,0,0,0,1
19,scratch,TN,19/0006.png,51,0.014189757406711578,0,0,1,1,0,0,0,0,1
19,scratch,TN,19/0006.png,52,0.024168403819203377,0,0,1,1,0,0,0,0,1
19,scratch,TN,19/0006.png,53,1.2366743087768555,0,0,1,1,0,0,0,0,1
19,scratch,TN,19/0006.png,54,0.0,0,0,1,1,0,0,0,0,1
19,scratch,TN,19/0006.png,55,0.11931423097848892,0,0,1,1,0,0,0,0,1
19,scratch,TN,19/0006.png,56,1.569348692893982,0,0,1,1,0,0,0,0,1
19,scratch,TN,19/0006.png,57,0.002960403449833393,0,0,1,1,0,0,0,0,1
19,scratch,TN,19/0006.png,58,0.4082568287849426,0,0,1,1,0,0,0,0,1
19,scratch,TN,19/0006.png,59,0.024645235389471054,0,0,1,1,0,0,0,0,1
19,scratch,TN,19/0006.png,60,0.0,0,0,1,1,0,0,0,0,1
19,scratch,TN,19/0006.png,61,0.02496032789349556,0,0,1,1,0,0,0,0,1
19,scratch,TN,19/0006.png,62,0.15573053061962128,0,0,1,1,0,0,0,0,1
19,scratch,TN,19/0006.png,63,0.0,0,0,1,1,0,0,0,0,1
19,scratch,TN,19/0006.png,64,0.417682409286499,0,0,1,1,0,0,0,0,1
19,scratch,TN,19/0006.png,65,0.0,0,0,1,1,0,0,0,0,1
19,scratch,TN,19/0006.png,66,0.38330861926078796,0,0,1,1,0,0,0,0,1
19,scratch,TN,19/0006.png,67,0.17583289742469788,0,0,1,1,0,0,0,0,1
19,scratch,TN,19/0006.png,68,0.39733070135116577,0,0,1,1,0,0,0,0,1
19,scratch,TN,19/0006.png,69,0.007631154730916023,0,0,1,1,0,0,0,0,1
19,scratch,TN,19/0006.png,70,0.2098209410905838,0,0,1,1,0,0,0,0,1
19,scratch,TN,19/0006.png,71,0.7928529977798462,0,0,1,1,0,0,0,0,1
19,scratch,TN,19/0006.png,72,0.32555919885635376,0,0,1,1,0,0,0,0,1
19,scratch,TN,19/0006.png,73,0.549122154712677,0,0,1,1,0,0,0,0,1
19,scratch,TN,19/0006.png,74,0.08026249706745148,0,0,1,1,0,0,0,0,1
19,scratch,TN,19/0006.png,75,0.20014847815036774,0,0,1,1,0,0,0,0,1
19,scratch,TN,19/0006.png,76,0.0,0,0,1,1,0,0,0,0,1
19,scratch,TN,19/0006.png,77,0.9951716065406799,0,0,1,1,0,0,0,0,1
19,scratch,TN,19/0006.png,78,0.15578173100948334,0,0,1,1,0,0,0,0,1
19,scratch,TN,19/0006.png,79,0.1320115029811859,0,0,1,1,0,0,0,0,1
19,scratch,TN,19/0006.png,80,0.19137142598628998,0,0,1,1,0,0,0,0,1
19,scratch,TN,19/0006.png,81,1.425706148147583,0,0,1,1,0,0,0,0,1
19,scratch,TN,19/0006.png,82,0.9837146401405334,0,0,1,1,0,0,0,0,1
19,scratch,TN,19/0006.png,83,0.03859896957874298,0,0,1,1,0,0,0,0,1
19,scratch,TN,19/0006.png,84,0.01427542231976986,0,0,1,1,0,0,0,0,1
19,scratch,TN,19/0006.png,85,0.4539340138435364,0,0,1,1,0,0,0,0,1
19,scratch,TN,19/0006.png,86,1.2902904748916626,0,0,1,1,0,0,0,0,1
19,scratch,TN,19/0006.png,87,0.08489681780338287,0,0,1,1,0,0,0,0,1
19,scratch,TN,19/0006.png,88,0.029141444712877274,0,0,1,1,0,0,0,0,1
19,scratch,TN,19/0006.png,89,0.711316704750061,0,0,1,1,0,0,0,0,1
19,scratch,TN,19/0006.png,90,0.686104416847229,0,0,1,1,0,0,0,0,1
19,scratch,TN,19/0006.png,91,0.7546562552452087,0,0,1,1,0,0,0,0,1
19,scratch,TN,19/0006.png,92,0.012197867967188358,0,0,1,1,0,0,0,0,1
19,scratch,TN,19/0006.png,93,0.11425143480300903,0,0,1,1,0,0,0,0,1
19,scratch,TN,19/0006.png,94,0.006735249888151884,0,0,1,1,0,0,0,0,1
19,scratch,TN,19/0006.png,95,0.0007180851534940302,0,0,1,1,0,0,0,0,1
19,scratch,TN,19/0006.png,96,0.13361573219299316,0,0,1,1,0,0,0,0,1
19,scratch,TN,19/0006.png,97,0.0,0,0,1,1,0,0,0,0,1
19,scratch,TN,19/0006.png,98,0.00752513762563467,0,0,1,1,0,0,0,0,1
19,scratch,TN,19/0006.png,99,1.5205270051956177,0,0,1,1,0,0,0,0,1
19,scratch,TN,19/0006.png,100,0.4365638494491577,0,0,1,1,0,0,0,0,1
19,scratch,TN,19/0006.png,101,0.0,0,0,1,1,0,0,0,0,1
19,scratch,TN,19/0006.png,102,1.4664511680603027,0,0,1,1,0,0,0,0,1
19,scratch,TN,19/0006.png,103,0.40079882740974426,0,0,1,1,0,0,0,0,1
19,scratch,TN,19/0006.png,104,0.22994835674762726,0,0,1,1,0,0,0,0,1
19,scratch,TN,19/0006.png,105,0.36932942271232605,0,0,1,1,0,0,0,0,1
19,scratch,TN,19/0006.png,106,0.007339118514209986,0,0,1,1,0,0,0,0,1
19,scratch,TN,19/0006.png,107,0.10787537693977356,0,0,1,1,0,0,0,0,1
19,scratch,TN,19/0006.png,108,0.31530895829200745,0,0,1,1,0,0,0,0,1
19,scratch,TN,19/0006.png,109,1.0906296968460083,0,0,1,1,0,0,0,0,1
19,scratch,TN,19/0006.png,110,0.0,0,0,1,1,0,0,0,0,1
19,scratch,TN,19/0006.png,111,0.017666134983301163,0,0,1,1,0,0,0,0,1
19,scratch,TN,19/0006.png,112,0.19134199619293213,0,0,1,1,0,0,0,0,1
19,scratch,TN,19/0006.png,113,0.0020073940977454185,0,0,1,1,0,0,0,0,1
19,scratch,TN,19/0006.png,114,0.13084226846694946,0,0,1,1,0,0,0,0,1
19,scratch,TN,19/0006.png,115,0.0,0,0,1,1,0,0,0,0,1
19,scratch,TN,19/0006.png,116,0.0,0,0,1,1,0,0,0,0,1
19,scratch,TN,19/0006.png,117,0.26292264461517334,0,0,1,1,0,0,0,0,1
19,scratch,TN,19/0006.png,118,0.25018981099128723,0,0,1,1,0,0,0,0,1
19,scratch,TN,19/0006.png,119,0.37049436569213867,0,0,1,1,0,0,0,0,1
19,scratch,TN,19/0006.png,120,0.252274751663208,0,0,1,1,0,0,0,0,1
19,scratch,TN,19/0006.png,121,0.024654237553477287,0,0,1,1,0,0,0,0,1
19,scratch,TN,19/0006.png,122,0.13915957510471344,0,0,1,1,0,0,0,0,1
19,scratch,TN,19/0006.png,123,0.036712322384119034,0,0,1,1,0,0,0,0,1
19,scratch,TN,19/0006.png,124,1.5042022466659546,0,0,1,1,0,0,0,0,1
19,scratch,TN,19/0006.png,125,0.050651513040065765,0,0,1,1,0,0,0,0,1
19,scratch,TN,19/0006.png,126,0.33897605538368225,0,0,1,1,0,0,0,0,1
19,scratch,TN,19/0006.png,127,0.09480296075344086,0,0,1,1,0,0,0,0,1
19,scratch,TN,19/0006.png,128,0.08480463176965714,0,0,1,1,0,0,0,0,1
19,scratch,TN,19/0006.png,129,0.7179660201072693,0,0,1,1,0,0,0,0,1
19,scratch,TN,19/0006.png,130,0.06656470894813538,0,0,1,1,0,0,0,0,1
19,scratch,TN,19/0006.png,131,0.20270748436450958,0,0,1,1,0,0,0,0,1
19,scratch,TN,19/0006.png,132,0.12771470844745636,0,0,1,1,0,0,0,0,1
19,scratch,TN,19/0006.png,133,0.0,0,0,1,1,0,0,0,0,1
19,scratch,TN,19/0006.png,134,0.0,0,0,1,1,0,0,0,0,1
19,scratch,TN,19/0006.png,135,0.18591995537281036,0,0,1,1,0,0,0,0,1
19,scratch,TN,19/0006.png,136,0.20140938460826874,0,0,1,1,0,0,0,0,1
19,scratch,TN,19/0006.png,137,0.025502052158117294,0,0,1,1,0,0,0,0,1
19,scratch,TN,19/0006.png,138,0.061171066015958786,0,0,1,1,0,0,0,0,1
19,scratch,TN,19/0006.png,139,0.5542734861373901,0,0,1,1,0,0,0,0,1
19,scratch,TN,19/0006.png,140,0.006580577697604895,0,0,1,1,0,0,0,0,1
19,scratch,TN,19/0006.png,141,0.07052647322416306,0,0,1,1,0,0,0,0,1
19,scratch,TN,19/0006.png,142,0.20203711092472076,0,0,1,1,0,0,0,0,1
19,scratch,TN,19/0006.png,143,0.0,0,0,1,1,0,0,0,0,1
19,scratch,TN,19/0006.png,144,0.46836739778518677,0,0,1,1,0,0,0,0,1
19,scratch,TN,19/0006.png,145,0.08895940333604813,0,0,1,1,0,0,0,0,1
19,scratch,TN,19/0006.png,146,0.2185581773519516,0,0,1,1,0,0,0,0,1
19,scratch,TN,19/0006.png,147,1.267035722732544,0,0,1,1,0,0,0,0,1
19,scratch,TN,19/0006.png,148,0.2117946445941925,0,0,1,1,0,0,0,0,1
19,scratch,TN,19/0006.png,149,0.286150723695755,0,0,1,1,0,0,0,0,1
19,scratch,TN,19/0006.png,150,0.0,0,0,1,1,0,0,0,0,1
19,scratch,TN,19/0006.png,151,0.2314547300338745,0,0,1,1,0,0,0,0,1
19,scratch,TN,19/0006.png,152,1.0232229232788086,0,0,1,1,0,0,0,0,1
19,scratch,TN,19/0006.png,153,0.8048874735832214,0,0,1,1,0,0,0,0,1
19,scratch,TN,19/0006.png,154,0.6366479992866516,0,0,1,1,0,0,0,0,1
19,scratch,TN,19/0006.png,155,0.22212956845760345,0,0,1,1,0,0,0,0,1
19,scratch,TN,19/0006.png,156,0.2480347454547882,0,0,1,1,0,0,0,0,1
19,scratch,TN,19/0006.png,157,0.214408278465271,0,0,1,1,0,0,0,0,1
19,scratch,TN,19/0006.png,158,0.8570742011070251,0,0,1,1,0,0,0,0,1
19,scratch,TN,19/0006.png,159,0.36963871121406555,0,0,1,1,0,0,0,0,1
19,scratch,TN,19/0006.png,160,0.5164098739624023,0,0,1,1,0,0,0,0,1
19,scratch,TN,19/0006.png,161,1.3132023811340332,0,0,1,1,0,0,0,0,1
19,scratch,TN,19/0006.png,162,0.0,0,0,1,1,0,0,0,0,1
19,scratch,TN,19/0006.png,163,0.285413533449173,0,0,1,1,0,0,0,0,1
19,scratch,TN,19/0006.png,164,0.0,0,0,1,1,0,0,0,0,1
19,scratch,TN,19/0006.png,165,0.36109989881515503,0,0,1,1,0,0,0,0,1
19,scratch,TN,19/0006.png,166,0.22874684631824493,0,0,1,1,0,0,0,0,1
19,scratch,TN,19/0006.png,167,0.734883189201355,0,0,1,1,0,0,0,0,1
19,scratch,TN,19/0006.png,168,0.0,0,0,1,1,0,0,0,0,1
19,scratch,TN,19/0006.png,169,0.12100133299827576,0,0,1,1,0,0,0,0,1
19,scratch,TN,19/0006.png,170,0.0003199443453922868,0,0,1,1,0,0,0,0,1
19,scratch,TN,19/0006.png,171,0.05429929122328758,0,0,1,1,0,0,0,0,1
19,scratch,TN,19/0006.png,172,0.0,0,0,1,1,0,0,0,0,1
19,scratch,TN,19/0006.png,173,0.8894633650779724,0,0,1,1,0,0,0,0,1
19,scratch,TN,19/0006.png,174,0.1078341156244278,0,0,1,1,0,0,0,0,1
19,scratch,TN,19/0006.png,175,0.5122779011726379,0,0,1,1,0,0,0,0,1
19,scratch,TN,19/0006.png,176,0.03447381407022476,0,0,1,1,0,0,0,0,1
19,scratch,TN,19/0006.png,177,0.08627620339393616,0,0,1,1,0,0,0,0,1
19,scratch,TN,19/0006.png,178,0.0,0,0,1,1,0,0,0,0,1
19,scratch,TN,19/0006.png,179,0.40831032395362854,0,0,1,1,0,0,0,0,1
19,scratch,TN,19/0006.png,180,0.5449795722961426,0,0,1,1,0,0,0,0,1
19,scratch,TN,19/0006.png,181,0.00903373584151268,0,0,1,1,0,0,0,0,1
19,scratch,TN,19/0006.png,182,0.0,0,0,1,1,0,0,0,0,1
19,scratch,TN,19/0006.png,183,0.586545467376709,0,0,1,1,0,0,0,0,1
19,scratch,TN,19/0006.png,184,0.06043548136949539,0,0,1,1,0,0,0,0,1
19,scratch,TN,19/0006.png,185,0.13221418857574463,0,0,1,1,0,0,0,0,1
19,scratch,TN,19/0006.png,186,0.38872870802879333,0,0,1,1,0,0,0,0,1
19,scratch,TN,19/0006.png,187,0.5073498487472534,0,0,1,1,0,0,0,0,1
19,scratch,TN,19/0006.png,188,0.23403365910053253,0,0,1,1,0,0,0,0,1
19,scratch,TN,19/0006.png,189,0.0,0,0,1,1,0,0,0,0,1
19,scratch,TN,19/0006.png,190,0.1605113297700882,0,0,1,1,0,0,0,0,1
19,scratch,TN,19/0006.png,191,0.0,0,0,1,1,0,0,0,0,1
19,scratch,TN,19/0006.png,192,0.08065636456012726,0,0,1,1,0,0,0,0,1
19,scratch,TN,19/0006.png,193,0.3377287685871124,0,0,1,1,0,0,0,0,1
19,scratch,TN,19/0006.png,194,0.059373412281274796,0,0,1,1,0,0,0,0,1
19,scratch,TN,19/0006.png,195,0.05439835041761398,0,0,1,1,0,0,0,0,1
19,scratch,TN,19/0006.png,196,0.45945271849632263,0,0,1,1,0,0,0,0,1
19,scratch,TN,19/0006.png,197,0.23858562111854553,0,0,1,1,0,0,0,0,1
19,scratch,TN,19/0006.png,198,0.5848983526229858,0,0,1,1,0,0,0,0,1
19,scratch,TN,19/0006.png,199,0.4722822904586792,0,0,1,1,0,0,0,0,1
19,scratch,TN,19/0006.png,200,0.002250483725219965,0,0,1,1,0,0,0,0,1
19,scratch,TN,19/0006.png,201,0.001046779565513134,0,0,1,1,0,0,0,0,1
19,scratch,TN,19/0006.png,202,1.2153218984603882,0,0,1,1,0,0,0,0,1
19,scratch,TN,19/0006.png,203,0.04172518849372864,0,0,1,1,0,0,0,0,1
19,scratch,TN,19/0006.png,204,0.10648132860660553,0,0,1,1,0,0,0,0,1
19,scratch,TN,19/0006.png,205,0.2791062593460083,0,0,1,1,0,0,0,0,1
19,scratch,TN,19/0006.png,206,0.22408731281757355,0,0,1,1,0,0,0,0,1
19,scratch,TN,19/0006.png,207,0.2632099986076355,0,0,1,1,0,0,0,0,1
19,scratch,TN,19/0006.png,208,0.41212624311447144,0,0,1,1,0,0,0,0,1
19,scratch,TN,19/0006.png,209,0.2134867161512375,0,0,1,1,0,0,0,0,1
19,scratch,TN,19/0006.png,210,0.5757262110710144,0,0,1,1,0,0,0,0,1
19,scratch,TN,19/0006.png,211,0.0,0,0,1,1,0,0,0,0,1
19,scratch,TN,19/0006.png,212,0.41433578729629517,0,0,1,1,0,0,0,0,1
19,scratch,TN,19/0006.png,213,0.04172871634364128,0,0,1,1,0,0,0,0,1
19,scratch,TN,19/0006.png,214,1.606082558631897,0,0,1,1,0,0,0,0,1
19,scratch,TN,19/0006.png,215,0.0,0,0,1,1,0,0,0,0,1
19,scratch,TN,19/0006.png,216,0.6389196515083313,0,0,1,1,0,0,0,0,1
19,scratch,TN,19/0006.png,217,0.018706537783145905,0,0,1,1,0,0,0,0,1
19,scratch,TN,19/0006.png,218,1.0465620756149292,0,0,1,1,0,0,0,0,1
19,scratch,TN,19/0006.png,219,0.0167144313454628,0,0,1,1,0,0,0,0,1
19,scratch,TN,19/0006.png,220,1.0941239595413208,0,0,1,1,0,0,0,0,1
19,scratch,TN,19/0006.png,221,0.0,0,0,1,1,0,0,0,0,1
19,scratch,TN,19/0006.png,222,0.15416713058948517,0,0,1,1,0,0,0,0,1
19,scratch,TN,19/0006.png,223,0.3162371516227722,0,0,1,1,0,0,0,0,1
19,scratch,TN,19/0006.png,224,0.1835622638463974,0,0,1,1,0,0,0,0,1
19,scratch,TN,19/0006.png,225,1.1378021240234375,0,0,1,1,0,0,0,0,1
19,scratch,TN,19/0006.png,226,0.0,0,0,1,1,0,0,0,0,1
19,scratch,TN,19/0006.png,227,0.16587364673614502,0,0,1,1,0,0,0,0,1
19,scratch,TN,19/0006.png,228,0.1405385136604309,0,0,1,1,0,0,0,0,1
19,scratch,TN,19/0006.png,229,0.0,0,0,1,1,0,0,0,0,1
19,scratch,TN,19/0006.png,230,0.0,0,0,1,1,0,0,0,0,1
19,scratch,TN,19/0006.png,231,0.0,0,0,1,1,0,0,0,0,1
19,scratch,TN,19/0006.png,232,0.13401739299297333,0,0,1,1,0,0,0,0,1
19,scratch,TN,19/0006.png,233,0.0,0,0,1,1,0,0,0,0,1
19,scratch,TN,19/0006.png,234,0.04016872122883797,0,0,1,1,0,0,0,0,1
19,scratch,TN,19/0006.png,235,0.01577017828822136,0,0,1,1,0,0,0,0,1
19,scratch,TN,19/0006.png,236,1.0845261812210083,0,0,1,1,0,0,0,0,1
19,scratch,TN,19/0006.png,237,0.17941711843013763,0,0,1,1,0,0,0,0,1
19,scratch,TN,19/0006.png,238,0.03591790422797203,0,0,1,1,0,0,0,0,1
19,scratch,TN,19/0006.png,239,0.04106782004237175,0,0,1,1,0,0,0,0,1
19,scratch,TN,19/0006.png,240,0.19046200811862946,0,0,1,1,0,0,0,0,1
19,scratch,TN,19/0006.png,241,0.0,0,0,1,1,0,0,0,0,1
19,scratch,TN,19/0006.png,242,1.6841483116149902,0,0,1,1,0,0,0,0,1
19,scratch,TN,19/0006.png,243,0.5970460772514343,0,0,1,1,0,0,0,0,1
19,scratch,TN,19/0006.png,244,0.465075820684433,0,0,1,1,0,0,0,0,1
19,scratch,TN,19/0006.png,245,0.14713045954704285,0,0,1,1,0,0,0,0,1
19,scratch,TN,19/0006.png,246,1.3075438737869263,0,0,1,1,0,0,0,0,1
19,scratch,TN,19/0006.png,247,0.45776841044425964,0,0,1,1,0,0,0,0,1
19,scratch,TN,19/0006.png,248,0.2650120258331299,0,0,1,1,0,0,0,0,1
19,scratch,TN,19/0006.png,249,0.008539427071809769,0,0,1,1,0,0,0,0,1
19,scratch,TN,19/0006.png,250,0.32296323776245117,0,0,1,1,0,0,0,0,1
19,scratch,TN,19/0006.png,251,0.03310367465019226,0,0,1,1,0,0,0,0,1
19,scratch,TN,19/0006.png,252,0.018868010491132736,0,0,1,1,0,0,0,0,1
19,scratch,TN,19/0006.png,253,0.00044139064266346395,0,0,1,1,0,0,0,0,1
19,scratch,TN,19/0006.png,254,0.0,0,0,1,1,0,0,0,0,1
19,scratch,TN,19/0006.png,255,0.03661726042628288,0,0,1,1,0,0,0,0,1
19,scratch,TN,19/0006.png,256,0.5514945387840271,0,0,1,1,0,0,0,0,1
19,scratch,TN,19/0006.png,257,0.04980608448386192,0,0,1,1,0,0,0,0,1
19,scratch,TN,19/0006.png,258,0.3100927174091339,0,0,1,1,0,0,0,0,1
19,scratch,TN,19/0006.png,259,0.07023482024669647,0,0,1,1,0,0,0,0,1
19,scratch,TN,19/0006.png,260,0.7138830423355103,0,0,1,1,0,0,0,0,1
19,scratch,TN,19/0006.png,261,0.21082338690757751,0,0,1,1,0,0,0,0,1
19,scratch,TN,19/0006.png,262,0.019925670698285103,0,0,1,1,0,0,0,0,1
19,scratch,TN,19/0006.png,263,0.12564052641391754,0,0,1,1,0,0,0,0,1
19,scratch,TN,19/0006.png,264,0.30291470885276794,0,0,1,1,0,0,0,0,1
19,scratch,TN,19/0006.png,265,0.031406961381435394,0,0,1,1,0,0,0,0,1
19,scratch,TN,19/0006.png,266,0.029637351632118225,0,0,1,1,0,0,0,0,1
19,scratch,TN,19/0006.png,267,0.44654276967048645,0,0,1,1,0,0,0,0,1
19,scratch,TN,19/0006.png,268,0.25703907012939453,0,0,1,1,0,0,0,0,1
19,scratch,TN,19/0006.png,269,0.0,0,0,1,1,0,0,0,0,1
19,scratch,TN,19/0006.png,270,0.006541337817907333,0,0,1,1,0,0,0,0,1
19,scratch,TN,19/0006.png,271,0.053568821400403976,0,0,1,1,0,0,0,0,1
19,scratch,TN,19/0006.png,272,0.2855471074581146,0,0,1,1,0,0,0,0,1
19,scratch,TN,19/0006.png,273,0.0,0,0,1,1,0,0,0,0,1
19,scratch,TN,19/0006.png,274,0.05296268314123154,0,0,1,1,0,0,0,0,1
19,scratch,TN,19/0006.png,275,0.3439810574054718,0,0,1,1,0,0,0,0,1
19,scratch,TN,19/0006.png,276,0.060382574796676636,0,0,1,1,0,0,0,0,1
19,scratch,TN,19/0006.png,277,0.3406480550765991,0,0,1,1,0,0,0,0,1
19,scratch,TN,19/0006.png,278,0.29569098353385925,0,0,1,1,0,0,0,0,1
19,scratch,TN,19/0006.png,279,0.04209525138139725,0,0,1,1,0,0,0,0,1
19,scratch,TN,19/0006.png,280,0.007927056401968002,0,0,1,1,0,0,0,0,1
19,scratch,TN,19/0006.png,281,0.11409743875265121,0,0,1,1,0,0,0,0,1
19,scratch,TN,19/0006.png,282,0.10507707297801971,0,0,1,1,0,0,0,0,1
19,scratch,TN,19/0006.png,283,0.006243143230676651,0,0,1,1,0,0,0,0,1
19,scratch,TN,19/0006.png,284,0.028329962864518166,0,0,1,1,0,0,0,0,1
19,scratch,TN,19/0006.png,285,0.0,0,0,1,1,0,0,0,0,1
19,scratch,TN,19/0006.png,286,0.38366779685020447,0,0,1,1,0,0,0,0,1
19,scratch,TN,19/0006.png,287,0.4070274233818054,0,0,1,1,0,0,0,0,1
19,scratch,TN,19/0006.png,288,1.2950377464294434,0,0,1,1,0,0,0,0,1
19,scratch,TN,19/0006.png,289,1.5215336084365845,0,0,1,1,0,0,0,0,1
19,scratch,TN,19/0006.png,290,0.09895114600658417,0,0,1,1,0,0,0,0,1
19,scratch,TN,19/0006.png,291,0.05680583417415619,0,0,1,1,0,0,0,0,1
19,scratch,TN,19/0006.png,292,0.010028177872300148,0,0,1,1,0,0,0,0,1
19,scratch,TN,19/0006.png,293,1.7408201694488525,0,0,1,1,0,0,0,0,1
19,scratch,TN,19/0006.png,294,0.5049294233322144,0,0,1,1,0,0,0,0,1
19,scratch,TN,19/0006.png,295,0.008791755884885788,0,0,1,1,0,0,0,0,1
19,scratch,TN,19/0006.png,296,0.5332618951797485,0,0,1,1,0,0,0,0,1
19,scratch,TN,19/0006.png,297,0.9951332211494446,0,0,1,1,0,0,0,0,1
19,scratch,TN,19/0006.png,298,0.9750217795372009,0,0,1,1,0,0,0,0,1
19,scratch,TN,19/0006.png,299,0.13254864513874054,0,0,1,1,0,0,0,0,1
19,scratch,TN,19/0006.png,300,0.2859627604484558,0,0,1,1,0,0,0,0,1
19,scratch,TN,19/0006.png,301,0.1749437153339386,0,0,1,1,0,0,0,0,1
19,scratch,TN,19/0006.png,302,0.03573046252131462,0,0,1,1,0,0,0,0,1
19,scratch,TN,19/0006.png,303,0.46194928884506226,0,0,1,1,0,0,0,0,1
19,scratch,TN,19/0006.png,304,0.19817809760570526,0,0,1,1,0,0,0,0,1
19,scratch,TN,19/0006.png,305,0.15829996764659882,0,0,1,1,0,0,0,0,1
19,scratch,TN,19/0006.png,306,0.037834085524082184,0,0,1,1,0,0,0,0,1
19,scratch,TN,19/0006.png,307,0.6613150835037231,0,0,1,1,0,0,0,0,1
19,scratch,TN,19/0006.png,308,0.27702969312667847,0,0,1,1,0,0,0,0,1
19,scratch,TN,19/0006.png,309,0.09216468036174774,0,0,1,1,0,0,0,0,1
19,scratch,TN,19/0006.png,310,0.16218355298042297,0,0,1,1,0,0,0,0,1
19,scratch,TN,19/0006.png,311,0.00010699807171477005,0,0,1,1,0,0,0,0,1
19,scratch,TN,19/0006.png,312,0.5668274164199829,0,0,1,1,0,0,0,0,1
19,scratch,TN,19/0006.png,313,0.27907413244247437,0,0,1,1,0,0,0,0,1
19,scratch,TN,19/0006.png,314,0.24096739292144775,0,0,1,1,0,0,0,0,1
19,scratch,TN,19/0006.png,315,0.0,0,0,1,1,0,0,0,0,1
19,scratch,TN,19/0006.png,316,0.0,0,0,1,1,0,0,0,0,1
19,scratch,TN,19/0006.png,317,0.0,0,0,1,1,0,0,0,0,1
19,scratch,TN,19/0006.png,318,0.7008600831031799,0,0,1,1,0,0,0,0,1
19,scratch,TN,19/0006.png,319,0.046786580234766006,0,0,1,1,0,0,0,0,1
19,scratch,TN,19/0006.png,320,0.0,0,0,1,1,0,0,0,0,1
19,scratch,TN,19/0006.png,321,0.0,0,0,1,1,0,0,0,0,1
19,scratch,TN,19/0006.png,322,0.4165687561035156,0,0,1,1,0,0,0,0,1
19,scratch,TN,19/0006.png,323,0.6793650388717651,0,0,1,1,0,0,0,0,1
19,scratch,TN,19/0006.png,324,0.42822977900505066,0,0,1,1,0,0,0,0,1
19,scratch,TN,19/0006.png,325,0.038424376398324966,0,0,1,1,0,0,0,0,1
19,scratch,TN,19/0006.png,326,1.3749980926513672,0,0,1,1,0,0,0,0,1
19,scratch,TN,19/0006.png,327,0.3166845440864563,0,0,1,1,0,0,0,0,1
19,scratch,TN,19/0006.png,328,0.031052567064762115,0,0,1,1,0,0,0,0,1
19,scratch,TN,19/0006.png,329,1.1229397058486938,0,0,1,1,0,0,0,0,1
19,scratch,TN,19/0006.png,330,0.0,0,0,1,1,0,0,0,0,1
19,scratch,TN,19/0006.png,331,0.32194313406944275,0,0,1,1,0,0,0,0,1
19,scratch,TN,19/0006.png,332,0.20170432329177856,0,0,1,1,0,0,0,0,1
19,scratch,TN,19/0006.png,333,0.0,0,0,1,1,0,0,0,0,1
19,scratch,TN,19/0006.png,334,0.0038580182008445263,0,0,1,1,0,0,0,0,1
19,scratch,TN,19/0006.png,335,0.004967897664755583,0,0,1,1,0,0,0,0,1
19,scratch,TN,19/0006.png,336,0.3649906516075134,0,0,1,1,0,0,0,0,1
19,scratch,TN,19/0006.png,337,0.0,0,0,1,1,0,0,0,0,1
19,scratch,TN,19/0006.png,338,1.174155831336975,0,0,1,1,0,0,0,0,1
19,scratch,TN,19/0006.png,339,0.2618948221206665,0,0,1,1,0,0,0,0,1
19,scratch,TN,19/0006.png,340,0.0,0,0,1,1,0,0,0,0,1
19,scratch,TN,19/0006.png,341,0.2528071999549866,0,0,1,1,0,0,0,0,1
19,scratch,TN,19/0006.png,342,0.049909669905900955,0,0,1,1,0,0,0,0,1
19,scratch,TN,19/0006.png,343,0.0529329888522625,0,0,1,1,0,0,0,0,1
19,scratch,TN,19/0006.png,344,0.011793884448707104,0,0,1,1,0,0,0,0,1
19,scratch,TN,19/0006.png,345,0.18207138776779175,0,0,1,1,0,0,0,0,1
19,scratch,TN,19/0006.png,346,0.07886788249015808,0,0,1,1,0,0,0,0,1
19,scratch,TN,19/0006.png,347,0.5323569774627686,0,0,1,1,0,0,0,0,1
19,scratch,TN,19/0006.png,348,0.0,0,0,1,1,0,0,0,0,1
19,scratch,TN,19/0006.png,349,0.24663516879081726,0,0,1,1,0,0,0,0,1
19,scratch,TN,19/0006.png,350,0.0120697608217597,0,0,1,1,0,0,0,0,1
19,scratch,TN,19/0006.png,351,0.03794724494218826,0,0,1,1,0,0,0,0,1
19,scratch,TN,19/0006.png,352,0.3789962828159332,0,0,1,1,0,0,0,0,1
19,scratch,TN,19/0006.png,353,0.0012290356680750847,0,0,1,1,0,0,0,0,1
19,scratch,TN,19/0006.png,354,0.18464171886444092,0,0,1,1,0,0,0,0,1
19,scratch,TN,19/0006.png,355,0.0,0,0,1,1,0,0,0,0,1
19,scratch,TN,19/0006.png,356,0.45542073249816895,0,0,1,1,0,0,0,0,1
19,scratch,TN,19/0006.png,357,0.11882168799638748,0,0,1,1,0,0,0,0,1
19,scratch,TN,19/0006.png,358,0.09702611714601517,0,0,1,1,0,0,0,0,1
19,scratch,TN,19/0006.png,359,0.05981915444135666,0,0,1,1,0,0,0,0,1
19,scratch,TN,19/0006.png,360,7.912820728961378e-05,0,0,1,1,0,0,0,0,1
19,scratch,TN,19/0006.png,361,0.2504098117351532,0,0,1,1,0,0,0,0,1
19,scratch,TN,19/0006.png,362,0.6186611652374268,0,0,1,1,0,0,0,0,1
19,scratch,TN,19/0006.png,363,0.10221413522958755,0,0,1,1,0,0,0,0,1
19,scratch,TN,19/0006.png,364,1.069173812866211,0,0,1,1,0,0,0,0,1
19,scratch,TN,19/0006.png,365,0.0,0,0,1,1,0,0,0,0,1
19,scratch,TN,19/0006.png,366,0.36208000779151917,0,0,1,1,0,0,0,0,1
19,scratch,TN,19/0006.png,367,0.11312278360128403,0,0,1,1,0,0,0,0,1
19,scratch,TN,19/0006.png,368,0.15592899918556213,0,0,1,1,0,0,0,0,1
19,scratch,TN,19/0006.png,369,0.009075406938791275,0,0,1,1,0,0,0,0,1
19,scratch,TN,19/0006.png,370,0.1446283459663391,0,0,1,1,0,0,0,0,1
19,scratch,TN,19/0006.png,371,1.714268684387207,0,0,1,1,0,0,0,0,1
19,scratch,TN,19/0006.png,372,0.33545631170272827,0,0,1,1,0,0,0,0,1
19,scratch,TN,19/0006.png,373,0.13292208313941956,0,0,1,1,0,0,0,0,1
19,scratch,TN,19/0006.png,374,0.0018088241340592504,0,0,1,1,0,0,0,0,1
19,scratch,TN,19/0006.png,375,0.4182283878326416,0,0,1,1,0,0,0,0,1
19,scratch,TN,19/0006.png,376,0.40956369042396545,0,0,1,1,0,0,0,0,1
19,scratch,TN,19/0006.png,377,0.041334424167871475,0,0,1,1,0,0,0,0,1
19,scratch,TN,19/0006.png,378,0.6038587689399719,0,0,1,1,0,0,0,0,1
19,scratch,TN,19/0006.png,379,0.10021406412124634,0,0,1,1,0,0,0,0,1
19,scratch,TN,19/0006.png,380,0.3734734058380127,0,0,1,1,0,0,0,0,1
19,scratch,TN,19/0006.png,381,0.4978086054325104,0,0,1,1,0,0,0,0,1
19,scratch,TN,19/0006.png,382,0.5806118249893188,0,0,1,1,0,0,0,0,1
19,scratch,TN,19/0006.png,383,0.36686083674430847,0,0,1,1,0,0,0,0,1
19,scratch,TN,19/0006.png,384,0.0,0,0,1,1,0,0,0,0,1
19,scratch,TN,19/0006.png,385,0.06574556976556778,0,0,1,1,0,0,0,0,1
19,scratch,TN,19/0006.png,386,0.01175978034734726,0,0,1,1,0,0,0,0,1
19,scratch,TN,19/0006.png,387,0.47242507338523865,0,0,1,1,0,0,0,0,1
19,scratch,TN,19/0006.png,388,0.0,0,0,1,1,0,0,0,0,1
19,scratch,TN,19/0006.png,389,1.03701651096344,0,0,1,1,0,0,0,0,1
19,scratch,TN,19/0006.png,390,0.3454887866973877,0,0,1,1,0,0,0,0,1
19,scratch,TN,19/0006.png,391,0.282607764005661,0,0,1,1,0,0,0,0,1
19,scratch,TN,19/0006.png,392,0.05477634817361832,0,0,1,1,0,0,0,0,1
19,scratch,TN,19/0006.png,393,0.6339478492736816,0,0,1,1,0,0,0,0,1
19,scratch,TN,19/0006.png,394,0.0,0,0,1,1,0,0,0,0,1
19,scratch,TN,19/0006.png,395,0.0,0,0,1,1,0,0,0,0,1
19,scratch,TN,19/0006.png,396,1.8896137475967407,0,0,1,1,0,0,0,0,1
19,scratch,TN,19/0006.png,397,0.06698089092969894,0,0,1,1,0,0,0,0,1
19,scratch,TN,19/0006.png,398,0.003350660903379321,0,0,1,1,0,0,0,0,1
19,scratch,TN,19/0006.png,399,0.0,0,0,1,1,0,0,0,0,1
19,scratch,TN,19/0006.png,400,0.0,0,0,1,1,0,0,0,0,1
19,scratch,TN,19/0006.png,401,0.36324015259742737,0,0,1,1,0,0,0,0,1
19,scratch,TN,19/0006.png,402,0.03449733555316925,0,0,1,1,0,0,0,0,1
19,scratch,TN,19/0006.png,403,1.1939630508422852,0,0,1,1,0,0,0,0,1
19,scratch,TN,19/0006.png,404,0.44240593910217285,0,0,1,1,0,0,0,0,1
19,scratch,TN,19/0006.png,405,0.21357877552509308,0,0,1,1,0,0,0,0,1
19,scratch,TN,19/0006.png,406,0.05565938353538513,0,0,1,1,0,0,0,0,1
19,scratch,TN,19/0006.png,407,0.0,0,0,1,1,0,0,0,0,1
19,scratch,TN,19/0006.png,408,0.8704804182052612,0,0,1,1,0,0,0,0,1
19,scratch,TN,19/0006.png,409,0.0,0,0,1,1,0,0,0,0,1
19,scratch,TN,19/0006.png,410,0.2626602053642273,0,0,1,1,0,0,0,0,1
19,scratch,TN,19/0006.png,411,0.11491890251636505,0,0,1,1,0,0,0,0,1
19,scratch,TN,19/0006.png,412,0.0,0,0,1,1,0,0,0,0,1
19,scratch,TN,19/0006.png,413,0.7099807858467102,0,0,1,1,0,0,0,0,1
19,scratch,TN,19/0006.png,414,0.07153403759002686,0,0,1,1,0,0,0,0,1
19,scratch,TN,19/0006.png,415,0.793536365032196,0,0,1,1,0,0,0,0,1
19,scratch,TN,19/0006.png,416,0.0,0,0,1,1,0,0,0,0,1
19,scratch,TN,19/0006.png,417,0.0,0,0,1,1,0,0,0,0,1
19,scratch,TN,19/0006.png,418,0.16796238720417023,0,0,1,1,0,0,0,0,1
19,scratch,TN,19/0006.png,419,0.0,0,0,1,1,0,0,0,0,1
19,scratch,TN,19/0006.png,420,0.05085704103112221,0,0,1,1,0,0,0,0,1
19,scratch,TN,19/0006.png,421,0.015814408659934998,0,0,1,1,0,0,0,0,1
19,scratch,TN,19/0006.png,422,0.017541641369462013,0,0,1,1,0,0,0,0,1
19,scratch,TN,19/0006.png,423,0.12187156081199646,0,0,1,1,0,0,0,0,1
19,scratch,TN,19/0006.png,424,0.014315100386738777,0,0,1,1,0,0,0,0,1
19,scratch,TN,19/0006.png,425,0.19118472933769226,0,0,1,1,0,0,0,0,1
19,scratch,TN,19/0006.png,426,1.6496614217758179,0,0,1,1,0,0,0,0,1
19,scratch,TN,19/0006.png,427,0.15551422536373138,0,0,1,1,0,0,0,0,1
19,scratch,TN,19/0006.png,428,0.45312097668647766,0,0,1,1,0,0,0,0,1
19,scratch,TN,19/0006.png,429,0.03601277619600296,0,0,1,1,0,0,0,0,1
19,scratch,TN,19/0006.png,430,0.23286615312099457,0,0,1,1,0,0,0,0,1
19,scratch,TN,19/0006.png,431,0.0,0,0,1,1,0,0,0,0,1
19,scratch,TN,19/0006.png,432,1.075059175491333,0,0,1,1,0,0,0,0,1
19,scratch,TN,19/0006.png,433,0.1657143086194992,0,0,1,1,0,0,0,0,1
19,scratch,TN,19/0006.png,434,0.0,0,0,1,1,0,0,0,0,1
19,scratch,TN,19/0006.png,435,0.0032014031894505024,0,0,1,1,0,0,0,0,1
19,scratch,TN,19/0006.png,436,0.0,0,0,1,1,0,0,0,0,1
19,scratch,TN,19/0006.png,437,0.07888027280569077,0,0,1,1,0,0,0,0,1
19,scratch,TN,19/0006.png,438,0.35249266028404236,0,0,1,1,0,0,0,0,1
19,scratch,TN,19/0006.png,439,1.0322513580322266,0,0,1,1,0,0,0,0,1
19,scratch,TN,19/0006.png,440,0.21982307732105255,0,0,1,1,0,0,0,0,1
19,scratch,TN,19/0006.png,441,0.0,0,0,1,1,0,0,0,0,1
19,scratch,TN,19/0006.png,442,0.0712846890091896,0,0,1,1,0,0,0,0,1
19,scratch,TN,19/0006.png,443,0.1522795706987381,0,0,1,1,0,0,0,0,1
19,scratch,TN,19/0006.png,444,0.47640231251716614,0,0,1,1,0,0,0,0,1
19,scratch,TN,19/0006.png,445,0.04409102350473404,0,0,1,1,0,0,0,0,1
19,scratch,TN,19/0006.png,446,0.6953468322753906,0,0,1,1,0,0,0,0,1
19,scratch,TN,19/0006.png,447,0.5596494078636169,0,0,1,1,0,0,0,0,1
19,scratch,TN,19/0006.png,448,1.015891671180725,0,0,1,1,0,0,0,0,1
19,scratch,TN,19/0006.png,449,1.0572526454925537,0,0,1,1,0,0,0,0,1
19,scratch,TN,19/0006.png,450,0.09591484069824219,0,0,1,1,0,0,0,0,1
19,scratch,TN,19/0006.png,451,0.0,0,0,1,1,0,0,0,0,1
19,scratch,TN,19/0006.png,452,0.0,0,0,1,1,0,0,0,0,1
19,scratch,TN,19/0006.png,453,0.2899092435836792,0,0,1,1,0,0,0,0,1
19,scratch,TN,19/0006.png,454,0.010344445705413818,0,0,1,1,0,0,0,0,1
19,scratch,TN,19/0006.png,455,0.23796424269676208,0,0,1,1,0,0,0,0,1
19,scratch,TN,19/0006.png,456,4.674076262745075e-05,0,0,1,1,0,0,0,0,1
19,scratch,TN,19/0006.png,457,0.43450888991355896,0,0,1,1,0,0,0,0,1
19,scratch,TN,19/0006.png,458,0.0,0,0,1,1,0,0,0,0,1
19,scratch,TN,19/0006.png,459,0.5856335759162903,0,0,1,1,0,0,0,0,1
19,scratch,TN,19/0006.png,460,0.10639989376068115,0,0,1,1,0,0,0,0,1
19,scratch,TN,19/0006.png,461,0.045454852283000946,0,0,1,1,0,0,0,0,1
19,scratch,TN,19/0006.png,462,0.0,0,0,1,1,0,0,0,0,1
19,scratch,TN,19/0006.png,463,0.0970388725399971,0,0,1,1,0,0,0,0,1
19,scratch,TN,19/0006.png,464,1.37015700340271,0,0,1,1,0,0,0,0,1
19,scratch,TN,19/0006.png,465,0.0,0,0,1,1,0,0,0,0,1
19,scratch,TN,19/0006.png,466,0.019816718995571136,0,0,1,1,0,0,0,0,1
19,scratch,TN,19/0006.png,467,0.10972324758768082,0,0,1,1,0,0,0,0,1
19,scratch,TN,19/0006.png,468,0.0,0,0,1,1,0,0,0,0,1
19,scratch,TN,19/0006.png,469,1.468697428703308,0,0,1,1,0,0,0,0,1
19,scratch,TN,19/0006.png,470,0.2778562307357788,0,0,1,1,0,0,0,0,1
19,scratch,TN,19/0006.png,471,0.0,0,0,1,1,0,0,0,0,1
19,scratch,TN,19/0006.png,472,0.006156422663480043,0,0,1,1,0,0,0,0,1
19,scratch,TN,19/0006.png,473,0.3768448233604431,0,0,1,1,0,0,0,0,1
19,scratch,TN,19/0006.png,474,0.3621751070022583,0,0,1,1,0,0,0,0,1
19,scratch,TN,19/0006.png,475,0.47659215331077576,0,0,1,1,0,0,0,0,1
19,scratch,TN,19/0006.png,476,0.0,0,0,1,1,0,0,0,0,1
19,scratch,TN,19/0006.png,477,0.15325197577476501,0,0,1,1,0,0,0,0,1
19,scratch,TN,19/0006.png,478,0.09972575306892395,0,0,1,1,0,0,0,0,1
19,scratch,TN,19/0006.png,479,0.0008996566757559776,0,0,1,1,0,0,0,0,1
19,scratch,TN,19/0006.png,480,0.0009359171381220222,0,0,1,1,0,0,0,0,1
19,scratch,TN,19/0006.png,481,0.14207123219966888,0,0,1,1,0,0,0,0,1
19,scratch,TN,19/0006.png,482,0.9831729531288147,0,0,1,1,0,0,0,0,1
19,scratch,TN,19/0006.png,483,0.1367233693599701,0,0,1,1,0,0,0,0,1
19,scratch,TN,19/0006.png,484,0.0,0,0,1,1,0,0,0,0,1
19,scratch,TN,19/0006.png,485,0.0,0,0,1,1,0,0,0,0,1
19,scratch,TN,19/0006.png,486,0.055561017245054245,0,0,1,1,0,0,0,0,1
19,scratch,TN,19/0006.png,487,1.6765474081039429,0,0,1,1,0,0,0,0,1
19,scratch,TN,19/0006.png,488,0.08089492470026016,0,0,1,1,0,0,0,0,1
19,scratch,TN,19/0006.png,489,0.002624106127768755,0,0,1,1,0,0,0,0,1
19,scratch,TN,19/0006.png,490,0.04479442909359932,0,0,1,1,0,0,0,0,1
19,scratch,TN,19/0006.png,491,0.6855603456497192,0,0,1,1,0,0,0,0,1
19,scratch,TN,19/0006.png,492,0.27164384722709656,0,0,1,1,0,0,0,0,1
19,scratch,TN,19/0006.png,493,0.05383741483092308,0,0,1,1,0,0,0,0,1
19,scratch,TN,19/0006.png,494,0.2998179495334625,0,0,1,1,0,0,0,0,1
19,scratch,TN,19/0006.png,495,0.059647396206855774,0,0,1,1,0,0,0,0,1
19,scratch,TN,19/0006.png,496,0.6291862726211548,0,0,1,1,0,0,0,0,1
19,scratch,TN,19/0006.png,497,0.14676478505134583,0,0,1,1,0,0,0,0,1
19,scratch,TN,19/0006.png,498,0.07934173941612244,0,0,1,1,0,0,0,0,1
19,scratch,TN,19/0006.png,499,0.2622052729129791,0,0,1,1,0,0,0,0,1
19,scratch,TN,19/0006.png,500,0.33602219820022583,0,0,1,1,0,0,0,0,1
19,scratch,TN,19/0006.png,501,1.6753647327423096,0,0,1,1,0,0,0,0,1
19,scratch,TN,19/0006.png,502,0.49747234582901,0,0,1,1,0,0,0,0,1
19,scratch,TN,19/0006.png,503,0.9027196168899536,0,0,1,1,0,0,0,0,1
19,scratch,TN,19/0006.png,504,0.09968435764312744,0,0,1,1,0,0,0,0,1
19,scratch,TN,19/0006.png,505,0.0,0,0,1,1,0,0,0,0,1
19,scratch,TN,19/0006.png,506,0.0249878391623497,0,0,1,1,0,0,0,0,1
19,scratch,TN,19/0006.png,507,0.1035270094871521,0,0,1,1,0,0,0,0,1
19,scratch,TN,19/0006.png,508,0.16177254915237427,0,0,1,1,0,0,0,0,1
19,scratch,TN,19/0006.png,509,0.5800750255584717,0,0,1,1,0,0,0,0,1
19,scratch,TN,19/0006.png,510,0.4944527745246887,0,0,1,1,0,0,0,0,1
19,scratch,TN,19/0006.png,511,0.13622814416885376,0,0,1,1,0,0,0,0,1
